{
  "image": "data\\raw\\images\\train\\F_1_1_128.jpg",
  "box": [
    0.19126510620117188,
    522.3063354492188,
    77.10232543945312,
    1070.339599609375
  ],
  "class": 7,
  "confidence": 0.3016147017478943,
  "uncertainty": 0.5291387143893437
}