{
  "image": "data\\raw\\images\\train\\F_1_4_588.jpg",
  "box": [
    1233.4736328125,
    442.48590087890625,
    1251.986083984375,
    460.49798583984375
  ],
  "class": 2,
  "confidence": 0.40548646450042725,
  "uncertainty": 0.7378054141998291
}