{
  "image": "data\\raw\\images\\train\\F_1_3_415.jpg",
  "box": [
    1198.6805419921875,
    395.1731872558594,
    1218.455078125,
    411.2403259277344
  ],
  "class": 2,
  "confidence": 0.44008028507232666,
  "uncertainty": 0.7239678859710694
}