{
  "image": "data\\raw\\images\\train\\F_1_1_421.jpg",
  "box": [
    1359.841796875,
    447.546142578125,
    1383.25390625,
    462.37139892578125
  ],
  "class": 2,
  "confidence": 0.3731166124343872,
  "uncertainty": 0.7507533550262451
}