{
  "image": "data\\raw\\images\\train\\F_1_4_742.jpg",
  "box": [
    0.26430702209472656,
    351.4463195800781,
    60.695491790771484,
    753.4843139648438
  ],
  "class": 7,
  "confidence": 0.49336567521095276,
  "uncertainty": 0.5213881186234145
}