{
  "image": "data\\raw\\images\\train\\F_1_4_1496.jpg",
  "box": [
    1021.6928100585938,
    359.6891784667969,
    1043.320068359375,
    376.8404846191406
  ],
  "class": 2,
  "confidence": 0.5551881790161133,
  "uncertainty": 0.6779247283935548
}