{
  "image": "data\\raw\\images\\train\\F_2_2_37.jpg",
  "box": [
    1001.8026123046875,
    578.3795166015625,
    1167.881103515625,
    824.140380859375
  ],
  "class": 3,
  "confidence": 0.3421143889427185,
  "uncertainty": 0.5312472798369243
}