{
  "image": "data\\raw\\images\\train\\F_2_2_1415.jpg",
  "box": [
    0.3461151123046875,
    674.0479125976562,
    69.79835510253906,
    835.225341796875
  ],
  "class": 3,
  "confidence": 0.3332715630531311,
  "uncertainty": 0.5997583718393553
}