{
  "image": "data\\raw\\images\\train\\F_2_6_985.jpg",
  "box": [
    0.10186386108398438,
    512.1919555664062,
    140.22265625,
    749.33544921875
  ],
  "class": 3,
  "confidence": 0.30536243319511414,
  "uncertainty": 0.5365373096063691
}