{
  "image": "data\\raw\\images\\train\\F_2_4_296.jpg",
  "box": [
    484.79193115234375,
    399.94976806640625,
    663.8604736328125,
    562.40625
  ],
  "class": 7,
  "confidence": 0.27898210287094116,
  "uncertainty": 0.5552236339149071
}