{
  "image": "data\\raw\\images\\train\\F_2_1_495.jpg",
  "box": [
    109.76811218261719,
    414.1517028808594,
    236.25997924804688,
    485.0506896972656
  ],
  "class": 7,
  "confidence": 0.3865630328655243,
  "uncertainty": 0.5376552180635192
}