{
  "image": "data\\raw\\images\\train\\F_2_6_1388.jpg",
  "box": [
    1187.759033203125,
    474.05126953125,
    1320.3935546875,
    585.08056640625
  ],
  "class": 2,
  "confidence": 0.35507312417030334,
  "uncertainty": 0.5053215578315752
}