{
  "image": "data\\raw\\images\\train\\F_2_2_979.jpg",
  "box": [
    48.2728271484375,
    276.71368408203125,
    313.2371520996094,
    406.0513000488281
  ],
  "class": 7,
  "confidence": 0.29033318161964417,
  "uncertainty": 0.5280552372268339
}