{
  "image": "data\\raw\\images\\train\\F_2_2_800.jpg",
  "box": [
    804.883056640625,
    441.2062683105469,
    917.624755859375,
    637.91943359375
  ],
  "class": 7,
  "confidence": 0.38487669825553894,
  "uncertainty": 0.5969826228327016
}