{
  "image": "data\\raw\\images\\train\\F_2_2_979.jpg",
  "box": [
    0.4361114501953125,
    259.66455078125,
    161.4659423828125,
    441.98175048828125
  ],
  "class": 7,
  "confidence": 0.305734783411026,
  "uncertainty": 0.5417075319214409
}