{
  "image": "data\\raw\\images\\train\\F_2_7_242.jpg",
  "box": [
    1320.317138671875,
    753.0624389648438,
    1561.711181640625,
    1026.603759765625
  ],
  "class": 3,
  "confidence": 0.5976197719573975,
  "uncertainty": 0.5037465865207372
}