{
  "image": "data\\raw\\images\\train\\F_2_7_727.jpg",
  "box": [
    1231.1875,
    390.98394775390625,
    1390.01904296875,
    552.2130126953125
  ],
  "class": 7,
  "confidence": 0.30192816257476807,
  "uncertainty": 0.570316573896439
}