{
  "image": "data\\raw\\images\\train\\F_2_2_179.jpg",
  "box": [
    1286.83837890625,
    462.21258544921875,
    1331.45703125,
    515.0673828125
  ],
  "class": 7,
  "confidence": 0.27369892597198486,
  "uncertainty": 0.5232313395520104
}