{
  "image": "data\\raw\\images\\train\\F_2_7_819.jpg",
  "box": [
    81.98270416259766,
    502.075927734375,
    147.18910217285156,
    618.69482421875
  ],
  "class": 3,
  "confidence": 0.28415757417678833,
  "uncertainty": 0.5082971630783725
}