{
  "image": "data\\raw\\images\\train\\F_2_8_1864.jpg",
  "box": [
    1064.993408203125,
    604.588623046875,
    1250.561279296875,
    673.5836791992188
  ],
  "class": 7,
  "confidence": 0.2551136314868927,
  "uncertainty": 0.5219417074018139
}