{
  "image": "data\\raw\\images\\train\\F_2_1_390.jpg",
  "box": [
    107.68132781982422,
    403.854736328125,
    236.13092041015625,
    556.9497680664062
  ],
  "class": 7,
  "confidence": 0.32393455505371094,
  "uncertainty": 0.5014169865150668
}