{
  "image": "data\\raw\\images\\train\\F_2_7_744.jpg",
  "box": [
    1189.7921142578125,
    579.0621337890625,
    1458.0162353515625,
    1011.1807250976562
  ],
  "class": 3,
  "confidence": 0.28060808777809143,
  "uncertainty": 0.602355813762874
}