{
  "image": "data\\raw\\images\\train\\F_2_9_341.jpg",
  "box": [
    420.3104553222656,
    509.72442626953125,
    568.0194091796875,
    621.0120849609375
  ],
  "class": 3,
  "confidence": 0.37039148807525635,
  "uncertainty": 0.5076294188534017
}