{
  "image": "data\\raw\\images\\train\\F_2_4_56.jpg",
  "box": [
    1328.1845703125,
    495.8807373046875,
    1483.85791015625,
    717.0570068359375
  ],
  "class": 3,
  "confidence": 0.38706880807876587,
  "uncertainty": 0.5658487014207685
}