{
  "image": "data\\raw\\images\\train\\F_2_2_328.jpg",
  "box": [
    0.09761238098144531,
    620.606201171875,
    62.852561950683594,
    862.161865234375
  ],
  "class": 3,
  "confidence": 0.3901050388813019,
  "uncertainty": 0.73334343346618
}