{
  "image": "data\\raw\\images\\train\\F_2_2_1588.jpg",
  "box": [
    129.18670654296875,
    426.5738525390625,
    273.3417053222656,
    562.7257690429688
  ],
  "class": 7,
  "confidence": 0.33966806530952454,
  "uncertainty": 0.5148191483278057
}