{
  "image": "data\\raw\\images\\train\\F_2_9_2646.jpg",
  "box": [
    1677.790771484375,
    646.906982421875,
    1917.8544921875,
    1065.06982421875
  ],
  "class": 3,
  "confidence": 0.2554553747177124,
  "uncertainty": 0.5015391530518011
}