{
  "image": "data\\raw\\images\\train\\F_2_6_521.jpg",
  "box": [
    279.5359191894531,
    544.2321166992188,
    350.13568115234375,
    674.80810546875
  ],
  "class": 3,
  "confidence": 0.33568358421325684,
  "uncertainty": 0.5246959538361333
}