{
  "image": "data\\raw\\images\\train\\F_2_1_558.jpg",
  "box": [
    1449.713134765625,
    403.4632873535156,
    1704.35205078125,
    480.6794128417969
  ],
  "class": 5,
  "confidence": 0.26416683197021484,
  "uncertainty": 0.520360011805197
}