{
  "image": "data\\raw\\images\\train\\F_2_7_2005.jpg",
  "box": [
    154.560546875,
    440.4304504394531,
    234.36618041992188,
    609.439208984375
  ],
  "class": 2,
  "confidence": 0.26117560267448425,
  "uncertainty": 0.532774314242143
}