{
  "image": "data\\raw\\images\\train\\F_2_7_525.jpg",
  "box": [
    82.62271118164062,
    432.93145751953125,
    432.8464050292969,
    641.1181640625
  ],
  "class": 2,
  "confidence": 0.2555983364582062,
  "uncertainty": 0.5250618744724667
}