{
  "image": "data\\raw\\images\\train\\F_2_1_765.jpg",
  "box": [
    1108.1556396484375,
    476.07806396484375,
    1211.2962646484375,
    536.7398071289062
  ],
  "class": 7,
  "confidence": 0.27245137095451355,
  "uncertainty": 0.5168563475579184
}