{
  "image": "data\\raw\\images\\train\\F_2_3_90.jpg",
  "box": [
    0.0,
    606.929931640625,
    330.81695556640625,
    1040.57421875
  ],
  "class": 3,
  "confidence": 0.4492887854576111,
  "uncertainty": 0.5688541306171968
}