{
  "image": "data\\raw\\images\\train\\F_2_9_2320.jpg",
  "box": [
    667.8677978515625,
    397.75897216796875,
    851.0474853515625,
    575.5260620117188
  ],
  "class": 7,
  "confidence": 0.25628119707107544,
  "uncertainty": 0.6023590656013831
}