{
  "image": "data\\raw\\images\\train\\F_2_1_174.jpg",
  "box": [
    1401.017822265625,
    532.3953857421875,
    1520.310302734375,
    713.3275146484375
  ],
  "class": 3,
  "confidence": 0.27317067980766296,
  "uncertainty": 0.5489146434263241
}