{
  "image": "data\\raw\\images\\train\\F_2_2_328.jpg",
  "box": [
    795.7223510742188,
    400.2047424316406,
    974.5263061523438,
    597.10986328125
  ],
  "class": 2,
  "confidence": 0.3226481080055237,
  "uncertainty": 0.5667512850204022
}