{
  "image": "data\\raw\\images\\train\\F_2_9_2271.jpg",
  "box": [
    0.7566375732421875,
    200.43698120117188,
    231.69769287109375,
    672.478271484375
  ],
  "class": 5,
  "confidence": 0.2834852933883667,
  "uncertainty": 0.62262835282645
}