{
  "image": "data\\raw\\images\\train\\F_2_2_328.jpg",
  "box": [
    814.0540771484375,
    518.3505859375,
    1007.8885498046875,
    870.8702392578125
  ],
  "class": 3,
  "confidence": 0.3044840097427368,
  "uncertainty": 0.5338200896522719
}