{
  "image": "data\\raw\\images\\train\\F_2_5_247.jpg",
  "box": [
    1732.396484375,
    339.91717529296875,
    1918.936767578125,
    1014.5407104492188
  ],
  "class": 7,
  "confidence": 0.6938942074775696,
  "uncertainty": 0.5554981651051021
}