{
  "image": "data\\raw\\images\\train\\F_2_1_950.jpg",
  "box": [
    416.7373352050781,
    549.526611328125,
    618.12451171875,
    878.0745849609375
  ],
  "class": 3,
  "confidence": 0.35404452681541443,
  "uncertainty": 0.528219613805338
}