{
  "image": "data\\raw\\images\\train\\F_2_2_1205.jpg",
  "box": [
    0.24777603149414062,
    291.09405517578125,
    62.678226470947266,
    635.3853759765625
  ],
  "class": 5,
  "confidence": 0.28931286931037903,
  "uncertainty": 0.5015679655396423
}