{
  "image": "data\\raw\\images\\train\\F_2_6_523.jpg",
  "box": [
    1670.7425537109375,
    572.9757080078125,
    1844.5565185546875,
    836.3125
  ],
  "class": 3,
  "confidence": 0.5509082078933716,
  "uncertainty": 0.5450965687956163
}