{
  "image": "data\\raw\\images\\train\\F_2_2_328.jpg",
  "box": [
    1624.1517333984375,
    404.83355712890625,
    1783.143310546875,
    555.8325805664062
  ],
  "class": 7,
  "confidence": 0.3338649570941925,
  "uncertainty": 0.5578945322117808
}