{
  "image": "data\\raw\\images\\train\\F_2_7_2147.jpg",
  "box": [
    1290.4412841796875,
    644.40966796875,
    1554.431396484375,
    1070.974609375
  ],
  "class": 3,
  "confidence": 0.30797213315963745,
  "uncertainty": 0.5572320701866391
}