{
  "image": "data\\raw\\images\\train\\F_2_2_648.jpg",
  "box": [
    1206.8447265625,
    563.12060546875,
    1274.079833984375,
    749.81005859375
  ],
  "class": 3,
  "confidence": 0.30910924077033997,
  "uncertainty": 0.5614009325422565
}