{
  "image": "data\\raw\\images\\train\\F_2_6_950.jpg",
  "box": [
    798.3753662109375,
    722.1181640625,
    1030.65380859375,
    1072.850830078125
  ],
  "class": 3,
  "confidence": 0.32960304617881775,
  "uncertainty": 0.5578914238847764
}