{
  "image": "data\\raw\\images\\train\\F_2_6_875.jpg",
  "box": [
    1722.4208984375,
    462.7174072265625,
    1857.79443359375,
    622.5393676757812
  ],
  "class": 7,
  "confidence": 0.4283922016620636,
  "uncertainty": 0.5298850160577233
}