{
  "image": "data\\raw\\images\\train\\F_2_6_857.jpg",
  "box": [
    699.7352294921875,
    452.33050537109375,
    816.6421508789062,
    551.2636108398438
  ],
  "class": 7,
  "confidence": 0.2566605508327484,
  "uncertainty": 0.5332546913402796
}