{
  "image": "data\\raw\\images\\train\\F_2_2_306.jpg",
  "box": [
    1296.2333984375,
    458.9259338378906,
    1362.373046875,
    524.7892456054688
  ],
  "class": 7,
  "confidence": 0.32860705256462097,
  "uncertainty": 0.5224559133648481
}