{
  "image": "data\\raw\\images\\train\\F_2_6_1496.jpg",
  "box": [
    1340.3671875,
    335.3810119628906,
    1747.70068359375,
    591.5654296875
  ],
  "class": 7,
  "confidence": 0.5483501553535461,
  "uncertainty": 0.5323529411645147
}