{
  "image": "data\\raw\\images\\train\\F_2_7_779.jpg",
  "box": [
    232.784423828125,
    500.18133544921875,
    302.227783203125,
    740.06591796875
  ],
  "class": 3,
  "confidence": 0.35607659816741943,
  "uncertainty": 0.5040644066192951
}