{
  "image": "data\\raw\\images\\train\\F_2_9_2417.jpg",
  "box": [
    1124.471923828125,
    473.3273620605469,
    1182.205322265625,
    542.9962158203125
  ],
  "class": 3,
  "confidence": 0.29634812474250793,
  "uncertainty": 0.5043202323178297
}