{
  "image": "data\\raw\\images\\train\\F_2_7_2333.jpg",
  "box": [
    289.45263671875,
    577.9491577148438,
    378.66644287109375,
    718.1375732421875
  ],
  "class": 3,
  "confidence": 0.27513009309768677,
  "uncertainty": 0.5079587025615746
}