{
  "image": "data\\raw\\images\\train\\F_2_6_283.jpg",
  "box": [
    0.0,
    513.0899047851562,
    198.30078125,
    781.9378662109375
  ],
  "class": 2,
  "confidence": 0.320307195186615,
  "uncertainty": 0.507666602915894
}