{
  "image": "data\\raw\\images\\train\\F_2_1_876.jpg",
  "box": [
    542.3209228515625,
    416.15606689453125,
    821.373291015625,
    558.4828491210938
  ],
  "class": 5,
  "confidence": 0.37175536155700684,
  "uncertainty": 0.5169869452874511
}