{
  "image": "data\\raw\\images\\train\\F_2_1_1190.jpg",
  "box": [
    983.6031494140625,
    446.5227355957031,
    1097.1671142578125,
    546.984619140625
  ],
  "class": 7,
  "confidence": 0.2739867866039276,
  "uncertainty": 0.6229169112423719
}