{
  "image": "data\\raw\\images\\train\\F_2_6_551.jpg",
  "box": [
    995.457275390625,
    554.11083984375,
    1038.2838134765625,
    622.4930419921875
  ],
  "class": 3,
  "confidence": 0.32409143447875977,
  "uncertainty": 0.500154974669613
}