{
  "image": "data\\raw\\images\\train\\F_2_6_1710.jpg",
  "box": [
    531.160888671875,
    606.4990234375,
    609.5757446289062,
    833.4343872070312
  ],
  "class": 3,
  "confidence": 0.3275057077407837,
  "uncertainty": 0.5257446987596835
}