{
  "image": "data\\raw\\images\\train\\F_2_7_1512.jpg",
  "box": [
    357.009033203125,
    360.08013916015625,
    569.1922607421875,
    522.1738891601562
  ],
  "class": 2,
  "confidence": 0.3563593924045563,
  "uncertainty": 0.5166035219576315
}