{
  "image": "data\\raw\\images\\train\\F_2_8_760.jpg",
  "box": [
    1099.1025390625,
    471.53045654296875,
    1173.80078125,
    592.676025390625
  ],
  "class": 3,
  "confidence": 0.30047670006752014,
  "uncertainty": 0.5310590365465943
}