{
  "image": "data\\raw\\images\\train\\F_2_6_1735.jpg",
  "box": [
    665.6817626953125,
    390.2577209472656,
    794.4539794921875,
    550.804443359375
  ],
  "class": 7,
  "confidence": 0.27528855204582214,
  "uncertainty": 0.5414164914478025
}