{
  "image": "data\\raw\\images\\train\\F_2_7_1654.jpg",
  "box": [
    1628.388671875,
    524.6578369140625,
    1738.96240234375,
    702.962158203125
  ],
  "class": 3,
  "confidence": 0.29692235589027405,
  "uncertainty": 0.5247632320064417
}