{
  "image": "data\\raw\\images\\train\\F_2_4_645.jpg",
  "box": [
    1516.6116943359375,
    720.5152587890625,
    1762.5146484375,
    1072.705322265625
  ],
  "class": 3,
  "confidence": 0.30042678117752075,
  "uncertainty": 0.563378059358531
}