{
  "image": "data\\raw\\images\\train\\F_2_7_1630.jpg",
  "box": [
    875.0994873046875,
    397.7937927246094,
    1101.9781494140625,
    531.0045776367188
  ],
  "class": 2,
  "confidence": 0.4295233488082886,
  "uncertainty": 0.5183186969625733
}