{
  "image": "data\\raw\\images\\train\\F_2_6_63.jpg",
  "box": [
    1883.690673828125,
    747.6622924804688,
    1919.280517578125,
    869.5958862304688
  ],
  "class": 3,
  "confidence": 0.2548733949661255,
  "uncertainty": 0.5038807343860244
}