{
  "image": "data\\raw\\images\\train\\F_2_7_100.jpg",
  "box": [
    109.17233276367188,
    443.285888671875,
    404.045654296875,
    644.56689453125
  ],
  "class": 2,
  "confidence": 0.28423169255256653,
  "uncertainty": 0.5807439196227604
}