{
  "image": "data\\raw\\images\\train\\F_2_6_321.jpg",
  "box": [
    1711.845947265625,
    465.5003356933594,
    1812.5029296875,
    538.93798828125
  ],
  "class": 7,
  "confidence": 0.26518020033836365,
  "uncertainty": 0.5218291577787081
}