{
  "image": "data\\raw\\images\\train\\F_2_7_346.jpg",
  "box": [
    1517.834228515625,
    499.4583435058594,
    1655.1865234375,
    756.899658203125
  ],
  "class": 3,
  "confidence": 0.32290181517601013,
  "uncertainty": 0.5705541920153361
}