{
  "image": "data\\raw\\images\\train\\F_2_6_1115.jpg",
  "box": [
    807.5093994140625,
    497.33917236328125,
    969.5643310546875,
    808.3427734375
  ],
  "class": 3,
  "confidence": 0.2957784831523895,
  "uncertainty": 0.5654981727278074
}