{
  "image": "data\\raw\\images\\train\\F_2_7_202.jpg",
  "box": [
    865.952392578125,
    643.9879760742188,
    966.5450439453125,
    793.265625
  ],
  "class": 3,
  "confidence": 0.3310905992984772,
  "uncertainty": 0.5122888967591159
}