{
  "image": "data\\raw\\images\\train\\F_2_4_238.jpg",
  "box": [
    1562.7169189453125,
    556.6396484375,
    1646.0079345703125,
    718.6978759765625
  ],
  "class": 3,
  "confidence": 0.3431849777698517,
  "uncertainty": 0.5152148408746727
}