{
  "image": "data\\raw\\images\\train\\F_2_7_1726.jpg",
  "box": [
    845.444091796875,
    413.451416015625,
    1025.7784423828125,
    543.0054931640625
  ],
  "class": 7,
  "confidence": 0.2870800793170929,
  "uncertainty": 0.5137876617101217
}