{
  "image": "data\\raw\\images\\train\\F_2_1_517.jpg",
  "box": [
    0.25676536560058594,
    637.7788696289062,
    85.52371978759766,
    1057.194091796875
  ],
  "class": 3,
  "confidence": 0.2596081495285034,
  "uncertainty": 0.5752583351821686
}