{
  "image": "data\\raw\\images\\train\\F_2_2_1229.jpg",
  "box": [
    1358.103759765625,
    627.5098876953125,
    1525.26904296875,
    1028.8446044921875
  ],
  "class": 3,
  "confidence": 0.3621354401111603,
  "uncertainty": 0.5258791929827049
}