{
  "image": "data\\raw\\images\\train\\F_2_8_831.jpg",
  "box": [
    1656.77099609375,
    523.7041625976562,
    1736.101806640625,
    619.31982421875
  ],
  "class": 3,
  "confidence": 0.2665557861328125,
  "uncertainty": 0.5097147581784047
}