{
  "image": "data\\raw\\images\\train\\F_2_1_313.jpg",
  "box": [
    807.5202026367188,
    457.1011047363281,
    893.5153198242188,
    561.8326416015625
  ],
  "class": 7,
  "confidence": 0.3699208199977875,
  "uncertainty": 0.548396368841238
}