{
  "image": "data\\raw\\images\\train\\F_2_1_318.jpg",
  "box": [
    359.5504150390625,
    383.8523254394531,
    563.5615844726562,
    613.95654296875
  ],
  "class": 7,
  "confidence": 0.31744465231895447,
  "uncertainty": 0.6111489381018237
}