{
  "image": "data\\raw\\images\\train\\F_2_1_559.jpg",
  "box": [
    555.47314453125,
    403.924072265625,
    678.3724365234375,
    557.4971923828125
  ],
  "class": 7,
  "confidence": 0.5111725926399231,
  "uncertainty": 0.5108535550602188
}