{
  "image": "data\\raw\\images\\train\\F_2_1_702.jpg",
  "box": [
    703.5726928710938,
    446.85003662109375,
    859.0695190429688,
    641.8013305664062
  ],
  "class": 7,
  "confidence": 0.41918420791625977,
  "uncertainty": 0.5495559259468338
}