{
  "image": "data\\raw\\images\\train\\F_2_3_380.jpg",
  "box": [
    1115.884521484375,
    611.8189697265625,
    1206.3525390625,
    839.8275146484375
  ],
  "class": 3,
  "confidence": 0.4232063293457031,
  "uncertainty": 0.5017004651452499
}