{
  "image": "data\\raw\\images\\train\\F_2_2_1025.jpg",
  "box": [
    1419.1922607421875,
    412.3190002441406,
    1646.27197265625,
    561.2997436523438
  ],
  "class": 2,
  "confidence": 0.2651190757751465,
  "uncertainty": 0.5425891373349332
}