{
  "image": "data\\raw\\images\\train\\F_2_7_858.jpg",
  "box": [
    988.0109252929688,
    427.7161560058594,
    1158.3798828125,
    584.3035888671875
  ],
  "class": 2,
  "confidence": 0.34471267461776733,
  "uncertainty": 0.5384899115143857
}