{
  "image": "data\\raw\\images\\train\\F_2_7_46.jpg",
  "box": [
    0.25064849853515625,
    444.55609130859375,
    132.74790954589844,
    586.7546997070312
  ],
  "class": 7,
  "confidence": 0.36995482444763184,
  "uncertainty": 0.5010060689450594
}