{
  "image": "data\\raw\\images\\train\\F_2_2_1714.jpg",
  "box": [
    1630.043701171875,
    515.71923828125,
    1771.3681640625,
    743.8714599609375
  ],
  "class": 3,
  "confidence": 0.3195531666278839,
  "uncertainty": 0.518113385031146
}