{
  "image": "data\\raw\\images\\train\\F_2_7_771.jpg",
  "box": [
    0.6274337768554688,
    780.841552734375,
    139.45394897460938,
    1072.758544921875
  ],
  "class": 3,
  "confidence": 0.3211576044559479,
  "uncertainty": 0.5319045916502485
}