{
  "image": "data\\raw\\images\\train\\F_2_1_214.jpg",
  "box": [
    32.66468811035156,
    302.3677062988281,
    515.7164306640625,
    670.4893798828125
  ],
  "class": 7,
  "confidence": 0.33808204531669617,
  "uncertainty": 0.5356033711421271
}