{
  "image": "data\\raw\\images\\train\\F_2_3_370.jpg",
  "box": [
    1434.7364501953125,
    839.0328369140625,
    1890.1497802734375,
    1075.33154296875
  ],
  "class": 3,
  "confidence": 0.2991099953651428,
  "uncertainty": 0.6451869605212666
}