{
  "image": "data\\raw\\images\\train\\F_2_2_934.jpg",
  "box": [
    0.0,
    490.69207763671875,
    101.88494873046875,
    625.247314453125
  ],
  "class": 3,
  "confidence": 0.34314265847206116,
  "uncertainty": 0.5524836151304557
}