{
  "image": "data\\raw\\images\\train\\F_2_1_461.jpg",
  "box": [
    400.64007568359375,
    415.5810241699219,
    579.7606201171875,
    561.1063842773438
  ],
  "class": 7,
  "confidence": 0.29464825987815857,
  "uncertainty": 0.513814051371915
}