{
  "image": "data\\raw\\images\\train\\F_2_1_802.jpg",
  "box": [
    954.6333618164062,
    552.106201171875,
    1072.01171875,
    758.166259765625
  ],
  "class": 3,
  "confidence": 0.34014350175857544,
  "uncertainty": 0.5017085638780786
}