{
  "image": "data\\raw\\images\\train\\F_2_7_1726.jpg",
  "box": [
    1107.3695068359375,
    337.57720947265625,
    1243.157958984375,
    451.05767822265625
  ],
  "class": 7,
  "confidence": 0.2732189893722534,
  "uncertainty": 0.5073288800275979
}