{
  "image": "data\\raw\\images\\train\\F_2_6_1441.jpg",
  "box": [
    1029.2252197265625,
    604.3849487304688,
    1284.3233642578125,
    939.6617431640625
  ],
  "class": 3,
  "confidence": 0.34722015261650085,
  "uncertainty": 0.5378670628327143
}