{
  "image": "data\\raw\\images\\train\\F_2_10_122.jpg",
  "box": [
    1318.81005859375,
    453.9861145019531,
    1614.3372802734375,
    603.09423828125
  ],
  "class": 7,
  "confidence": 0.4184662103652954,
  "uncertainty": 0.5598985067260127
}