{
  "image": "data\\raw\\images\\train\\F_2_2_1312.jpg",
  "box": [
    473.9486389160156,
    369.8361511230469,
    566.764404296875,
    465.4935607910156
  ],
  "class": 7,
  "confidence": 0.2575591206550598,
  "uncertainty": 0.5058933973032439
}