{
  "image": "data\\raw\\images\\train\\F_2_3_502.jpg",
  "box": [
    795.1705322265625,
    419.937255859375,
    959.7071533203125,
    603.9515380859375
  ],
  "class": 2,
  "confidence": 0.30214831233024597,
  "uncertainty": 0.5160129842781122
}