{
  "image": "data\\raw\\images\\train\\F_2_9_332.jpg",
  "box": [
    882.1051025390625,
    418.9693908691406,
    958.0352783203125,
    515.8668212890625
  ],
  "class": 7,
  "confidence": 0.2565435767173767,
  "uncertainty": 0.5112709303838138
}