{
  "image": "data\\raw\\images\\train\\F_2_1_1066.jpg",
  "box": [
    942.199951171875,
    459.01116943359375,
    1023.2589111328125,
    569.0174560546875
  ],
  "class": 7,
  "confidence": 0.3911764919757843,
  "uncertainty": 0.5207541355176452
}