{
  "image": "data\\raw\\images\\train\\F_2_8_1947.jpg",
  "box": [
    688.1529541015625,
    632.3377075195312,
    833.0179443359375,
    888.4442138671875
  ],
  "class": 3,
  "confidence": 0.4233134686946869,
  "uncertainty": 0.5800591350153771
}