{
  "image": "data\\raw\\images\\train\\F_2_10_153.jpg",
  "box": [
    0.05582714080810547,
    257.48779296875,
    38.70071029663086,
    684.31298828125
  ],
  "class": 7,
  "confidence": 0.37911033630371094,
  "uncertainty": 0.5339758425874709
}