{
  "image": "data\\raw\\images\\train\\F_2_6_126.jpg",
  "box": [
    0.16135597229003906,
    700.193115234375,
    43.239498138427734,
    992.12109375
  ],
  "class": 3,
  "confidence": 0.4033566117286682,
  "uncertainty": 0.6030140845496103
}