{
  "image": "data\\raw\\images\\train\\F_2_1_406.jpg",
  "box": [
    291.4544677734375,
    411.38690185546875,
    468.4386291503906,
    545.3417358398438
  ],
  "class": 7,
  "confidence": 0.2547737956047058,
  "uncertainty": 0.5299048941144854
}