{
  "image": "data\\raw\\images\\train\\F_2_7_886.jpg",
  "box": [
    0.6961441040039062,
    354.0936584472656,
    146.8279266357422,
    590.2508544921875
  ],
  "class": 5,
  "confidence": 0.3152810037136078,
  "uncertainty": 0.522985475760075
}