{
  "image": "data\\raw\\images\\train\\F_2_9_761.jpg",
  "box": [
    347.74432373046875,
    428.57080078125,
    521.7695922851562,
    585.3070678710938
  ],
  "class": 7,
  "confidence": 0.28525373339653015,
  "uncertainty": 0.6178994609890247
}