{
  "image": "data\\raw\\images\\train\\F_2_2_1426.jpg",
  "box": [
    965.373779296875,
    370.339599609375,
    1057.437744140625,
    526.8228149414062
  ],
  "class": 5,
  "confidence": 0.2554446756839752,
  "uncertainty": 0.5209061885519477
}