{
  "image": "data\\raw\\images\\train\\F_2_6_862.jpg",
  "box": [
    1514.1671142578125,
    497.5289611816406,
    1582.549072265625,
    746.8983154296875
  ],
  "class": 2,
  "confidence": 0.26237571239471436,
  "uncertainty": 0.5264362543273428
}