{
  "image": "data\\raw\\images\\train\\F_2_7_958.jpg",
  "box": [
    1191.654052734375,
    412.5751953125,
    1367.783935546875,
    615.8342895507812
  ],
  "class": 2,
  "confidence": 0.4558429419994354,
  "uncertainty": 0.5298434098513103
}