{
  "image": "data\\raw\\images\\train\\F_2_7_88.jpg",
  "box": [
    321.46142578125,
    373.48480224609375,
    775.039306640625,
    556.7858276367188
  ],
  "class": 7,
  "confidence": 0.27804291248321533,
  "uncertainty": 0.5176073244816036
}