{
  "image": "data\\raw\\images\\train\\F_2_7_2147.jpg",
  "box": [
    1531.0599365234375,
    606.29931640625,
    1652.9443359375,
    942.1005249023438
  ],
  "class": 3,
  "confidence": 0.4622400104999542,
  "uncertainty": 0.5157956747987453
}