{
  "image": "data\\raw\\images\\train\\F_2_2_978.jpg",
  "box": [
    140.48336791992188,
    366.4664611816406,
    273.2764892578125,
    479.5203552246094
  ],
  "class": 7,
  "confidence": 0.26857051253318787,
  "uncertainty": 0.530961165944403
}