{
  "image": "data\\raw\\images\\train\\F_2_1_876.jpg",
  "box": [
    645.46435546875,
    517.9332275390625,
    720.7078857421875,
    637.0973510742188
  ],
  "class": 3,
  "confidence": 0.3438672125339508,
  "uncertainty": 0.5095363409550745
}