{
  "image": "data\\raw\\images\\train\\F_2_3_14.jpg",
  "box": [
    1334.0052490234375,
    727.92529296875,
    1788.5859375,
    1071.318359375
  ],
  "class": 3,
  "confidence": 0.2838608920574188,
  "uncertainty": 0.5656459625335547
}