{
  "image": "data\\raw\\images\\train\\F_2_6_485.jpg",
  "box": [
    0.16274642944335938,
    473.2613525390625,
    114.32467651367188,
    708.0537109375
  ],
  "class": 3,
  "confidence": 0.3024331331253052,
  "uncertainty": 0.5409747781095189
}