{
  "image": "data\\raw\\images\\train\\F_2_6_1523.jpg",
  "box": [
    408.8619384765625,
    441.6352844238281,
    522.6312866210938,
    572.5859375
  ],
  "class": 7,
  "confidence": 0.25768953561782837,
  "uncertainty": 0.5038482659531884
}