{
  "image": "data\\raw\\images\\train\\F_2_9_3002.jpg",
  "box": [
    1098.5286865234375,
    398.8341979980469,
    1171.603515625,
    475.8415832519531
  ],
  "class": 7,
  "confidence": 0.2721322178840637,
  "uncertainty": 0.5135365057284427
}