{
  "image": "data\\raw\\images\\train\\F_2_4_606.jpg",
  "box": [
    1187.0811767578125,
    342.49151611328125,
    1513.013427734375,
    669.4752807617188
  ],
  "class": 7,
  "confidence": 0.3212948739528656,
  "uncertainty": 0.577303663603986
}