{
  "image": "data\\raw\\images\\train\\F_2_9_1909.jpg",
  "box": [
    636.8592529296875,
    499.0846252441406,
    728.4317626953125,
    642.670654296875
  ],
  "class": 3,
  "confidence": 0.31437769532203674,
  "uncertainty": 0.5363133021184586
}