{
  "image": "data\\raw\\images\\train\\F_2_4_979.jpg",
  "box": [
    638.2944946289062,
    566.5213623046875,
    836.02587890625,
    893.9248046875
  ],
  "class": 3,
  "confidence": 0.27608248591423035,
  "uncertainty": 0.5921330247728064
}