{
  "image": "data\\raw\\images\\train\\F_2_7_378.jpg",
  "box": [
    1028.9610595703125,
    546.5556640625,
    1121.8204345703125,
    670.7529296875
  ],
  "class": 3,
  "confidence": 0.25847017765045166,
  "uncertainty": 0.6139844147969469
}