{
  "image": "data\\raw\\images\\train\\F_2_1_683.jpg",
  "box": [
    958.4739990234375,
    688.7767333984375,
    1537.11865234375,
    1067.061279296875
  ],
  "class": 3,
  "confidence": 0.2975747883319855,
  "uncertainty": 0.5899993952634646
}