{
  "image": "data\\raw\\images\\train\\F_2_10_119.jpg",
  "box": [
    963.9493408203125,
    411.6028747558594,
    1064.3709716796875,
    544.0307006835938
  ],
  "class": 7,
  "confidence": 0.38817107677459717,
  "uncertainty": 0.5165687118154821
}