{
  "image": "data\\raw\\images\\train\\F_2_8_1826.jpg",
  "box": [
    1232.755859375,
    472.7813415527344,
    1413.522705078125,
    808.2669677734375
  ],
  "class": 3,
  "confidence": 0.3240053653717041,
  "uncertainty": 0.5113414037263253
}