{
  "image": "data\\raw\\images\\train\\F_2_8_718.jpg",
  "box": [
    1.0290298461914062,
    608.7813720703125,
    310.708740234375,
    1073.2998046875
  ],
  "class": 3,
  "confidence": 0.38124316930770874,
  "uncertainty": 0.599307090850461
}