{
  "image": "data\\raw\\images\\train\\F_2_8_720.jpg",
  "box": [
    1844.76025390625,
    574.7733764648438,
    1919.0205078125,
    723.9058837890625
  ],
  "class": 3,
  "confidence": 0.28245818614959717,
  "uncertainty": 0.5388380131356342
}