{
  "image": "data\\raw\\images\\train\\F_2_7_1812.jpg",
  "box": [
    0.589599609375,
    886.215087890625,
    161.10028076171875,
    1075.4798583984375
  ],
  "class": 3,
  "confidence": 0.6024230122566223,
  "uncertainty": 0.5415118093586144
}