{
  "image": "data\\raw\\images\\train\\F_2_6_523.jpg",
  "box": [
    1671.23291015625,
    569.5101318359375,
    1917.359619140625,
    841.8847045898438
  ],
  "class": 3,
  "confidence": 0.31817761063575745,
  "uncertainty": 0.5228058778310649
}