{
  "image": "data\\raw\\images\\train\\F_2_1_390.jpg",
  "box": [
    1788.4892578125,
    522.628173828125,
    1819.48095703125,
    587.0469970703125
  ],
  "class": 3,
  "confidence": 0.258460134267807,
  "uncertainty": 0.5081364225510003
}