{
  "image": "data\\raw\\images\\train\\F_2_1_725.jpg",
  "box": [
    1384.937255859375,
    501.50701904296875,
    1418.786865234375,
    558.6639404296875
  ],
  "class": 3,
  "confidence": 0.26913684606552124,
  "uncertainty": 0.5139574803351484
}