{
  "image": "data\\raw\\images\\train\\F_2_6_523.jpg",
  "box": [
    348.6858215332031,
    347.1802062988281,
    474.0086975097656,
    513.4791870117188
  ],
  "class": 7,
  "confidence": 0.25418755412101746,
  "uncertainty": 0.5122701172168369
}