{
  "image": "data\\raw\\images\\train\\F_2_6_1257.jpg",
  "box": [
    472.8542175292969,
    606.3257446289062,
    542.9705810546875,
    739.17919921875
  ],
  "class": 3,
  "confidence": 0.33879756927490234,
  "uncertainty": 0.5245949794208544
}