{
  "image": "data\\raw\\images\\train\\F_2_1_951.jpg",
  "box": [
    484.96417236328125,
    563.48681640625,
    649.500732421875,
    818.6240844726562
  ],
  "class": 3,
  "confidence": 0.2546340227127075,
  "uncertainty": 0.5490412385272319
}