{
  "image": "data\\raw\\images\\train\\F_2_7_192.jpg",
  "box": [
    1304.0010986328125,
    545.1356201171875,
    1366.1954345703125,
    675.9427490234375
  ],
  "class": 3,
  "confidence": 0.26004064083099365,
  "uncertainty": 0.5129252164034334
}