{
  "image": "data\\raw\\images\\train\\F_2_8_188.jpg",
  "box": [
    909.1027221679688,
    523.0717163085938,
    1045.121826171875,
    747.2396850585938
  ],
  "class": 3,
  "confidence": 0.2765798568725586,
  "uncertainty": 0.5774120312010796
}