{
  "image": "data\\raw\\images\\train\\F_2_9_1996.jpg",
  "box": [
    1201.89599609375,
    352.39404296875,
    1343.27392578125,
    508.813232421875
  ],
  "class": 7,
  "confidence": 0.3052145838737488,
  "uncertainty": 0.5115151239416087
}