{
  "image": "data\\raw\\images\\train\\F_2_6_861.jpg",
  "box": [
    1602.524658203125,
    274.2872314453125,
    1920.0,
    1068.930908203125
  ],
  "class": 7,
  "confidence": 0.3150726854801178,
  "uncertainty": 0.573970590420213
}