{
  "image": "data\\raw\\images\\train\\F_2_2_1316.jpg",
  "box": [
    0.2459278106689453,
    558.1182861328125,
    90.71427154541016,
    896.2767333984375
  ],
  "class": 3,
  "confidence": 0.5053210854530334,
  "uncertainty": 0.5838998428469907
}