{
  "image": "data\\raw\\images\\train\\F_2_6_145.jpg",
  "box": [
    771.3214111328125,
    460.04864501953125,
    881.5068359375,
    605.386962890625
  ],
  "class": 7,
  "confidence": 0.28922149538993835,
  "uncertainty": 0.5334489848093228
}