{
  "image": "data\\raw\\images\\train\\F_2_7_390.jpg",
  "box": [
    890.34375,
    523.7744140625,
    992.6707763671875,
    712.3516845703125
  ],
  "class": 3,
  "confidence": 0.3658714294433594,
  "uncertainty": 0.5430721738517371
}