{
  "image": "data\\raw\\images\\train\\F_2_3_652.jpg",
  "box": [
    1565.99560546875,
    494.67730712890625,
    1598.666748046875,
    569.9361572265625
  ],
  "class": 3,
  "confidence": 0.26953718066215515,
  "uncertainty": 0.5252428930079845
}