{
  "image": "data\\raw\\images\\train\\F_2_7_441.jpg",
  "box": [
    119.32413482666016,
    656.1471557617188,
    242.46995544433594,
    874.891845703125
  ],
  "class": 3,
  "confidence": 0.3839171528816223,
  "uncertainty": 0.5000758061639315
}