{
  "image": "data\\raw\\images\\train\\F_2_8_1439.jpg",
  "box": [
    1234.3740234375,
    664.2947387695312,
    1755.578857421875,
    1069.615966796875
  ],
  "class": 3,
  "confidence": 0.26204031705856323,
  "uncertainty": 0.6291460893735623
}