{
  "image": "data\\raw\\images\\train\\F_2_6_523.jpg",
  "box": [
    465.9071960449219,
    499.4090881347656,
    561.093994140625,
    628.3683471679688
  ],
  "class": 3,
  "confidence": 0.3453678488731384,
  "uncertainty": 0.5315080652862872
}