{
  "image": "data\\raw\\images\\train\\F_2_2_825.jpg",
  "box": [
    618.5510864257812,
    488.76361083984375,
    660.3346557617188,
    552.80419921875
  ],
  "class": 3,
  "confidence": 0.27267223596572876,
  "uncertainty": 0.5158202456388563
}