{
  "image": "data\\raw\\images\\train\\F_2_2_1476.jpg",
  "box": [
    1367.3280029296875,
    378.92596435546875,
    1555.2431640625,
    887.4091796875
  ],
  "class": 7,
  "confidence": 0.43143749237060547,
  "uncertainty": 0.5002347077355187
}