{
  "image": "data\\raw\\images\\train\\F_2_1_328.jpg",
  "box": [
    97.28443908691406,
    321.0243835449219,
    549.568359375,
    517.1641845703125
  ],
  "class": 7,
  "confidence": 0.25449123978614807,
  "uncertainty": 0.6266005690524796
}