{
  "image": "data\\raw\\images\\train\\F_2_7_1694.jpg",
  "box": [
    621.7787475585938,
    519.230224609375,
    700.711669921875,
    634.6260986328125
  ],
  "class": 3,
  "confidence": 0.2899240553379059,
  "uncertainty": 0.526868055618855
}