{
  "image": "data\\raw\\images\\train\\F_2_7_110.jpg",
  "box": [
    1146.313232421875,
    429.0604248046875,
    1552.719970703125,
    906.0613403320312
  ],
  "class": 7,
  "confidence": 0.3118630349636078,
  "uncertainty": 0.7519458568363854
}