{
  "image": "data\\raw\\images\\train\\F_2_2_902.jpg",
  "box": [
    692.9601440429688,
    506.1858215332031,
    719.7699584960938,
    558.0382690429688
  ],
  "class": 3,
  "confidence": 0.2852385342121124,
  "uncertainty": 0.5221993870187814
}