{
  "image": "data\\raw\\images\\train\\F_2_1_890.jpg",
  "box": [
    924.1885986328125,
    560.315673828125,
    1121.3756103515625,
    888.985107421875
  ],
  "class": 3,
  "confidence": 0.27498728036880493,
  "uncertainty": 0.5644620928063024
}