{
  "image": "data\\raw\\images\\train\\F_2_9_2352.jpg",
  "box": [
    672.0338745117188,
    536.8265991210938,
    773.8705444335938,
    713.65087890625
  ],
  "class": 3,
  "confidence": 0.34882837533950806,
  "uncertainty": 0.5147482794975227
}