{
  "image": "data\\raw\\images\\train\\F_2_5_154.jpg",
  "box": [
    0.015781402587890625,
    482.3302001953125,
    89.88215637207031,
    702.08544921875
  ],
  "class": 3,
  "confidence": 0.2671577036380768,
  "uncertainty": 0.5601486344069648
}