{
  "image": "data\\raw\\images\\train\\F_2_7_110.jpg",
  "box": [
    843.3949584960938,
    394.23675537109375,
    1003.1094360351562,
    478.63995361328125
  ],
  "class": 7,
  "confidence": 0.2911258935928345,
  "uncertainty": 0.5240336439435468
}