{
  "image": "data\\raw\\images\\train\\F_2_7_384.jpg",
  "box": [
    132.67550659179688,
    546.2591552734375,
    239.01663208007812,
    722.39013671875
  ],
  "class": 3,
  "confidence": 0.3055170178413391,
  "uncertainty": 0.5641538618649617
}