{
  "image": "data\\raw\\images\\train\\F_2_3_370.jpg",
  "box": [
    0.375457763671875,
    277.6002197265625,
    299.01641845703125,
    613.6502685546875
  ],
  "class": 5,
  "confidence": 0.42822638154029846,
  "uncertainty": 0.5439185683573606
}