{
  "image": "data\\raw\\images\\train\\F_2_7_94.jpg",
  "box": [
    1033.7149658203125,
    367.2973937988281,
    1192.71240234375,
    852.9820556640625
  ],
  "class": 7,
  "confidence": 0.3191257417201996,
  "uncertainty": 0.520503864005524
}