{
  "image": "data\\raw\\images\\train\\F_2_5_174.jpg",
  "box": [
    0.4168281555175781,
    705.0867919921875,
    98.958984375,
    950.2754516601562
  ],
  "class": 3,
  "confidence": 0.35824406147003174,
  "uncertainty": 0.5039992924804068
}