{
  "image": "data\\raw\\images\\train\\F_2_9_1397.jpg",
  "box": [
    895.6115112304688,
    487.522705078125,
    992.1663208007812,
    565.89111328125
  ],
  "class": 2,
  "confidence": 0.28365251421928406,
  "uncertainty": 0.5401715878148371
}