{
  "image": "data\\raw\\images\\train\\F_2_1_31.jpg",
  "box": [
    462.4769287109375,
    430.42474365234375,
    575.6384887695312,
    534.6897583007812
  ],
  "class": 7,
  "confidence": 0.290511816740036,
  "uncertainty": 0.5873861330028853
}