{
  "image": "data\\raw\\images\\train\\F_2_2_317.jpg",
  "box": [
    1528.781494140625,
    504.39898681640625,
    1727.0745849609375,
    802.2139892578125
  ],
  "class": 3,
  "confidence": 0.2542904317378998,
  "uncertainty": 0.5461724320191721
}