{
  "image": "data\\raw\\images\\train\\F_2_2_1415.jpg",
  "box": [
    0.24462318420410156,
    594.84765625,
    81.025146484375,
    836.6060791015625
  ],
  "class": 3,
  "confidence": 0.5081462860107422,
  "uncertainty": 0.5361792416949472
}