{
  "image": "data\\raw\\images\\train\\F_2_2_1653.jpg",
  "box": [
    833.9307861328125,
    483.9557189941406,
    931.7435302734375,
    630.1251220703125
  ],
  "class": 2,
  "confidence": 0.25837841629981995,
  "uncertainty": 0.5056585273419459
}