{
  "image": "data\\raw\\images\\train\\F_2_3_32.jpg",
  "box": [
    460.1886291503906,
    295.71868896484375,
    863.114013671875,
    630.6080322265625
  ],
  "class": 7,
  "confidence": 0.36586901545524597,
  "uncertainty": 0.564869508159907
}