{
  "image": "data\\raw\\images\\train\\F_2_6_519.jpg",
  "box": [
    240.7276611328125,
    535.7876586914062,
    288.5776062011719,
    645.0308837890625
  ],
  "class": 3,
  "confidence": 0.3532347083091736,
  "uncertainty": 0.5003222441608733
}