{
  "image": "data\\raw\\images\\train\\F_2_2_985.jpg",
  "box": [
    972.5842895507812,
    366.1987609863281,
    1128.43701171875,
    507.43414306640625
  ],
  "class": 7,
  "confidence": 0.29266873002052307,
  "uncertainty": 0.5198414819499465
}