{
  "image": "data\\raw\\images\\train\\F_2_8_925.jpg",
  "box": [
    947.692138671875,
    534.7657470703125,
    991.865966796875,
    607.991455078125
  ],
  "class": 3,
  "confidence": 0.31108030676841736,
  "uncertainty": 0.5402546308930016
}