{
  "image": "data\\raw\\images\\train\\F_2_3_383.jpg",
  "box": [
    0.684722900390625,
    390.9831848144531,
    173.9105224609375,
    556.0130615234375
  ],
  "class": 5,
  "confidence": 0.29140880703926086,
  "uncertainty": 0.5015275636965121
}