{
  "image": "data\\raw\\images\\train\\F_2_7_390.jpg",
  "box": [
    1084.5960693359375,
    485.4708251953125,
    1293.51806640625,
    977.7703857421875
  ],
  "class": 2,
  "confidence": 0.3458516299724579,
  "uncertainty": 0.5958627850742434
}