{
  "image": "data\\raw\\images\\train\\F_2_6_330.jpg",
  "box": [
    589.3053588867188,
    179.56613159179688,
    1056.63037109375,
    630.3609008789062
  ],
  "class": 5,
  "confidence": 0.2939269244670868,
  "uncertainty": 0.576024877894594
}