{
  "image": "data\\raw\\images\\train\\F_2_8_911.jpg",
  "box": [
    168.30325317382812,
    409.54095458984375,
    259.8818359375,
    542.1098022460938
  ],
  "class": 7,
  "confidence": 0.2521813213825226,
  "uncertainty": 0.5042067904260576
}