{
  "image": "data\\raw\\images\\train\\F_2_2_1550.jpg",
  "box": [
    1547.0489501953125,
    451.7794189453125,
    1668.0010986328125,
    653.2146606445312
  ],
  "class": 2,
  "confidence": 0.2724234163761139,
  "uncertainty": 0.5076762875386944
}