{
  "image": "data\\raw\\images\\train\\F_2_2_1187.jpg",
  "box": [
    1731.578125,
    523.0658569335938,
    1918.943359375,
    663.6578979492188
  ],
  "class": 3,
  "confidence": 0.325986385345459,
  "uncertainty": 0.505605312842104
}