{
  "image": "data\\raw\\images\\train\\F_2_2_1588.jpg",
  "box": [
    208.9757080078125,
    576.56494140625,
    385.8650207519531,
    801.3111572265625
  ],
  "class": 3,
  "confidence": 0.32347339391708374,
  "uncertainty": 0.5392325857272423
}