{
  "image": "data\\raw\\images\\train\\F_2_2_1435.jpg",
  "box": [
    1264.6162109375,
    437.8804931640625,
    1416.51318359375,
    630.6526489257812
  ],
  "class": 7,
  "confidence": 0.3667759597301483,
  "uncertainty": 0.624896913337174
}