{
  "image": "data\\raw\\images\\train\\F_2_2_27.jpg",
  "box": [
    100.05093383789062,
    400.7333679199219,
    308.45703125,
    546.4171142578125
  ],
  "class": 7,
  "confidence": 0.3421109616756439,
  "uncertainty": 0.5154682366944604
}