{
  "image": "data\\raw\\images\\train\\F_2_6_950.jpg",
  "box": [
    463.9510803222656,
    738.2904052734375,
    1022.6671142578125,
    1069.645263671875
  ],
  "class": 3,
  "confidence": 0.2551814019680023,
  "uncertainty": 0.5236979234936319
}