{
  "image": "data\\raw\\images\\train\\F_2_4_260.jpg",
  "box": [
    553.2965087890625,
    801.5115966796875,
    933.749755859375,
    1072.0916748046875
  ],
  "class": 3,
  "confidence": 0.27307775616645813,
  "uncertainty": 0.597507263449381
}