{
  "image": "data\\raw\\images\\train\\F_2_2_1692.jpg",
  "box": [
    1586.482421875,
    529.0654296875,
    1703.783447265625,
    716.0989990234375
  ],
  "class": 3,
  "confidence": 0.2815641462802887,
  "uncertainty": 0.5541184944916207
}