{
  "image": "data\\raw\\images\\train\\F_2_8_1826.jpg",
  "box": [
    1549.399658203125,
    383.4710998535156,
    1703.15771484375,
    509.3702087402344
  ],
  "class": 7,
  "confidence": 0.4376465082168579,
  "uncertainty": 0.5266214363810083
}