{
  "image": "data\\raw\\images\\train\\F_2_2_1292.jpg",
  "box": [
    1151.2720947265625,
    448.7427978515625,
    1302.505126953125,
    592.0325927734375
  ],
  "class": 2,
  "confidence": 0.29597654938697815,
  "uncertainty": 0.5114600610062197
}