{
  "image": "data\\raw\\images\\train\\F_2_6_1623.jpg",
  "box": [
    436.8970642089844,
    647.4090576171875,
    851.1270751953125,
    1067.0447998046875
  ],
  "class": 3,
  "confidence": 0.30180174112319946,
  "uncertainty": 0.5416741818355382
}