{
  "image": "data\\raw\\images\\train\\F_2_1_341.jpg",
  "box": [
    1445.558837890625,
    316.47589111328125,
    1612.998046875,
    430.3651123046875
  ],
  "class": 7,
  "confidence": 0.2644423842430115,
  "uncertainty": 0.6101967015847022
}