{
  "image": "data\\raw\\images\\train\\F_2_6_1388.jpg",
  "box": [
    770.2965087890625,
    383.4042663574219,
    919.295654296875,
    453.0182189941406
  ],
  "class": 7,
  "confidence": 0.2743549644947052,
  "uncertainty": 0.5126058691840731
}