{
  "image": "data\\raw\\images\\train\\F_2_9_341.jpg",
  "box": [
    795.05859375,
    512.778076171875,
    855.4456787109375,
    606.0053100585938
  ],
  "class": 3,
  "confidence": 0.25034356117248535,
  "uncertainty": 0.5064647415529995
}