{
  "image": "data\\raw\\images\\train\\F_2_7_817.jpg",
  "box": [
    0.44689178466796875,
    547.762451171875,
    158.62344360351562,
    866.37109375
  ],
  "class": 3,
  "confidence": 0.41669976711273193,
  "uncertainty": 0.5075015798738159
}