{
  "image": "data\\raw\\images\\train\\F_2_6_985.jpg",
  "box": [
    491.13433837890625,
    572.2994384765625,
    601.5555419921875,
    789.8893432617188
  ],
  "class": 3,
  "confidence": 0.2510603368282318,
  "uncertainty": 0.5888561521900146
}