{
  "image": "data\\raw\\images\\train\\F_2_7_384.jpg",
  "box": [
    534.4222412109375,
    403.3691711425781,
    933.8802490234375,
    676.852783203125
  ],
  "class": 7,
  "confidence": 0.2596572935581207,
  "uncertainty": 0.6122388190284703
}