{
  "image": "data\\raw\\images\\train\\F_2_8_1719.jpg",
  "box": [
    1750.62158203125,
    586.8067626953125,
    1919.33056640625,
    840.232421875
  ],
  "class": 3,
  "confidence": 0.459278404712677,
  "uncertainty": 0.5155618532716096
}