{
  "image": "data\\raw\\images\\train\\F_2_7_334.jpg",
  "box": [
    1559.1258544921875,
    431.949462890625,
    1855.5662841796875,
    726.189453125
  ],
  "class": 2,
  "confidence": 0.2645798623561859,
  "uncertainty": 0.7276213951127962
}