{
  "image": "data\\raw\\images\\train\\F_2_2_1690.jpg",
  "box": [
    1635.3790283203125,
    580.2030029296875,
    1791.9737548828125,
    833.0679931640625
  ],
  "class": 3,
  "confidence": 0.4017127752304077,
  "uncertainty": 0.5451701069621873
}