{
  "image": "data\\raw\\images\\train\\F_2_2_96.jpg",
  "box": [
    328.2900390625,
    411.4783630371094,
    582.7184448242188,
    696.2469482421875
  ],
  "class": 7,
  "confidence": 0.426498144865036,
  "uncertainty": 0.587810966312125
}