{
  "image": "data\\raw\\images\\train\\F_2_4_950.jpg",
  "box": [
    171.58543395996094,
    777.61962890625,
    420.0611572265625,
    1075.205078125
  ],
  "class": 3,
  "confidence": 0.26338157057762146,
  "uncertainty": 0.5235856093851843
}