{
  "image": "data\\raw\\images\\train\\F_2_1_1131.jpg",
  "box": [
    1018.119140625,
    415.499267578125,
    1126.944580078125,
    498.6060791015625
  ],
  "class": 7,
  "confidence": 0.30346423387527466,
  "uncertainty": 0.5219046049203241
}