{
  "image": "data\\raw\\images\\train\\F_2_2_1458.jpg",
  "box": [
    480.9356689453125,
    482.06890869140625,
    526.092041015625,
    542.3858642578125
  ],
  "class": 3,
  "confidence": 0.32053065299987793,
  "uncertainty": 0.5158202679357344
}