{
  "image": "data\\raw\\images\\train\\F_2_1_695.jpg",
  "box": [
    0.6904220581054688,
    677.3114013671875,
    170.09669494628906,
    1071.316162109375
  ],
  "class": 3,
  "confidence": 0.6225839257240295,
  "uncertainty": 0.5199054904606192
}