{
  "image": "data\\raw\\images\\train\\F_2_1_969.jpg",
  "box": [
    1407.9150390625,
    429.64031982421875,
    1503.436279296875,
    521.9496459960938
  ],
  "class": 7,
  "confidence": 0.3050530254840851,
  "uncertainty": 0.5105869537437262
}