{
  "image": "data\\raw\\images\\train\\F_2_9_341.jpg",
  "box": [
    523.9576416015625,
    509.26019287109375,
    597.3994140625,
    606.480224609375
  ],
  "class": 3,
  "confidence": 0.4012356400489807,
  "uncertainty": 0.516282051813802
}