{
  "image": "data\\raw\\images\\train\\F_2_1_788.jpg",
  "box": [
    122.18012237548828,
    535.5491943359375,
    343.3271789550781,
    846.25390625
  ],
  "class": 3,
  "confidence": 0.3554101586341858,
  "uncertainty": 0.5139779188688136
}