{
  "image": "data\\raw\\images\\train\\F_2_2_1221.jpg",
  "box": [
    48.01084899902344,
    533.4581909179688,
    277.24847412109375,
    815.4450073242188
  ],
  "class": 3,
  "confidence": 0.32659727334976196,
  "uncertainty": 0.5565869581181279
}