{
  "image": "data\\raw\\images\\train\\F_2_4_669.jpg",
  "box": [
    1795.326171875,
    595.7449340820312,
    1919.247314453125,
    875.032470703125
  ],
  "class": 3,
  "confidence": 0.35252758860588074,
  "uncertainty": 0.5773007119566239
}