{
  "image": "data\\raw\\images\\train\\F_2_7_1497.jpg",
  "box": [
    0.08295822143554688,
    506.414794921875,
    158.04360961914062,
    743.8433837890625
  ],
  "class": 3,
  "confidence": 0.28949645161628723,
  "uncertainty": 0.5319265513560751
}