{
  "image": "data\\raw\\images\\train\\F_2_1_561.jpg",
  "box": [
    1805.0679931640625,
    459.25640869140625,
    1918.0660400390625,
    582.2262573242188
  ],
  "class": 5,
  "confidence": 0.26834410429000854,
  "uncertainty": 0.5050908536560572
}