{
  "image": "data\\raw\\images\\train\\F_2_9_1600.jpg",
  "box": [
    1663.494140625,
    552.689697265625,
    1751.120361328125,
    689.2665405273438
  ],
  "class": 3,
  "confidence": 0.30146244168281555,
  "uncertainty": 0.5433794595244322
}