{
  "image": "data\\raw\\images\\train\\F_2_2_1035.jpg",
  "box": [
    2.5314559936523438,
    407.5593566894531,
    225.25515747070312,
    477.2582702636719
  ],
  "class": 5,
  "confidence": 0.3073779046535492,
  "uncertainty": 0.5850778413977937
}