{
  "image": "data\\raw\\images\\train\\F_2_8_718.jpg",
  "box": [
    0.45714569091796875,
    772.0009765625,
    262.8412780761719,
    1073.883056640625
  ],
  "class": 3,
  "confidence": 0.29146963357925415,
  "uncertainty": 0.5188885232627186
}