{
  "image": "data\\raw\\images\\train\\F_2_2_5.jpg",
  "box": [
    810.7628173828125,
    386.7242431640625,
    1045.5633544921875,
    526.8444213867188
  ],
  "class": 7,
  "confidence": 0.42175325751304626,
  "uncertainty": 0.5540730657893702
}