{
  "image": "data\\raw\\images\\train\\F_2_6_126.jpg",
  "box": [
    831.4473266601562,
    574.4155883789062,
    1173.628173828125,
    1062.85107421875
  ],
  "class": 3,
  "confidence": 0.3101736009120941,
  "uncertainty": 0.5351593790476763
}