{
  "image": "data\\raw\\images\\train\\F_2_6_518.jpg",
  "box": [
    691.1058349609375,
    632.7896728515625,
    876.2562255859375,
    896.3256225585938
  ],
  "class": 3,
  "confidence": 0.27020949125289917,
  "uncertainty": 0.5568223206102783
}