{
  "image": "data\\raw\\images\\train\\F_2_2_96.jpg",
  "box": [
    0.16835975646972656,
    554.296875,
    58.34183120727539,
    782.8225708007812
  ],
  "class": 3,
  "confidence": 0.27452510595321655,
  "uncertainty": 0.6360077779387289
}