{
  "image": "data\\raw\\images\\train\\F_2_2_831.jpg",
  "box": [
    1803.2801513671875,
    480.3320617675781,
    1919.3748779296875,
    586.4014892578125
  ],
  "class": 2,
  "confidence": 0.25003084540367126,
  "uncertainty": 0.5069644398739848
}