{
  "image": "data\\raw\\images\\train\\F_2_3_201.jpg",
  "box": [
    630.0602416992188,
    379.3861999511719,
    748.5225219726562,
    440.73065185546875
  ],
  "class": 7,
  "confidence": 0.2576262354850769,
  "uncertainty": 0.517575566061365
}