{
  "image": "data\\raw\\images\\train\\F_2_9_343.jpg",
  "box": [
    675.92236328125,
    576.3646850585938,
    765.7518310546875,
    661.7863159179688
  ],
  "class": 3,
  "confidence": 0.27518564462661743,
  "uncertainty": 0.5313371335315494
}