{
  "image": "data\\raw\\images\\train\\F_2_7_821.jpg",
  "box": [
    0.3409709930419922,
    613.5587158203125,
    73.35794830322266,
    843.5289306640625
  ],
  "class": 3,
  "confidence": 0.2894050180912018,
  "uncertainty": 0.5157101859621109
}