{
  "image": "data\\raw\\images\\train\\F_2_7_443.jpg",
  "box": [
    899.0451049804688,
    565.517822265625,
    1031.181640625,
    761.041748046875
  ],
  "class": 3,
  "confidence": 0.3595336675643921,
  "uncertainty": 0.5164837925523768
}