{
  "image": "data\\raw\\images\\train\\F_2_2_12.jpg",
  "box": [
    1280.1583251953125,
    439.3852844238281,
    1434.72900390625,
    946.534423828125
  ],
  "class": 7,
  "confidence": 0.38104769587516785,
  "uncertainty": 0.5415177143026928
}