{
  "image": "data\\raw\\images\\train\\F_2_1_517.jpg",
  "box": [
    911.8409423828125,
    490.4180603027344,
    934.7294921875,
    560.4925537109375
  ],
  "class": 3,
  "confidence": 0.3044450283050537,
  "uncertainty": 0.5185539719586962
}