{
  "image": "data\\raw\\images\\train\\F_2_7_958.jpg",
  "box": [
    1190.09375,
    419.22283935546875,
    1297.46435546875,
    618.2930297851562
  ],
  "class": 2,
  "confidence": 0.2733561098575592,
  "uncertainty": 0.5430900531849641
}