{
  "image": "data\\raw\\images\\train\\F_2_2_991.jpg",
  "box": [
    757.9850463867188,
    460.55584716796875,
    867.5480346679688,
    653.287841796875
  ],
  "class": 3,
  "confidence": 0.27823400497436523,
  "uncertainty": 0.5179762106968058
}