{
  "image": "data\\raw\\images\\train\\F_2_7_771.jpg",
  "box": [
    0.21193599700927734,
    871.7243041992188,
    38.42201232910156,
    1073.854736328125
  ],
  "class": 3,
  "confidence": 0.32244640588760376,
  "uncertainty": 0.5209787875391675
}