{
  "image": "data\\raw\\images\\train\\F_2_2_1146.jpg",
  "box": [
    86.1369400024414,
    459.08026123046875,
    258.12713623046875,
    575.2666015625
  ],
  "class": 7,
  "confidence": 0.2921704947948456,
  "uncertainty": 0.5854294165222268
}