{
  "image": "data\\raw\\images\\train\\F_2_8_1838.jpg",
  "box": [
    1322.2860107421875,
    372.0577697753906,
    1395.653564453125,
    498.4785461425781
  ],
  "class": 7,
  "confidence": 0.2515970468521118,
  "uncertainty": 0.5219933438569871
}