{
  "image": "data\\raw\\images\\train\\F_2_1_313.jpg",
  "box": [
    808.240234375,
    457.9888000488281,
    891.6812744140625,
    562.8453369140625
  ],
  "class": 2,
  "confidence": 0.25242578983306885,
  "uncertainty": 0.5024390314455397
}