{
  "image": "data\\raw\\images\\train\\F_2_6_126.jpg",
  "box": [
    833.80810546875,
    390.57989501953125,
    950.43603515625,
    514.7366943359375
  ],
  "class": 7,
  "confidence": 0.31538230180740356,
  "uncertainty": 0.5355134107061046
}