{
  "image": "data\\raw\\images\\train\\F_2_7_1726.jpg",
  "box": [
    1248.675048828125,
    413.2685852050781,
    1297.3763427734375,
    480.5462951660156
  ],
  "class": 3,
  "confidence": 0.266127347946167,
  "uncertainty": 0.5063215332891544
}