{
  "image": "data\\raw\\images\\train\\F_2_2_1011.jpg",
  "box": [
    49.84741973876953,
    472.49407958984375,
    138.19752502441406,
    577.6533203125
  ],
  "class": 3,
  "confidence": 0.2693353593349457,
  "uncertainty": 0.5085292633280414
}