{
  "image": "data\\raw\\images\\train\\F_2_7_188.jpg",
  "box": [
    1354.4169921875,
    729.4144287109375,
    1571.770263671875,
    1071.5162353515625
  ],
  "class": 3,
  "confidence": 0.3752415180206299,
  "uncertainty": 0.5909749863621796
}