{
  "image": "data\\raw\\images\\train\\F_2_1_641.jpg",
  "box": [
    0.03778266906738281,
    617.5352783203125,
    56.82257080078125,
    796.0790405273438
  ],
  "class": 3,
  "confidence": 0.3887270390987396,
  "uncertainty": 0.5794118480989141
}