{
  "image": "data\\raw\\images\\train\\F_2_5_160.jpg",
  "box": [
    1379.249267578125,
    526.7261962890625,
    1476.668701171875,
    661.5675048828125
  ],
  "class": 3,
  "confidence": 0.494473934173584,
  "uncertainty": 0.5023498505871135
}