{
  "image": "data\\raw\\images\\train\\F_2_7_1733.jpg",
  "box": [
    597.6119384765625,
    200.2898712158203,
    874.8211669921875,
    418.63006591796875
  ],
  "class": 7,
  "confidence": 0.2669122517108917,
  "uncertainty": 0.5015996117277567
}