{
  "image": "data\\raw\\images\\train\\F_2_2_197.jpg",
  "box": [
    813.2532348632812,
    449.88970947265625,
    889.4236450195312,
    574.2832641601562
  ],
  "class": 7,
  "confidence": 0.3252212107181549,
  "uncertainty": 0.5170052543963652
}