{
  "image": "data\\raw\\images\\train\\F_2_2_1022.jpg",
  "box": [
    1267.055908203125,
    524.7197265625,
    1364.298828125,
    711.9775390625
  ],
  "class": 3,
  "confidence": 0.372936874628067,
  "uncertainty": 0.5230301594149407
}