{
  "image": "data\\raw\\images\\train\\F_2_7_829.jpg",
  "box": [
    260.4437255859375,
    465.95953369140625,
    412.336669921875,
    609.191650390625
  ],
  "class": 7,
  "confidence": 0.30346381664276123,
  "uncertainty": 0.5873467483246844
}