{
  "image": "data\\raw\\images\\train\\F_2_2_848.jpg",
  "box": [
    590.684814453125,
    405.5987548828125,
    723.7567138671875,
    520.4445190429688
  ],
  "class": 7,
  "confidence": 0.2570144236087799,
  "uncertainty": 0.5734520278684038
}