{
  "image": "data\\raw\\images\\train\\F_2_2_773.jpg",
  "box": [
    397.210693359375,
    456.83624267578125,
    574.76123046875,
    520.122802734375
  ],
  "class": 7,
  "confidence": 0.3001630902290344,
  "uncertainty": 0.5107697930768657
}