{
  "image": "data\\raw\\images\\train\\F_2_9_2259.jpg",
  "box": [
    1468.926025390625,
    440.16412353515625,
    1564.937744140625,
    518.3909912109375
  ],
  "class": 3,
  "confidence": 0.41451573371887207,
  "uncertainty": 0.5798949743491597
}