{
  "image": "data\\raw\\images\\train\\F_2_1_782.jpg",
  "box": [
    1384.601318359375,
    513.318115234375,
    1412.9266357421875,
    568.75732421875
  ],
  "class": 3,
  "confidence": 0.26622459292411804,
  "uncertainty": 0.5792342333238036
}