{
  "image": "data\\raw\\images\\train\\F_2_7_819.jpg",
  "box": [
    81.48796081542969,
    489.9122314453125,
    171.28359985351562,
    618.8538208007812
  ],
  "class": 3,
  "confidence": 0.2533304691314697,
  "uncertainty": 0.5742847327657522
}