{
  "image": "data\\raw\\images\\train\\F_2_6_485.jpg",
  "box": [
    131.47418212890625,
    391.6236877441406,
    360.3172607421875,
    610.206787109375
  ],
  "class": 7,
  "confidence": 0.45755138993263245,
  "uncertainty": 0.5480061350916872
}