{
  "image": "data\\raw\\images\\train\\F_2_4_56.jpg",
  "box": [
    1318.9654541015625,
    502.5406494140625,
    1370.85498046875,
    665.0155029296875
  ],
  "class": 3,
  "confidence": 0.36251285672187805,
  "uncertainty": 0.5424297070682127
}