{
  "image": "data\\raw\\images\\train\\F_2_2_238.jpg",
  "box": [
    626.8724975585938,
    480.120849609375,
    703.6060791015625,
    543.6112060546875
  ],
  "class": 7,
  "confidence": 0.28643134236335754,
  "uncertainty": 0.5411829973754726
}