{
  "image": "data\\raw\\images\\train\\F_2_7_94.jpg",
  "box": [
    822.4150390625,
    348.1480407714844,
    975.7322998046875,
    462.7420349121094
  ],
  "class": 7,
  "confidence": 0.2923162579536438,
  "uncertainty": 0.5431088627254801
}