{
  "image": "data\\raw\\images\\train\\F_2_7_58.jpg",
  "box": [
    537.1787109375,
    437.07696533203125,
    807.6454467773438,
    747.1495971679688
  ],
  "class": 7,
  "confidence": 0.34745341539382935,
  "uncertainty": 0.5336184168945274
}