{
  "image": "data\\raw\\images\\train\\F_2_7_1508.jpg",
  "box": [
    1290.395263671875,
    730.3250732421875,
    1410.067626953125,
    997.1420288085938
  ],
  "class": 3,
  "confidence": 0.2502295970916748,
  "uncertainty": 0.5841956197106049
}