{
  "image": "data\\raw\\images\\train\\F_2_1_462.jpg",
  "box": [
    1893.1534423828125,
    506.07440185546875,
    1919.2833251953125,
    608.417724609375
  ],
  "class": 3,
  "confidence": 0.25648319721221924,
  "uncertainty": 0.5284573359585207
}