{
  "image": "data\\raw\\images\\train\\F_2_5_183.jpg",
  "box": [
    1460.694091796875,
    613.537841796875,
    1573.85791015625,
    804.659912109375
  ],
  "class": 3,
  "confidence": 0.26706716418266296,
  "uncertainty": 0.5175523620606578
}