{
  "image": "data\\raw\\images\\train\\F_2_1_876.jpg",
  "box": [
    544.35400390625,
    415.48876953125,
    819.647705078125,
    557.778564453125
  ],
  "class": 7,
  "confidence": 0.2680608630180359,
  "uncertainty": 0.5673788842657868
}