{
  "image": "data\\raw\\images\\train\\F_2_7_443.jpg",
  "box": [
    46.4974365234375,
    376.962158203125,
    428.8400573730469,
    898.5119018554688
  ],
  "class": 7,
  "confidence": 0.39359328150749207,
  "uncertainty": 0.5252826141306863
}