{
  "image": "data\\raw\\images\\train\\F_2_7_872.jpg",
  "box": [
    0.6639633178710938,
    789.2308959960938,
    189.10235595703125,
    1074.20166015625
  ],
  "class": 3,
  "confidence": 0.6310282349586487,
  "uncertainty": 0.5047946994721532
}