{
  "image": "data\\raw\\images\\train\\F_2_3_252.jpg",
  "box": [
    573.8240966796875,
    488.4394226074219,
    661.9600830078125,
    637.2259521484375
  ],
  "class": 7,
  "confidence": 0.262166827917099,
  "uncertainty": 0.5342867046098484
}