{
  "image": "data\\raw\\images\\train\\F_2_7_409.jpg",
  "box": [
    295.6824035644531,
    399.1198425292969,
    634.5628051757812,
    837.1026611328125
  ],
  "class": 7,
  "confidence": 0.36265215277671814,
  "uncertainty": 0.5352096346614063
}