{
  "image": "data\\raw\\images\\train\\F_2_2_1201.jpg",
  "box": [
    532.8673095703125,
    428.4517822265625,
    723.4641723632812,
    624.7838134765625
  ],
  "class": 2,
  "confidence": 0.26890599727630615,
  "uncertainty": 0.5456433958873793
}