{
  "image": "data\\raw\\images\\train\\F_2_2_1221.jpg",
  "box": [
    65.85417938232422,
    596.5072021484375,
    235.35154724121094,
    813.1074829101562
  ],
  "class": 3,
  "confidence": 0.2910172939300537,
  "uncertainty": 0.5404287509185461
}