{
  "image": "data\\raw\\images\\train\\F_2_1_939.jpg",
  "box": [
    464.9565124511719,
    421.65142822265625,
    594.7762451171875,
    523.6915283203125
  ],
  "class": 7,
  "confidence": 0.2833865284919739,
  "uncertainty": 0.5366409240025943
}