{
  "image": "data\\raw\\images\\train\\F_2_7_1573.jpg",
  "box": [
    1287.63037109375,
    624.994384765625,
    1464.302978515625,
    921.8223266601562
  ],
  "class": 3,
  "confidence": 0.3278179168701172,
  "uncertainty": 0.5561967564383605
}