{
  "image": "data\\raw\\images\\train\\F_2_1_627.jpg",
  "box": [
    618.2515869140625,
    480.266845703125,
    651.0556640625,
    530.3207397460938
  ],
  "class": 3,
  "confidence": 0.27144667506217957,
  "uncertainty": 0.5120197314238799
}