{
  "image": "data\\raw\\images\\train\\F_2_8_1935.jpg",
  "box": [
    625.5775146484375,
    318.79742431640625,
    719.6683349609375,
    411.35870361328125
  ],
  "class": 7,
  "confidence": 0.3416728079319,
  "uncertainty": 0.5429324162732859
}