{
  "image": "data\\raw\\images\\train\\F_2_6_1595.jpg",
  "box": [
    1748.05810546875,
    690.5297241210938,
    1849.078125,
    960.491455078125
  ],
  "class": 3,
  "confidence": 0.2993667721748352,
  "uncertainty": 0.5344945720665536
}