{
  "image": "data\\raw\\images\\train\\F_2_6_107.jpg",
  "box": [
    513.1536865234375,
    525.9813232421875,
    631.9906616210938,
    764.8634033203125
  ],
  "class": 3,
  "confidence": 0.4127423167228699,
  "uncertainty": 0.5062509240217962
}