{
  "image": "data\\raw\\images\\train\\F_2_6_1848.jpg",
  "box": [
    1063.9840087890625,
    582.773193359375,
    1111.809326171875,
    718.488525390625
  ],
  "class": 3,
  "confidence": 0.26502174139022827,
  "uncertainty": 0.5889051104734381
}