{
  "image": "data\\raw\\images\\train\\F_2_2_1041.jpg",
  "box": [
    0.7423324584960938,
    398.3150939941406,
    320.6681823730469,
    727.9566650390625
  ],
  "class": 7,
  "confidence": 0.43143773078918457,
  "uncertainty": 0.5007225162881914
}