{
  "image": "data\\raw\\images\\train\\F_2_9_2348.jpg",
  "box": [
    0.34188079833984375,
    706.4021606445312,
    131.8380126953125,
    1067.1082763671875
  ],
  "class": 3,
  "confidence": 0.32524359226226807,
  "uncertainty": 0.5093353370781315
}