{
  "image": "data\\raw\\images\\train\\F_2_1_313.jpg",
  "box": [
    1005.1935424804688,
    425.9294128417969,
    1071.258544921875,
    490.2765197753906
  ],
  "class": 7,
  "confidence": 0.3250211477279663,
  "uncertainty": 0.5112471377425272
}