{
  "image": "data\\raw\\images\\train\\F_2_7_896.jpg",
  "box": [
    641.2600708007812,
    347.481689453125,
    711.8787231445312,
    403.251953125
  ],
  "class": 7,
  "confidence": 0.2651337683200836,
  "uncertainty": 0.502437746701547
}