{
  "image": "data\\raw\\images\\train\\F_2_1_957.jpg",
  "box": [
    218.4646453857422,
    409.7791442871094,
    304.079345703125,
    517.553466796875
  ],
  "class": 7,
  "confidence": 0.26080235838890076,
  "uncertainty": 0.5151208328868563
}