{
  "image": "data\\raw\\images\\train\\F_2_2_1377.jpg",
  "box": [
    545.30859375,
    545.8480834960938,
    634.6116943359375,
    706.0428466796875
  ],
  "class": 3,
  "confidence": 0.3109842836856842,
  "uncertainty": 0.5853632538863436
}