{
  "image": "data\\raw\\images\\train\\F_2_1_333.jpg",
  "box": [
    915.3473510742188,
    397.5540771484375,
    999.4085083007812,
    457.95361328125
  ],
  "class": 7,
  "confidence": 0.2874363958835602,
  "uncertainty": 0.5149498444063182
}