{
  "image": "data\\raw\\images\\train\\F_2_7_744.jpg",
  "box": [
    1893.9664306640625,
    626.019287109375,
    1919.281494140625,
    895.6702880859375
  ],
  "class": 3,
  "confidence": 0.3730098009109497,
  "uncertainty": 0.5826148712719729
}