{
  "image": "data\\raw\\images\\train\\F_2_2_1434.jpg",
  "box": [
    1485.945556640625,
    430.6066589355469,
    1650.88330078125,
    640.4259033203125
  ],
  "class": 7,
  "confidence": 0.2694239616394043,
  "uncertainty": 0.5020443447227495
}