{
  "image": "data\\raw\\images\\train\\F_2_6_1490.jpg",
  "box": [
    510.9134216308594,
    587.5449829101562,
    600.117431640625,
    776.7672119140625
  ],
  "class": 3,
  "confidence": 0.38474124670028687,
  "uncertainty": 0.5072635882706351
}