{
  "image": "data\\raw\\images\\train\\F_2_2_1238.jpg",
  "box": [
    1099.26611328125,
    631.183837890625,
    1535.774169921875,
    1070.2568359375
  ],
  "class": 3,
  "confidence": 0.25099971890449524,
  "uncertainty": 0.5810949410503539
}