{
  "image": "data\\raw\\images\\train\\F_2_6_854.jpg",
  "box": [
    898.08642578125,
    612.6538696289062,
    963.049560546875,
    816.8845825195312
  ],
  "class": 3,
  "confidence": 0.29264506697654724,
  "uncertainty": 0.5987822625749101
}