{
  "image": "data\\raw\\images\\train\\F_2_4_1026.jpg",
  "box": [
    1156.105224609375,
    371.13397216796875,
    1268.690673828125,
    440.14111328125
  ],
  "class": 3,
  "confidence": 0.3018234372138977,
  "uncertainty": 0.570402113080857
}