{
  "image": "data\\raw\\images\\train\\F_2_8_1432.jpg",
  "box": [
    204.1748046875,
    425.4888916015625,
    297.69720458984375,
    543.1596069335938
  ],
  "class": 3,
  "confidence": 0.2774800658226013,
  "uncertainty": 0.5040197876272331
}