{
  "image": "data\\raw\\images\\train\\F_2_7_443.jpg",
  "box": [
    895.9861450195312,
    573.0975952148438,
    996.4011840820312,
    762.1201171875
  ],
  "class": 3,
  "confidence": 0.26429736614227295,
  "uncertainty": 0.5257794398737424
}