{
  "image": "data\\raw\\images\\train\\F_2_2_195.jpg",
  "box": [
    769.8803100585938,
    501.4312744140625,
    826.9436645507812,
    560.0902099609375
  ],
  "class": 5,
  "confidence": 0.3024097979068756,
  "uncertainty": 0.5304064759308976
}