{
  "image": "data\\raw\\images\\train\\F_2_7_453.jpg",
  "box": [
    993.4411010742188,
    584.246826171875,
    1120.16064453125,
    860.494873046875
  ],
  "class": 3,
  "confidence": 0.42507004737854004,
  "uncertainty": 0.5130168719908328
}