{
  "image": "data\\raw\\images\\train\\F_2_7_391.jpg",
  "box": [
    1101.49755859375,
    467.3295593261719,
    1295.4912109375,
    878.1470947265625
  ],
  "class": 2,
  "confidence": 0.31415244936943054,
  "uncertainty": 0.6589258925734598
}