{
  "image": "data\\raw\\images\\train\\F_2_2_256.jpg",
  "box": [
    415.7835388183594,
    423.3416748046875,
    593.311279296875,
    543.718505859375
  ],
  "class": 7,
  "confidence": 0.342129647731781,
  "uncertainty": 0.5647138375785752
}