{
  "image": "data\\raw\\images\\train\\F_2_6_898.jpg",
  "box": [
    523.666748046875,
    406.9078674316406,
    748.110595703125,
    582.542236328125
  ],
  "class": 5,
  "confidence": 0.26944592595100403,
  "uncertainty": 0.5566293673539497
}