{
  "image": "data\\raw\\images\\train\\F_2_2_328.jpg",
  "box": [
    1798.8746337890625,
    421.3321838378906,
    1914.7803955078125,
    487.7615661621094
  ],
  "class": 7,
  "confidence": 0.29018837213516235,
  "uncertainty": 0.5076312839604947
}