{
  "image": "data\\raw\\images\\train\\F_2_8_188.jpg",
  "box": [
    523.283935546875,
    780.6475830078125,
    943.1370849609375,
    1070.423095703125
  ],
  "class": 3,
  "confidence": 0.25253164768218994,
  "uncertainty": 0.5688796331095592
}