{
  "image": "data\\raw\\images\\train\\F_2_2_798.jpg",
  "box": [
    775.1864013671875,
    480.7264709472656,
    938.6600341796875,
    637.87548828125
  ],
  "class": 7,
  "confidence": 0.37621232867240906,
  "uncertainty": 0.5067476311120731
}