{
  "image": "data\\raw\\images\\train\\F_2_6_521.jpg",
  "box": [
    33.92738342285156,
    475.690185546875,
    76.38018035888672,
    532.2415161132812
  ],
  "class": 3,
  "confidence": 0.26406025886535645,
  "uncertainty": 0.5035515621284155
}