{
  "image": "data\\raw\\images\\train\\F_2_1_411.jpg",
  "box": [
    104.86306762695312,
    398.2896728515625,
    333.1793212890625,
    482.37664794921875
  ],
  "class": 7,
  "confidence": 0.26954954862594604,
  "uncertainty": 0.5464696508429658
}