{
  "image": "data\\raw\\images\\train\\F_2_7_391.jpg",
  "box": [
    598.4425048828125,
    413.94012451171875,
    830.0555419921875,
    710.748779296875
  ],
  "class": 7,
  "confidence": 0.27904197573661804,
  "uncertainty": 0.5021981987322662
}