{
  "image": "data\\raw\\images\\train\\F_2_7_759.jpg",
  "box": [
    325.8370056152344,
    609.5670166015625,
    430.6868591308594,
    708.698974609375
  ],
  "class": 3,
  "confidence": 0.30747172236442566,
  "uncertainty": 0.5284939004326075
}