{
  "image": "data\\raw\\images\\train\\F_2_2_1205.jpg",
  "box": [
    0.211761474609375,
    290.595458984375,
    64.70611572265625,
    635.93798828125
  ],
  "class": 7,
  "confidence": 0.2816741466522217,
  "uncertainty": 0.5195694387071612
}