{
  "image": "data\\raw\\images\\train\\F_2_2_846.jpg",
  "box": [
    355.9244384765625,
    459.0480651855469,
    499.7579040527344,
    548.2073364257812
  ],
  "class": 7,
  "confidence": 0.360342413187027,
  "uncertainty": 0.5582455690307656
}