{
  "image": "data\\raw\\images\\train\\F_2_2_311.jpg",
  "box": [
    553.8389282226562,
    431.4842834472656,
    688.77685546875,
    568.736083984375
  ],
  "class": 7,
  "confidence": 0.26153844594955444,
  "uncertainty": 0.5595666246093327
}