{
  "image": "data\\raw\\images\\train\\F_2_7_1306.jpg",
  "box": [
    0.18046188354492188,
    473.1155090332031,
    78.62446594238281,
    728.8089599609375
  ],
  "class": 3,
  "confidence": 0.3722994923591614,
  "uncertainty": 0.5348030122730983
}