{
  "image": "data\\raw\\images\\train\\F_2_6_1595.jpg",
  "box": [
    1115.794189453125,
    882.4189453125,
    1585.748779296875,
    1072.3765869140625
  ],
  "class": 3,
  "confidence": 0.3577447533607483,
  "uncertainty": 0.5460168026605209
}