{
  "image": "data\\raw\\images\\train\\F_2_4_950.jpg",
  "box": [
    963.6346435546875,
    577.440185546875,
    1166.28466796875,
    1071.734375
  ],
  "class": 3,
  "confidence": 0.2511170208454132,
  "uncertainty": 0.5537434964124929
}