{
  "image": "data\\raw\\images\\train\\F_2_8_812.jpg",
  "box": [
    1875.332763671875,
    875.0421752929688,
    1919.319091796875,
    1011.2854614257812
  ],
  "class": 3,
  "confidence": 0.2715739905834198,
  "uncertainty": 0.5064759424122686
}