{
  "image": "data\\raw\\images\\train\\F_2_7_1331.jpg",
  "box": [
    333.07684326171875,
    428.64947509765625,
    464.6856689453125,
    505.78900146484375
  ],
  "class": 5,
  "confidence": 0.27117910981178284,
  "uncertainty": 0.515441060823023
}