{
  "image": "data\\raw\\images\\train\\F_2_7_1508.jpg",
  "box": [
    1606.5516357421875,
    672.6026000976562,
    1684.405517578125,
    831.5623168945312
  ],
  "class": 3,
  "confidence": 0.2965724766254425,
  "uncertainty": 0.5181669629225139
}