{
  "image": "data\\raw\\images\\train\\F_2_9_21.jpg",
  "box": [
    1515.177001953125,
    259.3504638671875,
    1918.97119140625,
    646.328369140625
  ],
  "class": 5,
  "confidence": 0.328601598739624,
  "uncertainty": 0.5384496259529878
}