{
  "image": "data\\raw\\images\\train\\F_2_1_622.jpg",
  "box": [
    490.3565368652344,
    450.5301513671875,
    565.6064453125,
    512.1055908203125
  ],
  "class": 7,
  "confidence": 0.29728662967681885,
  "uncertainty": 0.5260619459778721
}