{
  "image": "data\\raw\\images\\train\\F_2_11_159.jpg",
  "box": [
    133.455078125,
    489.4203186035156,
    266.97900390625,
    583.8011474609375
  ],
  "class": 3,
  "confidence": 0.29400965571403503,
  "uncertainty": 0.5604753219985792
}