{
  "image": "data\\raw\\images\\train\\F_2_2_1473.jpg",
  "box": [
    1117.920166015625,
    456.70172119140625,
    1179.238037109375,
    554.7337036132812
  ],
  "class": 2,
  "confidence": 0.257111132144928,
  "uncertainty": 0.5016225982936253
}