{
  "image": "data\\raw\\images\\train\\F_2_9_332.jpg",
  "box": [
    44.13807678222656,
    384.44329833984375,
    306.2735900878906,
    510.63006591796875
  ],
  "class": 2,
  "confidence": 0.250979483127594,
  "uncertainty": 0.6889616132359172
}