{
  "image": "data\\raw\\images\\train\\F_2_7_1278.jpg",
  "box": [
    0.08099555969238281,
    520.7408447265625,
    46.62476348876953,
    620.0798950195312
  ],
  "class": 3,
  "confidence": 0.25240185856819153,
  "uncertainty": 0.5047523790074392
}