{
  "image": "data\\raw\\images\\train\\F_2_9_823.jpg",
  "box": [
    309.6182556152344,
    432.9101257324219,
    412.7227478027344,
    547.7637939453125
  ],
  "class": 7,
  "confidence": 0.25778788328170776,
  "uncertainty": 0.518358433127254
}