{
  "image": "data\\raw\\images\\train\\F_2_5_328.jpg",
  "box": [
    1633.246826171875,
    521.494384765625,
    1746.877197265625,
    629.617919921875
  ],
  "class": 3,
  "confidence": 0.25086867809295654,
  "uncertainty": 0.5488336543317939
}