{
  "image": "data\\raw\\images\\train\\F_2_8_930.jpg",
  "box": [
    593.0333251953125,
    496.2838439941406,
    685.3310546875,
    655.1300048828125
  ],
  "class": 3,
  "confidence": 0.2602372169494629,
  "uncertainty": 0.5409493131751242
}