{
  "image": "data\\raw\\images\\train\\F_2_9_1213.jpg",
  "box": [
    957.6846313476562,
    458.1072692871094,
    1271.63720703125,
    794.0892333984375
  ],
  "class": 2,
  "confidence": 0.3539699614048004,
  "uncertainty": 0.5516616938517553
}