{
  "image": "data\\raw\\images\\train\\F_2_9_3019.jpg",
  "box": [
    1420.3995361328125,
    386.3624267578125,
    1462.8333740234375,
    515.1937866210938
  ],
  "class": 7,
  "confidence": 0.2855800986289978,
  "uncertainty": 0.5052079766086175
}