{
  "image": "data\\raw\\images\\train\\F_2_2_1653.jpg",
  "box": [
    153.20632934570312,
    550.3159790039062,
    211.27630615234375,
    710.722412109375
  ],
  "class": 3,
  "confidence": 0.2669501304626465,
  "uncertainty": 0.5777493154793617
}