{
  "image": "data\\raw\\images\\train\\F_2_11_1110.jpg",
  "box": [
    1493.51953125,
    536.4454345703125,
    1722.4921875,
    686.7633056640625
  ],
  "class": 7,
  "confidence": 0.3867446780204773,
  "uncertainty": 0.5268279498470769
}