{
  "image": "data\\raw\\images\\train\\F_2_2_1288.jpg",
  "box": [
    1455.8778076171875,
    386.0657958984375,
    1537.282958984375,
    458.9619140625
  ],
  "class": 5,
  "confidence": 0.2606907784938812,
  "uncertainty": 0.5116518703506918
}