{
  "image": "data\\raw\\images\\train\\F_2_7_42.jpg",
  "box": [
    793.1744384765625,
    423.1747741699219,
    987.076904296875,
    602.6343383789062
  ],
  "class": 7,
  "confidence": 0.38271355628967285,
  "uncertainty": 0.5027956584640118
}