{
  "image": "data\\raw\\images\\train\\F_2_2_1690.jpg",
  "box": [
    765.4381103515625,
    496.4842529296875,
    806.974609375,
    566.3098754882812
  ],
  "class": 3,
  "confidence": 0.27561232447624207,
  "uncertainty": 0.5521388900556746
}