{
  "image": "data\\raw\\images\\train\\F_2_4_876.jpg",
  "box": [
    553.150146484375,
    420.7359619140625,
    690.0938720703125,
    522.177001953125
  ],
  "class": 7,
  "confidence": 0.27724742889404297,
  "uncertainty": 0.5039866553342883
}