{
  "image": "data\\raw\\images\\train\\F_2_3_393.jpg",
  "box": [
    494.357666015625,
    546.5606689453125,
    555.990234375,
    687.362548828125
  ],
  "class": 3,
  "confidence": 0.28244972229003906,
  "uncertainty": 0.5306416782086355
}