{
  "image": "data\\raw\\images\\train\\F_2_1_803.jpg",
  "box": [
    0.14140892028808594,
    471.24114990234375,
    53.34040069580078,
    623.5604248046875
  ],
  "class": 7,
  "confidence": 0.279839426279068,
  "uncertainty": 0.5161211132457327
}