{
  "image": "data\\raw\\images\\train\\F_2_3_236.jpg",
  "box": [
    467.7340393066406,
    583.762451171875,
    520.64599609375,
    704.325439453125
  ],
  "class": 3,
  "confidence": 0.3378356099128723,
  "uncertainty": 0.5140149585333202
}