{
  "image": "data\\raw\\images\\train\\F_2_4_921.jpg",
  "box": [
    570.2675170898438,
    501.4854736328125,
    631.4943237304688,
    575.2584838867188
  ],
  "class": 3,
  "confidence": 0.26479074358940125,
  "uncertainty": 0.5037756449079457
}