{
  "image": "data\\raw\\images\\train\\F_2_2_328.jpg",
  "box": [
    797.44921875,
    400.0675964355469,
    979.87646484375,
    600.3558349609375
  ],
  "class": 7,
  "confidence": 0.38366612792015076,
  "uncertainty": 0.6323106819053713
}