{
  "image": "data\\raw\\images\\train\\F_2_3_226.jpg",
  "box": [
    1567.3363037109375,
    391.9470520019531,
    1729.69189453125,
    622.0850830078125
  ],
  "class": 7,
  "confidence": 0.3669778108596802,
  "uncertainty": 0.5043512393287207
}