{
  "image": "data\\raw\\images\\train\\F_2_1_393.jpg",
  "box": [
    1877.720947265625,
    598.3948974609375,
    1919.291748046875,
    725.4766845703125
  ],
  "class": 3,
  "confidence": 0.26647359132766724,
  "uncertainty": 0.5253204713737771
}