{
  "image": "data\\raw\\images\\train\\F_2_7_1816.jpg",
  "box": [
    645.108154296875,
    472.0346374511719,
    916.1911010742188,
    813.53564453125
  ],
  "class": 2,
  "confidence": 0.3642115890979767,
  "uncertainty": 0.5067812335903287
}