{
  "image": "data\\raw\\images\\train\\F_2_8_1949.jpg",
  "box": [
    0.46744537353515625,
    739.256103515625,
    306.592041015625,
    915.52294921875
  ],
  "class": 3,
  "confidence": 0.3946692943572998,
  "uncertainty": 0.5423475427379099
}