{
  "image": "data\\raw\\images\\train\\F_2_2_252.jpg",
  "box": [
    817.3800048828125,
    496.2433776855469,
    907.328857421875,
    579.311767578125
  ],
  "class": 7,
  "confidence": 0.40976688265800476,
  "uncertainty": 0.5226358505852837
}