{
  "image": "data\\raw\\images\\train\\F_2_2_767.jpg",
  "box": [
    0.5004959106445312,
    354.3765563964844,
    181.6407012939453,
    507.6046142578125
  ],
  "class": 7,
  "confidence": 0.306308776140213,
  "uncertainty": 0.5843169951360507
}