{
  "image": "data\\raw\\images\\train\\F_2_1_566.jpg",
  "box": [
    633.6668701171875,
    469.737548828125,
    715.1094360351562,
    561.218505859375
  ],
  "class": 7,
  "confidence": 0.32826632261276245,
  "uncertainty": 0.5064347017021491
}