{
  "image": "data\\raw\\images\\train\\F_2_1_174.jpg",
  "box": [
    465.626953125,
    413.73724365234375,
    559.4049682617188,
    563.7081298828125
  ],
  "class": 7,
  "confidence": 0.27785035967826843,
  "uncertainty": 0.5200546878043313
}