{
  "image": "data\\raw\\images\\train\\F_2_7_759.jpg",
  "box": [
    824.0093994140625,
    543.1630859375,
    878.016357421875,
    653.8946533203125
  ],
  "class": 3,
  "confidence": 0.37822601199150085,
  "uncertainty": 0.5121334143155181
}