{
  "image": "data\\raw\\images\\train\\F_2_2_1674.jpg",
  "box": [
    127.70237731933594,
    559.3881225585938,
    349.43353271484375,
    869.858642578125
  ],
  "class": 3,
  "confidence": 0.29314181208610535,
  "uncertainty": 0.5198322442161816
}