{
  "image": "data\\raw\\images\\train\\F_2_7_1818.jpg",
  "box": [
    625.6729736328125,
    484.82666015625,
    845.1209716796875,
    770.6925048828125
  ],
  "class": 2,
  "confidence": 0.2669021785259247,
  "uncertainty": 0.5713741280424249
}