{
  "image": "data\\raw\\images\\train\\F_2_4_596.jpg",
  "box": [
    1803.344970703125,
    627.1519775390625,
    1918.953369140625,
    1006.710205078125
  ],
  "class": 3,
  "confidence": 0.33538252115249634,
  "uncertainty": 0.5476313647836752
}