{
  "image": "data\\raw\\images\\train\\F_2_1_566.jpg",
  "box": [
    1347.4024658203125,
    553.590576171875,
    1398.0369873046875,
    632.9559936523438
  ],
  "class": 3,
  "confidence": 0.25957170128822327,
  "uncertainty": 0.5216843464367228
}