{
  "image": "data\\raw\\images\\train\\F_2_2_1308.jpg",
  "box": [
    1164.4814453125,
    444.0508117675781,
    1235.632568359375,
    530.9283447265625
  ],
  "class": 7,
  "confidence": 0.27721646428108215,
  "uncertainty": 0.5209694671635929
}