{
  "image": "data\\raw\\images\\train\\F_2_9_786.jpg",
  "box": [
    1194.828369140625,
    390.8983154296875,
    1329.1025390625,
    511.7635803222656
  ],
  "class": 7,
  "confidence": 0.32417750358581543,
  "uncertainty": 0.5377177082408205
}