{
  "image": "data\\raw\\images\\train\\F_2_3_387.jpg",
  "box": [
    714.2752685546875,
    431.58087158203125,
    857.9668579101562,
    579.4560546875
  ],
  "class": 7,
  "confidence": 0.33573484420776367,
  "uncertainty": 0.5838789149706246
}