{
  "image": "data\\raw\\images\\train\\F_2_2_868.jpg",
  "box": [
    199.97964477539062,
    487.90625,
    258.6922302246094,
    557.7796020507812
  ],
  "class": 3,
  "confidence": 0.28334739804267883,
  "uncertainty": 0.5049082740995157
}