{
  "image": "data\\raw\\images\\train\\F_2_3_370.jpg",
  "box": [
    0.6026458740234375,
    277.7675476074219,
    304.9652099609375,
    940.746826171875
  ],
  "class": 5,
  "confidence": 0.31346964836120605,
  "uncertainty": 0.5316646948984731
}