{
  "image": "data\\raw\\images\\train\\F_2_8_1439.jpg",
  "box": [
    1240.04736328125,
    831.4784545898438,
    1757.1251220703125,
    1071.51904296875
  ],
  "class": 3,
  "confidence": 0.25315338373184204,
  "uncertainty": 0.7788904327516172
}