{
  "image": "data\\raw\\images\\train\\F_2_9_343.jpg",
  "box": [
    1082.51171875,
    541.9078369140625,
    1161.4794921875,
    678.6788330078125
  ],
  "class": 3,
  "confidence": 0.2542233467102051,
  "uncertainty": 0.5536728791548585
}