{
  "image": "data\\raw\\images\\train\\F_2_2_784.jpg",
  "box": [
    609.343994140625,
    491.4538879394531,
    726.6286010742188,
    567.05517578125
  ],
  "class": 2,
  "confidence": 0.28717610239982605,
  "uncertainty": 0.5382008738963382
}