{
  "image": "data\\raw\\images\\train\\F_2_1_797.jpg",
  "box": [
    1733.570068359375,
    556.569091796875,
    1767.92431640625,
    631.595947265625
  ],
  "class": 3,
  "confidence": 0.3338643014431,
  "uncertainty": 0.5107434899589133
}