{
  "image": "data\\raw\\images\\train\\F_2_2_1045.jpg",
  "box": [
    177.99154663085938,
    561.1600341796875,
    230.77792358398438,
    660.047607421875
  ],
  "class": 3,
  "confidence": 0.35176151990890503,
  "uncertainty": 0.5199713493448269
}