{
  "image": "data\\raw\\images\\train\\F_2_8_1947.jpg",
  "box": [
    0.763092041015625,
    591.0126953125,
    857.817626953125,
    1064.904541015625
  ],
  "class": 3,
  "confidence": 0.29200366139411926,
  "uncertainty": 0.5255100044168585
}