{
  "image": "data\\raw\\images\\train\\F_2_6_925.jpg",
  "box": [
    1031.6934814453125,
    412.97186279296875,
    1209.862548828125,
    525.7598876953125
  ],
  "class": 7,
  "confidence": 0.365020215511322,
  "uncertainty": 0.5252190940741167
}