{
  "image": "data\\raw\\images\\train\\F_2_8_400.jpg",
  "box": [
    18.662578582763672,
    748.5457763671875,
    384.5920715332031,
    1073.1229248046875
  ],
  "class": 3,
  "confidence": 0.2964429557323456,
  "uncertainty": 0.5304571951469461
}