{
  "image": "data\\raw\\images\\train\\F_2_2_985.jpg",
  "box": [
    812.5235595703125,
    492.7499084472656,
    909.079833984375,
    652.425048828125
  ],
  "class": 3,
  "confidence": 0.3733236491680145,
  "uncertainty": 0.5030541436546844
}