{
  "image": "data\\raw\\images\\train\\F_2_4_972.jpg",
  "box": [
    1089.193603515625,
    534.3614501953125,
    1137.721923828125,
    594.315673828125
  ],
  "class": 3,
  "confidence": 0.28850722312927246,
  "uncertainty": 0.5065931388737038
}