{
  "image": "data\\raw\\images\\train\\F_2_3_248.jpg",
  "box": [
    864.58203125,
    387.6783447265625,
    1045.886474609375,
    586.3211669921875
  ],
  "class": 5,
  "confidence": 0.25868919491767883,
  "uncertainty": 0.5134088019013532
}