{
  "image": "data\\raw\\images\\train\\F_2_2_1435.jpg",
  "box": [
    142.4925537109375,
    431.67535400390625,
    313.90606689453125,
    560.4010620117188
  ],
  "class": 2,
  "confidence": 0.2521458566188812,
  "uncertainty": 0.5307807914672444
}