{
  "image": "data\\raw\\images\\train\\F_2_1_958.jpg",
  "box": [
    0.3341503143310547,
    593.3868408203125,
    74.51815032958984,
    878.1780395507812
  ],
  "class": 3,
  "confidence": 0.3764297068119049,
  "uncertainty": 0.5136982363650413
}