{
  "image": "data\\raw\\images\\train\\F_2_1_143.jpg",
  "box": [
    1049.6239013671875,
    448.1992492675781,
    1171.97900390625,
    563.1937255859375
  ],
  "class": 7,
  "confidence": 0.36801677942276,
  "uncertainty": 0.5127943710162235
}