{
  "image": "data\\raw\\images\\train\\F_2_1_759.jpg",
  "box": [
    1397.1156005859375,
    567.5843505859375,
    1457.0181884765625,
    615.5090942382812
  ],
  "class": 3,
  "confidence": 0.25896236300468445,
  "uncertainty": 0.5098939119653579
}