{
  "image": "data\\raw\\images\\train\\F_2_1_564.jpg",
  "box": [
    33.98069763183594,
    477.13641357421875,
    187.713623046875,
    624.1497802734375
  ],
  "class": 7,
  "confidence": 0.2526661157608032,
  "uncertainty": 0.5222042246609628
}