{
  "image": "data\\raw\\images\\train\\F_2_6_1441.jpg",
  "box": [
    1301.64013671875,
    650.3946533203125,
    1543.630126953125,
    994.86474609375
  ],
  "class": 3,
  "confidence": 0.28563496470451355,
  "uncertainty": 0.5774425115520232
}