{
  "image": "data\\raw\\images\\train\\F_2_6_1911.jpg",
  "box": [
    245.63946533203125,
    383.19561767578125,
    486.84295654296875,
    730.56884765625
  ],
  "class": 7,
  "confidence": 0.3169291317462921,
  "uncertainty": 0.5394995879794582
}