{
  "image": "data\\raw\\images\\train\\F_2_2_791.jpg",
  "box": [
    27.277061462402344,
    600.696533203125,
    165.0101318359375,
    835.2962036132812
  ],
  "class": 3,
  "confidence": 0.25397390127182007,
  "uncertainty": 0.5716499803264502
}