{
  "image": "data\\raw\\images\\train\\F_2_6_1148.jpg",
  "box": [
    367.1490783691406,
    607.0263671875,
    414.7738037109375,
    697.5767822265625
  ],
  "class": 3,
  "confidence": 0.35383933782577515,
  "uncertainty": 0.5031134525521809
}