{
  "image": "data\\raw\\images\\train\\F_2_1_702.jpg",
  "box": [
    1492.41064453125,
    509.5159912109375,
    1526.8970947265625,
    581.7781982421875
  ],
  "class": 3,
  "confidence": 0.2661018371582031,
  "uncertainty": 0.500322310255544
}