{
  "image": "data\\raw\\images\\train\\F_2_2_104.jpg",
  "box": [
    874.6521606445312,
    516.9498291015625,
    916.0222778320312,
    575.5438232421875
  ],
  "class": 3,
  "confidence": 0.2802996039390564,
  "uncertainty": 0.584437791675968
}