{
  "image": "data\\raw\\images\\train\\F_2_2_975.jpg",
  "box": [
    854.4728393554688,
    427.5583190917969,
    1069.066162109375,
    498.8068542480469
  ],
  "class": 5,
  "confidence": 0.27449968457221985,
  "uncertainty": 0.5378473561408489
}