{
  "image": "data\\raw\\images\\train\\F_2_7_1997.jpg",
  "box": [
    166.4348907470703,
    478.6112365722656,
    248.66766357421875,
    574.8642578125
  ],
  "class": 3,
  "confidence": 0.2716447412967682,
  "uncertainty": 0.5023871289720186
}