{
  "image": "data\\raw\\images\\train\\F_2_2_241.jpg",
  "box": [
    0.6191940307617188,
    113.2598876953125,
    162.61085510253906,
    884.9122924804688
  ],
  "class": 7,
  "confidence": 0.5217552781105042,
  "uncertainty": 0.5064363015503641
}