{
  "image": "data\\raw\\images\\train\\F_2_2_1609.jpg",
  "box": [
    1330.31494140625,
    539.930908203125,
    1442.48046875,
    726.8167724609375
  ],
  "class": 3,
  "confidence": 0.3657470941543579,
  "uncertainty": 0.5227037731407408
}