{
  "image": "data\\raw\\images\\train\\F_2_6_1388.jpg",
  "box": [
    1181.27001953125,
    302.4881591796875,
    1439.75732421875,
    586.9154052734375
  ],
  "class": 7,
  "confidence": 0.2881735563278198,
  "uncertainty": 0.516435056389669
}