{
  "image": "data\\raw\\images\\train\\F_2_2_839.jpg",
  "box": [
    0.192352294921875,
    579.5084838867188,
    83.08189392089844,
    759.97216796875
  ],
  "class": 3,
  "confidence": 0.43329426646232605,
  "uncertainty": 0.5062887461978479
}