{
  "image": "data\\raw\\images\\train\\F_2_2_989.jpg",
  "box": [
    801.3529052734375,
    588.9267578125,
    863.814453125,
    715.9088745117188
  ],
  "class": 3,
  "confidence": 0.2765340507030487,
  "uncertainty": 0.5846961188477067
}