{
  "image": "data\\raw\\images\\train\\F_1_3_593.jpg",
  "box": [
    1397.40478515625,
    464.9557800292969,
    1499.676025390625,
    546.2341918945312
  ],
  "class": 2,
  "confidence": 0.8513842225074768,
  "uncertainty": 0.15030527223516982
}