{
  "image": "data\\raw\\images\\train\\F_1_5_1166.jpg",
  "box": [
    954.582275390625,
    443.1816101074219,
    1000.7091064453125,
    490.1183166503906
  ],
  "class": 7,
  "confidence": 0.6557106971740723,
  "uncertainty": 0.3222512358518316
}