{
  "image": "data\\raw\\images\\train\\F_1_3_926.jpg",
  "box": [
    1067.549072265625,
    383.63323974609375,
    1129.736328125,
    514.6118774414062
  ],
  "class": 7,
  "confidence": 0.7344179749488831,
  "uncertainty": 0.28277528541112124
}