{
  "image": "data\\raw\\images\\train\\F_1_4_1242.jpg",
  "box": [
    1139.70068359375,
    440.9229736328125,
    1198.5308837890625,
    517.5277099609375
  ],
  "class": 7,
  "confidence": 0.729131817817688,
  "uncertainty": 0.29278640145441
}