{
  "image": "data\\raw\\images\\train\\F_1_4_1406.jpg",
  "box": [
    1165.7314453125,
    451.5738830566406,
    1288.549072265625,
    565.84521484375
  ],
  "class": 2,
  "confidence": 0.6152244210243225,
  "uncertainty": 0.2370720389387434
}