{
  "image": "data\\raw\\images\\train\\F_1_1_679.jpg",
  "box": [
    1020.1710205078125,
    409.436767578125,
    1098.87353515625,
    513.1123657226562
  ],
  "class": 7,
  "confidence": 0.8130007386207581,
  "uncertainty": 0.25631712261580236
}