{
  "image": "data\\raw\\images\\train\\F_1_2_1172.jpg",
  "box": [
    1227.10595703125,
    473.03863525390625,
    1248.072021484375,
    492.91705322265625
  ],
  "class": 2,
  "confidence": 0.46421101689338684,
  "uncertainty": 0.2871208416017397
}