{
  "image": "data\\raw\\images\\train\\F_1_5_122.jpg",
  "box": [
    1147.1693115234375,
    455.47412109375,
    1222.51220703125,
    524.6299438476562
  ],
  "class": 2,
  "confidence": 0.33134958148002625,
  "uncertainty": 0.34439646935897034
}