{
  "image": "data\\raw\\images\\train\\F_1_1_172.jpg",
  "box": [
    1442.267333984375,
    448.3644104003906,
    1507.197265625,
    501.7682189941406
  ],
  "class": 2,
  "confidence": 0.7886308431625366,
  "uncertainty": 0.16493422543893838
}