{
  "image": "data\\raw\\images\\train\\F_1_2_184.jpg",
  "box": [
    1240.7099609375,
    430.0672302246094,
    1287.622314453125,
    452.6153869628906
  ],
  "class": 2,
  "confidence": 0.39444196224212646,
  "uncertainty": 0.33956166897505746
}