{
  "image": "data\\raw\\images\\train\\F_1_4_1445.jpg",
  "box": [
    938.421142578125,
    370.392333984375,
    1060.57421875,
    546.3964233398438
  ],
  "class": 7,
  "confidence": 0.7948903441429138,
  "uncertainty": 0.2457412773222159
}