{
  "image": "data\\raw\\images\\train\\F_1_3_1764.jpg",
  "box": [
    575.0994873046875,
    366.862060546875,
    808.9700317382812,
    588.36376953125
  ],
  "class": 7,
  "confidence": 0.9234862923622131,
  "uncertainty": 0.19527324449450104
}