{
  "image": "data\\raw\\images\\train\\F_1_5_17.jpg",
  "box": [
    1272.21044921875,
    468.7929382324219,
    1334.875244140625,
    524.29052734375
  ],
  "class": 2,
  "confidence": 0.5837848782539368,
  "uncertainty": 0.249311045037885
}