{
  "image": "data\\raw\\images\\train\\F_1_2_1859.jpg",
  "box": [
    1084.6500244140625,
    376.61700439453125,
    1183.4815673828125,
    514.059814453125
  ],
  "class": 7,
  "confidence": 0.8809652328491211,
  "uncertainty": 0.20333617138563717
}