{
  "image": "data\\raw\\images\\train\\F_1_4_37.jpg",
  "box": [
    1178.178955078125,
    488.6875305175781,
    1226.943603515625,
    530.2857666015625
  ],
  "class": 7,
  "confidence": 0.5566368699073792,
  "uncertainty": 0.3597787123029455
}