{
  "image": "data\\raw\\images\\train\\F_1_1_965.jpg",
  "box": [
    1.192291259765625,
    4.24420166015625,
    574.69775390625,
    716.652587890625
  ],
  "class": 7,
  "confidence": 0.6801585555076599,
  "uncertainty": 0.30040053667556876
}