{
  "image": "data\\raw\\images\\train\\F_1_1_1167.jpg",
  "box": [
    1161.34765625,
    460.7373962402344,
    1190.58056640625,
    483.2696228027344
  ],
  "class": 2,
  "confidence": 0.33927711844444275,
  "uncertainty": 0.33616143403917337
}