{
  "image": "data\\raw\\images\\train\\F_1_5_612.jpg",
  "box": [
    0.39310455322265625,
    400.5423889160156,
    101.28119659423828,
    609.224365234375
  ],
  "class": 7,
  "confidence": 0.7542375326156616,
  "uncertainty": 0.3213472991934395
}