{
  "image": "data\\raw\\images\\train\\F_1_5_1412.jpg",
  "box": [
    1240.160888671875,
    473.34912109375,
    1278.9144287109375,
    507.32843017578125
  ],
  "class": 7,
  "confidence": 0.4882950484752655,
  "uncertainty": 0.37027302458250316
}