{
  "image": "data\\raw\\images\\train\\F_1_1_942.jpg",
  "box": [
    811.8645629882812,
    443.387451171875,
    859.3493041992188,
    478.2083740234375
  ],
  "class": 2,
  "confidence": 0.7797956466674805,
  "uncertainty": 0.17056101722265346
}