{
  "image": "data\\raw\\images\\train\\F_1_3_362.jpg",
  "box": [
    1095.824951171875,
    432.6170654296875,
    1180.25,
    526.3897705078125
  ],
  "class": 7,
  "confidence": 0.8010472655296326,
  "uncertainty": 0.24541955074429694
}