{
  "image": "data\\raw\\images\\train\\F_1_5_477.jpg",
  "box": [
    1014.8626098632812,
    480.6955261230469,
    1082.943115234375,
    549.53662109375
  ],
  "class": 7,
  "confidence": 0.8363308310508728,
  "uncertainty": 0.23402381077347922
}