{
  "image": "data\\raw\\images\\train\\F_1_2_30.jpg",
  "box": [
    1189.0455322265625,
    385.1206970214844,
    1250.181640625,
    458.37249755859375
  ],
  "class": 7,
  "confidence": 0.8014500737190247,
  "uncertainty": 0.24987822677129845
}