{
  "image": "data\\raw\\images\\train\\F_1_3_553.jpg",
  "box": [
    1137.0400390625,
    422.1343688964844,
    1179.0655517578125,
    482.8669738769531
  ],
  "class": 7,
  "confidence": 0.8088915944099426,
  "uncertainty": 0.22619946992080764
}