{
  "image": "data\\raw\\images\\train\\F_1_1_636.jpg",
  "box": [
    932.2042236328125,
    157.66220092773438,
    1307.2393798828125,
    678.122314453125
  ],
  "class": 7,
  "confidence": 0.9399615526199341,
  "uncertainty": 0.13682332293577817
}