{
  "image": "data\\raw\\images\\train\\F_1_3_415.jpg",
  "box": [
    1050.9561767578125,
    384.51995849609375,
    1090.797607421875,
    434.462890625
  ],
  "class": 7,
  "confidence": 0.6699317097663879,
  "uncertainty": 0.2886256948828106
}