{
  "image": "data\\raw\\images\\train\\F_1_3_1580.jpg",
  "box": [
    865.7158813476562,
    457.46112060546875,
    953.1857299804688,
    525.7246704101562
  ],
  "class": 2,
  "confidence": 0.8462862968444824,
  "uncertainty": 0.1455849313052635
}