{
  "image": "data\\raw\\images\\train\\F_1_5_17.jpg",
  "box": [
    1348.97802734375,
    469.25396728515625,
    1406.505859375,
    516.81396484375
  ],
  "class": 7,
  "confidence": 0.41651132702827454,
  "uncertainty": 0.4084546184315197
}