{
  "image": "data\\raw\\images\\train\\F_1_2_293.jpg",
  "box": [
    1520.6773681640625,
    444.9855651855469,
    1919.1005859375,
    787.197998046875
  ],
  "class": 2,
  "confidence": 0.8418896794319153,
  "uncertainty": 0.15051343674986395
}