{
  "image": "data\\raw\\images\\train\\F_1_2_1540.jpg",
  "box": [
    1379.614501953125,
    478.90155029296875,
    1423.443115234375,
    511.89404296875
  ],
  "class": 2,
  "confidence": 0.5480577349662781,
  "uncertainty": 0.2616181805442477
}