{
  "image": "data\\raw\\images\\train\\F_1_5_122.jpg",
  "box": [
    1306.6470947265625,
    458.378173828125,
    1391.6075439453125,
    525.9069213867188
  ],
  "class": 2,
  "confidence": 0.8118533492088318,
  "uncertainty": 0.1689716611035837
}