{
  "image": "data\\raw\\images\\train\\F_1_4_588.jpg",
  "box": [
    1191.184326171875,
    436.3047180175781,
    1218.603271484375,
    465.9916076660156
  ],
  "class": 2,
  "confidence": 0.36969923973083496,
  "uncertainty": 0.32416467552986633
}