{
  "image": "data\\raw\\images\\train\\F_1_3_567.jpg",
  "box": [
    1171.14892578125,
    473.63818359375,
    1198.490234375,
    491.7667236328125
  ],
  "class": 2,
  "confidence": 0.5473294258117676,
  "uncertainty": 0.251392126718044
}