{
  "image": "data\\raw\\images\\train\\F_1_1_679.jpg",
  "box": [
    1485.6400146484375,
    457.0374755859375,
    1755.251220703125,
    674.0945434570312
  ],
  "class": 2,
  "confidence": 0.9158504605293274,
  "uncertainty": 0.1399438934879684
}