{
  "image": "data\\raw\\images\\train\\F_1_5_84.jpg",
  "box": [
    963.7853393554688,
    479.02899169921875,
    1113.85400390625,
    610.234130859375
  ],
  "class": 2,
  "confidence": 0.6550578474998474,
  "uncertainty": 0.22422940330832775
}