{
  "image": "data\\raw\\images\\train\\F_1_3_1718.jpg",
  "box": [
    471.0489807128906,
    453.498046875,
    850.0903930664062,
    743.7388916015625
  ],
  "class": 2,
  "confidence": 0.6657640337944031,
  "uncertainty": 0.22831180398863132
}