{
  "image": "data\\raw\\images\\train\\F_1_5_1310.jpg",
  "box": [
    1126.5809326171875,
    401.7135314941406,
    1223.841064453125,
    542.4649658203125
  ],
  "class": 7,
  "confidence": 0.8933219909667969,
  "uncertainty": 0.20897066405129439
}