{
  "image": "data\\raw\\images\\train\\F_1_1_373.jpg",
  "box": [
    933.9940185546875,
    482.3170166015625,
    994.583251953125,
    539.0344848632812
  ],
  "class": 2,
  "confidence": 0.6369906663894653,
  "uncertainty": 0.22422209048889086
}