{
  "image": "data\\raw\\images\\train\\F_1_3_399.jpg",
  "box": [
    1208.526611328125,
    441.51397705078125,
    1234.168701171875,
    462.2308044433594
  ],
  "class": 2,
  "confidence": 0.38475704193115234,
  "uncertainty": 0.3177125913211297
}