{
  "image": "data\\raw\\images\\train\\F_1_5_91.jpg",
  "box": [
    1304.6015625,
    450.022216796875,
    1351.8548583984375,
    488.98876953125
  ],
  "class": 2,
  "confidence": 0.7259746193885803,
  "uncertainty": 0.20046431480458218
}