{
  "image": "data\\raw\\images\\train\\F_1_5_49.jpg",
  "box": [
    509.7578430175781,
    248.165771484375,
    856.242919921875,
    693.3422241210938
  ],
  "class": 7,
  "confidence": 0.9441536664962769,
  "uncertainty": 0.19186234372210353
}