{
  "image": "data\\raw\\images\\train\\F_1_5_1218.jpg",
  "box": [
    1236.15380859375,
    457.2594909667969,
    1269.90234375,
    485.4870300292969
  ],
  "class": 2,
  "confidence": 0.48243939876556396,
  "uncertainty": 0.2706608412566817
}