{
  "image": "data\\raw\\images\\train\\F_1_5_1276.jpg",
  "box": [
    1002.333740234375,
    398.4194641113281,
    1085.1197509765625,
    513.9614868164062
  ],
  "class": 7,
  "confidence": 0.871682345867157,
  "uncertainty": 0.21106013303770899
}