{
  "image": "data\\raw\\images\\train\\F_1_5_49.jpg",
  "box": [
    1431.8133544921875,
    430.3852844238281,
    1641.3233642578125,
    605.8289794921875
  ],
  "class": 2,
  "confidence": 0.9145584106445312,
  "uncertainty": 0.12183541776444606
}