{
  "image": "data\\raw\\images\\train\\F_1_1_181.jpg",
  "box": [
    1043.71240234375,
    380.19146728515625,
    1136.4326171875,
    476.02105712890625
  ],
  "class": 7,
  "confidence": 0.7755266427993774,
  "uncertainty": 0.2511096970977642
}