{
  "image": "data\\raw\\images\\train\\F_1_5_1209.jpg",
  "box": [
    1113.500244140625,
    444.732666015625,
    1153.192138671875,
    483.8377685546875
  ],
  "class": 7,
  "confidence": 0.33610567450523376,
  "uncertainty": 0.4341177423386246
}