{
  "image": "data\\raw\\images\\train\\F_1_2_1082.jpg",
  "box": [
    815.291748046875,
    481.35150146484375,
    1084.47802734375,
    679.4520263671875
  ],
  "class": 2,
  "confidence": 0.9078733325004578,
  "uncertainty": 0.1285179727206222
}