{
  "image": "data\\raw\\images\\train\\F_1_1_934.jpg",
  "box": [
    223.85618591308594,
    547.0194702148438,
    269.81109619140625,
    564.7866821289062
  ],
  "class": 2,
  "confidence": 0.4564293920993805,
  "uncertainty": 0.31819705390123776
}