{
  "image": "data\\raw\\images\\train\\F_1_5_1412.jpg",
  "box": [
    982.7081909179688,
    400.6577453613281,
    1101.47119140625,
    563.1090087890625
  ],
  "class": 7,
  "confidence": 0.8970062732696533,
  "uncertainty": 0.20758924783843613
}