{
  "image": "data\\raw\\images\\train\\F_1_4_182.jpg",
  "box": [
    1330.42333984375,
    453.01507568359375,
    1381.515869140625,
    537.0286254882812
  ],
  "class": 2,
  "confidence": 0.4258355498313904,
  "uncertainty": 0.3851161265007834
}