{
  "image": "data\\raw\\images\\train\\F_1_5_1360.jpg",
  "box": [
    1155.95703125,
    411.2030029296875,
    1235.9072265625,
    533.3529663085938
  ],
  "class": 7,
  "confidence": 0.5650925040245056,
  "uncertainty": 0.3634807966249557
}