{
  "image": "data\\raw\\images\\train\\F_1_5_603.jpg",
  "box": [
    1163.1572265625,
    471.32794189453125,
    1204.29345703125,
    507.09832763671875
  ],
  "class": 2,
  "confidence": 0.6488239169120789,
  "uncertainty": 0.2188144894192457
}