{
  "image": "data\\raw\\images\\train\\F_1_5_44.jpg",
  "box": [
    1146.903076171875,
    480.8507995605469,
    1211.53857421875,
    532.517333984375
  ],
  "class": 2,
  "confidence": 0.7907094955444336,
  "uncertainty": 0.17024012822152834
}