{
  "image": "data\\raw\\images\\train\\F_1_1_564.jpg",
  "box": [
    1201.23388671875,
    402.8940124511719,
    1278.636962890625,
    500.6807556152344
  ],
  "class": 7,
  "confidence": 0.8313339948654175,
  "uncertainty": 0.22452515475590068
}