{
  "image": "data\\raw\\images\\train\\F_1_3_1458.jpg",
  "box": [
    1136.980712890625,
    509.11212158203125,
    1181.15380859375,
    551.216552734375
  ],
  "class": 7,
  "confidence": 0.49184849858283997,
  "uncertainty": 0.36810239255694144
}