{
  "image": "data\\raw\\images\\train\\F_1_1_128.jpg",
  "box": [
    1501.7691650390625,
    588.468994140625,
    1543.713134765625,
    633.216552734375
  ],
  "class": 7,
  "confidence": 0.3286522924900055,
  "uncertainty": 0.4236988814112853
}