{
  "image": "data\\raw\\images\\train\\F_1_3_567.jpg",
  "box": [
    1227.5364990234375,
    471.2926940917969,
    1275.86181640625,
    512.001708984375
  ],
  "class": 2,
  "confidence": 0.4703935384750366,
  "uncertainty": 0.2863730209290201
}