{
  "image": "data\\raw\\images\\train\\F_1_5_348.jpg",
  "box": [
    634.802490234375,
    133.5146484375,
    911.7095947265625,
    579.8079833984375
  ],
  "class": 7,
  "confidence": 0.8988791108131409,
  "uncertainty": 0.19845774892460272
}