{
  "image": "data\\raw\\images\\train\\F_1_1_1040.jpg",
  "box": [
    1363.517333984375,
    476.6747131347656,
    1386.93212890625,
    496.99053955078125
  ],
  "class": 2,
  "confidence": 0.5444761514663696,
  "uncertainty": 0.263026685788278
}