{
  "image": "data\\raw\\images\\train\\F_1_5_1149.jpg",
  "box": [
    571.582275390625,
    435.63970947265625,
    886.574462890625,
    681.7352905273438
  ],
  "class": 2,
  "confidence": 0.7619034051895142,
  "uncertainty": 0.18910247617433523
}