{
  "image": "data\\raw\\images\\train\\F_1_5_959.jpg",
  "box": [
    351.72943115234375,
    160.95620727539062,
    859.4683837890625,
    698.79443359375
  ],
  "class": 7,
  "confidence": 0.9053131341934204,
  "uncertainty": 0.23278918821868572
}