{
  "image": "data\\raw\\images\\train\\F_1_1_885.jpg",
  "box": [
    1227.010986328125,
    442.9369812011719,
    1286.959716796875,
    493.1131896972656
  ],
  "class": 2,
  "confidence": 0.7869839072227478,
  "uncertainty": 0.1728987514359056
}