{
  "image": "data\\raw\\images\\train\\F_1_4_1086.jpg",
  "box": [
    1.19732666015625,
    114.42061614990234,
    380.76593017578125,
    753.4242553710938
  ],
  "class": 7,
  "confidence": 0.9415525197982788,
  "uncertainty": 0.16657848819353327
}