{
  "image": "data\\raw\\images\\train\\F_1_4_271.jpg",
  "box": [
    1.469512939453125,
    4.326507568359375,
    407.71319580078125,
    993.390869140625
  ],
  "class": 7,
  "confidence": 0.9519979357719421,
  "uncertainty": 0.15232145076823927
}