{
  "image": "data\\raw\\images\\train\\F_1_5_1162.jpg",
  "box": [
    1037.275146484375,
    438.7625427246094,
    1089.8070068359375,
    489.4465026855469
  ],
  "class": 7,
  "confidence": 0.7619343996047974,
  "uncertainty": 0.28278905376493507
}