{
  "image": "data\\raw\\images\\train\\F_1_5_174.jpg",
  "box": [
    1181.3251953125,
    487.60491943359375,
    1308.523193359375,
    598.6693115234375
  ],
  "class": 2,
  "confidence": 0.8513615131378174,
  "uncertainty": 0.15417034895531723
}