{
  "image": "data\\raw\\images\\train\\F_1_4_479.jpg",
  "box": [
    1287.054931640625,
    458.1806640625,
    1332.98681640625,
    497.5230712890625
  ],
  "class": 7,
  "confidence": 0.6595235466957092,
  "uncertainty": 0.3024688758417942
}