{
  "image": "data\\raw\\images\\train\\F_1_4_1496.jpg",
  "box": [
    1264.4344482421875,
    415.6293640136719,
    1653.599609375,
    741.2293701171875
  ],
  "class": 2,
  "confidence": 0.9233251810073853,
  "uncertainty": 0.12732505601892585
}