{
  "image": "data\\raw\\images\\train\\F_1_5_38.jpg",
  "box": [
    1158.4342041015625,
    477.12945556640625,
    1237.107177734375,
    541.2041015625
  ],
  "class": 2,
  "confidence": 0.826158881187439,
  "uncertainty": 0.1505524530935401
}