{
  "image": "data\\raw\\images\\train\\F_1_4_182.jpg",
  "box": [
    1220.711669921875,
    452.04180908203125,
    1357.64697265625,
    566.6735229492188
  ],
  "class": 2,
  "confidence": 0.8307251930236816,
  "uncertainty": 0.15119629666857234
}