{
  "image": "data\\raw\\images\\train\\F_1_4_1348.jpg",
  "box": [
    183.23670959472656,
    430.08984375,
    618.4818115234375,
    642.5782470703125
  ],
  "class": 7,
  "confidence": 0.45235496759414673,
  "uncertainty": 0.3985224377494936
}