{
  "image": "data\\raw\\images\\train\\F_1_1_516.jpg",
  "box": [
    667.91455078125,
    463.4863586425781,
    707.5526733398438,
    494.3462219238281
  ],
  "class": 2,
  "confidence": 0.756220817565918,
  "uncertainty": 0.17340749595163849
}