{
  "image": "data\\raw\\images\\train\\F_1_1_516.jpg",
  "box": [
    749.34716796875,
    467.5650329589844,
    796.6748046875,
    504.5239562988281
  ],
  "class": 2,
  "confidence": 0.7938680648803711,
  "uncertainty": 0.16907445906153157
}