{
  "image": "data\\raw\\images\\train\\F_1_3_912.jpg",
  "box": [
    994.140380859375,
    421.66668701171875,
    1079.32470703125,
    542.548583984375
  ],
  "class": 7,
  "confidence": 0.8774560689926147,
  "uncertainty": 0.2132615332296668
}