{
  "image": "data\\raw\\images\\train\\F_1_1_265.jpg",
  "box": [
    1116.6719970703125,
    474.890380859375,
    1169.86376953125,
    519.9442138671875
  ],
  "class": 2,
  "confidence": 0.6861117482185364,
  "uncertainty": 0.20426268655218238
}