{
  "image": "data\\raw\\images\\train\\F_1_3_1392.jpg",
  "box": [
    1508.2137451171875,
    459.2252197265625,
    1588.5714111328125,
    612.0567626953125
  ],
  "class": 2,
  "confidence": 0.44301557540893555,
  "uncertainty": 0.3383194470794828
}