{
  "image": "data\\raw\\images\\train\\F_1_4_1462.jpg",
  "box": [
    1201.796875,
    467.0746765136719,
    1230.5018310546875,
    494.6201477050781
  ],
  "class": 2,
  "confidence": 0.644789457321167,
  "uncertainty": 0.21909628173123907
}