{
  "image": "data\\raw\\images\\train\\F_1_5_434.jpg",
  "box": [
    847.5953369140625,
    462.8465881347656,
    902.5921630859375,
    503.0574645996094
  ],
  "class": 2,
  "confidence": 0.7489680051803589,
  "uncertainty": 0.18166543553595682
}