{
  "image": "data\\raw\\images\\train\\F_1_3_225.jpg",
  "box": [
    1152.75390625,
    448.8040466308594,
    1175.330810546875,
    467.5084533691406
  ],
  "class": 2,
  "confidence": 0.32939213514328003,
  "uncertainty": 0.36734589090917685
}