{
  "image": "data\\raw\\images\\train\\F_1_5_612.jpg",
  "box": [
    1095.014404296875,
    461.19818115234375,
    1143.918212890625,
    499.6669921875
  ],
  "class": 2,
  "confidence": 0.724056601524353,
  "uncertainty": 0.18349123711224552
}