{
  "image": "data\\raw\\images\\train\\F_1_2_223.jpg",
  "box": [
    1364.4320068359375,
    420.7277526855469,
    1415.3089599609375,
    476.614013671875
  ],
  "class": 7,
  "confidence": 0.4553234577178955,
  "uncertainty": 0.4122719841464649
}