{
  "image": "data\\raw\\images\\train\\F_1_3_1088.jpg",
  "box": [
    1133.9366455078125,
    448.0859069824219,
    1191.7470703125,
    506.1286926269531
  ],
  "class": 7,
  "confidence": 0.7682569026947021,
  "uncertainty": 0.2775044999374329
}