{
  "image": "data\\raw\\images\\train\\F_1_1_776.jpg",
  "box": [
    926.5695190429688,
    326.3984375,
    1077.44677734375,
    511.3554382324219
  ],
  "class": 7,
  "confidence": 0.8612055778503418,
  "uncertainty": 0.23415836539432144
}