{
  "image": "data\\raw\\images\\train\\F_1_5_270.jpg",
  "box": [
    861.7512817382812,
    423.71563720703125,
    906.0624389648438,
    466.39990234375
  ],
  "class": 2,
  "confidence": 0.4571956396102905,
  "uncertainty": 0.2917795463388598
}