{
  "image": "data\\raw\\images\\train\\F_1_5_621.jpg",
  "box": [
    1012.7244873046875,
    481.34747314453125,
    1141.839111328125,
    577.1737060546875
  ],
  "class": 2,
  "confidence": 0.8500921130180359,
  "uncertainty": 0.14374348179011193
}