{
  "image": "data\\raw\\images\\train\\F_1_3_1562.jpg",
  "box": [
    1151.58154296875,
    376.3170166015625,
    1190.013671875,
    420.1485595703125
  ],
  "class": 7,
  "confidence": 0.4941881000995636,
  "uncertainty": 0.35835702547182374
}