{
  "image": "data\\raw\\images\\train\\F_1_4_182.jpg",
  "box": [
    1211.4093017578125,
    456.3485412597656,
    1239.5218505859375,
    488.4875793457031
  ],
  "class": 2,
  "confidence": 0.3375084102153778,
  "uncertainty": 0.38120841403184313
}