{
  "image": "data\\raw\\images\\train\\F_1_3_1770.jpg",
  "box": [
    87.07218933105469,
    285.49224853515625,
    573.2860717773438,
    685.3687744140625
  ],
  "class": 7,
  "confidence": 0.9604660868644714,
  "uncertainty": 0.19923353325244442
}