{
  "image": "data\\raw\\images\\train\\F_1_5_1149.jpg",
  "box": [
    1225.1416015625,
    462.10345458984375,
    1250.4405517578125,
    484.00579833984375
  ],
  "class": 2,
  "confidence": 0.5064350366592407,
  "uncertainty": 0.2596393034917663
}