{
  "image": "data\\raw\\images\\train\\F_1_5_981.jpg",
  "box": [
    1197.4083251953125,
    470.1146240234375,
    1298.91357421875,
    551.9758911132812
  ],
  "class": 2,
  "confidence": 0.8395346999168396,
  "uncertainty": 0.14770021365524588
}