{
  "image": "data\\raw\\images\\train\\F_1_2_1815.jpg",
  "box": [
    1371.720703125,
    471.1379699707031,
    1400.5682373046875,
    496.5167541503906
  ],
  "class": 7,
  "confidence": 0.3716827929019928,
  "uncertainty": 0.4089724619504285
}