{
  "image": "data\\raw\\images\\train\\F_1_1_801.jpg",
  "box": [
    1224.8682861328125,
    490.7168884277344,
    1321.451171875,
    568.9205322265625
  ],
  "class": 2,
  "confidence": 0.8339223265647888,
  "uncertainty": 0.15892403933774782
}