{
  "image": "data\\raw\\images\\train\\F_1_1_776.jpg",
  "box": [
    1176.995361328125,
    423.13116455078125,
    1217.113037109375,
    468.8399658203125
  ],
  "class": 2,
  "confidence": 0.48444104194641113,
  "uncertainty": 0.29972520307479267
}