{
  "image": "data\\raw\\images\\train\\F_1_3_926.jpg",
  "box": [
    430.12261962890625,
    227.23983764648438,
    893.1007690429688,
    676.3297119140625
  ],
  "class": 7,
  "confidence": 0.5806107521057129,
  "uncertainty": 0.3085158252042258
}