{
  "image": "data\\raw\\images\\train\\F_1_4_1406.jpg",
  "box": [
    1353.77587890625,
    458.28680419921875,
    1473.512451171875,
    564.8875122070312
  ],
  "class": 2,
  "confidence": 0.7555686235427856,
  "uncertainty": 0.17659827844078288
}