{
  "image": "data\\raw\\images\\train\\F_1_4_1046.jpg",
  "box": [
    257.85699462890625,
    407.04254150390625,
    525.5989990234375,
    536.2714233398438
  ],
  "class": 7,
  "confidence": 0.45670223236083984,
  "uncertainty": 0.42290179619623
}