{
  "image": "data\\raw\\images\\train\\F_1_4_1086.jpg",
  "box": [
    1606.7589111328125,
    416.5301513671875,
    1915.5296630859375,
    670.110595703125
  ],
  "class": 2,
  "confidence": 0.8036609292030334,
  "uncertainty": 0.1732395612068528
}