{
  "image": "data\\raw\\images\\train\\F_1_1_495.jpg",
  "box": [
    1309.5655517578125,
    466.7156982421875,
    1386.9613037109375,
    532.9290161132812
  ],
  "class": 2,
  "confidence": 0.7627828121185303,
  "uncertainty": 0.17906735018025066
}