{
  "image": "data\\raw\\images\\train\\F_1_3_1088.jpg",
  "box": [
    1177.70947265625,
    468.0228271484375,
    1258.872802734375,
    542.3695068359375
  ],
  "class": 2,
  "confidence": 0.7878594994544983,
  "uncertainty": 0.16966668731386847
}