{
  "image": "data\\raw\\images\\train\\F_1_5_1050.jpg",
  "box": [
    1285.270263671875,
    457.2215881347656,
    1324.61962890625,
    506.04913330078125
  ],
  "class": 7,
  "confidence": 0.5784958600997925,
  "uncertainty": 0.327302501194882
}