{
  "image": "data\\raw\\images\\train\\F_1_4_723.jpg",
  "box": [
    692.552734375,
    396.3666687011719,
    841.580322265625,
    550.1544189453125
  ],
  "class": 7,
  "confidence": 0.8911519050598145,
  "uncertainty": 0.2015674148305291
}