{
  "image": "data\\raw\\images\\train\\F_1_1_128.jpg",
  "box": [
    1166.807373046875,
    343.35186767578125,
    1335.5438232421875,
    654.636474609375
  ],
  "class": 7,
  "confidence": 0.5224993824958801,
  "uncertainty": 0.3613337239120249
}