{
  "image": "data\\raw\\images\\train\\F_1_5_1412.jpg",
  "box": [
    227.34136962890625,
    470.69677734375,
    627.25439453125,
    764.24267578125
  ],
  "class": 2,
  "confidence": 0.9279618263244629,
  "uncertainty": 0.12219396318455306
}