{
  "image": "data\\raw\\images\\train\\F_1_3_362.jpg",
  "box": [
    1281.4237060546875,
    471.5532531738281,
    1356.20556640625,
    538.138671875
  ],
  "class": 2,
  "confidence": 0.699820876121521,
  "uncertainty": 0.2089342312363146
}