{
  "image": "data\\raw\\images\\train\\F_1_1_258.jpg",
  "box": [
    1.1756744384765625,
    457.6043701171875,
    400.802734375,
    856.1896362304688
  ],
  "class": 2,
  "confidence": 0.9072167873382568,
  "uncertainty": 0.13196191358348025
}