{
  "image": "data\\raw\\images\\train\\F_1_3_1562.jpg",
  "box": [
    1026.6917724609375,
    356.7227783203125,
    1136.2562255859375,
    478.3326416015625
  ],
  "class": 7,
  "confidence": 0.7328226566314697,
  "uncertainty": 0.2750983803258594
}