{
  "image": "data\\raw\\images\\train\\F_1_3_1697.jpg",
  "box": [
    1189.824462890625,
    442.5564880371094,
    1229.3792724609375,
    489.2569885253906
  ],
  "class": 7,
  "confidence": 0.7812364101409912,
  "uncertainty": 0.25001306094780584
}