{
  "image": "data\\raw\\images\\train\\F_1_1_564.jpg",
  "box": [
    1336.373291015625,
    419.8839111328125,
    1405.50048828125,
    488.63360595703125
  ],
  "class": 7,
  "confidence": 0.26563313603401184,
  "uncertainty": 0.4922829015063252
}