{
  "image": "data\\raw\\images\\train\\F_1_5_17.jpg",
  "box": [
    1102.519287109375,
    416.1264953613281,
    1185.6180419921875,
    533.5870971679688
  ],
  "class": 7,
  "confidence": 0.8816761374473572,
  "uncertainty": 0.20584495604000816
}