{
  "image": "data\\raw\\images\\train\\F_1_5_1149.jpg",
  "box": [
    1188.910888671875,
    463.1045837402344,
    1224.6923828125,
    484.0340881347656
  ],
  "class": 2,
  "confidence": 0.3918035626411438,
  "uncertainty": 0.33962698606142305
}