{
  "image": "data\\raw\\images\\train\\F_1_3_1729.jpg",
  "box": [
    1144.3583984375,
    463.51885986328125,
    1201.01708984375,
    515.2333374023438
  ],
  "class": 2,
  "confidence": 0.4868850111961365,
  "uncertainty": 0.2968616927931373
}