{
  "image": "data\\raw\\images\\train\\F_1_2_1393.jpg",
  "box": [
    1321.789794921875,
    452.35546875,
    1432.6953125,
    543.7791748046875
  ],
  "class": 2,
  "confidence": 0.7749189138412476,
  "uncertainty": 0.17521149500760086
}