{
  "image": "data\\raw\\images\\train\\F_1_1_264.jpg",
  "box": [
    1209.9334716796875,
    476.1988220214844,
    1271.8179931640625,
    528.6025390625
  ],
  "class": 2,
  "confidence": 0.7548352479934692,
  "uncertainty": 0.18412200994668082
}