{
  "image": "data\\raw\\images\\train\\F_1_5_266.jpg",
  "box": [
    901.573974609375,
    431.77239990234375,
    938.955322265625,
    492.4522705078125
  ],
  "class": 2,
  "confidence": 0.32352492213249207,
  "uncertainty": 0.3906848188124815
}