{
  "image": "data\\raw\\images\\train\\F_1_1_803.jpg",
  "box": [
    1.3289794921875,
    4.743438720703125,
    585.8099365234375,
    879.3550415039062
  ],
  "class": 7,
  "confidence": 0.9652251601219177,
  "uncertainty": 0.19276623877059007
}