{
  "image": "data\\raw\\images\\train\\F_1_2_183.jpg",
  "box": [
    1422.5194091796875,
    448.69097900390625,
    1663.780517578125,
    661.9934692382812
  ],
  "class": 2,
  "confidence": 0.8319154977798462,
  "uncertainty": 0.21319519812765966
}