{
  "image": "data\\raw\\images\\train\\F_1_3_832.jpg",
  "box": [
    1167.3785400390625,
    481.6698303222656,
    1213.2705078125,
    520.97265625
  ],
  "class": 2,
  "confidence": 0.49806690216064453,
  "uncertainty": 0.27653916274608403
}