{
  "image": "data\\raw\\images\\train\\F_1_3_1718.jpg",
  "box": [
    1217.370361328125,
    472.626708984375,
    1244.23779296875,
    494.37506103515625
  ],
  "class": 2,
  "confidence": 0.5166019201278687,
  "uncertainty": 0.27715927763230996
}