{
  "image": "data\\raw\\images\\train\\F_1_5_34.jpg",
  "box": [
    1317.393310546875,
    463.8060607910156,
    1512.048095703125,
    627.3875732421875
  ],
  "class": 2,
  "confidence": 0.8804416060447693,
  "uncertainty": 0.1397254764983067
}