{
  "image": "data\\raw\\images\\train\\F_1_5_700.jpg",
  "box": [
    431.11212158203125,
    65.057373046875,
    914.7257080078125,
    644.5140380859375
  ],
  "class": 7,
  "confidence": 0.9542664289474487,
  "uncertainty": 0.18345651641396982
}