{
  "image": "data\\raw\\images\\train\\F_1_4_788.jpg",
  "box": [
    1441.29150390625,
    445.8128356933594,
    1508.450439453125,
    494.4229431152344
  ],
  "class": 2,
  "confidence": 0.3441349267959595,
  "uncertainty": 0.3544390230615412
}