{
  "image": "data\\raw\\images\\train\\F_1_1_679.jpg",
  "box": [
    952.159423828125,
    460.5318603515625,
    1051.45068359375,
    542.4391479492188
  ],
  "class": 2,
  "confidence": 0.8354266285896301,
  "uncertainty": 0.14930118789884195
}