{
  "image": "data\\raw\\images\\train\\F_1_5_1522.jpg",
  "box": [
    1558.667724609375,
    285.02056884765625,
    1678.348388671875,
    416.45989990234375
  ],
  "class": 7,
  "confidence": 0.7128688097000122,
  "uncertainty": 0.30961718191228116
}