{
  "image": "data\\raw\\images\\train\\F_1_5_1408.jpg",
  "box": [
    990.843017578125,
    420.88861083984375,
    1097.9739990234375,
    575.2393798828125
  ],
  "class": 7,
  "confidence": 0.8949435949325562,
  "uncertainty": 0.21138950935279766
}