{
  "image": "data\\raw\\images\\train\\F_1_3_912.jpg",
  "box": [
    1096.802978515625,
    430.99346923828125,
    1143.447265625,
    501.3674011230469
  ],
  "class": 7,
  "confidence": 0.8103702068328857,
  "uncertainty": 0.24702298603612266
}