{
  "image": "data\\raw\\images\\train\\F_1_5_1463.jpg",
  "box": [
    1176.317626953125,
    374.30419921875,
    1291.280029296875,
    506.9134826660156
  ],
  "class": 7,
  "confidence": 0.8796860575675964,
  "uncertainty": 0.2118596282382289
}