{
  "image": "data\\raw\\images\\train\\F_1_5_294.jpg",
  "box": [
    1489.5941162109375,
    459.11865234375,
    1823.60009765625,
    716.747802734375
  ],
  "class": 2,
  "confidence": 0.9220650792121887,
  "uncertainty": 0.1315482507175124
}