{
  "image": "data\\raw\\images\\train\\F_1_5_1075.jpg",
  "box": [
    1263.620849609375,
    472.3869323730469,
    1313.78857421875,
    526.021240234375
  ],
  "class": 2,
  "confidence": 0.694896399974823,
  "uncertainty": 0.24011861394469522
}