{
  "image": "data\\raw\\images\\train\\F_1_5_294.jpg",
  "box": [
    830.6427612304688,
    467.7355041503906,
    865.0160522460938,
    497.2185974121094
  ],
  "class": 2,
  "confidence": 0.3338583707809448,
  "uncertainty": 0.371015767555506
}