{
  "image": "data\\raw\\images\\train\\F_1_1_517.jpg",
  "box": [
    908.4296264648438,
    464.6531066894531,
    961.6422729492188,
    519.3604736328125
  ],
  "class": 2,
  "confidence": 0.7071632146835327,
  "uncertainty": 0.2208005222564649
}