{
  "image": "data\\raw\\images\\train\\F_1_1_942.jpg",
  "box": [
    703.3672485351562,
    419.9351806640625,
    772.210693359375,
    481.3993835449219
  ],
  "class": 7,
  "confidence": 0.5490163564682007,
  "uncertainty": 0.33552157593625487
}