{
  "image": "data\\raw\\images\\train\\F_1_5_1521.jpg",
  "box": [
    999.6990966796875,
    264.85736083984375,
    1239.85546875,
    590.3700561523438
  ],
  "class": 7,
  "confidence": 0.8538919687271118,
  "uncertainty": 0.24967356745015207
}