{
  "image": "data\\raw\\images\\train\\F_1_2_85.jpg",
  "box": [
    1089.9921875,
    394.264892578125,
    1147.366455078125,
    475.04827880859375
  ],
  "class": 7,
  "confidence": 0.5981446504592896,
  "uncertainty": 0.3545792789441762
}