{
  "image": "data\\raw\\images\\train\\F_1_5_128.jpg",
  "box": [
    1223.3740234375,
    414.0793762207031,
    1247.361572265625,
    437.6609802246094
  ],
  "class": 2,
  "confidence": 0.2892095148563385,
  "uncertainty": 0.3705161517882093
}