{
  "image": "data\\raw\\images\\train\\F_1_4_1496.jpg",
  "box": [
    258.54766845703125,
    2.891143798828125,
    877.9850463867188,
    711.0888061523438
  ],
  "class": 7,
  "confidence": 0.9520754218101501,
  "uncertainty": 0.20868367044189068
}