{
  "image": "data\\raw\\images\\train\\F_1_3_553.jpg",
  "box": [
    1051.7939453125,
    411.35430908203125,
    1105.511962890625,
    486.89300537109375
  ],
  "class": 7,
  "confidence": 0.7460625767707825,
  "uncertainty": 0.26677020664825907
}