{
  "image": "data\\raw\\images\\train\\F_1_5_1095.jpg",
  "box": [
    1595.81201171875,
    431.67864990234375,
    1906.146484375,
    656.3668212890625
  ],
  "class": 2,
  "confidence": 0.9142560958862305,
  "uncertainty": 0.12936315951208077
}