{
  "image": "data\\raw\\images\\train\\F_1_5_1095.jpg",
  "box": [
    1169.5506591796875,
    416.80999755859375,
    1213.90771484375,
    449.0362548828125
  ],
  "class": 7,
  "confidence": 0.26415014266967773,
  "uncertainty": 0.4887548087282197
}