{
  "image": "data\\raw\\images\\train\\F_1_1_421.jpg",
  "box": [
    1328.207763671875,
    466.64984130859375,
    1365.6024169921875,
    498.7901611328125
  ],
  "class": 2,
  "confidence": 0.6919305324554443,
  "uncertainty": 0.1896638338190108
}