{
  "image": "data\\raw\\images\\train\\F_1_3_832.jpg",
  "box": [
    1259.7392578125,
    480.1172790527344,
    1316.45947265625,
    531.6912841796875
  ],
  "class": 7,
  "confidence": 0.6393256187438965,
  "uncertainty": 0.3183203229868776
}