{
  "image": "data\\raw\\images\\train\\F_1_1_785.jpg",
  "box": [
    390.07244873046875,
    333.249267578125,
    695.9656372070312,
    622.03173828125
  ],
  "class": 7,
  "confidence": 0.8949151635169983,
  "uncertainty": 0.22680188130953338
}