{
  "image": "data\\raw\\images\\train\\F_1_1_831.jpg",
  "box": [
    1057.45068359375,
    450.5151672363281,
    1266.414794921875,
    624.7725830078125
  ],
  "class": 2,
  "confidence": 0.6892567873001099,
  "uncertainty": 0.22573388295328545
}