{
  "image": "data\\raw\\images\\train\\F_1_4_1086.jpg",
  "box": [
    693.1696166992188,
    454.4283447265625,
    879.181640625,
    581.1077880859375
  ],
  "class": 2,
  "confidence": 0.8826256990432739,
  "uncertainty": 0.14183254087402816
}