{
  "image": "data\\raw\\images\\train\\F_1_1_172.jpg",
  "box": [
    1483.1435546875,
    434.6410217285156,
    1891.8277587890625,
    755.9002685546875
  ],
  "class": 2,
  "confidence": 0.4978208541870117,
  "uncertainty": 0.29670485991864687
}