{
  "image": "data\\raw\\images\\train\\F_1_5_266.jpg",
  "box": [
    1435.59912109375,
    443.3548278808594,
    1783.5384521484375,
    716.2447509765625
  ],
  "class": 2,
  "confidence": 0.8660174608230591,
  "uncertainty": 0.14939350370823268
}