{
  "image": "data\\raw\\images\\train\\F_1_3_1762.jpg",
  "box": [
    668.4256591796875,
    382.21563720703125,
    870.9351806640625,
    580.277099609375
  ],
  "class": 7,
  "confidence": 0.9094943404197693,
  "uncertainty": 0.20823302083636852
}