{
  "image": "data\\raw\\images\\train\\F_1_5_323.jpg",
  "box": [
    1482.268310546875,
    446.7618713378906,
    1919.5931396484375,
    850.562744140625
  ],
  "class": 2,
  "confidence": 0.9415276050567627,
  "uncertainty": 0.10653439848313914
}