{
  "image": "data\\raw\\images\\train\\F_1_5_988.jpg",
  "box": [
    1138.24755859375,
    451.21673583984375,
    1208.345458984375,
    509.8905029296875
  ],
  "class": 2,
  "confidence": 0.7797608971595764,
  "uncertainty": 0.1764394458901894
}