{
  "image": "data\\raw\\images\\train\\F_1_5_412.jpg",
  "box": [
    1130.2132568359375,
    475.6954650878906,
    1186.8992919921875,
    521.8607177734375
  ],
  "class": 2,
  "confidence": 0.7370696663856506,
  "uncertainty": 0.19157790679395215
}