{
  "image": "data\\raw\\images\\train\\F_1_3_567.jpg",
  "box": [
    1003.806884765625,
    413.4628601074219,
    1064.5477294921875,
    503.4004211425781
  ],
  "class": 7,
  "confidence": 0.7704231142997742,
  "uncertainty": 0.25204166007312107
}