{
  "image": "data\\raw\\images\\train\\F_1_1_587.jpg",
  "box": [
    1462.8153076171875,
    356.6199951171875,
    1601.8095703125,
    525.2474975585938
  ],
  "class": 7,
  "confidence": 0.8766677975654602,
  "uncertainty": 0.23279009356452274
}