{
  "image": "data\\raw\\images\\train\\F_1_3_806.jpg",
  "box": [
    1354.8193359375,
    477.5739440917969,
    1478.7593994140625,
    586.03564453125
  ],
  "class": 2,
  "confidence": 0.846984326839447,
  "uncertainty": 0.1520705156748829
}