{
  "image": "data\\raw\\images\\train\\F_1_2_442.jpg",
  "box": [
    1086.9285888671875,
    445.79205322265625,
    1135.3089599609375,
    489.59381103515625
  ],
  "class": 7,
  "confidence": 0.5882877707481384,
  "uncertainty": 0.3312738062517023
}