{
  "image": "data\\raw\\images\\train\\F_1_5_470.jpg",
  "box": [
    1190.03125,
    488.87896728515625,
    1237.9195556640625,
    528.2960815429688
  ],
  "class": 2,
  "confidence": 0.6709818840026855,
  "uncertainty": 0.20489788009579538
}