{
  "image": "data\\raw\\images\\train\\F_1_2_575.jpg",
  "box": [
    962.2325439453125,
    423.83056640625,
    1187.2757568359375,
    625.2896118164062
  ],
  "class": 2,
  "confidence": 0.7197698354721069,
  "uncertainty": 0.20639817583264675
}