{
  "image": "data\\raw\\images\\train\\F_1_5_122.jpg",
  "box": [
    1266.5771484375,
    440.5531005859375,
    1324.119873046875,
    508.08551025390625
  ],
  "class": 2,
  "confidence": 0.2949526011943817,
  "uncertainty": 0.3841665131745995
}