{
  "image": "data\\raw\\images\\train\\F_1_5_44.jpg",
  "box": [
    1344.802978515625,
    429.09820556640625,
    1574.7601318359375,
    637.5641479492188
  ],
  "class": 7,
  "confidence": 0.6444823741912842,
  "uncertainty": 0.3138494280152634
}