{
  "image": "data\\raw\\images\\train\\F_1_2_183.jpg",
  "box": [
    1427.6649169921875,
    462.9670715332031,
    1919.178955078125,
    946.5888061523438
  ],
  "class": 2,
  "confidence": 0.9447440505027771,
  "uncertainty": 0.11240822425838645
}