{
  "image": "data\\raw\\images\\train\\F_1_2_1859.jpg",
  "box": [
    1420.531494140625,
    445.8446044921875,
    1592.2078857421875,
    575.1333618164062
  ],
  "class": 2,
  "confidence": 0.7948741316795349,
  "uncertainty": 0.18185503012372498
}