{
  "image": "data\\raw\\images\\train\\F_1_5_575.jpg",
  "box": [
    559.4588623046875,
    502.62469482421875,
    604.7070922851562,
    554.4129638671875
  ],
  "class": 3,
  "confidence": 0.44679898023605347,
  "uncertainty": 0.4373244147630198
}