{
  "image": "data\\raw\\images\\train\\F_1_2_1174.jpg",
  "box": [
    612.426025390625,
    299.5697937011719,
    811.4556884765625,
    592.6422119140625
  ],
  "class": 7,
  "confidence": 0.4337795674800873,
  "uncertainty": 0.41546156301672016
}