{
  "image": "data\\raw\\images\\train\\F_1_5_434.jpg",
  "box": [
    1256.7249755859375,
    435.4412841796875,
    1276.4241943359375,
    463.717529296875
  ],
  "class": 7,
  "confidence": 0.27717024087905884,
  "uncertainty": 0.44355955994143487
}