{
  "image": "data\\raw\\images\\train\\F_1_3_806.jpg",
  "box": [
    235.33566284179688,
    315.78131103515625,
    544.9156494140625,
    616.3675537109375
  ],
  "class": 7,
  "confidence": 0.9390634894371033,
  "uncertainty": 0.18590927493183196
}