{
  "image": "data\\raw\\images\\train\\F_1_1_785.jpg",
  "box": [
    1060.898681640625,
    479.91485595703125,
    1167.2822265625,
    568.9625244140625
  ],
  "class": 2,
  "confidence": 0.8261117339134216,
  "uncertainty": 0.16155109974854448
}