{
  "image": "data\\raw\\images\\train\\F_1_2_308.jpg",
  "box": [
    874.1695556640625,
    387.2049865722656,
    993.552001953125,
    533.2662963867188
  ],
  "class": 5,
  "confidence": 0.4442765712738037,
  "uncertainty": 0.3778494541998676
}