{
  "image": "data\\raw\\images\\train\\F_1_5_1522.jpg",
  "box": [
    882.2655029296875,
    247.9296112060547,
    1008.2138671875,
    436.3414306640625
  ],
  "class": 7,
  "confidence": 0.5154874920845032,
  "uncertainty": 0.42505880788716804
}