{
  "image": "data\\raw\\images\\train\\F_1_5_1384.jpg",
  "box": [
    963.6970825195312,
    413.8671569824219,
    1048.51513671875,
    506.5212707519531
  ],
  "class": 7,
  "confidence": 0.8046786785125732,
  "uncertainty": 0.2742077961104984
}