{
  "image": "data\\raw\\images\\train\\F_1_1_648.jpg",
  "box": [
    1475.540283203125,
    469.9149169921875,
    1677.608154296875,
    681.04296875
  ],
  "class": 2,
  "confidence": 0.8949177265167236,
  "uncertainty": 0.19826036278803708
}