{
  "image": "data\\raw\\images\\train\\F_1_4_90.jpg",
  "box": [
    999.146484375,
    440.3099365234375,
    1060.6923828125,
    515.1763305664062
  ],
  "class": 7,
  "confidence": 0.8487434983253479,
  "uncertainty": 0.21090829173654557
}