{
  "image": "data\\raw\\images\\train\\F_1_5_434.jpg",
  "box": [
    1206.3204345703125,
    443.90374755859375,
    1232.5653076171875,
    471.1826171875
  ],
  "class": 7,
  "confidence": 0.32752880454063416,
  "uncertainty": 0.4363783864109492
}