{
  "image": "data\\raw\\images\\train\\F_1_5_146.jpg",
  "box": [
    1170.395263671875,
    428.53729248046875,
    1238.814208984375,
    487.5384521484375
  ],
  "class": 2,
  "confidence": 0.5638522505760193,
  "uncertainty": 0.26591497796643127
}