{
  "image": "data\\raw\\images\\train\\F_1_1_264.jpg",
  "box": [
    1513.1956787109375,
    457.5101623535156,
    1855.2864990234375,
    727.79736328125
  ],
  "class": 2,
  "confidence": 0.8790543079376221,
  "uncertainty": 0.1433354389161084
}