{
  "image": "data\\raw\\images\\train\\F_1_5_122.jpg",
  "box": [
    1147.95166015625,
    454.5084228515625,
    1222.2447509765625,
    504.5841064453125
  ],
  "class": 2,
  "confidence": 0.3219948410987854,
  "uncertainty": 0.3535638094142459
}