{
  "image": "data\\raw\\images\\train\\F_1_1_517.jpg",
  "box": [
    445.9378967285156,
    429.75274658203125,
    924.4854125976562,
    807.7465209960938
  ],
  "class": 2,
  "confidence": 0.9341151118278503,
  "uncertainty": 0.12101854134349871
}