{
  "image": "data\\raw\\images\\train\\F_1_5_395.jpg",
  "box": [
    1050.27734375,
    435.5155334472656,
    1317.08984375,
    669.5802001953125
  ],
  "class": 2,
  "confidence": 0.5413543581962585,
  "uncertainty": 0.2835809775545515
}