{
  "image": "data\\raw\\images\\train\\F_1_5_682.jpg",
  "box": [
    1387.243896484375,
    431.7041931152344,
    1456.810302734375,
    483.8449401855469
  ],
  "class": 7,
  "confidence": 0.4311378598213196,
  "uncertainty": 0.39225867307452533
}