{
  "image": "data\\raw\\images\\train\\F_1_5_1310.jpg",
  "box": [
    923.924560546875,
    412.3370361328125,
    1011.3958740234375,
    505.28466796875
  ],
  "class": 7,
  "confidence": 0.820489764213562,
  "uncertainty": 0.2319654258830936
}