{
  "image": "data\\raw\\images\\train\\F_1_4_897.jpg",
  "box": [
    1223.778564453125,
    498.73095703125,
    1292.923583984375,
    558.0919189453125
  ],
  "class": 2,
  "confidence": 0.6458433866500854,
  "uncertainty": 0.23295504846457735
}