{
  "image": "data\\raw\\images\\train\\F_1_4_742.jpg",
  "box": [
    1510.727783203125,
    458.98626708984375,
    1675.60546875,
    587.6962280273438
  ],
  "class": 2,
  "confidence": 0.8970748782157898,
  "uncertainty": 0.13856904321033958
}