{
  "image": "data\\raw\\images\\train\\F_1_1_636.jpg",
  "box": [
    814.1158447265625,
    364.9990539550781,
    880.9072265625,
    500.5421447753906
  ],
  "class": 7,
  "confidence": 0.7916291952133179,
  "uncertainty": 0.2593223044035686
}