{
  "image": "data\\raw\\images\\train\\F_1_4_37.jpg",
  "box": [
    1128.242431640625,
    491.12945556640625,
    1161.2684326171875,
    531.4268798828125
  ],
  "class": 7,
  "confidence": 0.5312089323997498,
  "uncertainty": 0.3472530309540682
}