{
  "image": "data\\raw\\images\\train\\F_1_1_648.jpg",
  "box": [
    1555.328857421875,
    464.2972412109375,
    1919.170654296875,
    942.1008911132812
  ],
  "class": 2,
  "confidence": 0.9272024035453796,
  "uncertainty": 0.12373020365493534
}