{
  "image": "data\\raw\\images\\train\\F_1_5_1182.jpg",
  "box": [
    1194.068603515625,
    450.7930908203125,
    1225.729736328125,
    477.6318359375
  ],
  "class": 2,
  "confidence": 0.30662497878074646,
  "uncertainty": 0.35079139497248496
}