{
  "image": "data\\raw\\images\\train\\F_1_5_31.jpg",
  "box": [
    925.623046875,
    435.04833984375,
    1033.4912109375,
    594.3942260742188
  ],
  "class": 7,
  "confidence": 0.8619404435157776,
  "uncertainty": 0.216877629254708
}