{
  "image": "data\\raw\\images\\train\\F_1_5_1125.jpg",
  "box": [
    396.518310546875,
    451.359375,
    431.29876708984375,
    480.75091552734375
  ],
  "class": 2,
  "confidence": 0.40793856978416443,
  "uncertainty": 0.31333601805483613
}