{
  "image": "data\\raw\\images\\train\\F_1_4_37.jpg",
  "box": [
    1084.620361328125,
    480.1434631347656,
    1127.5390625,
    531.105224609375
  ],
  "class": 7,
  "confidence": 0.7449634075164795,
  "uncertainty": 0.2515308113394669
}