{
  "image": "data\\raw\\images\\train\\F_1_5_585.jpg",
  "box": [
    1067.290771484375,
    471.3427734375,
    1102.2880859375,
    501.73773193359375
  ],
  "class": 2,
  "confidence": 0.44738250970840454,
  "uncertainty": 0.3142431380519066
}