{
  "image": "data\\raw\\images\\train\\F_1_5_17.jpg",
  "box": [
    1349.0498046875,
    469.5538330078125,
    1406.694091796875,
    516.3458862304688
  ],
  "class": 2,
  "confidence": 0.4645991027355194,
  "uncertainty": 0.29650736412503964
}