{
  "image": "data\\raw\\images\\train\\F_1_5_711.jpg",
  "box": [
    1164.050537109375,
    443.5784912109375,
    1198.74462890625,
    494.49078369140625
  ],
  "class": 7,
  "confidence": 0.5145642161369324,
  "uncertainty": 0.36189032241894264
}