{
  "image": "data\\raw\\images\\train\\F_1_5_590.jpg",
  "box": [
    1155.205810546875,
    461.16998291015625,
    1244.329345703125,
    542.2298583984375
  ],
  "class": 2,
  "confidence": 0.7188475728034973,
  "uncertainty": 0.20820244057123888
}