{
  "image": "data\\raw\\images\\train\\F_1_4_216.jpg",
  "box": [
    1211.5537109375,
    456.72509765625,
    1253.89794921875,
    507.75640869140625
  ],
  "class": 2,
  "confidence": 0.5829195976257324,
  "uncertainty": 0.29710089919996435
}