{
  "image": "data\\raw\\images\\train\\F_1_5_270.jpg",
  "box": [
    0.7888870239257812,
    5.59478759765625,
    359.08001708984375,
    526.4987182617188
  ],
  "class": 7,
  "confidence": 0.8326435089111328,
  "uncertainty": 0.2663983597504808
}