{
  "image": "data\\raw\\images\\train\\F_1_5_225.jpg",
  "box": [
    1163.658203125,
    384.277587890625,
    1205.10107421875,
    442.7611083984375
  ],
  "class": 7,
  "confidence": 0.5935190916061401,
  "uncertainty": 0.31434297526402466
}