{
  "image": "data\\raw\\images\\train\\F_1_3_404.jpg",
  "box": [
    1222.28662109375,
    398.865234375,
    1248.609619140625,
    415.595947265625
  ],
  "class": 2,
  "confidence": 0.6229829788208008,
  "uncertainty": 0.2312230052176109
}