{
  "image": "data\\raw\\images\\train\\F_1_5_1521.jpg",
  "box": [
    370.55706787109375,
    224.7567901611328,
    551.4335327148438,
    444.175537109375
  ],
  "class": 7,
  "confidence": 0.8095324039459229,
  "uncertainty": 0.24594969609768186
}