{
  "image": "data\\raw\\images\\train\\F_1_5_1290.jpg",
  "box": [
    1073.017822265625,
    420.085693359375,
    1148.370849609375,
    528.048828125
  ],
  "class": 7,
  "confidence": 0.851368248462677,
  "uncertainty": 0.23045041418023576
}