{
  "image": "data\\raw\\images\\train\\F_1_5_1209.jpg",
  "box": [
    1238.312255859375,
    464.3795471191406,
    1283.6693115234375,
    501.9449157714844
  ],
  "class": 2,
  "confidence": 0.6964458227157593,
  "uncertainty": 0.18956630487999088
}