{
  "image": "data\\raw\\images\\train\\F_1_2_1269.jpg",
  "box": [
    1188.685302734375,
    457.5746154785156,
    1424.362548828125,
    646.510498046875
  ],
  "class": 2,
  "confidence": 0.8916488885879517,
  "uncertainty": 0.14765802190292238
}