{
  "image": "data\\raw\\images\\train\\F_1_4_826.jpg",
  "box": [
    1048.099365234375,
    403.5069580078125,
    1124.662353515625,
    503.16851806640625
  ],
  "class": 7,
  "confidence": 0.8654760122299194,
  "uncertainty": 0.21519871809992025
}