{
  "image": "data\\raw\\images\\train\\F_1_3_229.jpg",
  "box": [
    1255.15625,
    448.2199401855469,
    1291.686279296875,
    478.9613342285156
  ],
  "class": 2,
  "confidence": 0.6603916883468628,
  "uncertainty": 0.2049836660051209
}