{
  "image": "data\\raw\\images\\train\\F_1_1_264.jpg",
  "box": [
    1169.8255615234375,
    476.49615478515625,
    1198.6162109375,
    508.61468505859375
  ],
  "class": 2,
  "confidence": 0.29986247420310974,
  "uncertainty": 0.3887488520131699
}