{
  "image": "data\\raw\\images\\train\\F_1_1_801.jpg",
  "box": [
    1054.499755859375,
    488.7697448730469,
    1230.523193359375,
    641.5552978515625
  ],
  "class": 2,
  "confidence": 0.8864277601242065,
  "uncertainty": 0.13254007184692645
}