{
  "image": "data\\raw\\images\\train\\F_1_3_810.jpg",
  "box": [
    1479.7705078125,
    508.1572265625,
    1546.7926025390625,
    562.9801025390625
  ],
  "class": 2,
  "confidence": 0.6880916953086853,
  "uncertainty": 0.20703172642867423
}