{
  "image": "data\\raw\\images\\train\\F_1_4_746.jpg",
  "box": [
    1580.5499267578125,
    468.0817565917969,
    1690.1707763671875,
    554.1314697265625
  ],
  "class": 2,
  "confidence": 0.8589855432510376,
  "uncertainty": 0.16276985498560254
}