{
  "image": "data\\raw\\images\\train\\F_1_5_1220.jpg",
  "box": [
    1293.5775146484375,
    466.5627136230469,
    1328.2060546875,
    491.4864807128906
  ],
  "class": 2,
  "confidence": 0.2952418327331543,
  "uncertainty": 0.34944889713163924
}