{
  "image": "data\\raw\\images\\train\\F_1_2_609.jpg",
  "box": [
    1230.0010986328125,
    464.07366943359375,
    1263.747802734375,
    492.236572265625
  ],
  "class": 2,
  "confidence": 0.4313645362854004,
  "uncertainty": 0.29928498639955226
}