{
  "image": "data\\raw\\images\\train\\F_1_4_788.jpg",
  "box": [
    1440.90771484375,
    445.7531433105469,
    1508.892333984375,
    494.1023254394531
  ],
  "class": 7,
  "confidence": 0.2768056392669678,
  "uncertainty": 0.4734695378304373
}