{
  "image": "data\\raw\\images\\train\\F_1_5_1182.jpg",
  "box": [
    1135.4404296875,
    447.03387451171875,
    1168.916259765625,
    476.53271484375
  ],
  "class": 2,
  "confidence": 0.5337810516357422,
  "uncertainty": 0.26210414808712484
}