{
  "image": "data\\raw\\images\\train\\F_1_3_1697.jpg",
  "box": [
    1051.006591796875,
    439.4940490722656,
    1094.0,
    488.91796875
  ],
  "class": 7,
  "confidence": 0.7821362018585205,
  "uncertainty": 0.26113375282491774
}