{
  "image": "data\\raw\\images\\train\\F_1_5_174.jpg",
  "box": [
    1.1137504577636719,
    4.7017822265625,
    185.88571166992188,
    1025.0826416015625
  ],
  "class": 7,
  "confidence": 0.8432028889656067,
  "uncertainty": 0.3885628449055115
}