{
  "image": "data\\raw\\images\\train\\F_1_1_1167.jpg",
  "box": [
    720.13623046875,
    360.23931884765625,
    883.6827392578125,
    540.99609375
  ],
  "class": 5,
  "confidence": 0.8963955044746399,
  "uncertainty": 0.18950854488156388
}