{
  "image": "data\\raw\\images\\train\\F_1_4_1496.jpg",
  "box": [
    976.894775390625,
    350.78985595703125,
    1005.5771484375,
    369.1917724609375
  ],
  "class": 2,
  "confidence": 0.554008424282074,
  "uncertainty": 0.25250029132604684
}