{
  "image": "data\\raw\\images\\train\\F_1_5_1279.jpg",
  "box": [
    1329.133544921875,
    445.2164611816406,
    1495.406982421875,
    580.486572265625
  ],
  "class": 2,
  "confidence": 0.8423704504966736,
  "uncertainty": 0.15113721486678083
}