{
  "image": "data\\raw\\images\\train\\F_1_3_1697.jpg",
  "box": [
    1120.9688720703125,
    437.6880798339844,
    1160.5701904296875,
    489.7248229980469
  ],
  "class": 7,
  "confidence": 0.7718906998634338,
  "uncertainty": 0.26170105725955645
}