{
  "image": "data\\raw\\images\\train\\F_1_2_492.jpg",
  "box": [
    1268.30859375,
    487.79388427734375,
    1311.0113525390625,
    522.2642211914062
  ],
  "class": 7,
  "confidence": 0.4399409890174866,
  "uncertainty": 0.38950080817336746
}