{
  "image": "data\\raw\\images\\train\\F_1_3_813.jpg",
  "box": [
    1185.82958984375,
    488.5434265136719,
    1242.210693359375,
    539.072509765625
  ],
  "class": 7,
  "confidence": 0.7447966933250427,
  "uncertainty": 0.25917854981643196
}