{
  "image": "data\\raw\\images\\train\\F_1_1_171.jpg",
  "box": [
    1422.632568359375,
    403.4231872558594,
    1472.5128173828125,
    453.7975158691406
  ],
  "class": 7,
  "confidence": 0.2710931897163391,
  "uncertainty": 0.4427806498973663
}