{
  "image": "data\\raw\\images\\train\\F_1_4_1193.jpg",
  "box": [
    1138.440185546875,
    457.94403076171875,
    1245.6024169921875,
    552.7234497070312
  ],
  "class": 2,
  "confidence": 0.7170937061309814,
  "uncertainty": 0.20315648503112094
}