{
  "image": "data\\raw\\images\\train\\F_1_1_495.jpg",
  "box": [
    996.1122436523438,
    396.8866882324219,
    1077.896240234375,
    499.7414245605469
  ],
  "class": 7,
  "confidence": 0.4049561321735382,
  "uncertainty": 0.45580973927726587
}