{
  "image": "data\\raw\\images\\train\\F_1_3_268.jpg",
  "box": [
    1146.3936767578125,
    432.6357421875,
    1196.6575927734375,
    491.011962890625
  ],
  "class": 7,
  "confidence": 0.7041488289833069,
  "uncertainty": 0.28049678330613353
}