{
  "image": "data\\raw\\images\\train\\F_1_2_609.jpg",
  "box": [
    1177.142822265625,
    465.6131286621094,
    1213.218994140625,
    497.4698181152344
  ],
  "class": 2,
  "confidence": 0.4712317883968353,
  "uncertainty": 0.2915752225848665
}