{
  "image": "data\\raw\\images\\train\\F_1_3_1606.jpg",
  "box": [
    904.6119384765625,
    471.7535705566406,
    958.8653564453125,
    507.5148010253906
  ],
  "class": 7,
  "confidence": 0.4104924499988556,
  "uncertainty": 0.41625914168910283
}