{
  "image": "data\\raw\\images\\train\\F_1_4_247.jpg",
  "box": [
    1259.7255859375,
    426.14324951171875,
    1290.612060546875,
    462.44598388671875
  ],
  "class": 7,
  "confidence": 0.5322824120521545,
  "uncertainty": 0.3674923778780541
}