{
  "image": "data\\raw\\images\\train\\F_1_3_912.jpg",
  "box": [
    701.895751953125,
    378.4882507324219,
    880.8176879882812,
    560.4636840820312
  ],
  "class": 7,
  "confidence": 0.9201195240020752,
  "uncertainty": 0.19863688529324103
}