{
  "image": "data\\raw\\images\\train\\F_1_5_1310.jpg",
  "box": [
    1356.98193359375,
    439.7980041503906,
    1488.266845703125,
    561.9952392578125
  ],
  "class": 7,
  "confidence": 0.8035982847213745,
  "uncertainty": 0.25069660409479316
}