{
  "image": "data\\raw\\images\\train\\F_1_3_1101.jpg",
  "box": [
    1187.337890625,
    463.00140380859375,
    1229.7388916015625,
    509.00372314453125
  ],
  "class": 7,
  "confidence": 0.7986747026443481,
  "uncertainty": 0.2567980261207863
}