{
  "image": "data\\raw\\images\\train\\F_1_5_1408.jpg",
  "box": [
    1115.82666015625,
    464.1123046875,
    1168.0361328125,
    528.0243530273438
  ],
  "class": 7,
  "confidence": 0.45480602979660034,
  "uncertainty": 0.3835535481465831
}