{
  "image": "data\\raw\\images\\train\\F_1_5_608.jpg",
  "box": [
    749.0565185546875,
    431.9497375488281,
    813.741455078125,
    516.2525634765625
  ],
  "class": 7,
  "confidence": 0.8470412492752075,
  "uncertainty": 0.2220127986060551
}