{
  "image": "data\\raw\\images\\train\\F_1_2_183.jpg",
  "box": [
    1240.0589599609375,
    411.63665771484375,
    1270.3021240234375,
    441.9481201171875
  ],
  "class": 7,
  "confidence": 0.3837946653366089,
  "uncertainty": 0.3798040890467209
}