{
  "image": "data\\raw\\images\\train\\F_1_1_1134.jpg",
  "box": [
    1198.9346923828125,
    445.71478271484375,
    1503.0208740234375,
    706.1077880859375
  ],
  "class": 2,
  "confidence": 0.44693100452423096,
  "uncertainty": 0.3232075559465347
}