{
  "image": "data\\raw\\images\\train\\F_1_5_274.jpg",
  "box": [
    978.093017578125,
    434.4722900390625,
    1096.0447998046875,
    534.5853271484375
  ],
  "class": 2,
  "confidence": 0.7994340658187866,
  "uncertainty": 0.16608632674399476
}