{
  "image": "data\\raw\\images\\train\\F_1_4_1523.jpg",
  "box": [
    480.6416931152344,
    356.76177978515625,
    707.28125,
    572.1743774414062
  ],
  "class": 7,
  "confidence": 0.8977422714233398,
  "uncertainty": 0.20791456117948104
}