{
  "image": "data\\raw\\images\\train\\F_1_5_91.jpg",
  "box": [
    1066.895263671875,
    411.547119140625,
    1140.247802734375,
    485.4345703125
  ],
  "class": 7,
  "confidence": 0.5052707195281982,
  "uncertainty": 0.4280277846792357
}