{
  "image": "data\\raw\\images\\train\\F_1_5_49.jpg",
  "box": [
    0.18572616577148438,
    445.606201171875,
    126.76782989501953,
    548.5477294921875
  ],
  "class": 2,
  "confidence": 0.8926090598106384,
  "uncertainty": 0.12785829684868105
}