{
  "image": "data\\raw\\images\\train\\F_1_4_973.jpg",
  "box": [
    1257.932861328125,
    488.139404296875,
    1343.054931640625,
    558.372802734375
  ],
  "class": 2,
  "confidence": 0.4724855124950409,
  "uncertainty": 0.29709506931502144
}