{
  "image": "data\\raw\\images\\train\\F_1_5_154.jpg",
  "box": [
    0.4994659423828125,
    449.0660705566406,
    649.1470947265625,
    957.1869506835938
  ],
  "class": 2,
  "confidence": 0.9198335409164429,
  "uncertainty": 0.12903647726673326
}