{
  "image": "data\\raw\\images\\train\\F_1_3_422.jpg",
  "box": [
    998.8141479492188,
    403.02783203125,
    1059.138916015625,
    464.44073486328125
  ],
  "class": 7,
  "confidence": 0.43246525526046753,
  "uncertainty": 0.3867445287307694
}