{
  "image": "data\\raw\\images\\train\\F_1_1_550.jpg",
  "box": [
    1373.257568359375,
    470.1603698730469,
    1493.68115234375,
    573.6234741210938
  ],
  "class": 2,
  "confidence": 0.8790990710258484,
  "uncertainty": 0.13413987232603292
}