{
  "image": "data\\raw\\images\\train\\F_1_5_1050.jpg",
  "box": [
    1382.7601318359375,
    469.071533203125,
    1416.4647216796875,
    507.49822998046875
  ],
  "class": 7,
  "confidence": 0.4495790898799896,
  "uncertainty": 0.37895327335611234
}