{
  "image": "data\\raw\\images\\train\\F_1_5_270.jpg",
  "box": [
    915.0939331054688,
    418.99176025390625,
    932.2300415039062,
    440.33978271484375
  ],
  "class": 2,
  "confidence": 0.27082377672195435,
  "uncertainty": 0.38272036945026383
}