{
  "image": "data\\raw\\images\\train\\F_1_5_470.jpg",
  "box": [
    1300.385498046875,
    475.870361328125,
    1381.15087890625,
    550.022216796875
  ],
  "class": 2,
  "confidence": 0.5011086463928223,
  "uncertainty": 0.2923057319070407
}