{
  "image": "data\\raw\\images\\train\\F_1_1_934.jpg",
  "box": [
    1189.9326171875,
    425.6342468261719,
    1230.678466796875,
    460.08892822265625
  ],
  "class": 2,
  "confidence": 0.6794314980506897,
  "uncertainty": 0.21390406669776393
}