{
  "image": "data\\raw\\images\\train\\F_1_5_1276.jpg",
  "box": [
    1394.05517578125,
    450.18585205078125,
    1630.080322265625,
    639.2623901367188
  ],
  "class": 2,
  "confidence": 0.8871337175369263,
  "uncertainty": 0.13633329173117717
}