{
  "image": "data\\raw\\images\\train\\F_1_5_590.jpg",
  "box": [
    489.0453186035156,
    470.5013122558594,
    545.5128173828125,
    499.9375305175781
  ],
  "class": 2,
  "confidence": 0.3837193250656128,
  "uncertainty": 0.3220515748522817
}