{
  "image": "data\\raw\\images\\train\\F_1_5_1209.jpg",
  "box": [
    1152.877685546875,
    462.39385986328125,
    1223.274658203125,
    524.5761108398438
  ],
  "class": 2,
  "confidence": 0.6662680506706238,
  "uncertainty": 0.22402057825088265
}