{
  "image": "data\\raw\\images\\train\\F_1_5_470.jpg",
  "box": [
    1055.8021240234375,
    469.8546142578125,
    1143.0826416015625,
    530.9260864257812
  ],
  "class": 7,
  "confidence": 0.3902053236961365,
  "uncertainty": 0.4299391934084921
}