{
  "image": "data\\raw\\images\\train\\F_1_5_343.jpg",
  "box": [
    995.860107421875,
    467.3038330078125,
    1092.283447265625,
    539.8265991210938
  ],
  "class": 2,
  "confidence": 0.8021256923675537,
  "uncertainty": 0.16030208356889147
}