{
  "image": "data\\raw\\images\\train\\F_1_3_441.jpg",
  "box": [
    1123.431640625,
    496.58441162109375,
    1155.646484375,
    533.37939453125
  ],
  "class": 7,
  "confidence": 0.5718978643417358,
  "uncertainty": 0.35460288256707495
}