{
  "image": "data\\raw\\images\\train\\F_1_2_184.jpg",
  "box": [
    1114.705322265625,
    383.89837646484375,
    1163.7813720703125,
    477.79852294921875
  ],
  "class": 7,
  "confidence": 0.6484152674674988,
  "uncertainty": 0.31567173740797466
}