{
  "image": "data\\raw\\images\\train\\F_1_2_881.jpg",
  "box": [
    152.18174743652344,
    273.9011535644531,
    583.21533203125,
    643.2515869140625
  ],
  "class": 7,
  "confidence": 0.9289153218269348,
  "uncertainty": 0.20190729122891932
}