{
  "image": "data\\raw\\images\\train\\F_1_1_758.jpg",
  "box": [
    1150.2301025390625,
    474.2686767578125,
    1200.093017578125,
    519.5962524414062
  ],
  "class": 2,
  "confidence": 0.7099349498748779,
  "uncertainty": 0.19557861165822
}