{
  "image": "data\\raw\\images\\train\\F_1_5_44.jpg",
  "box": [
    1026.57177734375,
    444.186767578125,
    1073.00341796875,
    508.65435791015625
  ],
  "class": 7,
  "confidence": 0.5599455237388611,
  "uncertainty": 0.34772937815522903
}