{
  "image": "data\\raw\\images\\train\\F_1_2_609.jpg",
  "box": [
    1090.902099609375,
    431.96923828125,
    1162.115478515625,
    488.042724609375
  ],
  "class": 7,
  "confidence": 0.3237297236919403,
  "uncertainty": 0.4802154796398437
}