{
  "image": "data\\raw\\images\\train\\F_1_5_343.jpg",
  "box": [
    269.7779541015625,
    352.74395751953125,
    539.5040893554688,
    598.1875610351562
  ],
  "class": 7,
  "confidence": 0.8886799216270447,
  "uncertainty": 0.2129004482830118
}