{
  "image": "data\\raw\\images\\train\\F_1_5_1082.jpg",
  "box": [
    959.5762939453125,
    384.4633483886719,
    1074.24072265625,
    530.8587646484375
  ],
  "class": 7,
  "confidence": 0.9065442085266113,
  "uncertainty": 0.1903378330343506
}