{
  "image": "data\\raw\\images\\train\\F_1_2_492.jpg",
  "box": [
    1268.796630859375,
    487.27642822265625,
    1310.480224609375,
    522.3365478515625
  ],
  "class": 2,
  "confidence": 0.4861866533756256,
  "uncertainty": 0.2813465316395546
}