{
  "image": "data\\raw\\images\\train\\F_1_5_603.jpg",
  "box": [
    933.19140625,
    468.83074951171875,
    1025.1226806640625,
    545.3973999023438
  ],
  "class": 2,
  "confidence": 0.6527481079101562,
  "uncertainty": 0.22826786968666463
}