{
  "image": "data\\raw\\images\\train\\F_1_1_1167.jpg",
  "box": [
    1.311309814453125,
    66.79220581054688,
    498.797119140625,
    661.040283203125
  ],
  "class": 7,
  "confidence": 0.9550559520721436,
  "uncertainty": 0.1876336677781159
}