{
  "image": "data\\raw\\images\\train\\F_1_1_758.jpg",
  "box": [
    1004.3045654296875,
    428.28424072265625,
    1065.6676025390625,
    512.2181396484375
  ],
  "class": 7,
  "confidence": 0.43248677253723145,
  "uncertainty": 0.3996293952044957
}