{
  "image": "data\\raw\\images\\train\\F_1_3_1101.jpg",
  "box": [
    1262.626953125,
    467.11260986328125,
    1299.147705078125,
    500.78582763671875
  ],
  "class": 7,
  "confidence": 0.642137348651886,
  "uncertainty": 0.3116666780652964
}