{
  "image": "data\\raw\\images\\train\\F_1_1_550.jpg",
  "box": [
    1089.732421875,
    430.54193115234375,
    1139.126953125,
    496.82135009765625
  ],
  "class": 7,
  "confidence": 0.7197204232215881,
  "uncertainty": 0.272233221384437
}