{
  "image": "data\\raw\\images\\train\\F_1_2_1174.jpg",
  "box": [
    1172.9344482421875,
    466.14019775390625,
    1199.7484130859375,
    492.3544921875
  ],
  "class": 2,
  "confidence": 0.36561018228530884,
  "uncertainty": 0.3365098156479985
}