{
  "image": "data\\raw\\images\\train\\F_1_4_1530.jpg",
  "box": [
    660.60205078125,
    258.00909423828125,
    906.64013671875,
    578.1231689453125
  ],
  "class": 7,
  "confidence": 0.9450274705886841,
  "uncertainty": 0.17682771008114184
}