{
  "image": "data\\raw\\images\\train\\F_1_5_1075.jpg",
  "box": [
    1107.5482177734375,
    411.9460144042969,
    1186.7120361328125,
    513.3636474609375
  ],
  "class": 7,
  "confidence": 0.8485016226768494,
  "uncertainty": 0.21632149900372155
}