{
  "image": "data\\raw\\images\\train\\F_1_1_1021.jpg",
  "box": [
    1.7684097290039062,
    3.9627685546875,
    374.796630859375,
    922.399658203125
  ],
  "class": 7,
  "confidence": 0.8876783847808838,
  "uncertainty": 0.18389766302008564
}