{
  "image": "data\\raw\\images\\train\\F_1_3_399.jpg",
  "box": [
    1326.6114501953125,
    400.4964294433594,
    1353.4254150390625,
    422.9198913574219
  ],
  "class": 7,
  "confidence": 0.2500852048397064,
  "uncertainty": 0.46406211405249376
}