{
  "image": "data\\raw\\images\\train\\F_1_3_795.jpg",
  "box": [
    1005.4266357421875,
    351.3728942871094,
    1098.6434326171875,
    461.0490417480469
  ],
  "class": 7,
  "confidence": 0.9020635485649109,
  "uncertainty": 0.19874270711240666
}