{
  "image": "data\\raw\\images\\train\\F_1_5_434.jpg",
  "box": [
    589.2340087890625,
    461.5390319824219,
    700.9437255859375,
    541.1558837890625
  ],
  "class": 2,
  "confidence": 0.8289548754692078,
  "uncertainty": 0.14864135312419505
}