{
  "image": "data\\raw\\images\\train\\F_1_4_746.jpg",
  "box": [
    1389.77490234375,
    471.04193115234375,
    1508.5426025390625,
    565.1500854492188
  ],
  "class": 2,
  "confidence": 0.8708705306053162,
  "uncertainty": 0.14150130105452335
}