{
  "image": "data\\raw\\images\\train\\F_1_5_603.jpg",
  "box": [
    1114.641845703125,
    458.2997131347656,
    1168.97412109375,
    515.53076171875
  ],
  "class": 7,
  "confidence": 0.3575316071510315,
  "uncertainty": 0.4495339277428472
}