{
  "image": "data\\raw\\images\\train\\F_1_5_1220.jpg",
  "box": [
    1364.0166015625,
    449.90240478515625,
    1544.293701171875,
    598.406982421875
  ],
  "class": 2,
  "confidence": 0.8862877488136292,
  "uncertainty": 0.13240802039918564
}