{
  "image": "data\\raw\\images\\train\\F_1_2_750.jpg",
  "box": [
    1.8841094970703125,
    22.951904296875,
    328.3739013671875,
    1028.220947265625
  ],
  "class": 7,
  "confidence": 0.872384250164032,
  "uncertainty": 0.2133228850284113
}