{
  "image": "data\\raw\\images\\train\\F_1_5_1235.jpg",
  "box": [
    1064.2142333984375,
    467.5361022949219,
    1285.5767822265625,
    658.632568359375
  ],
  "class": 2,
  "confidence": 0.8979904055595398,
  "uncertainty": 0.1415843552805735
}