{
  "image": "data\\raw\\images\\train\\F_1_3_498.jpg",
  "box": [
    1224.771484375,
    450.7297668457031,
    1305.3153076171875,
    525.455322265625
  ],
  "class": 7,
  "confidence": 0.6450456976890564,
  "uncertainty": 0.32116680475916803
}