{
  "image": "data\\raw\\images\\train\\F_1_3_389.jpg",
  "box": [
    1123.412353515625,
    438.96331787109375,
    1144.5986328125,
    458.8260498046875
  ],
  "class": 2,
  "confidence": 0.31797200441360474,
  "uncertainty": 0.3470178786505753
}