{
  "image": "data\\raw\\images\\train\\F_1_3_593.jpg",
  "box": [
    1259.28857421875,
    462.1476745605469,
    1286.620849609375,
    482.540771484375
  ],
  "class": 2,
  "confidence": 0.605962336063385,
  "uncertainty": 0.21692680340203144
}