{
  "image": "data\\raw\\images\\train\\F_1_5_146.jpg",
  "box": [
    1106.49072265625,
    382.1600646972656,
    1153.406005859375,
    440.8977355957031
  ],
  "class": 7,
  "confidence": 0.6054598689079285,
  "uncertainty": 0.3213934476311637
}