{
  "image": "data\\raw\\images\\train\\F_1_4_710.jpg",
  "box": [
    1189.7916259765625,
    408.40374755859375,
    1214.93798828125,
    447.81097412109375
  ],
  "class": 7,
  "confidence": 0.28292250633239746,
  "uncertainty": 0.48226177041133905
}