{
  "image": "data\\raw\\images\\train\\F_1_2_577.jpg",
  "box": [
    1488.3631591796875,
    446.98919677734375,
    1827.352294921875,
    713.60302734375
  ],
  "class": 2,
  "confidence": 0.8541689515113831,
  "uncertainty": 0.15418882064514008
}