{
  "image": "data\\raw\\images\\train\\F_1_1_430.jpg",
  "box": [
    1080.0311279296875,
    411.6624755859375,
    1121.0224609375,
    474.513427734375
  ],
  "class": 7,
  "confidence": 0.7389937043190002,
  "uncertainty": 0.26353737775118774
}