{
  "image": "data\\raw\\images\\train\\F_1_1_934.jpg",
  "box": [
    1401.380615234375,
    428.04071044921875,
    1884.9619140625,
    806.06689453125
  ],
  "class": 2,
  "confidence": 0.9300838708877563,
  "uncertainty": 0.12674130455729427
}