{
  "image": "data\\raw\\images\\train\\F_1_3_399.jpg",
  "box": [
    980.7064819335938,
    393.3893737792969,
    1080.642822265625,
    527.2867431640625
  ],
  "class": 7,
  "confidence": 0.8749911189079285,
  "uncertainty": 0.20467403152143565
}