{
  "image": "data\\raw\\images\\train\\F_1_5_1521.jpg",
  "box": [
    535.8182373046875,
    174.4438018798828,
    797.1981201171875,
    504.2194519042969
  ],
  "class": 7,
  "confidence": 0.8655245900154114,
  "uncertainty": 0.24837360002143266
}