{
  "image": "data\\raw\\images\\train\\F_1_4_928.jpg",
  "box": [
    1160.092529296875,
    464.6043701171875,
    1245.984375,
    538.5993041992188
  ],
  "class": 2,
  "confidence": 0.7416517734527588,
  "uncertainty": 0.19237334359984945
}