{
  "image": "data\\raw\\images\\train\\F_1_5_38.jpg",
  "box": [
    1325.3758544921875,
    463.6522216796875,
    1444.9609375,
    562.1934204101562
  ],
  "class": 2,
  "confidence": 0.7877638339996338,
  "uncertainty": 0.17316214167476654
}