{
  "image": "data\\raw\\images\\train\\F_1_3_709.jpg",
  "box": [
    679.7442626953125,
    446.2350769042969,
    727.1277465820312,
    488.4901428222656
  ],
  "class": 2,
  "confidence": 0.5789871215820312,
  "uncertainty": 0.2441844935627789
}