{
  "image": "data\\raw\\images\\train\\F_1_2_1970.jpg",
  "box": [
    803.3250732421875,
    257.201171875,
    1044.576904296875,
    564.0126953125
  ],
  "class": 7,
  "confidence": 0.9467639327049255,
  "uncertainty": 0.17599772769948602
}