{
  "image": "data\\raw\\images\\train\\F_1_5_225.jpg",
  "box": [
    1155.67626953125,
    468.143310546875,
    1298.512451171875,
    578.8058471679688
  ],
  "class": 2,
  "confidence": 0.8533511161804199,
  "uncertainty": 0.15939413666761065
}