{
  "image": "data\\raw\\images\\train\\F_1_5_470.jpg",
  "box": [
    249.08949279785156,
    153.4984130859375,
    716.711669921875,
    618.03369140625
  ],
  "class": 7,
  "confidence": 0.9536245465278625,
  "uncertainty": 0.18375183701025327
}