{
  "image": "data\\raw\\images\\train\\F_1_3_1269.jpg",
  "box": [
    679.8649291992188,
    287.3914794921875,
    885.7066040039062,
    542.399658203125
  ],
  "class": 7,
  "confidence": 0.9092098474502563,
  "uncertainty": 0.19098471566748548
}