{
  "image": "data\\raw\\images\\train\\F_1_5_205.jpg",
  "box": [
    1103.304931640625,
    444.51092529296875,
    1124.8677978515625,
    464.837646484375
  ],
  "class": 2,
  "confidence": 0.26079225540161133,
  "uncertainty": 0.37385528158838655
}