{
  "image": "data\\raw\\images\\train\\F_1_5_84.jpg",
  "box": [
    1233.2398681640625,
    484.1297607421875,
    1262.3367919921875,
    513.5765991210938
  ],
  "class": 2,
  "confidence": 0.3745199143886566,
  "uncertainty": 0.384761228889559
}