{
  "image": "data\\raw\\images\\train\\F_1_4_1397.jpg",
  "box": [
    1126.828125,
    444.08203125,
    1218.005859375,
    523.4935913085938
  ],
  "class": 2,
  "confidence": 0.8274211883544922,
  "uncertainty": 0.15498308136723565
}