{
  "image": "data\\raw\\images\\train\\F_1_5_84.jpg",
  "box": [
    1123.48974609375,
    453.6581726074219,
    1169.1317138671875,
    508.2043762207031
  ],
  "class": 7,
  "confidence": 0.66334468126297,
  "uncertainty": 0.2897168662305726
}