{
  "image": "data\\raw\\images\\train\\F_1_5_541.jpg",
  "box": [
    1165.0184326171875,
    458.30364990234375,
    1192.1275634765625,
    477.29205322265625
  ],
  "class": 2,
  "confidence": 0.48117193579673767,
  "uncertainty": 0.27320815336662196
}