{
  "image": "data\\raw\\images\\train\\F_1_1_1014.jpg",
  "box": [
    1276.83740234375,
    483.7094421386719,
    1355.4295654296875,
    547.701904296875
  ],
  "class": 2,
  "confidence": 0.8371055722236633,
  "uncertainty": 0.15505166813383225
}