{
  "image": "data\\raw\\images\\train\\F_1_3_709.jpg",
  "box": [
    738.7254638671875,
    453.2725524902344,
    759.9248657226562,
    468.8396301269531
  ],
  "class": 2,
  "confidence": 0.47982358932495117,
  "uncertainty": 0.2885069360620325
}