{
  "image": "data\\raw\\images\\train\\F_1_3_1706.jpg",
  "box": [
    714.4296875,
    401.4352111816406,
    813.8336181640625,
    523.0264892578125
  ],
  "class": 5,
  "confidence": 0.45307305455207825,
  "uncertainty": 0.3738913626759199
}