{
  "image": "data\\raw\\images\\train\\F_1_5_1374.jpg",
  "box": [
    1137.744384765625,
    404.30108642578125,
    1205.824462890625,
    501.6497497558594
  ],
  "class": 7,
  "confidence": 0.8388136625289917,
  "uncertainty": 0.23085760549251705
}