{
  "image": "data\\raw\\images\\train\\F_1_5_154.jpg",
  "box": [
    1096.70361328125,
    385.19732666015625,
    1139.72900390625,
    459.56158447265625
  ],
  "class": 7,
  "confidence": 0.6681780219078064,
  "uncertainty": 0.2972888376645755
}