{
  "image": "data\\raw\\images\\train\\F_1_5_34.jpg",
  "box": [
    831.1439208984375,
    407.3108825683594,
    960.1578369140625,
    581.7694702148438
  ],
  "class": 7,
  "confidence": 0.8910690546035767,
  "uncertainty": 0.2119616986730917
}