{
  "image": "data\\raw\\images\\train\\F_1_5_1075.jpg",
  "box": [
    653.5607299804688,
    291.4549255371094,
    897.317138671875,
    572.5739135742188
  ],
  "class": 7,
  "confidence": 0.9456907510757446,
  "uncertainty": 0.17405679727698783
}