{
  "image": "data\\raw\\images\\train\\F_1_5_1521.jpg",
  "box": [
    1528.9072265625,
    273.13677978515625,
    1618.733642578125,
    394.57598876953125
  ],
  "class": 7,
  "confidence": 0.6842617988586426,
  "uncertainty": 0.3046258631417225
}