{
  "image": "data\\raw\\images\\train\\F_1_3_76.jpg",
  "box": [
    1418.5576171875,
    472.6749572753906,
    1445.57861328125,
    494.2620849609375
  ],
  "class": 2,
  "confidence": 0.569613516330719,
  "uncertainty": 0.24788333479647717
}