{
  "image": "data\\raw\\images\\train\\F_1_4_973.jpg",
  "box": [
    1047.39599609375,
    509.916748046875,
    1081.4432373046875,
    540.483642578125
  ],
  "class": 2,
  "confidence": 0.6540710926055908,
  "uncertainty": 0.21559431480256155
}