{
  "image": "data\\raw\\images\\train\\F_1_5_63.jpg",
  "box": [
    878.1300659179688,
    415.079345703125,
    968.8987426757812,
    518.8640747070312
  ],
  "class": 7,
  "confidence": 0.8456529974937439,
  "uncertainty": 0.2516061561533204
}