{
  "image": "data\\raw\\images\\train\\F_1_5_1405.jpg",
  "box": [
    48.95512390136719,
    256.982666015625,
    613.50048828125,
    666.3343505859375
  ],
  "class": 7,
  "confidence": 0.962085485458374,
  "uncertainty": 0.1449497288751554
}