{
  "image": "data\\raw\\images\\train\\F_1_5_1482.jpg",
  "box": [
    1535.864013671875,
    420.4734191894531,
    1581.6741943359375,
    450.26531982421875
  ],
  "class": 7,
  "confidence": 0.26717397570610046,
  "uncertainty": 0.44238044552059624
}