{
  "image": "data\\raw\\images\\train\\F_1_5_1398.jpg",
  "box": [
    666.88671875,
    358.7860107421875,
    908.1699829101562,
    575.4478759765625
  ],
  "class": 7,
  "confidence": 0.9133567214012146,
  "uncertainty": 0.20148232289082907
}