{
  "image": "data\\raw\\images\\train\\F_1_5_1097.jpg",
  "box": [
    1084.330078125,
    455.2607116699219,
    1313.7176513671875,
    658.6024169921875
  ],
  "class": 2,
  "confidence": 0.9096137285232544,
  "uncertainty": 0.1383011322067412
}