{
  "image": "data\\raw\\images\\train\\F_1_3_1400.jpg",
  "box": [
    1144.65185546875,
    441.0744323730469,
    1251.5538330078125,
    544.4853515625
  ],
  "class": 7,
  "confidence": 0.7886719107627869,
  "uncertainty": 0.27104208601450036
}