{
  "image": "data\\raw\\images\\train\\F_1_4_788.jpg",
  "box": [
    1192.171630859375,
    453.66448974609375,
    1266.5257568359375,
    512.7843017578125
  ],
  "class": 2,
  "confidence": 0.8152995109558105,
  "uncertainty": 0.1561282644831895
}