{
  "image": "data\\raw\\images\\train\\F_1_2_1268.jpg",
  "box": [
    1294.327880859375,
    446.4683532714844,
    1571.451416015625,
    671.4234619140625
  ],
  "class": 2,
  "confidence": 0.8982429504394531,
  "uncertainty": 0.13579098138128512
}