{
  "image": "data\\raw\\images\\train\\F_1_5_128.jpg",
  "box": [
    1286.2943115234375,
    453.20770263671875,
    1336.1795654296875,
    509.5606689453125
  ],
  "class": 7,
  "confidence": 0.42929476499557495,
  "uncertainty": 0.4743418013709541
}