{
  "image": "data\\raw\\images\\train\\F_1_3_389.jpg",
  "box": [
    1161.926025390625,
    472.2548828125,
    1193.0556640625,
    502.2056884765625
  ],
  "class": 2,
  "confidence": 0.506648600101471,
  "uncertainty": 0.26739729432899345
}