{
  "image": "data\\raw\\images\\train\\F_1_3_1562.jpg",
  "box": [
    954.8756103515625,
    463.2181091308594,
    1383.076904296875,
    822.193115234375
  ],
  "class": 2,
  "confidence": 0.9248641133308411,
  "uncertainty": 0.13324826121960393
}