{
  "image": "data\\raw\\images\\train\\F_1_5_1290.jpg",
  "box": [
    1214.554931640625,
    461.4034423828125,
    1287.835205078125,
    524.018798828125
  ],
  "class": 2,
  "confidence": 0.8045361638069153,
  "uncertainty": 0.1650459992280276
}