{
  "image": "data\\raw\\images\\train\\F_1_1_831.jpg",
  "box": [
    1031.3848876953125,
    409.2062072753906,
    1070.0191650390625,
    463.5641784667969
  ],
  "class": 7,
  "confidence": 0.5072095394134521,
  "uncertainty": 0.3518586232869177
}