{
  "image": "data\\raw\\images\\train\\F_1_4_1530.jpg",
  "box": [
    902.66015625,
    400.94952392578125,
    1008.77197265625,
    534.6044311523438
  ],
  "class": 7,
  "confidence": 0.8727102875709534,
  "uncertainty": 0.21713690748356262
}