{
  "image": "data\\raw\\images\\train\\F_1_4_788.jpg",
  "box": [
    1411.149169921875,
    428.452880859375,
    1450.6025390625,
    466.95538330078125
  ],
  "class": 2,
  "confidence": 0.41766273975372314,
  "uncertainty": 0.3173402162135598
}