{
  "image": "data\\raw\\images\\train\\F_1_3_1729.jpg",
  "box": [
    1377.900146484375,
    466.53131103515625,
    1519.058349609375,
    581.694580078125
  ],
  "class": 2,
  "confidence": 0.8630775213241577,
  "uncertainty": 0.14604823290801094
}