{
  "image": "data\\raw\\images\\train\\F_1_4_1236.jpg",
  "box": [
    998.0350341796875,
    465.1046447753906,
    1035.5107421875,
    496.2107849121094
  ],
  "class": 2,
  "confidence": 0.6564823985099792,
  "uncertainty": 0.21855204910505407
}