{
  "image": "data\\raw\\images\\train\\F_1_2_1613.jpg",
  "box": [
    1139.1573486328125,
    438.5965576171875,
    1184.867919921875,
    493.35443115234375
  ],
  "class": 7,
  "confidence": 0.807292103767395,
  "uncertainty": 0.24544168620727258
}