{
  "image": "data\\raw\\images\\train\\F_1_5_1522.jpg",
  "box": [
    290.8065185546875,
    212.23374938964844,
    448.1100769042969,
    462.71246337890625
  ],
  "class": 7,
  "confidence": 0.8673015236854553,
  "uncertainty": 0.21841364260784446
}