{
  "image": "data\\raw\\images\\train\\F_1_1_244.jpg",
  "box": [
    1124.2066650390625,
    444.7903747558594,
    1152.6688232421875,
    471.1841125488281
  ],
  "class": 2,
  "confidence": 0.4281831979751587,
  "uncertainty": 0.2926717897679511
}