{
  "image": "data\\raw\\images\\train\\F_1_2_609.jpg",
  "box": [
    1084.301025390625,
    434.111572265625,
    1118.505126953125,
    483.0614318847656
  ],
  "class": 7,
  "confidence": 0.2540637254714966,
  "uncertainty": 0.4672569302234061
}