{
  "image": "data\\raw\\images\\train\\F_1_2_308.jpg",
  "box": [
    1179.8551025390625,
    473.2052307128906,
    1245.6280517578125,
    529.8458251953125
  ],
  "class": 2,
  "confidence": 0.7723157405853271,
  "uncertainty": 0.17400472183754462
}