{
  "image": "data\\raw\\images\\train\\F_1_4_1523.jpg",
  "box": [
    1124.5556640625,
    481.64666748046875,
    1303.25927734375,
    630.4293823242188
  ],
  "class": 2,
  "confidence": 0.8965076804161072,
  "uncertainty": 0.1281859870275137
}