{
  "image": "data\\raw\\images\\train\\F_1_4_973.jpg",
  "box": [
    883.5467529296875,
    428.40380859375,
    972.1759033203125,
    544.9080810546875
  ],
  "class": 7,
  "confidence": 0.8713118433952332,
  "uncertainty": 0.21153528684252865
}