{
  "image": "data\\raw\\images\\train\\F_1_1_265.jpg",
  "box": [
    1043.1904296875,
    468.8577575683594,
    1103.29931640625,
    524.5361328125
  ],
  "class": 2,
  "confidence": 0.7178256511688232,
  "uncertainty": 0.19196311198831487
}