{
  "image": "data\\raw\\images\\train\\F_1_3_441.jpg",
  "box": [
    1195.058349609375,
    492.977783203125,
    1223.3310546875,
    520.83544921875
  ],
  "class": 7,
  "confidence": 0.2574194669723511,
  "uncertainty": 0.4635278292832271
}