{
  "image": "data\\raw\\images\\train\\F_1_3_1606.jpg",
  "box": [
    1118.907470703125,
    438.7667236328125,
    1173.2222900390625,
    496.0584716796875
  ],
  "class": 7,
  "confidence": 0.7439551949501038,
  "uncertainty": 0.29659558858344254
}