{
  "image": "data\\raw\\images\\train\\F_1_2_30.jpg",
  "box": [
    1259.090087890625,
    424.60089111328125,
    1287.172607421875,
    450.75787353515625
  ],
  "class": 2,
  "confidence": 0.28875964879989624,
  "uncertainty": 0.369401166748366
}