{
  "image": "data\\raw\\images\\train\\F_1_4_259.jpg",
  "box": [
    1249.44921875,
    435.762451171875,
    1282.67822265625,
    474.1849365234375
  ],
  "class": 7,
  "confidence": 0.5664834976196289,
  "uncertainty": 0.3273460155345791
}