{
  "image": "data\\raw\\images\\train\\F_1_3_1458.jpg",
  "box": [
    1239.0654296875,
    535.8619384765625,
    1271.88818359375,
    552.8201904296875
  ],
  "class": 2,
  "confidence": 0.4160529673099518,
  "uncertainty": 0.32316297479281786
}