{
  "image": "data\\raw\\images\\train\\F_1_5_1044.jpg",
  "box": [
    1236.314697265625,
    443.1535949707031,
    1268.978515625,
    478.8824157714844
  ],
  "class": 7,
  "confidence": 0.5789085030555725,
  "uncertainty": 0.32949611417895097
}