{
  "image": "data\\raw\\images\\train\\F_1_3_553.jpg",
  "box": [
    1277.93115234375,
    456.0706787109375,
    1427.2568359375,
    577.9630737304688
  ],
  "class": 2,
  "confidence": 0.8443132638931274,
  "uncertainty": 0.14562617745823817
}