{
  "image": "data\\raw\\images\\train\\F_1_3_1785.jpg",
  "box": [
    1190.721435546875,
    450.5613098144531,
    1256.409912109375,
    505.9823913574219
  ],
  "class": 2,
  "confidence": 0.8262253403663635,
  "uncertainty": 0.15950655440118583
}