{
  "image": "data\\raw\\images\\train\\F_1_1_1014.jpg",
  "box": [
    831.2366943359375,
    296.13153076171875,
    1053.72412109375,
    579.2769775390625
  ],
  "class": 7,
  "confidence": 0.9280456900596619,
  "uncertainty": 0.18300291477909675
}