{
  "image": "data\\raw\\images\\train\\F_1_2_1970.jpg",
  "box": [
    1075.4736328125,
    419.7759704589844,
    1138.440673828125,
    500.3174743652344
  ],
  "class": 7,
  "confidence": 0.6263757348060608,
  "uncertainty": 0.3150556689364647
}