{
  "image": "data\\raw\\images\\train\\F_1_5_1125.jpg",
  "box": [
    1313.2811279296875,
    440.9700927734375,
    1493.236083984375,
    607.5859985351562
  ],
  "class": 2,
  "confidence": 0.9016489386558533,
  "uncertainty": 0.12328862293247095
}