{
  "image": "data\\raw\\images\\train\\F_1_5_1095.jpg",
  "box": [
    1122.23388671875,
    425.27142333984375,
    1491.0343017578125,
    739.5487060546875
  ],
  "class": 2,
  "confidence": 0.9176071882247925,
  "uncertainty": 0.13324761074535804
}