{
  "image": "data\\raw\\images\\train\\F_1_2_293.jpg",
  "box": [
    966.109130859375,
    392.9228210449219,
    1064.64501953125,
    527.0443115234375
  ],
  "class": 7,
  "confidence": 0.869464635848999,
  "uncertainty": 0.21277054895367667
}