{
  "image": "data\\raw\\images\\train\\F_1_2_2005.jpg",
  "box": [
    150.97613525390625,
    238.28379821777344,
    835.5302734375,
    658.2604370117188
  ],
  "class": 7,
  "confidence": 0.8997181057929993,
  "uncertainty": 0.23414624924901767
}