{
  "image": "data\\raw\\images\\train\\F_1_1_934.jpg",
  "box": [
    787.1378173828125,
    330.6145935058594,
    980.74365234375,
    535.2728271484375
  ],
  "class": 7,
  "confidence": 0.7205609083175659,
  "uncertainty": 0.27693909884963447
}