{
  "image": "data\\raw\\images\\train\\F_1_2_881.jpg",
  "box": [
    1220.371337890625,
    455.4214782714844,
    1248.2353515625,
    482.50469970703125
  ],
  "class": 2,
  "confidence": 0.3085927665233612,
  "uncertainty": 0.3620684547317946
}