{
  "image": "data\\raw\\images\\train\\F_1_3_867.jpg",
  "box": [
    1185.1820068359375,
    413.83648681640625,
    1225.2880859375,
    473.0767822265625
  ],
  "class": 7,
  "confidence": 0.7877158522605896,
  "uncertainty": 0.25040766519271557
}