{
  "image": "data\\raw\\images\\train\\F_1_2_881.jpg",
  "box": [
    1168.020263671875,
    455.9647216796875,
    1195.9398193359375,
    485.71533203125
  ],
  "class": 2,
  "confidence": 0.3902064263820648,
  "uncertainty": 0.30433379716620085
}