{
  "image": "data\\raw\\images\\train\\F_1_1_1021.jpg",
  "box": [
    1025.687744140625,
    356.8717346191406,
    1293.34765625,
    681.7220458984375
  ],
  "class": 7,
  "confidence": 0.7170253992080688,
  "uncertainty": 0.3043518712297498
}