{
  "image": "data\\raw\\images\\train\\F_1_1_265.jpg",
  "box": [
    886.9775390625,
    475.7831726074219,
    991.7340087890625,
    553.0096435546875
  ],
  "class": 2,
  "confidence": 0.848831832408905,
  "uncertainty": 0.1468641170155554
}