{
  "image": "data\\raw\\images\\train\\F_1_1_516.jpg",
  "box": [
    861.2363891601562,
    446.08319091796875,
    1106.05126953125,
    667.93505859375
  ],
  "class": 2,
  "confidence": 0.9016767144203186,
  "uncertainty": 0.14071729427436352
}