{
  "image": "data\\raw\\images\\train\\F_1_5_44.jpg",
  "box": [
    1209.43798828125,
    476.70098876953125,
    1242.583740234375,
    506.10699462890625
  ],
  "class": 2,
  "confidence": 0.5330604314804077,
  "uncertainty": 0.2675813165795867
}