{
  "image": "data\\raw\\images\\train\\F_1_2_1866.jpg",
  "box": [
    1375.54150390625,
    458.5404052734375,
    1432.279052734375,
    506.7626953125
  ],
  "class": 2,
  "confidence": 0.7205232977867126,
  "uncertainty": 0.18821404451135532
}