{
  "image": "data\\raw\\images\\train\\F_1_3_553.jpg",
  "box": [
    1188.319580078125,
    458.8084716796875,
    1238.715576171875,
    499.29730224609375
  ],
  "class": 2,
  "confidence": 0.8110002875328064,
  "uncertainty": 0.16196181528959852
}