{
  "image": "data\\raw\\images\\train\\F_1_4_216.jpg",
  "box": [
    1188.6270751953125,
    442.17169189453125,
    1234.0701904296875,
    488.16888427734375
  ],
  "class": 2,
  "confidence": 0.26170021295547485,
  "uncertainty": 0.40873513405935286
}