{
  "image": "data\\raw\\images\\train\\F_1_5_274.jpg",
  "box": [
    661.2687377929688,
    406.3374938964844,
    746.9241943359375,
    514.9619140625
  ],
  "class": 7,
  "confidence": 0.6766394972801208,
  "uncertainty": 0.3056638039182262
}