{
  "image": "data\\raw\\images\\train\\F_1_5_1125.jpg",
  "box": [
    226.18075561523438,
    455.846923828125,
    264.9627685546875,
    493.54156494140625
  ],
  "class": 2,
  "confidence": 0.3788890242576599,
  "uncertainty": 0.31104328743824844
}