{
  "image": "data\\raw\\images\\train\\F_1_5_1044.jpg",
  "box": [
    774.768310546875,
    444.00494384765625,
    855.7408447265625,
    516.2369384765625
  ],
  "class": 2,
  "confidence": 0.8645301461219788,
  "uncertainty": 0.14159902927706008
}