{
  "image": "data\\raw\\images\\train\\F_1_5_1463.jpg",
  "box": [
    467.4482116699219,
    297.87530517578125,
    808.066162109375,
    680.43701171875
  ],
  "class": 7,
  "confidence": 0.9268784523010254,
  "uncertainty": 0.2018424812931049
}