{
  "image": "data\\raw\\images\\train\\F_1_5_552.jpg",
  "box": [
    1121.4700927734375,
    469.3421630859375,
    1144.3348388671875,
    490.06219482421875
  ],
  "class": 2,
  "confidence": 0.43285852670669556,
  "uncertainty": 0.30577108348040716
}