{
  "image": "data\\raw\\images\\train\\F_1_1_431.jpg",
  "box": [
    1.4449310302734375,
    5.348236083984375,
    488.11309814453125,
    842.58056640625
  ],
  "class": 7,
  "confidence": 0.9527299404144287,
  "uncertainty": 0.15017790038053258
}