{
  "image": "data\\raw\\images\\train\\F_1_5_1260.jpg",
  "box": [
    1026.0076904296875,
    426.3500061035156,
    1089.610595703125,
    507.9108581542969
  ],
  "class": 7,
  "confidence": 0.8555885553359985,
  "uncertainty": 0.22997544079507787
}