{
  "image": "data\\raw\\images\\train\\F_1_1_942.jpg",
  "box": [
    1068.115966796875,
    455.76123046875,
    1197.0478515625,
    560.5107421875
  ],
  "class": 2,
  "confidence": 0.8807458877563477,
  "uncertainty": 0.1341157345667012
}