{
  "image": "data\\raw\\images\\train\\F_1_5_1182.jpg",
  "box": [
    1191.5789794921875,
    456.93017578125,
    1226.109375,
    478.9599609375
  ],
  "class": 2,
  "confidence": 0.31791844964027405,
  "uncertainty": 0.36223758967642244
}