{
  "image": "data\\raw\\images\\train\\F_1_3_268.jpg",
  "box": [
    973.1156616210938,
    318.90679931640625,
    1125.7626953125,
    552.900390625
  ],
  "class": 7,
  "confidence": 0.9046324491500854,
  "uncertainty": 0.19629787690713854
}