{
  "image": "data\\raw\\images\\train\\F_1_4_826.jpg",
  "box": [
    1488.623779296875,
    476.2788391113281,
    1811.422607421875,
    710.832763671875
  ],
  "class": 2,
  "confidence": 0.6638466715812683,
  "uncertainty": 0.2264086648225113
}