{
  "image": "data\\raw\\images\\train\\F_1_5_63.jpg",
  "box": [
    1.6240310668945312,
    5.07843017578125,
    302.09393310546875,
    1063.218505859375
  ],
  "class": 7,
  "confidence": 0.9437581896781921,
  "uncertainty": 0.2512896156775398
}