{
  "image": "data\\raw\\images\\train\\F_1_3_229.jpg",
  "box": [
    1245.688232421875,
    428.6566162109375,
    1266.7059326171875,
    453.02789306640625
  ],
  "class": 2,
  "confidence": 0.270068496465683,
  "uncertainty": 0.3900383632126029
}