{
  "image": "data\\raw\\images\\train\\F_1_5_1125.jpg",
  "box": [
    1144.264892578125,
    449.47393798828125,
    1197.441650390625,
    482.80828857421875
  ],
  "class": 2,
  "confidence": 0.3107959032058716,
  "uncertainty": 0.3611826237235409
}