{
  "image": "data\\raw\\images\\train\\F_1_5_552.jpg",
  "box": [
    385.336669921875,
    458.0328369140625,
    460.5621643066406,
    537.3499145507812
  ],
  "class": 7,
  "confidence": 0.4187226891517639,
  "uncertainty": 0.41668637492870586
}