{
  "image": "data\\raw\\images\\train\\F_1_3_1606.jpg",
  "box": [
    1250.732666015625,
    466.8977966308594,
    1293.63232421875,
    502.6103210449219
  ],
  "class": 2,
  "confidence": 0.6200016736984253,
  "uncertainty": 0.2346882273533175
}