{
  "image": "data\\raw\\images\\train\\F_1_3_422.jpg",
  "box": [
    1.383453369140625,
    3.185577392578125,
    681.1700439453125,
    930.158447265625
  ],
  "class": 7,
  "confidence": 0.9675890207290649,
  "uncertainty": 0.13418295134845237
}