{
  "image": "data\\raw\\images\\train\\F_1_2_1815.jpg",
  "box": [
    1192.9482421875,
    427.0502014160156,
    1249.14697265625,
    503.5626525878906
  ],
  "class": 7,
  "confidence": 0.8368655443191528,
  "uncertainty": 0.21727862478858367
}