{
  "image": "data\\raw\\images\\train\\F_1_4_479.jpg",
  "box": [
    1081.970458984375,
    418.2728576660156,
    1136.5614013671875,
    487.0716247558594
  ],
  "class": 7,
  "confidence": 0.8335492610931396,
  "uncertainty": 0.2322939324792503
}