{
  "image": "data\\raw\\images\\train\\F_1_1_610.jpg",
  "box": [
    1215.6336669921875,
    332.66021728515625,
    1390.876953125,
    562.9146728515625
  ],
  "class": 7,
  "confidence": 0.9276300668716431,
  "uncertainty": 0.18661996238441725
}