{
  "image": "data\\raw\\images\\train\\F_1_5_1276.jpg",
  "box": [
    1089.6895751953125,
    446.2978820800781,
    1126.943115234375,
    488.0957336425781
  ],
  "class": 7,
  "confidence": 0.4835948348045349,
  "uncertainty": 0.35923671778113675
}