{
  "image": "data\\raw\\images\\train\\F_1_1_431.jpg",
  "box": [
    778.4690551757812,
    460.83233642578125,
    1032.779296875,
    699.1755981445312
  ],
  "class": 2,
  "confidence": 0.9187149405479431,
  "uncertainty": 0.12381389077528174
}