{
  "image": "data\\raw\\images\\train\\F_1_4_1193.jpg",
  "box": [
    821.0665283203125,
    286.7810363769531,
    1021.335205078125,
    559.4888305664062
  ],
  "class": 7,
  "confidence": 0.9377473592758179,
  "uncertainty": 0.17804685335487083
}