{
  "image": "data\\raw\\images\\train\\F_1_1_244.jpg",
  "box": [
    1049.1275634765625,
    449.32269287109375,
    1094.4432373046875,
    485.5506591796875
  ],
  "class": 2,
  "confidence": 0.6679307818412781,
  "uncertainty": 0.21184631900973327
}