{
  "image": "data\\raw\\images\\train\\F_1_3_1088.jpg",
  "box": [
    840.1302490234375,
    467.02679443359375,
    907.3682861328125,
    529.0812377929688
  ],
  "class": 7,
  "confidence": 0.7984153628349304,
  "uncertainty": 0.24515522316693256
}