{
  "image": "data\\raw\\images\\train\\F_1_4_259.jpg",
  "box": [
    1737.5888671875,
    170.69265747070312,
    1919.3203125,
    891.61669921875
  ],
  "class": 7,
  "confidence": 0.9259309768676758,
  "uncertainty": 0.26922894388878094
}