{
  "image": "data\\raw\\images\\train\\F_1_5_49.jpg",
  "box": [
    1240.1180419921875,
    440.7726745605469,
    1271.9732666015625,
    464.7338562011719
  ],
  "class": 2,
  "confidence": 0.6158083081245422,
  "uncertainty": 0.2389500571208432
}