{
  "image": "data\\raw\\images\\train\\F_1_1_495.jpg",
  "box": [
    1791.712890625,
    492.876708984375,
    1919.18359375,
    896.802978515625
  ],
  "class": 2,
  "confidence": 0.6897780299186707,
  "uncertainty": 0.2809392456802048
}