{
  "image": "data\\raw\\images\\train\\F_1_5_480.jpg",
  "box": [
    1003.9758911132812,
    465.9923400878906,
    1068.365478515625,
    543.2216796875
  ],
  "class": 7,
  "confidence": 0.6972994208335876,
  "uncertainty": 0.2834404381925787
}