{
  "image": "data\\raw\\images\\train\\F_1_5_91.jpg",
  "box": [
    1230.199951171875,
    413.9940490722656,
    1285.4970703125,
    477.1969299316406
  ],
  "class": 7,
  "confidence": 0.7766815423965454,
  "uncertainty": 0.24014457126654992
}