{
  "image": "data\\raw\\images\\train\\F_1_2_184.jpg",
  "box": [
    1144.695556640625,
    443.5075378417969,
    1570.7552490234375,
    778.8598022460938
  ],
  "class": 2,
  "confidence": 0.9302608966827393,
  "uncertainty": 0.12868323447923477
}