{
  "image": "data\\raw\\images\\train\\F_1_5_1125.jpg",
  "box": [
    1209.886474609375,
    452.7986755371094,
    1279.0394287109375,
    488.8684387207031
  ],
  "class": 2,
  "confidence": 0.2642916142940521,
  "uncertainty": 0.39827520084766105
}