{
  "image": "data\\raw\\images\\train\\F_1_4_479.jpg",
  "box": [
    1181.684814453125,
    443.59326171875,
    1204.59765625,
    474.2042236328125
  ],
  "class": 7,
  "confidence": 0.2607387602329254,
  "uncertainty": 0.4633570542786804
}