{
  "image": "data\\raw\\images\\train\\F_1_5_1522.jpg",
  "box": [
    1494.0040283203125,
    311.716552734375,
    1579.31982421875,
    406.5223388671875
  ],
  "class": 7,
  "confidence": 0.452850878238678,
  "uncertainty": 0.4211237015323201
}