{
  "image": "data\\raw\\images\\train\\F_1_5_1044.jpg",
  "box": [
    881.6808471679688,
    393.03271484375,
    954.7831420898438,
    491.83404541015625
  ],
  "class": 7,
  "confidence": 0.8453204035758972,
  "uncertainty": 0.2092282138493063
}