{
  "image": "data\\raw\\images\\train\\F_1_2_223.jpg",
  "box": [
    917.7156372070312,
    348.2911376953125,
    1115.116455078125,
    559.976806640625
  ],
  "class": 7,
  "confidence": 0.8886612057685852,
  "uncertainty": 0.20233706831423132
}