{
  "image": "data\\raw\\images\\train\\F_1_1_934.jpg",
  "box": [
    1045.922607421875,
    400.92047119140625,
    1091.5638427734375,
    455.13128662109375
  ],
  "class": 7,
  "confidence": 0.8059592843055725,
  "uncertainty": 0.2527301329759925
}