{
  "image": "data\\raw\\images\\train\\F_1_1_182.jpg",
  "box": [
    1389.3504638671875,
    419.62066650390625,
    1457.09765625,
    475.97235107421875
  ],
  "class": 2,
  "confidence": 0.7570393085479736,
  "uncertainty": 0.18985551125032257
}