{
  "image": "data\\raw\\images\\train\\F_1_5_1260.jpg",
  "box": [
    1105.11474609375,
    439.059326171875,
    1148.704345703125,
    501.43017578125
  ],
  "class": 7,
  "confidence": 0.8350311517715454,
  "uncertainty": 0.21884442250420139
}