{
  "image": "data\\raw\\images\\train\\F_1_4_1348.jpg",
  "box": [
    1207.0478515625,
    488.2921142578125,
    1241.918212890625,
    515.236328125
  ],
  "class": 2,
  "confidence": 0.4305169880390167,
  "uncertainty": 0.3302265193596815
}