{
  "image": "data\\raw\\images\\train\\F_1_1_801.jpg",
  "box": [
    201.23776245117188,
    131.30178833007812,
    773.514892578125,
    772.528564453125
  ],
  "class": 7,
  "confidence": 0.9584016799926758,
  "uncertainty": 0.1933704498757109
}