{
  "image": "data\\raw\\images\\train\\F_1_5_480.jpg",
  "box": [
    1161.657958984375,
    489.6441650390625,
    1206.984619140625,
    528.7252807617188
  ],
  "class": 2,
  "confidence": 0.7648382782936096,
  "uncertainty": 0.17385777658955703
}