{
  "image": "data\\raw\\images\\train\\F_1_4_973.jpg",
  "box": [
    1101.738037109375,
    486.6089172363281,
    1179.080078125,
    554.46923828125
  ],
  "class": 2,
  "confidence": 0.7729575037956238,
  "uncertainty": 0.1809771367302393
}