{
  "image": "data\\raw\\images\\train\\F_1_2_30.jpg",
  "box": [
    1118.060546875,
    399.6678771972656,
    1171.125244140625,
    451.6967468261719
  ],
  "class": 7,
  "confidence": 0.7485830187797546,
  "uncertainty": 0.2778367449947629
}