{
  "image": "data\\raw\\images\\train\\F_1_3_1269.jpg",
  "box": [
    1115.2137451171875,
    466.06658935546875,
    1180.2725830078125,
    518.33251953125
  ],
  "class": 2,
  "confidence": 0.6895416378974915,
  "uncertainty": 0.21095685710664655
}