{
  "image": "data\\raw\\images\\train\\F_1_1_550.jpg",
  "box": [
    1179.729736328125,
    469.0826110839844,
    1201.2454833984375,
    486.3652038574219
  ],
  "class": 2,
  "confidence": 0.3168896734714508,
  "uncertainty": 0.35204908481177716
}