{
  "image": "data\\raw\\images\\train\\F_1_5_205.jpg",
  "box": [
    1369.384033203125,
    465.3600769042969,
    1407.376220703125,
    496.7359313964844
  ],
  "class": 2,
  "confidence": 0.6841999292373657,
  "uncertainty": 0.2075851288599783
}