{
  "image": "data\\raw\\images\\train\\F_1_5_17.jpg",
  "box": [
    1187.958740234375,
    430.194580078125,
    1248.204833984375,
    513.1531982421875
  ],
  "class": 7,
  "confidence": 0.8511055707931519,
  "uncertainty": 0.23258407625463273
}