{
  "image": "data\\raw\\images\\train\\F_1_5_270.jpg",
  "box": [
    933.0531005859375,
    364.219482421875,
    997.735107421875,
    454.7238464355469
  ],
  "class": 7,
  "confidence": 0.8529310822486877,
  "uncertainty": 0.20897840132721332
}