{
  "image": "data\\raw\\images\\train\\F_1_5_270.jpg",
  "box": [
    1130.329833984375,
    426.5168151855469,
    1169.7705078125,
    449.1067199707031
  ],
  "class": 2,
  "confidence": 0.47801434993743896,
  "uncertainty": 0.29694713144404883
}