{
  "image": "data\\raw\\images\\train\\F_1_5_122.jpg",
  "box": [
    1147.197021484375,
    478.6289978027344,
    1223.74560546875,
    525.6353759765625
  ],
  "class": 2,
  "confidence": 0.3707716763019562,
  "uncertainty": 0.3367781931276302
}