{
  "image": "data\\raw\\images\\train\\F_1_3_813.jpg",
  "box": [
    1502.31103515625,
    499.39324951171875,
    1561.234375,
    542.8035278320312
  ],
  "class": 2,
  "confidence": 0.4148831069469452,
  "uncertainty": 0.32170726344010936
}