{
  "image": "data\\raw\\images\\train\\F_1_4_1406.jpg",
  "box": [
    1031.08056640625,
    428.9341735839844,
    1080.8681640625,
    497.8681640625
  ],
  "class": 7,
  "confidence": 0.6776169538497925,
  "uncertainty": 0.29594176135027916
}