{
  "image": "data\\raw\\images\\train\\F_1_5_1166.jpg",
  "box": [
    1165.466552734375,
    458.94342041015625,
    1207.3072509765625,
    492.699462890625
  ],
  "class": 2,
  "confidence": 0.5804728269577026,
  "uncertainty": 0.2404204658466726
}