{
  "image": "data\\raw\\images\\train\\F_1_5_44.jpg",
  "box": [
    726.450439453125,
    337.1466979980469,
    956.2542114257812,
    647.42236328125
  ],
  "class": 7,
  "confidence": 0.9251353144645691,
  "uncertainty": 0.19476595202148977
}