{
  "image": "data\\raw\\images\\train\\F_1_2_1866.jpg",
  "box": [
    1312.810302734375,
    430.9179382324219,
    1358.82763671875,
    485.1037902832031
  ],
  "class": 7,
  "confidence": 0.7539790868759155,
  "uncertainty": 0.2612901059816378
}