{
  "image": "data\\raw\\images\\train\\F_1_1_172.jpg",
  "box": [
    1358.3271484375,
    410.4024353027344,
    1410.654541015625,
    461.8054504394531
  ],
  "class": 7,
  "confidence": 0.36954858899116516,
  "uncertainty": 0.3968840357799153
}