{
  "image": "data\\raw\\images\\train\\F_1_5_343.jpg",
  "box": [
    627.7596435546875,
    198.7210693359375,
    879.0323486328125,
    607.0341796875
  ],
  "class": 7,
  "confidence": 0.9102914333343506,
  "uncertainty": 0.1929970688547163
}