{
  "image": "data\\raw\\images\\train\\F_1_1_516.jpg",
  "box": [
    182.36302185058594,
    151.75372314453125,
    608.4293212890625,
    642.599365234375
  ],
  "class": 7,
  "confidence": 0.9555405974388123,
  "uncertainty": 0.1864707436840729
}