{
  "image": "data\\raw\\images\\train\\F_1_1_803.jpg",
  "box": [
    916.597412109375,
    439.7077331542969,
    985.978271484375,
    537.5399780273438
  ],
  "class": 7,
  "confidence": 0.7956309914588928,
  "uncertainty": 0.24689019590691363
}