{
  "image": "data\\raw\\images\\train\\F_1_5_761.jpg",
  "box": [
    1088.3682861328125,
    450.91204833984375,
    1127.6085205078125,
    515.949462890625
  ],
  "class": 7,
  "confidence": 0.8102482557296753,
  "uncertainty": 0.23258837018914758
}