{
  "image": "data\\raw\\images\\train\\F_1_5_49.jpg",
  "box": [
    1073.90478515625,
    360.6536865234375,
    1170.012451171875,
    483.54656982421875
  ],
  "class": 7,
  "confidence": 0.8564958572387695,
  "uncertainty": 0.23644601136667198
}