{
  "image": "data\\raw\\images\\train\\F_1_5_1521.jpg",
  "box": [
    914.8925170898438,
    248.85406494140625,
    1060.665283203125,
    418.2945556640625
  ],
  "class": 7,
  "confidence": 0.5038198828697205,
  "uncertainty": 0.41637206927314824
}