{
  "image": "data\\raw\\images\\train\\F_1_5_608.jpg",
  "box": [
    391.38946533203125,
    447.0809326171875,
    453.9200439453125,
    500.25750732421875
  ],
  "class": 7,
  "confidence": 0.526477575302124,
  "uncertainty": 0.35727147634484685
}