{
  "image": "data\\raw\\images\\train\\F_1_2_1172.jpg",
  "box": [
    556.199951171875,
    341.3703918457031,
    890.187255859375,
    590.369384765625
  ],
  "class": 7,
  "confidence": 0.9259685277938843,
  "uncertainty": 0.20926800640322685
}