{
  "image": "data\\raw\\images\\train\\F_1_5_28.jpg",
  "box": [
    1107.780517578125,
    488.3652648925781,
    1155.105224609375,
    527.3629760742188
  ],
  "class": 2,
  "confidence": 0.6844529509544373,
  "uncertainty": 0.2156269420075379
}