{
  "image": "data\\raw\\images\\train\\F_1_3_886.jpg",
  "box": [
    1225.20166015625,
    471.3333435058594,
    1257.16748046875,
    494.59918212890625
  ],
  "class": 2,
  "confidence": 0.6053013205528259,
  "uncertainty": 0.23197386747623314
}