{
  "image": "data\\raw\\images\\train\\F_1_5_541.jpg",
  "box": [
    1131.017578125,
    437.0891418457031,
    1157.776611328125,
    470.3143615722656
  ],
  "class": 7,
  "confidence": 0.29440927505493164,
  "uncertainty": 0.4504786393633313
}