{
  "image": "data\\raw\\images\\train\\F_1_5_612.jpg",
  "box": [
    1180.498291015625,
    461.8387451171875,
    1212.764404296875,
    485.54229736328125
  ],
  "class": 2,
  "confidence": 0.5923486351966858,
  "uncertainty": 0.22356736046429135
}