{
  "image": "data\\raw\\images\\train\\F_1_2_442.jpg",
  "box": [
    1331.66650390625,
    447.1410827636719,
    1633.66650390625,
    686.3702392578125
  ],
  "class": 2,
  "confidence": 0.8898261189460754,
  "uncertainty": 0.14001976525529114
}