{
  "image": "data\\raw\\images\\train\\F_1_1_244.jpg",
  "box": [
    1145.3883056640625,
    420.03863525390625,
    1183.8857421875,
    455.85223388671875
  ],
  "class": 7,
  "confidence": 0.39507579803466797,
  "uncertainty": 0.40068415694958426
}