{
  "image": "data\\raw\\images\\train\\F_1_5_1279.jpg",
  "box": [
    966.6432495117188,
    374.508544921875,
    1065.670654296875,
    512.5933837890625
  ],
  "class": 7,
  "confidence": 0.8776714205741882,
  "uncertainty": 0.20466942280862138
}