{
  "image": "data\\raw\\images\\train\\F_1_4_723.jpg",
  "box": [
    1231.9012451171875,
    451.2659912109375,
    1289.4500732421875,
    501.68939208984375
  ],
  "class": 2,
  "confidence": 0.59689861536026,
  "uncertainty": 0.24986237003665962
}