{
  "image": "data\\raw\\images\\train\\F_1_3_1729.jpg",
  "box": [
    932.323974609375,
    430.7800598144531,
    1025.7396240234375,
    519.467529296875
  ],
  "class": 7,
  "confidence": 0.8401082754135132,
  "uncertainty": 0.22106830826370938
}