{
  "image": "data\\raw\\images\\train\\F_1_4_259.jpg",
  "box": [
    861.3107299804688,
    352.1311340332031,
    1058.741943359375,
    557.1488037109375
  ],
  "class": 7,
  "confidence": 0.8677473068237305,
  "uncertainty": 0.22607646398871356
}