{
  "image": "data\\raw\\images\\train\\F_1_3_926.jpg",
  "box": [
    1139.164794921875,
    444.48724365234375,
    1181.97900390625,
    485.4438171386719
  ],
  "class": 7,
  "confidence": 0.5821932554244995,
  "uncertainty": 0.3330070239298369
}