{
  "image": "data\\raw\\images\\train\\F_1_2_575.jpg",
  "box": [
    1646.429443359375,
    430.1214294433594,
    1919.21484375,
    879.4502563476562
  ],
  "class": 2,
  "confidence": 0.7954811453819275,
  "uncertainty": 0.18001066159946996
}