{
  "image": "data\\raw\\images\\train\\F_1_5_266.jpg",
  "box": [
    1276.789306640625,
    454.1781921386719,
    1466.206787109375,
    609.403076171875
  ],
  "class": 2,
  "confidence": 0.8561610579490662,
  "uncertainty": 0.15270135449952335
}