{
  "image": "data\\raw\\images\\train\\F_1_1_927.jpg",
  "box": [
    929.3373413085938,
    377.2380065917969,
    1038.999267578125,
    500.9572448730469
  ],
  "class": 5,
  "confidence": 0.7632158994674683,
  "uncertainty": 0.24598363098820564
}