{
  "image": "data\\raw\\images\\train\\F_1_1_587.jpg",
  "box": [
    967.5849609375,
    424.77447509765625,
    1125.9752197265625,
    524.2673950195312
  ],
  "class": 7,
  "confidence": 0.7399009466171265,
  "uncertainty": 0.29532359038733197
}