{
  "image": "data\\raw\\images\\train\\F_1_5_1166.jpg",
  "box": [
    1251.539794921875,
    461.0197448730469,
    1322.2811279296875,
    518.48974609375
  ],
  "class": 2,
  "confidence": 0.7719534635543823,
  "uncertainty": 0.1785085248955379
}