{
  "image": "data\\raw\\images\\train\\F_1_5_1384.jpg",
  "box": [
    726.2349243164062,
    383.751708984375,
    867.0855102539062,
    523.26123046875
  ],
  "class": 7,
  "confidence": 0.8737050294876099,
  "uncertainty": 0.21686080626143284
}