{
  "image": "data\\raw\\images\\train\\F_1_4_1397.jpg",
  "box": [
    1115.5098876953125,
    360.4112548828125,
    1150.3475341796875,
    401.78887939453125
  ],
  "class": 7,
  "confidence": 0.3118208646774292,
  "uncertainty": 0.43688000212566674
}