{
  "image": "data\\raw\\images\\train\\F_1_5_274.jpg",
  "box": [
    1088.06982421875,
    436.25372314453125,
    1144.6036376953125,
    484.14202880859375
  ],
  "class": 2,
  "confidence": 0.6454104781150818,
  "uncertainty": 0.23015055998160472
}