{
  "image": "data\\raw\\images\\train\\F_1_3_415.jpg",
  "box": [
    0.5096168518066406,
    410.5672302246094,
    151.7315673828125,
    597.5875244140625
  ],
  "class": 7,
  "confidence": 0.657175600528717,
  "uncertainty": 0.2982454687909656
}