{
  "image": "data\\raw\\images\\train\\F_1_1_128.jpg",
  "box": [
    716.905029296875,
    296.17486572265625,
    1187.589599609375,
    706.5487670898438
  ],
  "class": 7,
  "confidence": 0.7036771178245544,
  "uncertainty": 0.28051025440657157
}