{
  "image": "data\\raw\\images\\train\\F_1_3_1400.jpg",
  "box": [
    1335.561279296875,
    458.04620361328125,
    1458.17041015625,
    559.2643432617188
  ],
  "class": 2,
  "confidence": 0.8206119537353516,
  "uncertainty": 0.16045198398096203
}