{
  "image": "data\\raw\\images\\train\\F_1_5_1441.jpg",
  "box": [
    928.8973388671875,
    444.2915954589844,
    1013.8738403320312,
    515.1578369140625
  ],
  "class": 2,
  "confidence": 0.8132104277610779,
  "uncertainty": 0.15935047275669836
}