{
  "image": "data\\raw\\images\\train\\F_1_3_1392.jpg",
  "box": [
    1168.4908447265625,
    469.7877502441406,
    1226.74951171875,
    513.764404296875
  ],
  "class": 2,
  "confidence": 0.5194427967071533,
  "uncertainty": 0.2983441619192227
}