{
  "image": "data\\raw\\images\\train\\F_1_3_268.jpg",
  "box": [
    1322.1259765625,
    464.1883850097656,
    1347.353759765625,
    483.50115966796875
  ],
  "class": 2,
  "confidence": 0.37905171513557434,
  "uncertainty": 0.3024404812874021
}