{
  "image": "data\\raw\\images\\train\\F_1_3_225.jpg",
  "box": [
    1126.197998046875,
    451.55926513671875,
    1149.46240234375,
    470.74725341796875
  ],
  "class": 2,
  "confidence": 0.7029958367347717,
  "uncertainty": 0.19100706306705556
}