{
  "image": "data\\raw\\images\\train\\F_1_3_1580.jpg",
  "box": [
    1059.653076171875,
    421.9228820800781,
    1118.291259765625,
    491.7186584472656
  ],
  "class": 7,
  "confidence": 0.5856525301933289,
  "uncertainty": 0.3605155764007056
}