{
  "image": "data\\raw\\images\\train\\F_1_4_1445.jpg",
  "box": [
    1264.552734375,
    478.8789367675781,
    1315.02392578125,
    525.6427001953125
  ],
  "class": 2,
  "confidence": 0.7358474731445312,
  "uncertainty": 0.19306781297161021
}