{
  "image": "data\\raw\\images\\train\\F_1_5_146.jpg",
  "box": [
    1170.801513671875,
    428.2189636230469,
    1236.354736328125,
    468.2057189941406
  ],
  "class": 2,
  "confidence": 0.30087536573410034,
  "uncertainty": 0.3694262890870924
}