{
  "image": "data\\raw\\images\\train\\F_1_1_315.jpg",
  "box": [
    216.05410766601562,
    452.2074279785156,
    446.6068115234375,
    595.64599609375
  ],
  "class": 2,
  "confidence": 0.8056274056434631,
  "uncertainty": 0.17588444132570075
}