{
  "image": "data\\raw\\images\\train\\F_1_4_826.jpg",
  "box": [
    1300.4642333984375,
    476.5386657714844,
    1323.41845703125,
    502.4173278808594
  ],
  "class": 2,
  "confidence": 0.3526512384414673,
  "uncertainty": 0.3486086559268166
}