{
  "image": "data\\raw\\images\\train\\F_1_1_431.jpg",
  "box": [
    1066.41845703125,
    397.6466064453125,
    1108.05224609375,
    460.33990478515625
  ],
  "class": 7,
  "confidence": 0.7850518822669983,
  "uncertainty": 0.24597477625625386
}