{
  "image": "data\\raw\\images\\train\\F_1_2_577.jpg",
  "box": [
    1007.1995849609375,
    472.07720947265625,
    1079.0142822265625,
    538.2485961914062
  ],
  "class": 2,
  "confidence": 0.6687904596328735,
  "uncertainty": 0.22074791908726527
}