{
  "image": "data\\raw\\images\\train\\F_1_4_723.jpg",
  "box": [
    1020.0726318359375,
    405.8901672363281,
    1080.3111572265625,
    480.9820861816406
  ],
  "class": 7,
  "confidence": 0.8455984592437744,
  "uncertainty": 0.21544947649081964
}