{
  "image": "data\\raw\\images\\train\\F_1_2_1174.jpg",
  "box": [
    1218.6171875,
    475.8505554199219,
    1241.14111328125,
    493.3829040527344
  ],
  "class": 2,
  "confidence": 0.5687019228935242,
  "uncertainty": 0.2633934297676568
}