{
  "image": "data\\raw\\images\\train\\F_1_5_1029.jpg",
  "box": [
    1229.15087890625,
    462.5391845703125,
    1254.367431640625,
    481.526611328125
  ],
  "class": 2,
  "confidence": 0.4698333740234375,
  "uncertainty": 0.2887758895796634
}