{
  "image": "data\\raw\\images\\train\\F_1_3_1580.jpg",
  "box": [
    1164.5947265625,
    447.5616760253906,
    1211.6949462890625,
    520.8477783203125
  ],
  "class": 2,
  "confidence": 0.4139552712440491,
  "uncertainty": 0.383607289651443
}