{
  "image": "data\\raw\\images\\train\\F_1_5_480.jpg",
  "box": [
    980.2569580078125,
    493.8277587890625,
    1008.469482421875,
    535.0574340820312
  ],
  "class": 7,
  "confidence": 0.2689704895019531,
  "uncertainty": 0.47206391209166976
}