{
  "image": "data\\raw\\images\\train\\F_1_2_1613.jpg",
  "box": [
    1005.0421142578125,
    425.9158630371094,
    1078.3157958984375,
    507.6204528808594
  ],
  "class": 7,
  "confidence": 0.8307753801345825,
  "uncertainty": 0.23148596912271752
}