{
  "image": "data\\raw\\images\\train\\F_1_1_636.jpg",
  "box": [
    1.3100738525390625,
    168.07379150390625,
    401.86456298828125,
    735.3235473632812
  ],
  "class": 7,
  "confidence": 0.964130699634552,
  "uncertainty": 0.1895610070439765
}