{
  "image": "data\\raw\\images\\train\\F_1_5_621.jpg",
  "box": [
    1150.977294921875,
    480.49700927734375,
    1183.176025390625,
    506.46795654296875
  ],
  "class": 2,
  "confidence": 0.3494696617126465,
  "uncertainty": 0.331069299620202
}