{
  "image": "data\\raw\\images\\train\\F_1_5_887.jpg",
  "box": [
    1218.09326171875,
    489.6076354980469,
    1264.831298828125,
    529.9088745117188
  ],
  "class": 7,
  "confidence": 0.4516940116882324,
  "uncertainty": 0.3855000520491012
}