{
  "image": "data\\raw\\images\\train\\F_1_4_1523.jpg",
  "box": [
    956.53564453125,
    433.72796630859375,
    1035.416015625,
    532.078125
  ],
  "class": 7,
  "confidence": 0.49724602699279785,
  "uncertainty": 0.3652956154487832
}