{
  "image": "data\\raw\\images\\train\\F_1_4_1348.jpg",
  "box": [
    1162.1195068359375,
    472.1152038574219,
    1199.0343017578125,
    516.3377685546875
  ],
  "class": 7,
  "confidence": 0.4999210834503174,
  "uncertainty": 0.38341079267085987
}