{
  "image": "data\\raw\\images\\train\\F_1_5_608.jpg",
  "box": [
    1086.5291748046875,
    468.19610595703125,
    1150.9134521484375,
    520.1947631835938
  ],
  "class": 2,
  "confidence": 0.5828695297241211,
  "uncertainty": 0.2544451126740842
}