{
  "image": "data\\raw\\images\\train\\F_1_5_31.jpg",
  "box": [
    1052.32373046875,
    510.589599609375,
    1095.5556640625,
    545.88720703125
  ],
  "class": 2,
  "confidence": 0.639254093170166,
  "uncertainty": 0.22865039508706403
}