{
  "image": "data\\raw\\images\\train\\F_1_2_442.jpg",
  "box": [
    1171.9375,
    467.38433837890625,
    1197.32666015625,
    487.23114013671875
  ],
  "class": 2,
  "confidence": 0.4312475323677063,
  "uncertainty": 0.30921407309029
}