{
  "image": "data\\raw\\images\\train\\F_1_1_885.jpg",
  "box": [
    1171.299072265625,
    362.5665283203125,
    1211.437255859375,
    394.0057373046875
  ],
  "class": 7,
  "confidence": 0.33663874864578247,
  "uncertainty": 0.44718801691335414
}