{
  "image": "data\\raw\\images\\train\\F_1_1_1167.jpg",
  "box": [
    1088.652587890625,
    425.853759765625,
    1135.057373046875,
    487.856201171875
  ],
  "class": 7,
  "confidence": 0.71124666929245,
  "uncertainty": 0.27290357094481804
}