{
  "image": "data\\raw\\images\\train\\F_1_3_593.jpg",
  "box": [
    1605.5621337890625,
    424.82354736328125,
    1919.2701416015625,
    682.639892578125
  ],
  "class": 2,
  "confidence": 0.5586895942687988,
  "uncertainty": 0.2611184649318561
}