{
  "image": "data\\raw\\images\\train\\F_1_5_270.jpg",
  "box": [
    993.8148193359375,
    418.1585998535156,
    1025.1002197265625,
    449.8623962402344
  ],
  "class": 2,
  "confidence": 0.5712467432022095,
  "uncertainty": 0.2634675811495394
}