{
  "image": "data\\raw\\images\\train\\F_1_1_885.jpg",
  "box": [
    1109.6549072265625,
    444.9846496582031,
    1210.9505615234375,
    529.092529296875
  ],
  "class": 2,
  "confidence": 0.8174724578857422,
  "uncertainty": 0.16735574158416971
}