{
  "image": "data\\raw\\images\\train\\F_1_2_492.jpg",
  "box": [
    1027.961669921875,
    486.6910400390625,
    1056.9365234375,
    509.3028259277344
  ],
  "class": 2,
  "confidence": 0.6083357334136963,
  "uncertainty": 0.22983341396043702
}