{
  "image": "data\\raw\\images\\train\\F_1_1_550.jpg",
  "box": [
    1202.5272216796875,
    433.3995666503906,
    1252.767333984375,
    488.0973815917969
  ],
  "class": 7,
  "confidence": 0.37448546290397644,
  "uncertainty": 0.4427340765326249
}