{
  "image": "data\\raw\\images\\train\\F_1_5_348.jpg",
  "box": [
    115.40066528320312,
    259.6191711425781,
    519.15771484375,
    594.049072265625
  ],
  "class": 7,
  "confidence": 0.8402804732322693,
  "uncertainty": 0.23555127360364042
}