{
  "image": "data\\raw\\images\\train\\F_1_5_1412.jpg",
  "box": [
    1112.6614990234375,
    434.9964294433594,
    1167.7178955078125,
    509.7040100097656
  ],
  "class": 7,
  "confidence": 0.8029484748840332,
  "uncertainty": 0.24269241341656966
}