{
  "image": "data\\raw\\images\\train\\F_1_5_128.jpg",
  "box": [
    1078.29296875,
    400.435546875,
    1156.8563232421875,
    508.12939453125
  ],
  "class": 7,
  "confidence": 0.8618813753128052,
  "uncertainty": 0.2194195541250919
}