{
  "image": "data\\raw\\images\\train\\F_1_2_1088.jpg",
  "box": [
    1182.628173828125,
    402.199951171875,
    1315.709716796875,
    540.51708984375
  ],
  "class": 7,
  "confidence": 0.8807589411735535,
  "uncertainty": 0.20553844767258608
}