{
  "image": "data\\raw\\images\\train\\F_1_1_430.jpg",
  "box": [
    871.8111572265625,
    479.40728759765625,
    1102.608154296875,
    695.2847900390625
  ],
  "class": 2,
  "confidence": 0.9092376232147217,
  "uncertainty": 0.12853059805452233
}