{
  "image": "data\\raw\\images\\train\\F_1_5_49.jpg",
  "box": [
    1017.193359375,
    402.7064208984375,
    1080.97802734375,
    477.7733459472656
  ],
  "class": 7,
  "confidence": 0.8278056383132935,
  "uncertainty": 0.2389440270449919
}