{
  "image": "data\\raw\\images\\train\\F_1_5_412.jpg",
  "box": [
    1009.8876342773438,
    473.3656311035156,
    1076.438720703125,
    526.6968994140625
  ],
  "class": 2,
  "confidence": 0.7436731457710266,
  "uncertainty": 0.19751233985355565
}