{
  "image": "data\\raw\\images\\train\\F_1_1_927.jpg",
  "box": [
    1128.57861328125,
    390.3741455078125,
    1150.414306640625,
    410.84649658203125
  ],
  "class": 2,
  "confidence": 0.2816152572631836,
  "uncertainty": 0.3632470150086782
}