{
  "image": "data\\raw\\images\\train\\F_1_5_266.jpg",
  "box": [
    956.6380004882812,
    377.0386047363281,
    1020.8585815429688,
    465.4560241699219
  ],
  "class": 7,
  "confidence": 0.8322802186012268,
  "uncertainty": 0.22547279263607334
}