{
  "image": "data\\raw\\images\\train\\F_1_3_1718.jpg",
  "box": [
    404.754638671875,
    320.3917236328125,
    654.3157958984375,
    615.03955078125
  ],
  "class": 7,
  "confidence": 0.913725733757019,
  "uncertainty": 0.25682439585995276
}