{
  "image": "data\\raw\\images\\train\\F_1_5_1374.jpg",
  "box": [
    1059.517333984375,
    377.2374572753906,
    1096.103515625,
    432.2154235839844
  ],
  "class": 7,
  "confidence": 0.3046518564224243,
  "uncertainty": 0.45957752553148645
}