{
  "image": "data\\raw\\images\\train\\F_1_2_830.jpg",
  "box": [
    1327.748046875,
    461.3583068847656,
    1421.36083984375,
    551.5328369140625
  ],
  "class": 2,
  "confidence": 0.7257974743843079,
  "uncertainty": 0.19136669137592122
}