{
  "image": "data\\raw\\images\\train\\F_1_2_1174.jpg",
  "box": [
    189.366455078125,
    279.7938232421875,
    809.4478759765625,
    659.1146240234375
  ],
  "class": 7,
  "confidence": 0.539908230304718,
  "uncertainty": 0.3768571519734166
}