{
  "image": "data\\raw\\images\\train\\F_1_3_1088.jpg",
  "box": [
    1414.6219482421875,
    438.0750732421875,
    1543.9873046875,
    566.1624755859375
  ],
  "class": 7,
  "confidence": 0.8172734379768372,
  "uncertainty": 0.25395039151251597
}