{
  "image": "data\\raw\\images\\train\\F_1_5_1220.jpg",
  "box": [
    810.7119140625,
    469.3619384765625,
    908.0341186523438,
    540.4077758789062
  ],
  "class": 2,
  "confidence": 0.8631805777549744,
  "uncertainty": 0.13781567389073607
}