{
  "image": "data\\raw\\images\\train\\F_1_4_1236.jpg",
  "box": [
    1135.7164306640625,
    454.07391357421875,
    1219.641357421875,
    530.6517333984375
  ],
  "class": 2,
  "confidence": 0.47869089245796204,
  "uncertainty": 0.2891576538619721
}