{
  "image": "data\\raw\\images\\train\\F_1_4_1410.jpg",
  "box": [
    1290.42041015625,
    456.7746276855469,
    1377.43359375,
    533.9246826171875
  ],
  "class": 2,
  "confidence": 0.7002680897712708,
  "uncertainty": 0.20565740898415713
}