{
  "image": "data\\raw\\images\\train\\F_1_3_926.jpg",
  "box": [
    1295.0517578125,
    460.093505859375,
    1427.914794921875,
    571.9432983398438
  ],
  "class": 2,
  "confidence": 0.8673432469367981,
  "uncertainty": 0.13761360704279427
}