{
  "image": "data\\raw\\images\\train\\F_1_3_1269.jpg",
  "box": [
    1225.306396484375,
    456.3870849609375,
    1276.869384765625,
    514.0072021484375
  ],
  "class": 2,
  "confidence": 0.47492533922195435,
  "uncertainty": 0.31652291902821106
}