{
  "image": "data\\raw\\images\\train\\F_1_1_831.jpg",
  "box": [
    896.0537109375,
    374.218017578125,
    980.4986572265625,
    484.987548828125
  ],
  "class": 7,
  "confidence": 0.8695126175880432,
  "uncertainty": 0.20042369637884117
}