{
  "image": "data\\raw\\images\\train\\F_1_5_1260.jpg",
  "box": [
    1182.775390625,
    462.620361328125,
    1231.663818359375,
    512.2139282226562
  ],
  "class": 7,
  "confidence": 0.700131893157959,
  "uncertainty": 0.3139274247683894
}