{
  "image": "data\\raw\\images\\train\\F_1_1_785.jpg",
  "box": [
    680.6090698242188,
    195.2589111328125,
    1019.7328491210938,
    657.7373046875
  ],
  "class": 7,
  "confidence": 0.7136574983596802,
  "uncertainty": 0.3057053598127432
}