{
  "image": "data\\raw\\images\\train\\F_1_1_244.jpg",
  "box": [
    1.0773468017578125,
    328.5401916503906,
    277.89019775390625,
    667.7023315429688
  ],
  "class": 7,
  "confidence": 0.8781535029411316,
  "uncertainty": 0.23113617705104234
}