{
  "image": "data\\raw\\images\\train\\F_1_1_430.jpg",
  "box": [
    1211.4111328125,
    447.4690246582031,
    1238.258056640625,
    469.9170227050781
  ],
  "class": 2,
  "confidence": 0.4129714369773865,
  "uncertainty": 0.3153099965790542
}