{
  "image": "data\\raw\\images\\train\\F_1_5_146.jpg",
  "box": [
    1234.78662109375,
    418.3447265625,
    1273.134765625,
    449.27325439453125
  ],
  "class": 2,
  "confidence": 0.6122245788574219,
  "uncertainty": 0.2329905830550299
}