{
  "image": "data\\raw\\images\\train\\F_1_3_515.jpg",
  "box": [
    1009.575439453125,
    418.0860900878906,
    1104.1563720703125,
    531.4736328125
  ],
  "class": 5,
  "confidence": 0.49689728021621704,
  "uncertainty": 0.35343666296122156
}