{
  "image": "data\\raw\\images\\train\\F_1_5_1408.jpg",
  "box": [
    1.312591552734375,
    190.82272338867188,
    341.8384094238281,
    653.0908203125
  ],
  "class": 7,
  "confidence": 0.8734263777732849,
  "uncertainty": 0.2189270746692632
}