{
  "image": "data\\raw\\images\\train\\F_1_4_271.jpg",
  "box": [
    1137.575439453125,
    395.152587890625,
    1294.231689453125,
    590.9027709960938
  ],
  "class": 7,
  "confidence": 0.8986325263977051,
  "uncertainty": 0.21339748280183118
}