{
  "image": "data\\raw\\images\\train\\F_1_2_1866.jpg",
  "box": [
    1086.535888671875,
    378.7328796386719,
    1187.4288330078125,
    520.2613525390625
  ],
  "class": 7,
  "confidence": 0.8859248757362366,
  "uncertainty": 0.20051891130423846
}