{
  "image": "data\\raw\\images\\train\\F_1_2_1831.jpg",
  "box": [
    1152.80908203125,
    432.2066345214844,
    1220.538818359375,
    524.0491943359375
  ],
  "class": 7,
  "confidence": 0.8626687526702881,
  "uncertainty": 0.21132174072328522
}