{
  "image": "data\\raw\\images\\train\\F_1_5_128.jpg",
  "box": [
    1193.6700439453125,
    462.58392333984375,
    1273.1092529296875,
    537.2373046875
  ],
  "class": 2,
  "confidence": 0.6369124054908752,
  "uncertainty": 0.2355281045285066
}