{
  "image": "data\\raw\\images\\train\\F_1_1_934.jpg",
  "box": [
    969.8556518554688,
    375.41094970703125,
    1015.865478515625,
    457.7088623046875
  ],
  "class": 7,
  "confidence": 0.634803831577301,
  "uncertainty": 0.3217690529779748
}