{
  "image": "data\\raw\\images\\train\\F_1_3_14.jpg",
  "box": [
    947.650634765625,
    457.6260986328125,
    1186.20166015625,
    670.8377075195312
  ],
  "class": 2,
  "confidence": 0.5322282910346985,
  "uncertainty": 0.28745754018377123
}