{
  "image": "data\\raw\\images\\train\\F_1_5_959.jpg",
  "box": [
    839.0921630859375,
    388.96124267578125,
    946.2088623046875,
    527.3908081054688
  ],
  "class": 7,
  "confidence": 0.8378896713256836,
  "uncertainty": 0.21996365395566597
}