{
  "image": "data\\raw\\images\\train\\F_1_2_85.jpg",
  "box": [
    261.9685363769531,
    387.541259765625,
    903.6903076171875,
    904.839111328125
  ],
  "class": 2,
  "confidence": 0.9330054521560669,
  "uncertainty": 0.11692662359925073
}