{
  "image": "data\\raw\\images\\train\\F_1_2_183.jpg",
  "box": [
    1045.347900390625,
    392.1536865234375,
    1191.847900390625,
    516.7562255859375
  ],
  "class": 5,
  "confidence": 0.5113889575004578,
  "uncertainty": 0.3646999955394406
}