{
  "image": "data\\raw\\images\\train\\F_1_5_412.jpg",
  "box": [
    0.6182785034179688,
    477.3936767578125,
    243.21792602539062,
    736.7197265625
  ],
  "class": 2,
  "confidence": 0.9338182806968689,
  "uncertainty": 0.11968803257499978
}