{
  "image": "data\\raw\\images\\train\\F_1_4_588.jpg",
  "box": [
    523.9915771484375,
    326.54119873046875,
    736.748779296875,
    573.342529296875
  ],
  "class": 7,
  "confidence": 0.9210631251335144,
  "uncertainty": 0.19465567748593526
}