{
  "image": "data\\raw\\images\\train\\F_1_4_928.jpg",
  "box": [
    1101.52783203125,
    416.9147644042969,
    1161.446533203125,
    500.5346374511719
  ],
  "class": 7,
  "confidence": 0.6932440400123596,
  "uncertainty": 0.28803084129116063
}