{
  "image": "data\\raw\\images\\train\\F_1_2_294.jpg",
  "box": [
    1399.4031982421875,
    448.27716064453125,
    1711.014404296875,
    701.9152221679688
  ],
  "class": 2,
  "confidence": 0.890685498714447,
  "uncertainty": 0.13742855285644953
}