{
  "image": "data\\raw\\images\\train\\F_1_1_398.jpg",
  "box": [
    1156.9842529296875,
    462.5721130371094,
    1219.962646484375,
    537.6549072265625
  ],
  "class": 7,
  "confidence": 0.7417887449264526,
  "uncertainty": 0.26053943179554906
}