{
  "image": "data\\raw\\images\\train\\F_1_3_229.jpg",
  "box": [
    1213.1566162109375,
    439.2528076171875,
    1237.7225341796875,
    460.3018798828125
  ],
  "class": 2,
  "confidence": 0.44472822546958923,
  "uncertainty": 0.30961701794600943
}