{
  "image": "data\\raw\\images\\train\\F_1_4_1462.jpg",
  "box": [
    788.455078125,
    300.79388427734375,
    1004.4188232421875,
    566.095703125
  ],
  "class": 7,
  "confidence": 0.8795865178108215,
  "uncertainty": 0.22678948939050297
}