{
  "image": "data\\raw\\images\\train\\F_1_5_1235.jpg",
  "box": [
    1058.511474609375,
    428.7323913574219,
    1128.602783203125,
    523.68896484375
  ],
  "class": 7,
  "confidence": 0.7301751375198364,
  "uncertainty": 0.31354571549245697
}