{
  "image": "data\\raw\\images\\train\\F_1_5_294.jpg",
  "box": [
    261.1879577636719,
    433.58367919921875,
    402.22265625,
    561.6265869140625
  ],
  "class": 7,
  "confidence": 0.48670488595962524,
  "uncertainty": 0.38441316227191125
}