{
  "image": "data\\raw\\images\\train\\F_1_5_174.jpg",
  "box": [
    1292.9462890625,
    468.0762634277344,
    1547.417236328125,
    679.1024780273438
  ],
  "class": 2,
  "confidence": 0.7328275442123413,
  "uncertainty": 0.1953675624137022
}