{
  "image": "data\\raw\\images\\train\\F_1_4_1397.jpg",
  "box": [
    926.746826171875,
    383.50579833984375,
    1033.8062744140625,
    529.5677490234375
  ],
  "class": 7,
  "confidence": 0.8778659701347351,
  "uncertainty": 0.22706559010672434
}