{
  "image": "data\\raw\\images\\train\\F_1_5_128.jpg",
  "box": [
    1304.2913818359375,
    468.8414306640625,
    1373.1470947265625,
    523.4597778320312
  ],
  "class": 2,
  "confidence": 0.7722632884979248,
  "uncertainty": 0.18335436910219374
}