{
  "image": "data\\raw\\images\\train\\F_1_5_31.jpg",
  "box": [
    1496.17724609375,
    471.7975158691406,
    1879.9984130859375,
    773.0379638671875
  ],
  "class": 2,
  "confidence": 0.799153208732605,
  "uncertainty": 0.17473660462276583
}