{
  "image": "data\\raw\\images\\train\\F_1_5_1405.jpg",
  "box": [
    1251.802978515625,
    477.135986328125,
    1301.0147705078125,
    521.76318359375
  ],
  "class": 7,
  "confidence": 0.5597786903381348,
  "uncertainty": 0.35208372389561443
}