{
  "image": "data\\raw\\images\\train\\F_1_1_758.jpg",
  "box": [
    1058.6766357421875,
    443.7362365722656,
    1096.5252685546875,
    510.6407775878906
  ],
  "class": 7,
  "confidence": 0.3716887831687927,
  "uncertainty": 0.43704562358602655
}