{
  "image": "data\\raw\\images\\train\\F_1_5_1212.jpg",
  "box": [
    388.176025390625,
    330.9482116699219,
    700.4340209960938,
    631.7138671875
  ],
  "class": 7,
  "confidence": 0.9543880224227905,
  "uncertainty": 0.19432343699369276
}