{
  "image": "data\\raw\\images\\train\\F_1_2_1174.jpg",
  "box": [
    1282.77783203125,
    476.9031982421875,
    1324.8035888671875,
    510.49774169921875
  ],
  "class": 2,
  "confidence": 0.693825364112854,
  "uncertainty": 0.1975431429735791
}