{
  "image": "data\\raw\\images\\train\\F_1_2_492.jpg",
  "box": [
    464.1178894042969,
    375.9570007324219,
    635.111328125,
    569.529296875
  ],
  "class": 7,
  "confidence": 0.8787296414375305,
  "uncertainty": 0.2202531330242657
}