{
  "image": "data\\raw\\images\\train\\F_1_5_1341.jpg",
  "box": [
    1021.8079833984375,
    467.6044006347656,
    1051.96826171875,
    505.5176696777344
  ],
  "class": 7,
  "confidence": 0.29206418991088867,
  "uncertainty": 0.45020587815811886
}