{
  "image": "data\\raw\\images\\train\\F_1_2_306.jpg",
  "box": [
    434.3880615234375,
    136.3015594482422,
    855.2704467773438,
    666.8201904296875
  ],
  "class": 7,
  "confidence": 0.961735188961029,
  "uncertainty": 0.1814640411167118
}