{
  "image": "data\\raw\\images\\train\\F_1_5_632.jpg",
  "box": [
    1072.211669921875,
    491.0052795410156,
    1122.33349609375,
    530.4493408203125
  ],
  "class": 2,
  "confidence": 0.5604255795478821,
  "uncertainty": 0.258772026981261
}