{
  "image": "data\\raw\\images\\train\\F_1_1_128.jpg",
  "box": [
    314.75555419921875,
    502.64849853515625,
    749.3411865234375,
    801.6522216796875
  ],
  "class": 2,
  "confidence": 0.9181756377220154,
  "uncertainty": 0.1296038371588458
}