{
  "image": "data\\raw\\images\\train\\F_1_4_37.jpg",
  "box": [
    1236.82861328125,
    510.01837158203125,
    1262.1610107421875,
    529.2025146484375
  ],
  "class": 2,
  "confidence": 0.37192291021347046,
  "uncertainty": 0.33736362167953077
}