{
  "image": "data\\raw\\images\\train\\F_1_5_1125.jpg",
  "box": [
    1144.790283203125,
    455.13519287109375,
    1178.83251953125,
    482.70208740234375
  ],
  "class": 2,
  "confidence": 0.3420692980289459,
  "uncertainty": 0.3271732645140572
}