{
  "image": "data\\raw\\images\\train\\F_1_5_480.jpg",
  "box": [
    1070.456298828125,
    495.3094482421875,
    1105.74609375,
    524.765625
  ],
  "class": 2,
  "confidence": 0.7391154766082764,
  "uncertainty": 0.17561341490989227
}