{
  "image": "data\\raw\\images\\train\\F_1_4_710.jpg",
  "box": [
    1061.18896484375,
    415.4960632324219,
    1109.089111328125,
    475.1115417480469
  ],
  "class": 7,
  "confidence": 0.7581129670143127,
  "uncertainty": 0.2635653999637294
}