{
  "image": "data\\raw\\images\\train\\F_1_4_1376.jpg",
  "box": [
    1658.4942626953125,
    472.75323486328125,
    1919.0614013671875,
    868.5540161132812
  ],
  "class": 2,
  "confidence": 0.9321344494819641,
  "uncertainty": 0.12966070592405712
}