{
  "image": "data\\raw\\images\\train\\F_1_3_926.jpg",
  "box": [
    216.43374633789062,
    228.56063842773438,
    893.720947265625,
    675.22265625
  ],
  "class": 7,
  "confidence": 0.4914489984512329,
  "uncertainty": 0.3361534032317515
}