{
  "image": "data\\raw\\images\\train\\F_1_4_213.jpg",
  "box": [
    1248.534912109375,
    445.2283630371094,
    1345.343017578125,
    528.111572265625
  ],
  "class": 2,
  "confidence": 0.7737953066825867,
  "uncertainty": 0.18021422384091212
}