{
  "image": "data\\raw\\images\\train\\F_1_5_590.jpg",
  "box": [
    557.3740234375,
    468.6616516113281,
    609.0751953125,
    496.5359802246094
  ],
  "class": 2,
  "confidence": 0.4506832957267761,
  "uncertainty": 0.2904275153801334
}