{
  "image": "data\\raw\\images\\train\\F_1_4_1410.jpg",
  "box": [
    1164.5863037109375,
    467.5293273925781,
    1194.4130859375,
    510.5902404785156
  ],
  "class": 2,
  "confidence": 0.5790331363677979,
  "uncertainty": 0.26955169029500753
}