{
  "image": "data\\raw\\images\\train\\F_1_5_190.jpg",
  "box": [
    1383.49658203125,
    448.89715576171875,
    1490.51513671875,
    534.6602783203125
  ],
  "class": 2,
  "confidence": 0.8496283888816833,
  "uncertainty": 0.148700126202044
}