{
  "image": "data\\raw\\images\\train\\F_1_4_1242.jpg",
  "box": [
    869.7327880859375,
    374.194580078125,
    965.18896484375,
    521.25634765625
  ],
  "class": 7,
  "confidence": 0.8830822706222534,
  "uncertainty": 0.2079848464379943
}