{
  "image": "data\\raw\\images\\train\\F_1_1_421.jpg",
  "box": [
    20.66400146484375,
    275.884521484375,
    596.6174926757812,
    672.0118408203125
  ],
  "class": 7,
  "confidence": 0.9495931267738342,
  "uncertainty": 0.21286047148146503
}