{
  "image": "data\\raw\\images\\train\\F_1_2_1172.jpg",
  "box": [
    1272.6597900390625,
    473.8836364746094,
    1314.895263671875,
    509.7528991699219
  ],
  "class": 7,
  "confidence": 0.41051068902015686,
  "uncertainty": 0.40995429866798827
}