{
  "image": "data\\raw\\images\\train\\F_1_5_1522.jpg",
  "box": [
    1427.9818115234375,
    326.6134033203125,
    1503.5404052734375,
    407.39361572265625
  ],
  "class": 7,
  "confidence": 0.2760317921638489,
  "uncertainty": 0.46247339976571267
}