{
  "image": "data\\raw\\images\\train\\F_1_3_1598.jpg",
  "box": [
    1184.051025390625,
    466.5021057128906,
    1260.01904296875,
    524.1668701171875
  ],
  "class": 2,
  "confidence": 0.7429112792015076,
  "uncertainty": 0.20621603718129908
}