{
  "image": "data\\raw\\images\\train\\F_1_4_1496.jpg",
  "box": [
    895.4393310546875,
    338.0302734375,
    932.911865234375,
    385.486083984375
  ],
  "class": 7,
  "confidence": 0.2732570469379425,
  "uncertainty": 0.45048163290465293
}