{
  "image": "data\\raw\\images\\train\\F_1_1_182.jpg",
  "box": [
    979.5831298828125,
    368.5659484863281,
    1090.962158203125,
    475.0694274902344
  ],
  "class": 7,
  "confidence": 0.6363943815231323,
  "uncertainty": 0.31690514792860236
}