{
  "image": "data\\raw\\images\\train\\F_1_4_203.jpg",
  "box": [
    1282.0115966796875,
    491.2590637207031,
    1319.0828857421875,
    521.97705078125
  ],
  "class": 2,
  "confidence": 0.6883829236030579,
  "uncertainty": 0.18482547506990846
}