{
  "image": "data\\raw\\images\\train\\F_1_5_294.jpg",
  "box": [
    958.8997802734375,
    437.7452392578125,
    1014.1796875,
    497.719970703125
  ],
  "class": 7,
  "confidence": 0.7844432592391968,
  "uncertainty": 0.24911707495174074
}