{
  "image": "data\\raw\\images\\train\\F_1_5_274.jpg",
  "box": [
    789.90673828125,
    415.30242919921875,
    845.1478271484375,
    477.8822937011719
  ],
  "class": 7,
  "confidence": 0.7760799527168274,
  "uncertainty": 0.2743793492850359
}