{
  "image": "data\\raw\\images\\train\\F_1_1_52.jpg",
  "box": [
    1735.48974609375,
    315.3255615234375,
    1919.0760498046875,
    772.7286987304688
  ],
  "class": 7,
  "confidence": 0.9240570068359375,
  "uncertainty": 0.23541316281520547
}