{
  "image": "data\\raw\\images\\train\\F_1_4_588.jpg",
  "box": [
    986.3252563476562,
    390.94757080078125,
    1066.995361328125,
    501.131103515625
  ],
  "class": 7,
  "confidence": 0.8142642974853516,
  "uncertainty": 0.24522658182795176
}