{
  "image": "data\\raw\\images\\train\\F_1_5_700.jpg",
  "box": [
    1369.13916015625,
    454.5455017089844,
    1447.8636474609375,
    525.9097900390625
  ],
  "class": 2,
  "confidence": 0.7403480410575867,
  "uncertainty": 0.18698010966925135
}