{
  "image": "data\\raw\\images\\train\\F_1_5_174.jpg",
  "box": [
    1128.14306640625,
    422.8018798828125,
    1254.9736328125,
    563.9796752929688
  ],
  "class": 7,
  "confidence": 0.6893157958984375,
  "uncertainty": 0.3493867813295142
}