{
  "image": "data\\raw\\images\\train\\F_1_2_609.jpg",
  "box": [
    1112.7315673828125,
    463.99530029296875,
    1145.4993896484375,
    492.4083251953125
  ],
  "class": 2,
  "confidence": 0.40894001722335815,
  "uncertainty": 0.3319575415583672
}