{
  "image": "data\\raw\\images\\train\\F_1_2_1127.jpg",
  "box": [
    1285.2491455078125,
    482.33807373046875,
    1346.1009521484375,
    535.9421997070312
  ],
  "class": 2,
  "confidence": 0.639961302280426,
  "uncertainty": 0.21859552909256302
}