{
  "image": "data\\raw\\images\\train\\F_1_3_229.jpg",
  "box": [
    975.2757568359375,
    374.2142028808594,
    1059.071044921875,
    492.6759338378906
  ],
  "class": 7,
  "confidence": 0.8965134024620056,
  "uncertainty": 0.19264890831017603
}