{
  "image": "data\\raw\\images\\train\\F_1_5_1218.jpg",
  "box": [
    1446.169677734375,
    443.05072021484375,
    1734.348388671875,
    669.3056640625
  ],
  "class": 2,
  "confidence": 0.9046497344970703,
  "uncertainty": 0.13156920993941493
}