{
  "image": "data\\raw\\images\\train\\F_1_5_274.jpg",
  "box": [
    979.259033203125,
    413.5152282714844,
    1007.6048583984375,
    431.5036926269531
  ],
  "class": 2,
  "confidence": 0.2512253522872925,
  "uncertainty": 0.3824928626865987
}