{
  "image": "data\\raw\\images\\train\\F_1_5_1044.jpg",
  "box": [
    1174.257080078125,
    434.17059326171875,
    1208.1353759765625,
    477.609130859375
  ],
  "class": 7,
  "confidence": 0.3124087154865265,
  "uncertainty": 0.4292720673537498
}