{
  "image": "data\\raw\\images\\train\\F_1_3_362.jpg",
  "box": [
    380.03802490234375,
    266.0162048339844,
    765.3215942382812,
    629.5288696289062
  ],
  "class": 7,
  "confidence": 0.9150363802909851,
  "uncertainty": 0.21920634640675313
}