{
  "image": "data\\raw\\images\\train\\F_1_3_1785.jpg",
  "box": [
    1135.72119140625,
    449.76568603515625,
    1169.275634765625,
    476.50555419921875
  ],
  "class": 2,
  "confidence": 0.5574498772621155,
  "uncertainty": 0.24691736252798496
}