{
  "image": "data\\raw\\images\\train\\F_1_3_225.jpg",
  "box": [
    1005.188720703125,
    384.0284423828125,
    1076.9127197265625,
    494.51025390625
  ],
  "class": 7,
  "confidence": 0.8858559131622314,
  "uncertainty": 0.2128909225043073
}