{
  "image": "data\\raw\\images\\train\\F_1_3_553.jpg",
  "box": [
    1232.9287109375,
    454.436279296875,
    1271.852294921875,
    483.63446044921875
  ],
  "class": 2,
  "confidence": 0.5146061182022095,
  "uncertainty": 0.27431915999156475
}