{
  "image": "data\\raw\\images\\train\\F_1_1_258.jpg",
  "box": [
    1146.864990234375,
    449.5293273925781,
    1276.73291015625,
    562.1639404296875
  ],
  "class": 2,
  "confidence": 0.8682473301887512,
  "uncertainty": 0.1408894671289595
}