{
  "image": "data\\raw\\images\\train\\F_1_3_1516.jpg",
  "box": [
    992.5812377929688,
    382.42401123046875,
    1102.803466796875,
    553.2568359375
  ],
  "class": 7,
  "confidence": 0.532288134098053,
  "uncertainty": 0.3766566968491283
}