{
  "image": "data\\raw\\images\\train\\F_1_5_1408.jpg",
  "box": [
    1.070068359375,
    502.4876403808594,
    619.4782104492188,
    921.4700927734375
  ],
  "class": 2,
  "confidence": 0.9497644305229187,
  "uncertainty": 0.11615985520625077
}