{
  "image": "data\\raw\\images\\train\\F_1_1_265.jpg",
  "box": [
    1385.062255859375,
    460.74700927734375,
    1605.931396484375,
    641.9214477539062
  ],
  "class": 2,
  "confidence": 0.7808846235275269,
  "uncertainty": 0.17736662892909585
}