{
  "image": "data\\raw\\images\\train\\F_1_5_44.jpg",
  "box": [
    1059.826416015625,
    398.9197998046875,
    1149.707275390625,
    517.4998168945312
  ],
  "class": 7,
  "confidence": 0.7716081142425537,
  "uncertainty": 0.267432113952515
}