{
  "image": "data\\raw\\images\\train\\F_1_2_1172.jpg",
  "box": [
    1202.554443359375,
    472.84222412109375,
    1224.124267578125,
    492.163330078125
  ],
  "class": 2,
  "confidence": 0.4792625904083252,
  "uncertainty": 0.2979539253018169
}