{
  "image": "data\\raw\\images\\train\\F_1_3_886.jpg",
  "box": [
    1315.301025390625,
    451.50982666015625,
    1431.252685546875,
    552.7479248046875
  ],
  "class": 7,
  "confidence": 0.6861794590950012,
  "uncertainty": 0.29351267245553625
}