{
  "image": "data\\raw\\images\\train\\F_1_5_603.jpg",
  "box": [
    888.5238647460938,
    448.6974792480469,
    925.7191772460938,
    501.0568542480469
  ],
  "class": 7,
  "confidence": 0.6469894647598267,
  "uncertainty": 0.3076700647003074
}