{
  "image": "data\\raw\\images\\train\\F_1_3_553.jpg",
  "box": [
    1271.33935546875,
    471.9678039550781,
    1302.0963134765625,
    501.77801513671875
  ],
  "class": 2,
  "confidence": 0.293567419052124,
  "uncertainty": 0.4385203927039115
}