{
  "image": "data\\raw\\images\\train\\F_1_5_1162.jpg",
  "box": [
    1343.37353515625,
    460.9367980957031,
    1448.811767578125,
    547.190673828125
  ],
  "class": 2,
  "confidence": 0.840091347694397,
  "uncertainty": 0.14992212992313964
}