{
  "image": "data\\raw\\images\\train\\F_1_4_203.jpg",
  "box": [
    1114.2872314453125,
    465.1502380371094,
    1289.32177734375,
    615.5528564453125
  ],
  "class": 2,
  "confidence": 0.868578314781189,
  "uncertainty": 0.14472358720082634
}