{
  "image": "data\\raw\\images\\train\\F_1_5_266.jpg",
  "box": [
    1200.94189453125,
    452.35498046875,
    1264.094970703125,
    504.59075927734375
  ],
  "class": 2,
  "confidence": 0.8232663869857788,
  "uncertainty": 0.16476300298105298
}