{
  "image": "data\\raw\\images\\train\\F_1_5_395.jpg",
  "box": [
    661.8253173828125,
    465.532470703125,
    788.6673583984375,
    560.9324340820312
  ],
  "class": 2,
  "confidence": 0.8586465716362,
  "uncertainty": 0.1424212982608004
}