{
  "image": "data\\raw\\images\\train\\F_1_4_1530.jpg",
  "box": [
    1209.7568359375,
    475.19219970703125,
    1297.501953125,
    546.0179443359375
  ],
  "class": 2,
  "confidence": 0.7746756672859192,
  "uncertainty": 0.1695534544616352
}