{
  "image": "data\\raw\\images\\train\\F_1_5_1441.jpg",
  "box": [
    1004.5215454101562,
    387.5395202636719,
    1074.3408203125,
    478.26416015625
  ],
  "class": 7,
  "confidence": 0.8377507925033569,
  "uncertainty": 0.22572694301865487
}