{
  "image": "data\\raw\\images\\train\\F_1_3_1606.jpg",
  "box": [
    843.399658203125,
    332.1435546875,
    1049.4747314453125,
    579.623046875
  ],
  "class": 7,
  "confidence": 0.8146364688873291,
  "uncertainty": 0.2541973204834589
}