{
  "image": "data\\raw\\images\\train\\F_1_3_399.jpg",
  "box": [
    753.880615234375,
    440.06707763671875,
    849.84130859375,
    540.4945678710938
  ],
  "class": 7,
  "confidence": 0.8757609724998474,
  "uncertainty": 0.2114210443075278
}