{
  "image": "data\\raw\\images\\train\\F_1_5_596.jpg",
  "box": [
    1243.5087890625,
    468.3331604003906,
    1347.42529296875,
    555.169677734375
  ],
  "class": 2,
  "confidence": 0.7865391373634338,
  "uncertainty": 0.17684282528132336
}