{
  "image": "data\\raw\\images\\train\\F_1_1_785.jpg",
  "box": [
    1038.111328125,
    486.8172912597656,
    1067.3118896484375,
    520.6503295898438
  ],
  "class": 2,
  "confidence": 0.25023066997528076,
  "uncertainty": 0.38021334165606435
}