{
  "image": "data\\raw\\images\\train\\F_1_3_515.jpg",
  "box": [
    1129.583251953125,
    464.8583679199219,
    1154.109619140625,
    495.3044128417969
  ],
  "class": 7,
  "confidence": 0.261234313249588,
  "uncertainty": 0.46212347265760106
}