{
  "image": "data\\raw\\images\\train\\F_1_1_258.jpg",
  "box": [
    1280.6956787109375,
    447.632080078125,
    1402.6431884765625,
    548.864013671875
  ],
  "class": 2,
  "confidence": 0.839562177658081,
  "uncertainty": 0.15093446507431063
}