{
  "image": "data\\raw\\images\\train\\F_1_5_1482.jpg",
  "box": [
    1073.95947265625,
    374.4744873046875,
    1205.626708984375,
    534.1424560546875
  ],
  "class": 7,
  "confidence": 0.8798754215240479,
  "uncertainty": 0.21190057060106848
}