{
  "image": "data\\raw\\images\\train\\F_1_3_567.jpg",
  "box": [
    1064.8707275390625,
    409.8124694824219,
    1135.95849609375,
    510.02105712890625
  ],
  "class": 7,
  "confidence": 0.8734105825424194,
  "uncertainty": 0.19958517569247902
}