{
  "image": "data\\raw\\images\\train\\F_1_3_1762.jpg",
  "box": [
    1163.5869140625,
    475.06842041015625,
    1327.8966064453125,
    606.3988037109375
  ],
  "class": 2,
  "confidence": 0.852769672870636,
  "uncertainty": 0.15453796570767814
}