{
  "image": "data\\raw\\images\\train\\F_1_5_608.jpg",
  "box": [
    559.400634765625,
    447.6341857910156,
    672.75927734375,
    542.99951171875
  ],
  "class": 7,
  "confidence": 0.8526344895362854,
  "uncertainty": 0.2403988740825514
}