{
  "image": "data\\raw\\images\\train\\F_1_5_205.jpg",
  "box": [
    1307.816650390625,
    473.3255310058594,
    1348.62548828125,
    506.2757263183594
  ],
  "class": 2,
  "confidence": 0.5951111316680908,
  "uncertainty": 0.2456177701627666
}