{
  "image": "data\\raw\\images\\train\\F_1_5_1050.jpg",
  "box": [
    281.8109130859375,
    448.1880798339844,
    486.18994140625,
    604.361328125
  ],
  "class": 2,
  "confidence": 0.9014427661895752,
  "uncertainty": 0.13043324675913381
}