{
  "image": "data\\raw\\images\\train\\F_1_2_1774.jpg",
  "box": [
    1106.99658203125,
    419.80072021484375,
    1154.435791015625,
    487.12396240234375
  ],
  "class": 7,
  "confidence": 0.6992785334587097,
  "uncertainty": 0.2826029602710279
}