{
  "image": "data\\raw\\images\\train\\F_1_1_182.jpg",
  "box": [
    1444.7967529296875,
    375.5621337890625,
    1482.2733154296875,
    418.11474609375
  ],
  "class": 7,
  "confidence": 0.7053672075271606,
  "uncertainty": 0.2751041624433418
}