{
  "image": "data\\raw\\images\\train\\F_1_4_213.jpg",
  "box": [
    1181.8680419921875,
    446.92919921875,
    1247.527099609375,
    502.69158935546875
  ],
  "class": 2,
  "confidence": 0.6198322176933289,
  "uncertainty": 0.23980974685542522
}