{
  "image": "data\\raw\\images\\train\\F_1_4_1496.jpg",
  "box": [
    1494.5560302734375,
    375.9789733886719,
    1730.114501953125,
    652.02685546875
  ],
  "class": 2,
  "confidence": 0.778538167476654,
  "uncertainty": 0.272457983076877
}