{
  "image": "data\\raw\\images\\train\\F_1_4_1242.jpg",
  "box": [
    775.69970703125,
    431.3397216796875,
    847.428466796875,
    517.5576782226562
  ],
  "class": 7,
  "confidence": 0.7199915647506714,
  "uncertainty": 0.30405913714542315
}