{
  "image": "data\\raw\\images\\train\\F_1_5_1412.jpg",
  "box": [
    1792.77294921875,
    454.9867858886719,
    1919.1201171875,
    893.089599609375
  ],
  "class": 2,
  "confidence": 0.8646509051322937,
  "uncertainty": 0.2160168032197763
}