{
  "image": "data\\raw\\images\\train\\F_1_5_1341.jpg",
  "box": [
    1088.36669921875,
    346.2391662597656,
    1265.0379638671875,
    566.05322265625
  ],
  "class": 7,
  "confidence": 0.9050266742706299,
  "uncertainty": 0.19311457177180724
}