{
  "image": "data\\raw\\images\\train\\F_1_3_461.jpg",
  "box": [
    1186.2681884765625,
    454.7963562011719,
    1251.7320556640625,
    509.8667907714844
  ],
  "class": 2,
  "confidence": 0.8494844436645508,
  "uncertainty": 0.1506377969891172
}