{
  "image": "data\\raw\\images\\train\\F_1_5_434.jpg",
  "box": [
    1051.7275390625,
    468.027099609375,
    1107.921142578125,
    506.14068603515625
  ],
  "class": 2,
  "confidence": 0.620536744594574,
  "uncertainty": 0.23206100629200982
}