{
  "image": "data\\raw\\images\\train\\F_1_2_308.jpg",
  "box": [
    874.7418823242188,
    387.5497741699219,
    993.6732788085938,
    533.1044921875
  ],
  "class": 7,
  "confidence": 0.7864500284194946,
  "uncertainty": 0.2508552653108276
}