{
  "image": "data\\raw\\images\\train\\F_1_5_63.jpg",
  "box": [
    1117.245361328125,
    462.621337890625,
    1151.71240234375,
    485.45428466796875
  ],
  "class": 2,
  "confidence": 0.2648445665836334,
  "uncertainty": 0.3625657939924934
}