{
  "image": "data\\raw\\images\\train\\F_1_4_1462.jpg",
  "box": [
    1.297760009765625,
    78.42874145507812,
    413.2577819824219,
    760.3540649414062
  ],
  "class": 7,
  "confidence": 0.8828292489051819,
  "uncertainty": 0.19100179279593668
}