{
  "image": "data\\raw\\images\\train\\F_1_5_1502.jpg",
  "box": [
    1012.6741943359375,
    313.1199951171875,
    1244.686279296875,
    639.4686889648438
  ],
  "class": 7,
  "confidence": 0.8870927691459656,
  "uncertainty": 0.21423046546888985
}