{
  "image": "data\\raw\\images\\train\\F_1_3_537.jpg",
  "box": [
    1218.7205810546875,
    469.8979797363281,
    1255.9473876953125,
    500.2070617675781
  ],
  "class": 2,
  "confidence": 0.4712519943714142,
  "uncertainty": 0.28347982522648923
}