{
  "image": "data\\raw\\images\\train\\F_1_5_1082.jpg",
  "box": [
    1271.4935302734375,
    472.28851318359375,
    1356.119384765625,
    542.5204467773438
  ],
  "class": 2,
  "confidence": 0.8246418237686157,
  "uncertainty": 0.15514366056286183
}