{
  "image": "data\\raw\\images\\train\\F_1_3_1101.jpg",
  "box": [
    1165.5413818359375,
    455.4500732421875,
    1190.786865234375,
    484.6470947265625
  ],
  "class": 7,
  "confidence": 0.32639428973197937,
  "uncertainty": 0.435566862751091
}