{
  "image": "data\\raw\\images\\train\\F_1_5_596.jpg",
  "box": [
    1203.1326904296875,
    473.6668395996094,
    1257.8695068359375,
    523.7510986328125
  ],
  "class": 2,
  "confidence": 0.7037795186042786,
  "uncertainty": 0.2067384842080328
}