{
  "image": "data\\raw\\images\\train\\F_1_2_609.jpg",
  "box": [
    816.1907958984375,
    388.6692810058594,
    942.05126953125,
    534.21337890625
  ],
  "class": 7,
  "confidence": 0.9000616669654846,
  "uncertainty": 0.19818051086935265
}