{
  "image": "data\\raw\\images\\train\\F_1_3_1718.jpg",
  "box": [
    1022.1289672851562,
    439.1313171386719,
    1087.38330078125,
    510.12359619140625
  ],
  "class": 7,
  "confidence": 0.8186383843421936,
  "uncertainty": 0.22929207312372657
}