{
  "image": "data\\raw\\images\\train\\F_1_3_225.jpg",
  "box": [
    895.294189453125,
    382.1343994140625,
    977.6275634765625,
    501.0286865234375
  ],
  "class": 7,
  "confidence": 0.8964549899101257,
  "uncertainty": 0.19387372887328125
}