{
  "image": "data\\raw\\images\\train\\F_1_3_1706.jpg",
  "box": [
    990.8087768554688,
    422.91412353515625,
    1050.031005859375,
    502.4769287109375
  ],
  "class": 7,
  "confidence": 0.801849901676178,
  "uncertainty": 0.2465702425898716
}