{
  "image": "data\\raw\\images\\train\\F_1_2_223.jpg",
  "box": [
    1390.024169921875,
    450.9869384765625,
    1455.7003173828125,
    511.27001953125
  ],
  "class": 2,
  "confidence": 0.7702137231826782,
  "uncertainty": 0.17789879136166634
}