{
  "image": "data\\raw\\images\\train\\F_1_5_1218.jpg",
  "box": [
    1101.69921875,
    454.4468078613281,
    1199.57958984375,
    539.2806396484375
  ],
  "class": 2,
  "confidence": 0.8444478511810303,
  "uncertainty": 0.14873056558205955
}