{
  "image": "data\\raw\\images\\train\\F_1_1_128.jpg",
  "box": [
    0.4095268249511719,
    530.1083984375,
    77.55354309082031,
    1071.4766845703125
  ],
  "class": 2,
  "confidence": 0.7499285936355591,
  "uncertainty": 0.25789175863731384
}