{
  "image": "data\\raw\\images\\train\\F_1_5_84.jpg",
  "box": [
    1159.9927978515625,
    489.21331787109375,
    1199.0323486328125,
    518.7210693359375
  ],
  "class": 2,
  "confidence": 0.6879240870475769,
  "uncertainty": 0.20525394269975997
}