{
  "image": "data\\raw\\images\\train\\F_1_5_154.jpg",
  "box": [
    961.4511108398438,
    306.4527282714844,
    1103.36181640625,
    504.6221008300781
  ],
  "class": 7,
  "confidence": 0.9245530962944031,
  "uncertainty": 0.19199572492979158
}