{
  "image": "data\\raw\\images\\train\\F_1_3_813.jpg",
  "box": [
    1382.8472900390625,
    486.8247985839844,
    1470.233642578125,
    567.2449951171875
  ],
  "class": 2,
  "confidence": 0.5839654207229614,
  "uncertainty": 0.25251366768469896
}