{
  "image": "data\\raw\\images\\train\\F_1_5_63.jpg",
  "box": [
    1234.4351806640625,
    467.3115234375,
    1293.1732177734375,
    518.956298828125
  ],
  "class": 2,
  "confidence": 0.7808405756950378,
  "uncertainty": 0.17600677569594894
}