{
  "image": "data\\raw\\images\\train\\F_1_3_399.jpg",
  "box": [
    8.284418106079102,
    474.44146728515625,
    191.29632568359375,
    586.1980590820312
  ],
  "class": 2,
  "confidence": 0.8924574851989746,
  "uncertainty": 0.13002143910724318
}