{
  "image": "data\\raw\\images\\train\\F_1_4_1523.jpg",
  "box": [
    754.0753173828125,
    311.5369873046875,
    945.3095703125,
    571.8386840820312
  ],
  "class": 7,
  "confidence": 0.9323097467422485,
  "uncertainty": 0.1786325002793442
}