{
  "image": "data\\raw\\images\\train\\F_1_1_927.jpg",
  "box": [
    1040.5283203125,
    354.5431823730469,
    1082.5478515625,
    419.4264221191406
  ],
  "class": 7,
  "confidence": 0.7921866774559021,
  "uncertainty": 0.23832770275926835
}