{
  "image": "data\\raw\\images\\train\\F_1_5_174.jpg",
  "box": [
    496.9761657714844,
    271.282470703125,
    833.4442138671875,
    602.5541381835938
  ],
  "class": 7,
  "confidence": 0.94050133228302,
  "uncertainty": 0.18746603314134322
}