{
  "image": "data\\raw\\images\\train\\F_1_2_492.jpg",
  "box": [
    1188.06787109375,
    483.5241394042969,
    1237.083251953125,
    521.21630859375
  ],
  "class": 2,
  "confidence": 0.5978216528892517,
  "uncertainty": 0.24411556653757435
}