{
  "image": "data\\raw\\images\\train\\F_1_3_537.jpg",
  "box": [
    1335.680419921875,
    459.7385559082031,
    1484.3931884765625,
    582.1455078125
  ],
  "class": 2,
  "confidence": 0.8268104791641235,
  "uncertainty": 0.16023938425657083
}