{
  "image": "data\\raw\\images\\train\\F_1_3_832.jpg",
  "box": [
    1107.244384765625,
    462.40924072265625,
    1142.200439453125,
    504.3782958984375
  ],
  "class": 7,
  "confidence": 0.7739368081092834,
  "uncertainty": 0.25631424182781887
}