{
  "image": "data\\raw\\images\\train\\F_1_4_216.jpg",
  "box": [
    1187.84375,
    440.1563415527344,
    1234.357421875,
    488.2299499511719
  ],
  "class": 7,
  "confidence": 0.3559976816177368,
  "uncertainty": 0.4607266060334866
}