{
  "image": "data\\raw\\images\\train\\F_1_5_294.jpg",
  "box": [
    1037.438720703125,
    390.6299743652344,
    1108.9595947265625,
    501.9478454589844
  ],
  "class": 7,
  "confidence": 0.8562656044960022,
  "uncertainty": 0.2133014371570633
}