{
  "image": "data\\raw\\images\\train\\F_1_5_1218.jpg",
  "box": [
    781.0658569335938,
    459.89996337890625,
    873.5908813476562,
    527.9547729492188
  ],
  "class": 2,
  "confidence": 0.8688751459121704,
  "uncertainty": 0.1330374717901077
}