{
  "image": "data\\raw\\images\\train\\F_1_3_76.jpg",
  "box": [
    1056.52490234375,
    411.2353820800781,
    1169.488525390625,
    531.6468505859375
  ],
  "class": 7,
  "confidence": 0.864589512348175,
  "uncertainty": 0.21296150646463752
}