{
  "image": "data\\raw\\images\\train\\F_1_4_1410.jpg",
  "box": [
    823.9257202148438,
    364.8635559082031,
    989.2787475585938,
    586.33642578125
  ],
  "class": 7,
  "confidence": 0.8878008127212524,
  "uncertainty": 0.23021983832849952
}