{
  "image": "data\\raw\\images\\train\\F_1_5_1260.jpg",
  "box": [
    882.31787109375,
    435.7517395019531,
    962.2042236328125,
    516.93359375
  ],
  "class": 7,
  "confidence": 0.7547028064727783,
  "uncertainty": 0.2802642850178422
}