{
  "image": "data\\raw\\images\\train\\F_1_4_1046.jpg",
  "box": [
    1060.5985107421875,
    452.7717590332031,
    1095.575927734375,
    486.2835388183594
  ],
  "class": 7,
  "confidence": 0.2536397874355316,
  "uncertainty": 0.45870492107945027
}