{
  "image": "data\\raw\\images\\train\\F_1_5_1209.jpg",
  "box": [
    557.4043579101562,
    359.97125244140625,
    781.4739990234375,
    588.2572631835938
  ],
  "class": 7,
  "confidence": 0.9312248229980469,
  "uncertainty": 0.19296574759026808
}