{
  "image": "data\\raw\\images\\train\\F_1_2_30.jpg",
  "box": [
    923.469970703125,
    420.97442626953125,
    985.6192626953125,
    473.93817138671875
  ],
  "class": 2,
  "confidence": 0.7340327501296997,
  "uncertainty": 0.18961641320756648
}