{
  "image": "data\\raw\\images\\train\\F_1_3_229.jpg",
  "box": [
    1085.0078125,
    371.9880065917969,
    1159.10791015625,
    489.8876037597656
  ],
  "class": 7,
  "confidence": 0.8673006296157837,
  "uncertainty": 0.2136514549385225
}