{
  "image": "data\\raw\\images\\train\\F_1_5_1521.jpg",
  "box": [
    1235.94287109375,
    324.8504638671875,
    1452.3936767578125,
    446.58428955078125
  ],
  "class": 7,
  "confidence": 0.5143400430679321,
  "uncertainty": 0.3720820473102416
}