{
  "image": "data\\raw\\images\\train\\F_1_2_1134.jpg",
  "box": [
    1268.5784912109375,
    439.601318359375,
    1576.927734375,
    701.2119750976562
  ],
  "class": 2,
  "confidence": 0.7112140655517578,
  "uncertainty": 0.21069951011396582
}