{
  "image": "data\\raw\\images\\train\\F_1_2_492.jpg",
  "box": [
    1099.8408203125,
    419.71356201171875,
    1157.670654296875,
    515.1514282226562
  ],
  "class": 7,
  "confidence": 0.7772189378738403,
  "uncertainty": 0.23830271776258033
}