{
  "image": "data\\raw\\images\\train\\F_1_5_1075.jpg",
  "box": [
    1281.195068359375,
    468.09906005859375,
    1450.04541015625,
    610.9749755859375
  ],
  "class": 2,
  "confidence": 0.8816887140274048,
  "uncertainty": 0.13737083372487852
}