{
  "image": "data\\raw\\images\\train\\F_1_5_1482.jpg",
  "box": [
    1410.30224609375,
    445.8175048828125,
    1448.378662109375,
    475.23687744140625
  ],
  "class": 2,
  "confidence": 0.6789777278900146,
  "uncertainty": 0.21833513160694534
}