{
  "image": "data\\raw\\images\\train\\F_1_3_1562.jpg",
  "box": [
    479.9070739746094,
    422.395751953125,
    847.598876953125,
    711.964599609375
  ],
  "class": 2,
  "confidence": 0.9092824459075928,
  "uncertainty": 0.13657306967170335
}