{
  "image": "data\\raw\\images\\train\\F_1_1_421.jpg",
  "box": [
    1244.0506591796875,
    423.2257080078125,
    1279.785400390625,
    474.754638671875
  ],
  "class": 7,
  "confidence": 0.6966320872306824,
  "uncertainty": 0.26771379036830845
}