{
  "image": "data\\raw\\images\\train\\F_1_3_220.jpg",
  "box": [
    1168.9097900390625,
    469.5640869140625,
    1195.0675048828125,
    491.39556884765625
  ],
  "class": 2,
  "confidence": 0.5609675049781799,
  "uncertainty": 0.2574410373058964
}