{
  "image": "data\\raw\\images\\train\\F_1_5_28.jpg",
  "box": [
    1058.504150390625,
    504.14959716796875,
    1085.0625,
    525.0767211914062
  ],
  "class": 2,
  "confidence": 0.6440736055374146,
  "uncertainty": 0.21109850450404177
}