{
  "image": "data\\raw\\images\\train\\F_1_1_517.jpg",
  "box": [
    938.341552734375,
    451.7148742675781,
    1115.4569091796875,
    625.3458251953125
  ],
  "class": 2,
  "confidence": 0.9069029092788696,
  "uncertainty": 0.12334234067516928
}