{
  "image": "data\\raw\\images\\train\\F_1_1_172.jpg",
  "box": [
    1483.1751708984375,
    435.2546081542969,
    1891.4183349609375,
    755.51806640625
  ],
  "class": 7,
  "confidence": 0.6604609489440918,
  "uncertainty": 0.3211737427524634
}