{
  "image": "data\\raw\\images\\train\\F_1_5_682.jpg",
  "box": [
    1728.5745849609375,
    425.1933288574219,
    1919.3192138671875,
    804.49267578125
  ],
  "class": 2,
  "confidence": 0.8593968749046326,
  "uncertainty": 0.16862195448971842
}