{
  "image": "data\\raw\\images\\train\\F_1_1_803.jpg",
  "box": [
    1201.169921875,
    485.9336242675781,
    1285.351806640625,
    556.703369140625
  ],
  "class": 2,
  "confidence": 0.8276545405387878,
  "uncertainty": 0.15467098199250173
}