{
  "image": "data\\raw\\images\\train\\F_1_5_612.jpg",
  "box": [
    232.89935302734375,
    380.2900390625,
    383.24981689453125,
    550.2175903320312
  ],
  "class": 7,
  "confidence": 0.7683721780776978,
  "uncertainty": 0.2651964754911612
}