{
  "image": "data\\raw\\images\\train\\F_1_3_415.jpg",
  "box": [
    1134.3116455078125,
    384.6693115234375,
    1162.475830078125,
    410.35699462890625
  ],
  "class": 7,
  "confidence": 0.39962559938430786,
  "uncertainty": 0.40797620540629226
}