{
  "image": "data\\raw\\images\\train\\F_1_3_346.jpg",
  "box": [
    1055.77587890625,
    396.0678405761719,
    1164.88232421875,
    540.0526123046875
  ],
  "class": 7,
  "confidence": 0.8274419903755188,
  "uncertainty": 0.24989127635090203
}