{
  "image": "data\\raw\\images\\train\\F_1_5_122.jpg",
  "box": [
    1074.456787109375,
    398.61865234375,
    1141.8878173828125,
    494.86865234375
  ],
  "class": 7,
  "confidence": 0.8575707674026489,
  "uncertainty": 0.21899714407228899
}