{
  "image": "data\\raw\\images\\train\\F_1_5_1441.jpg",
  "box": [
    1202.0205078125,
    446.0351257324219,
    1242.930908203125,
    478.2082214355469
  ],
  "class": 2,
  "confidence": 0.683354914188385,
  "uncertainty": 0.19718891512748857
}