{
  "image": "data\\raw\\images\\train\\F_1_1_648.jpg",
  "box": [
    440.44683837890625,
    334.2605285644531,
    518.142578125,
    575.8709106445312
  ],
  "class": 7,
  "confidence": 0.6674792170524597,
  "uncertainty": 0.30793646858225526
}