{
  "image": "data\\raw\\images\\train\\F_1_2_1082.jpg",
  "box": [
    1447.0792236328125,
    467.03851318359375,
    1573.7515869140625,
    566.5720825195312
  ],
  "class": 2,
  "confidence": 0.8360218405723572,
  "uncertainty": 0.16483605036682125
}