{
  "image": "data\\raw\\images\\train\\F_1_4_1523.jpg",
  "box": [
    1314.587890625,
    475.85906982421875,
    1361.426025390625,
    546.1080322265625
  ],
  "class": 2,
  "confidence": 0.50152587890625,
  "uncertainty": 0.36298385365784497
}