{
  "image": "data\\raw\\images\\train\\F_1_4_1523.jpg",
  "box": [
    1333.803466796875,
    477.2666015625,
    1444.451171875,
    567.882568359375
  ],
  "class": 2,
  "confidence": 0.7934349775314331,
  "uncertainty": 0.17027441221208842
}