{
  "image": "data\\raw\\images\\train\\F_1_3_404.jpg",
  "box": [
    964.955322265625,
    367.2761535644531,
    1091.4600830078125,
    529.1212158203125
  ],
  "class": 7,
  "confidence": 0.8945156931877136,
  "uncertainty": 0.19630413107386308
}