{
  "image": "data\\raw\\images\\train\\F_1_5_477.jpg",
  "box": [
    1129.7266845703125,
    510.1107177734375,
    1170.5712890625,
    543.4463500976562
  ],
  "class": 2,
  "confidence": 0.6648922562599182,
  "uncertainty": 0.22081611602765647
}