{
  "image": "data\\raw\\images\\train\\F_1_4_37.jpg",
  "box": [
    1284.784423828125,
    485.55340576171875,
    1345.22509765625,
    536.89306640625
  ],
  "class": 2,
  "confidence": 0.4406575858592987,
  "uncertainty": 0.31229682137861575
}