{
  "image": "data\\raw\\images\\train\\F_1_2_1127.jpg",
  "box": [
    1171.3076171875,
    478.0375671386719,
    1294.454345703125,
    586.2354736328125
  ],
  "class": 2,
  "confidence": 0.8368920683860779,
  "uncertainty": 0.14496213566702298
}