{
  "image": "data\\raw\\images\\train\\F_1_3_404.jpg",
  "box": [
    810.1741333007812,
    403.5736083984375,
    871.0938720703125,
    474.492919921875
  ],
  "class": 7,
  "confidence": 0.4372454285621643,
  "uncertainty": 0.3789850252855468
}