{
  "image": "data\\raw\\images\\train\\F_1_5_1082.jpg",
  "box": [
    1353.3974609375,
    465.5957336425781,
    1684.365966796875,
    727.780029296875
  ],
  "class": 2,
  "confidence": 0.9241693019866943,
  "uncertainty": 0.1323091329779827
}