{
  "image": "data\\raw\\images\\train\\F_1_5_1182.jpg",
  "box": [
    1057.951416015625,
    453.942626953125,
    1090.8807373046875,
    485.9825134277344
  ],
  "class": 2,
  "confidence": 0.41351020336151123,
  "uncertainty": 0.3132603163426648
}