{
  "image": "data\\raw\\images\\train\\F_1_5_395.jpg",
  "box": [
    1051.33154296875,
    437.2012023925781,
    1316.4261474609375,
    668.8408203125
  ],
  "class": 7,
  "confidence": 0.4677685797214508,
  "uncertainty": 0.3999209799279277
}