{
  "image": "data\\raw\\images\\train\\F_1_5_1521.jpg",
  "box": [
    1236.273193359375,
    324.836181640625,
    1452.15087890625,
    446.8896789550781
  ],
  "class": 2,
  "confidence": 0.43621131777763367,
  "uncertainty": 0.31262022954041624
}