{
  "image": "data\\raw\\images\\train\\F_1_2_30.jpg",
  "box": [
    1317.255126953125,
    426.8978576660156,
    1364.087646484375,
    463.7040710449219
  ],
  "class": 2,
  "confidence": 0.6907936334609985,
  "uncertainty": 0.2073791991759301
}