{
  "image": "data\\raw\\images\\train\\F_1_1_476.jpg",
  "box": [
    1208.44140625,
    461.9821472167969,
    1241.648681640625,
    488.0576477050781
  ],
  "class": 2,
  "confidence": 0.33140072226524353,
  "uncertainty": 0.34845420455990345
}