{
  "image": "data\\raw\\images\\train\\F_1_4_1236.jpg",
  "box": [
    820.49755859375,
    431.6429443359375,
    887.1029052734375,
    512.8809814453125
  ],
  "class": 7,
  "confidence": 0.7491064071655273,
  "uncertainty": 0.28367038430194125
}