{
  "image": "data\\raw\\images\\train\\F_1_1_181.jpg",
  "box": [
    1448.010009765625,
    384.328857421875,
    1484.6552734375,
    428.3608703613281
  ],
  "class": 7,
  "confidence": 0.7680519223213196,
  "uncertainty": 0.24345497836526137
}