{
  "image": "data\\raw\\images\\train\\F_1_5_1279.jpg",
  "box": [
    1141.532470703125,
    420.6294250488281,
    1199.6298828125,
    506.3277282714844
  ],
  "class": 7,
  "confidence": 0.8218603134155273,
  "uncertainty": 0.2364804611256744
}