{
  "image": "data\\raw\\images\\train\\F_1_5_477.jpg",
  "box": [
    1215.563720703125,
    502.3677978515625,
    1259.50732421875,
    542.50634765625
  ],
  "class": 2,
  "confidence": 0.6339729428291321,
  "uncertainty": 0.23327065260036223
}