{
  "image": "data\\raw\\images\\train\\F_1_5_1235.jpg",
  "box": [
    323.363525390625,
    476.87762451171875,
    568.8521118164062,
    645.4815063476562
  ],
  "class": 2,
  "confidence": 0.920275866985321,
  "uncertainty": 0.12224562978552353
}