{
  "image": "data\\raw\\images\\train\\F_1_4_1530.jpg",
  "box": [
    1289.861083984375,
    478.9896240234375,
    1333.859130859375,
    520.18798828125
  ],
  "class": 2,
  "confidence": 0.7073213458061218,
  "uncertainty": 0.21724967905688747
}