{
  "image": "data\\raw\\images\\train\\F_1_3_1706.jpg",
  "box": [
    1208.040771484375,
    472.23486328125,
    1250.41357421875,
    497.25091552734375
  ],
  "class": 2,
  "confidence": 0.7194373607635498,
  "uncertainty": 0.2075594123960576
}