{
  "image": "data\\raw\\images\\train\\F_1_2_1866.jpg",
  "box": [
    1184.25634765625,
    447.2478332519531,
    1232.144287109375,
    489.41455078125
  ],
  "class": 7,
  "confidence": 0.3723059296607971,
  "uncertainty": 0.41451551577232465
}