{
  "image": "data\\raw\\images\\train\\F_1_5_270.jpg",
  "box": [
    1.138458251953125,
    456.998291015625,
    426.4657287597656,
    902.7676391601562
  ],
  "class": 2,
  "confidence": 0.9394331574440002,
  "uncertainty": 0.1188217097855497
}