{
  "image": "data\\raw\\images\\train\\F_1_5_682.jpg",
  "box": [
    1336.57861328125,
    453.245361328125,
    1367.372802734375,
    478.409912109375
  ],
  "class": 2,
  "confidence": 0.2747246026992798,
  "uncertainty": 0.36010564121447836
}