{
  "image": "data\\raw\\images\\train\\F_1_5_122.jpg",
  "box": [
    1266.8333740234375,
    440.927490234375,
    1325.2069091796875,
    507.491455078125
  ],
  "class": 7,
  "confidence": 0.48571544885635376,
  "uncertainty": 0.3985354856783567
}