{
  "image": "data\\raw\\images\\train\\F_1_3_1562.jpg",
  "box": [
    376.7954406738281,
    381.15234375,
    656.4267578125,
    529.9835815429688
  ],
  "class": 7,
  "confidence": 0.7959902286529541,
  "uncertainty": 0.34308516540795486
}