{
  "image": "data\\raw\\images\\train\\F_1_2_1831.jpg",
  "box": [
    1117.6072998046875,
    481.7590026855469,
    1152.414306640625,
    519.7081298828125
  ],
  "class": 7,
  "confidence": 0.49376970529556274,
  "uncertainty": 0.36686558960053944
}