{
  "image": "data\\raw\\images\\train\\F_1_3_1770.jpg",
  "box": [
    1029.6097412109375,
    470.7171936035156,
    1110.93701171875,
    536.890625
  ],
  "class": 2,
  "confidence": 0.8152043223381042,
  "uncertainty": 0.1625914085115552
}