{
  "image": "data\\raw\\images\\train\\F_1_3_1392.jpg",
  "box": [
    1508.669921875,
    459.10345458984375,
    1587.8310546875,
    612.2083740234375
  ],
  "class": 7,
  "confidence": 0.6427971124649048,
  "uncertainty": 0.3467249518243028
}