{
  "image": "data\\raw\\images\\train\\F_1_5_761.jpg",
  "box": [
    1191.7613525390625,
    485.4513244628906,
    1222.5048828125,
    505.9104309082031
  ],
  "class": 2,
  "confidence": 0.32787004113197327,
  "uncertainty": 0.347150154333187
}