{
  "image": "data\\raw\\images\\train\\F_1_5_190.jpg",
  "box": [
    651.951171875,
    208.3878936767578,
    1103.20703125,
    660.352783203125
  ],
  "class": 7,
  "confidence": 0.9115055799484253,
  "uncertainty": 0.22975151849267378
}