{
  "image": "data\\raw\\images\\train\\F_1_2_1134.jpg",
  "box": [
    1150.2337646484375,
    480.9444580078125,
    1211.1064453125,
    531.1058349609375
  ],
  "class": 2,
  "confidence": 0.7963052988052368,
  "uncertainty": 0.15762618986250326
}