{
  "image": "data\\raw\\images\\train\\F_1_4_1236.jpg",
  "box": [
    1049.3798828125,
    471.5484619140625,
    1110.853759765625,
    517.4552612304688
  ],
  "class": 2,
  "confidence": 0.7989994287490845,
  "uncertainty": 0.16158388816859007
}