{
  "image": "data\\raw\\images\\train\\F_1_1_1014.jpg",
  "box": [
    1.427947998046875,
    143.07431030273438,
    758.982421875,
    1058.3455810546875
  ],
  "class": 7,
  "confidence": 0.8787622451782227,
  "uncertainty": 0.30378150637052925
}