{
  "image": "data\\raw\\images\\train\\F_1_5_1290.jpg",
  "box": [
    481.8644714355469,
    169.24671936035156,
    876.478759765625,
    655.2179565429688
  ],
  "class": 7,
  "confidence": 0.9588534235954285,
  "uncertainty": 0.17615614999775864
}