{
  "image": "data\\raw\\images\\train\\F_1_1_264.jpg",
  "box": [
    1041.568359375,
    471.14239501953125,
    1108.4073486328125,
    533.1486206054688
  ],
  "class": 2,
  "confidence": 0.7975068688392639,
  "uncertainty": 0.16150961567619776
}