{
  "image": "data\\raw\\images\\train\\F_1_3_14.jpg",
  "box": [
    1248.943603515625,
    477.23626708984375,
    1292.433349609375,
    514.9261474609375
  ],
  "class": 2,
  "confidence": 0.5989097952842712,
  "uncertainty": 0.2376628858021353
}