{
  "image": "data\\raw\\images\\train\\F_1_5_190.jpg",
  "box": [
    1741.8402099609375,
    431.1895751953125,
    1785.9591064453125,
    469.0653076171875
  ],
  "class": 2,
  "confidence": 0.4623824954032898,
  "uncertainty": 0.3551622870083161
}