{
  "image": "data\\raw\\images\\train\\F_1_5_28.jpg",
  "box": [
    946.1738891601562,
    413.86004638671875,
    1057.28076171875,
    560.8514404296875
  ],
  "class": 7,
  "confidence": 0.8675805926322937,
  "uncertainty": 0.22310743085581008
}