{
  "image": "data\\raw\\images\\train\\F_1_3_1598.jpg",
  "box": [
    998.7138061523438,
    399.4083251953125,
    1115.087646484375,
    536.9133911132812
  ],
  "class": 7,
  "confidence": 0.8769717216491699,
  "uncertainty": 0.21590081866370786
}