{
  "image": "data\\raw\\images\\train\\F_1_3_1606.jpg",
  "box": [
    1187.019775390625,
    470.8026123046875,
    1232.564453125,
    507.38360595703125
  ],
  "class": 7,
  "confidence": 0.443753182888031,
  "uncertainty": 0.3966856288881511
}