{
  "image": "data\\raw\\images\\train\\F_1_2_2005.jpg",
  "box": [
    1057.14599609375,
    445.9633483886719,
    1130.5302734375,
    504.64471435546875
  ],
  "class": 2,
  "confidence": 0.7579035758972168,
  "uncertainty": 0.181550559561892
}