{
  "image": "data\\raw\\images\\train\\F_1_1_574.jpg",
  "box": [
    1394.0438232421875,
    462.7847900390625,
    1610.633056640625,
    646.397216796875
  ],
  "class": 2,
  "confidence": 0.910166323184967,
  "uncertainty": 0.14595551680878907
}