{
  "image": "data\\raw\\images\\train\\F_1_1_315.jpg",
  "box": [
    1050.5943603515625,
    478.3838195800781,
    1096.2930908203125,
    516.272216796875
  ],
  "class": 2,
  "confidence": 0.39620891213417053,
  "uncertainty": 0.3266960186361537
}