{
  "image": "data\\raw\\images\\train\\F_1_2_308.jpg",
  "box": [
    1.099273681640625,
    3.06298828125,
    701.15576171875,
    817.6365966796875
  ],
  "class": 7,
  "confidence": 0.9616510272026062,
  "uncertainty": 0.12625427572968184
}