{
  "image": "data\\raw\\images\\train\\F_1_3_1453.jpg",
  "box": [
    1119.981201171875,
    475.1239929199219,
    1170.39892578125,
    525.8289794921875
  ],
  "class": 7,
  "confidence": 0.719788670539856,
  "uncertainty": 0.2879912606979062
}