{
  "image": "data\\raw\\images\\train\\F_1_1_182.jpg",
  "box": [
    1692.5394287109375,
    412.5406494140625,
    1919.0694580078125,
    779.2805786132812
  ],
  "class": 2,
  "confidence": 0.8855093717575073,
  "uncertainty": 0.1452980974711799
}