{
  "image": "data\\raw\\images\\train\\F_1_5_63.jpg",
  "box": [
    1179.609130859375,
    457.79327392578125,
    1225.2037353515625,
    504.3521728515625
  ],
  "class": 2,
  "confidence": 0.38474375009536743,
  "uncertainty": 0.3353412056165498
}