{
  "image": "data\\raw\\images\\train\\F_1_3_810.jpg",
  "box": [
    1320.57470703125,
    497.8274230957031,
    1422.427490234375,
    589.6773681640625
  ],
  "class": 2,
  "confidence": 0.8140084743499756,
  "uncertainty": 0.15879246858590243
}