{
  "image": "data\\raw\\images\\train\\F_1_3_1764.jpg",
  "box": [
    932.3563842773438,
    463.7895812988281,
    1078.1158447265625,
    577.57861328125
  ],
  "class": 2,
  "confidence": 0.86646568775177,
  "uncertainty": 0.1486249865585368
}