{
  "image": "data\\raw\\images\\train\\F_1_5_1360.jpg",
  "box": [
    935.531982421875,
    394.89349365234375,
    1085.7154541015625,
    541.4111328125
  ],
  "class": 7,
  "confidence": 0.8794586062431335,
  "uncertainty": 0.2117807272770536
}