{
  "image": "data\\raw\\images\\train\\F_1_4_1445.jpg",
  "box": [
    1057.9903564453125,
    415.31683349609375,
    1105.595947265625,
    522.0009765625
  ],
  "class": 7,
  "confidence": 0.5868479609489441,
  "uncertainty": 0.3390474948430322
}