{
  "image": "data\\raw\\images\\train\\F_1_1_942.jpg",
  "box": [
    575.6517333984375,
    375.6400451660156,
    688.1299438476562,
    532.7874755859375
  ],
  "class": 7,
  "confidence": 0.44854703545570374,
  "uncertainty": 0.39069014128085167
}