{
  "image": "data\\raw\\images\\train\\F_1_3_399.jpg",
  "box": [
    911.4673461914062,
    429.0964050292969,
    953.4900512695312,
    479.9702453613281
  ],
  "class": 7,
  "confidence": 0.5163763165473938,
  "uncertainty": 0.34987479724223164
}