{
  "image": "data\\raw\\images\\train\\F_1_3_1764.jpg",
  "box": [
    1146.204833984375,
    472.0806884765625,
    1288.813232421875,
    584.1563720703125
  ],
  "class": 2,
  "confidence": 0.8616645932197571,
  "uncertainty": 0.15182178643959984
}