{
  "image": "data\\raw\\images\\train\\F_1_3_1269.jpg",
  "box": [
    1261.802734375,
    461.30633544921875,
    1331.09130859375,
    520.5061645507812
  ],
  "class": 2,
  "confidence": 0.5692940950393677,
  "uncertainty": 0.2611401918931311
}