{
  "image": "data\\raw\\images\\train\\F_1_2_306.jpg",
  "box": [
    855.7077026367188,
    381.26068115234375,
    964.4386596679688,
    516.5405883789062
  ],
  "class": 7,
  "confidence": 0.835473895072937,
  "uncertainty": 0.2319802972972695
}