{
  "image": "data\\raw\\images\\train\\F_1_5_603.jpg",
  "box": [
    583.4383544921875,
    459.38995361328125,
    648.3952026367188,
    494.373291015625
  ],
  "class": 7,
  "confidence": 0.253389447927475,
  "uncertainty": 0.46116066160342745
}