{
  "image": "data\\raw\\images\\train\\F_1_5_1220.jpg",
  "box": [
    1123.1005859375,
    460.74365234375,
    1230.2376708984375,
    553.0890502929688
  ],
  "class": 2,
  "confidence": 0.8625220060348511,
  "uncertainty": 0.1459649370157011
}