{
  "image": "data\\raw\\images\\train\\F_1_5_596.jpg",
  "box": [
    830.3421020507812,
    465.8198547363281,
    1038.406982421875,
    631.7239990234375
  ],
  "class": 2,
  "confidence": 0.8221359848976135,
  "uncertainty": 0.16654775665222188
}