{
  "image": "data\\raw\\images\\train\\F_1_3_76.jpg",
  "box": [
    236.62005615234375,
    133.7812042236328,
    695.2891845703125,
    627.6638793945312
  ],
  "class": 7,
  "confidence": 0.9600315690040588,
  "uncertainty": 0.17907472817169828
}