{
  "image": "data\\raw\\images\\train\\F_1_1_610.jpg",
  "box": [
    887.853515625,
    352.8797607421875,
    1050.230712890625,
    564.937744140625
  ],
  "class": 7,
  "confidence": 0.8843103647232056,
  "uncertainty": 0.21914838619222943
}