{
  "image": "data\\raw\\images\\train\\F_1_4_1348.jpg",
  "box": [
    54.02760314941406,
    122.86962890625,
    650.5416259765625,
    643.1954956054688
  ],
  "class": 7,
  "confidence": 0.7475745677947998,
  "uncertainty": 0.28757664865960564
}