{
  "image": "data\\raw\\images\\train\\F_1_3_14.jpg",
  "box": [
    946.3736572265625,
    457.83538818359375,
    1186.6300048828125,
    670.350830078125
  ],
  "class": 7,
  "confidence": 0.46548140048980713,
  "uncertainty": 0.40487196881222787
}