{
  "image": "data\\raw\\images\\train\\F_1_1_776.jpg",
  "box": [
    1084.363525390625,
    368.6814880371094,
    1166.6912841796875,
    464.9209899902344
  ],
  "class": 7,
  "confidence": 0.764957070350647,
  "uncertainty": 0.27944988956799627
}