{
  "image": "data\\raw\\images\\train\\F_1_5_225.jpg",
  "box": [
    1196.0908203125,
    446.76531982421875,
    1241.866943359375,
    465.27752685546875
  ],
  "class": 2,
  "confidence": 0.4304201602935791,
  "uncertainty": 0.32353711636085924
}