{
  "image": "data\\raw\\images\\train\\F_1_5_552.jpg",
  "box": [
    950.9983520507812,
    445.1715087890625,
    1002.568359375,
    517.9058837890625
  ],
  "class": 7,
  "confidence": 0.6795679330825806,
  "uncertainty": 0.28731813172879506
}