{
  "image": "data\\raw\\images\\train\\F_1_2_183.jpg",
  "box": [
    1138.377685546875,
    409.452392578125,
    1193.0947265625,
    508.13525390625
  ],
  "class": 7,
  "confidence": 0.2787954807281494,
  "uncertainty": 0.464324997274624
}