{
  "image": "data\\raw\\images\\train\\F_1_3_593.jpg",
  "box": [
    1213.440673828125,
    462.4452209472656,
    1238.463134765625,
    480.4309387207031
  ],
  "class": 2,
  "confidence": 0.4192682206630707,
  "uncertainty": 0.29584772849767704
}