{
  "image": "data\\raw\\images\\train\\F_1_5_386.jpg",
  "box": [
    1102.06298828125,
    450.11041259765625,
    1136.19091796875,
    474.25213623046875
  ],
  "class": 2,
  "confidence": 0.6716641187667847,
  "uncertainty": 0.2202868950957657
}