{
  "image": "data\\raw\\images\\train\\F_1_1_495.jpg",
  "box": [
    1248.14306640625,
    470.81011962890625,
    1291.1435546875,
    507.71539306640625
  ],
  "class": 2,
  "confidence": 0.6616799831390381,
  "uncertainty": 0.21375487100140012
}