{
  "image": "data\\raw\\images\\train\\F_1_1_244.jpg",
  "box": [
    1183.364013671875,
    434.0760498046875,
    1221.41796875,
    478.98541259765625
  ],
  "class": 7,
  "confidence": 0.46336883306503296,
  "uncertainty": 0.3806344651393122
}