{
  "image": "data\\raw\\images\\train\\F_1_5_1441.jpg",
  "box": [
    1.6588897705078125,
    3.456298828125,
    455.1788330078125,
    1012.4964599609375
  ],
  "class": 7,
  "confidence": 0.9491407871246338,
  "uncertainty": 0.15234583503145271
}