{
  "image": "data\\raw\\images\\train\\F_1_4_216.jpg",
  "box": [
    1234.810546875,
    459.23822021484375,
    1307.0196533203125,
    523.8462524414062
  ],
  "class": 2,
  "confidence": 0.7677844166755676,
  "uncertainty": 0.18038594132212762
}