{
  "image": "data\\raw\\images\\train\\F_1_5_63.jpg",
  "box": [
    1617.6229248046875,
    500.1134033203125,
    1919.1917724609375,
    873.9993896484375
  ],
  "class": 2,
  "confidence": 0.9403409957885742,
  "uncertainty": 0.12153949386664656
}