{
  "image": "data\\raw\\images\\train\\F_1_2_1613.jpg",
  "box": [
    1552.005126953125,
    475.6163635253906,
    1821.701171875,
    697.8134765625
  ],
  "class": 2,
  "confidence": 0.9136996269226074,
  "uncertainty": 0.1278124067992576
}