{
  "image": "data\\raw\\images\\train\\F_1_3_515.jpg",
  "box": [
    1206.124755859375,
    477.81353759765625,
    1236.14892578125,
    503.16339111328125
  ],
  "class": 2,
  "confidence": 0.39335861802101135,
  "uncertainty": 0.30035844601443196
}