{
  "image": "data\\raw\\images\\train\\F_1_5_1082.jpg",
  "box": [
    285.6144104003906,
    167.17236328125,
    752.1844482421875,
    636.7194213867188
  ],
  "class": 7,
  "confidence": 0.9617066979408264,
  "uncertainty": 0.17786566444478247
}