{
  "image": "data\\raw\\images\\train\\F_1_2_609.jpg",
  "box": [
    402.4082336425781,
    462.2846374511719,
    838.6712036132812,
    788.9581298828125
  ],
  "class": 2,
  "confidence": 0.7173383831977844,
  "uncertainty": 0.20962258108346682
}