{
  "image": "data\\raw\\images\\train\\F_1_5_225.jpg",
  "box": [
    1252.703125,
    426.46533203125,
    1285.919189453125,
    452.26971435546875
  ],
  "class": 2,
  "confidence": 0.6208347082138062,
  "uncertainty": 0.22156232269359974
}