{
  "image": "data\\raw\\images\\train\\F_1_5_28.jpg",
  "box": [
    1383.4033203125,
    475.6844787597656,
    1564.669189453125,
    616.3533935546875
  ],
  "class": 2,
  "confidence": 0.8861716389656067,
  "uncertainty": 0.12857183406097034
}