{
  "image": "data\\raw\\images\\train\\F_1_3_399.jpg",
  "box": [
    1086.2139892578125,
    427.39990234375,
    1118.805419921875,
    463.87945556640625
  ],
  "class": 7,
  "confidence": 0.4779481887817383,
  "uncertainty": 0.3650443919352753
}