{
  "image": "data\\raw\\images\\train\\F_1_1_574.jpg",
  "box": [
    1332.7239990234375,
    382.99127197265625,
    1439.88916015625,
    507.4992370605469
  ],
  "class": 7,
  "confidence": 0.8785768747329712,
  "uncertainty": 0.20050063768947163
}