{
  "image": "data\\raw\\images\\train\\F_1_5_274.jpg",
  "box": [
    1227.7335205078125,
    450.947998046875,
    1460.37890625,
    624.75390625
  ],
  "class": 2,
  "confidence": 0.881934642791748,
  "uncertainty": 0.14114514251270893
}