{
  "image": "data\\raw\\images\\train\\F_1_2_577.jpg",
  "box": [
    1099.6812744140625,
    473.0536193847656,
    1143.721435546875,
    507.0341491699219
  ],
  "class": 2,
  "confidence": 0.5085231065750122,
  "uncertainty": 0.28299750794530665
}