{
  "image": "data\\raw\\images\\train\\F_1_2_184.jpg",
  "box": [
    1404.338623046875,
    426.95599365234375,
    1604.292724609375,
    626.0601196289062
  ],
  "class": 2,
  "confidence": 0.8410542011260986,
  "uncertainty": 0.2715079660775055
}