{
  "image": "data\\raw\\images\\train\\F_1_5_761.jpg",
  "box": [
    1125.88671875,
    474.3547668457031,
    1146.480224609375,
    504.5644226074219
  ],
  "class": 7,
  "confidence": 0.2891570031642914,
  "uncertainty": 0.45853318576589003
}