{
  "image": "data\\raw\\images\\train\\F_1_5_1384.jpg",
  "box": [
    1483.896240234375,
    447.08111572265625,
    1762.8775634765625,
    669.9500732421875
  ],
  "class": 2,
  "confidence": 0.9119107723236084,
  "uncertainty": 0.12509183985971492
}