{
  "image": "data\\raw\\images\\train\\F_1_5_1209.jpg",
  "box": [
    893.2574462890625,
    465.35980224609375,
    965.804931640625,
    521.849365234375
  ],
  "class": 2,
  "confidence": 0.82389897108078,
  "uncertainty": 0.15515183714325853
}