{
  "image": "data\\raw\\images\\train\\F_1_5_146.jpg",
  "box": [
    1171.6474609375,
    451.15765380859375,
    1239.147705078125,
    488.9239501953125
  ],
  "class": 2,
  "confidence": 0.2991921901702881,
  "uncertainty": 0.38673757722867536
}