{
  "image": "data\\raw\\images\\train\\F_1_5_323.jpg",
  "box": [
    686.9342041015625,
    329.18707275390625,
    845.160400390625,
    560.3766479492188
  ],
  "class": 7,
  "confidence": 0.9043535590171814,
  "uncertainty": 0.20066691792540745
}