{
  "image": "data\\raw\\images\\train\\F_1_3_1269.jpg",
  "box": [
    1052.4393310546875,
    419.10296630859375,
    1116.284912109375,
    500.39300537109375
  ],
  "class": 7,
  "confidence": 0.787830650806427,
  "uncertainty": 0.24546060645441814
}