{
  "image": "data\\raw\\images\\train\\F_1_5_63.jpg",
  "box": [
    804.208740234375,
    478.9276428222656,
    935.9849853515625,
    584.8165283203125
  ],
  "class": 2,
  "confidence": 0.8891017436981201,
  "uncertainty": 0.12895027655136032
}