{
  "image": "data\\raw\\images\\train\\F_1_5_1212.jpg",
  "box": [
    1183.513671875,
    467.16766357421875,
    1260.970703125,
    510.08343505859375
  ],
  "class": 2,
  "confidence": 0.30812376737594604,
  "uncertainty": 0.368867484253666
}