{
  "image": "data\\raw\\images\\train\\F_1_2_1393.jpg",
  "box": [
    918.1895751953125,
    359.997802734375,
    1076.5364990234375,
    542.4510498046875
  ],
  "class": 7,
  "confidence": 0.9245409965515137,
  "uncertainty": 0.19945878964674169
}