{
  "image": "data\\raw\\images\\train\\F_1_3_389.jpg",
  "box": [
    970.754150390625,
    410.4231262207031,
    1045.2015380859375,
    511.59722900390625
  ],
  "class": 7,
  "confidence": 0.858586847782135,
  "uncertainty": 0.20757004395842277
}