{
  "image": "data\\raw\\images\\train\\F_1_4_1193.jpg",
  "box": [
    1014.555908203125,
    458.6951904296875,
    1045.107421875,
    494.42657470703125
  ],
  "class": 2,
  "confidence": 0.4965124726295471,
  "uncertainty": 0.28672241736418325
}