{
  "image": "data\\raw\\images\\train\\F_1_3_867.jpg",
  "box": [
    1050.24951171875,
    396.9288330078125,
    1124.708740234375,
    486.32257080078125
  ],
  "class": 7,
  "confidence": 0.8420010209083557,
  "uncertainty": 0.22449925272455812
}