{
  "image": "data\\raw\\images\\train\\F_1_3_1516.jpg",
  "box": [
    1090.5576171875,
    433.5487060546875,
    1549.118408203125,
    848.805908203125
  ],
  "class": 2,
  "confidence": 0.9164901971817017,
  "uncertainty": 0.13130578018321107
}