{
  "image": "data\\raw\\images\\train\\F_1_4_746.jpg",
  "box": [
    1243.3546142578125,
    389.0765075683594,
    1365.1644287109375,
    514.016845703125
  ],
  "class": 7,
  "confidence": 0.8650348782539368,
  "uncertainty": 0.21237671076495346
}