{
  "image": "data\\raw\\images\\train\\F_1_4_216.jpg",
  "box": [
    1314.7928466796875,
    460.9991455078125,
    1350.091552734375,
    482.19525146484375
  ],
  "class": 2,
  "confidence": 0.38711750507354736,
  "uncertainty": 0.3489293521554896
}