{
  "image": "data\\raw\\images\\train\\F_1_3_220.jpg",
  "box": [
    1202.217529296875,
    468.7991638183594,
    1299.8131103515625,
    549.260986328125
  ],
  "class": 2,
  "confidence": 0.7234504818916321,
  "uncertainty": 0.2061585514256632
}