{
  "image": "data\\raw\\images\\train\\F_1_1_373.jpg",
  "box": [
    84.99884033203125,
    269.9747314453125,
    619.5584106445312,
    686.455322265625
  ],
  "class": 7,
  "confidence": 0.9391688108444214,
  "uncertainty": 0.21592606209138632
}