{
  "image": "data\\raw\\images\\train\\F_1_2_1540.jpg",
  "box": [
    481.12750244140625,
    342.30584716796875,
    678.0354614257812,
    533.0529174804688
  ],
  "class": 7,
  "confidence": 0.9034605622291565,
  "uncertainty": 0.19882960367890568
}