{
  "image": "data\\raw\\images\\train\\F_1_5_146.jpg",
  "box": [
    1006.3588256835938,
    338.8626708984375,
    1108.868896484375,
    466.12115478515625
  ],
  "class": 7,
  "confidence": 0.8592671751976013,
  "uncertainty": 0.2057409182412911
}