{
  "image": "data\\raw\\images\\train\\F_1_5_1408.jpg",
  "box": [
    1246.537109375,
    491.6228942871094,
    1292.00634765625,
    531.022216796875
  ],
  "class": 2,
  "confidence": 0.3971255123615265,
  "uncertainty": 0.3315755039538343
}