{
  "image": "data\\raw\\images\\train\\F_1_1_258.jpg",
  "box": [
    962.5367431640625,
    433.8701171875,
    1129.5963134765625,
    589.2647705078125
  ],
  "class": 2,
  "confidence": 0.6998527646064758,
  "uncertainty": 0.20700907991094522
}