{
  "image": "data\\raw\\images\\train\\F_1_2_183.jpg",
  "box": [
    1203.279296875,
    446.9453125,
    1238.5045166015625,
    473.5977783203125
  ],
  "class": 2,
  "confidence": 0.5888501405715942,
  "uncertainty": 0.24343850484480903
}