{
  "image": "data\\raw\\images\\train\\F_1_1_758.jpg",
  "box": [
    32.524017333984375,
    271.53253173828125,
    423.1463928222656,
    657.3685302734375
  ],
  "class": 7,
  "confidence": 0.9503050446510315,
  "uncertainty": 0.18053771331502438
}