{
  "image": "data\\raw\\images\\train\\F_1_5_1075.jpg",
  "box": [
    1388.33154296875,
    460.4620056152344,
    1452.94970703125,
    518.079833984375
  ],
  "class": 2,
  "confidence": 0.3614952862262726,
  "uncertainty": 0.44376335757560464
}