{
  "image": "data\\raw\\images\\train\\F_1_2_306.jpg",
  "box": [
    1158.0421142578125,
    457.68634033203125,
    1234.3956298828125,
    522.0098266601562
  ],
  "class": 2,
  "confidence": 0.8071470260620117,
  "uncertainty": 0.1707930538608415
}