{
  "image": "data\\raw\\images\\train\\F_1_4_1236.jpg",
  "box": [
    1061.163330078125,
    462.6515808105469,
    1110.4150390625,
    482.4405212402344
  ],
  "class": 2,
  "confidence": 0.34655359387397766,
  "uncertainty": 0.42891142251192516
}