{
  "image": "data\\raw\\images\\train\\F_1_3_593.jpg",
  "box": [
    1161.273681640625,
    447.259765625,
    1188.31689453125,
    471.63861083984375
  ],
  "class": 7,
  "confidence": 0.3223347067832947,
  "uncertainty": 0.4336489940444765
}