{
  "image": "data\\raw\\images\\train\\F_1_2_1174.jpg",
  "box": [
    1244.9559326171875,
    474.01776123046875,
    1264.797119140625,
    495.11444091796875
  ],
  "class": 2,
  "confidence": 0.42830348014831543,
  "uncertainty": 0.3107783355657098
}