{
  "image": "data\\raw\\images\\train\\F_1_5_266.jpg",
  "box": [
    1075.519775390625,
    430.6942138671875,
    1115.2115478515625,
    463.65643310546875
  ],
  "class": 2,
  "confidence": 0.7305987477302551,
  "uncertainty": 0.18599953075985726
}