{
  "image": "data\\raw\\images\\train\\F_1_5_1521.jpg",
  "box": [
    1852.239990234375,
    259.36981201171875,
    1918.988525390625,
    392.01898193359375
  ],
  "class": 7,
  "confidence": 0.48008444905281067,
  "uncertainty": 0.3910919426475146
}