{
  "image": "data\\raw\\images\\train\\F_1_4_731.jpg",
  "box": [
    1337.4942626953125,
    491.4964599609375,
    1374.6939697265625,
    522.3974609375
  ],
  "class": 2,
  "confidence": 0.7233163714408875,
  "uncertainty": 0.18196965981106866
}