{
  "image": "data\\raw\\images\\train\\F_1_2_830.jpg",
  "box": [
    1263.27490234375,
    462.2655944824219,
    1327.517333984375,
    519.0975341796875
  ],
  "class": 2,
  "confidence": 0.5592992305755615,
  "uncertainty": 0.26829777554239087
}