{
  "image": "data\\raw\\images\\train\\F_1_5_38.jpg",
  "box": [
    627.2271728515625,
    491.5447082519531,
    668.8056030273438,
    509.7428283691406
  ],
  "class": 2,
  "confidence": 0.5212512612342834,
  "uncertainty": 0.27044255678345425
}