{
  "image": "data\\raw\\images\\train\\F_1_1_421.jpg",
  "box": [
    883.4298706054688,
    370.27056884765625,
    1057.052490234375,
    540.8955688476562
  ],
  "class": 7,
  "confidence": 0.7954249382019043,
  "uncertainty": 0.2823006595852007
}