{
  "image": "data\\raw\\images\\train\\F_1_5_1405.jpg",
  "box": [
    1008.4432983398438,
    416.0552673339844,
    1111.727294921875,
    561.23974609375
  ],
  "class": 7,
  "confidence": 0.8774989247322083,
  "uncertainty": 0.21568852534589222
}