{
  "image": "data\\raw\\images\\train\\F_1_5_270.jpg",
  "box": [
    1108.0556640625,
    444.19842529296875,
    1230.943115234375,
    544.4500732421875
  ],
  "class": 2,
  "confidence": 0.7782185077667236,
  "uncertainty": 0.18214604676523716
}