{
  "image": "data\\raw\\images\\train\\F_1_5_34.jpg",
  "box": [
    1015.8258056640625,
    496.1942138671875,
    1062.1015625,
    531.356689453125
  ],
  "class": 2,
  "confidence": 0.49571001529693604,
  "uncertainty": 0.29360063939332603
}