{
  "image": "data\\raw\\images\\train\\F_1_5_480.jpg",
  "box": [
    1230.0523681640625,
    490.61480712890625,
    1282.9610595703125,
    537.5374145507812
  ],
  "class": 2,
  "confidence": 0.7233140468597412,
  "uncertainty": 0.1893625872027962
}