{
  "image": "data\\raw\\images\\train\\F_1_5_38.jpg",
  "box": [
    1053.5452880859375,
    412.5032043457031,
    1140.042236328125,
    520.6077880859375
  ],
  "class": 7,
  "confidence": 0.8059250116348267,
  "uncertainty": 0.2501833401533141
}