{
  "image": "data\\raw\\images\\train\\F_1_1_776.jpg",
  "box": [
    1084.225830078125,
    441.5878601074219,
    1198.4248046875,
    535.2884521484375
  ],
  "class": 2,
  "confidence": 0.8634749054908752,
  "uncertainty": 0.1408320223689384
}