{
  "image": "data\\raw\\images\\train\\F_1_5_38.jpg",
  "box": [
    864.9384765625,
    379.5231628417969,
    1014.3458251953125,
    589.1947021484375
  ],
  "class": 7,
  "confidence": 0.9110939502716064,
  "uncertainty": 0.19303578090646345
}