{
  "image": "data\\raw\\images\\train\\F_1_3_498.jpg",
  "box": [
    1145.2578125,
    423.4869689941406,
    1202.342041015625,
    491.64935302734375
  ],
  "class": 7,
  "confidence": 0.7853304743766785,
  "uncertainty": 0.245999623750576
}