{
  "image": "data\\raw\\images\\train\\F_1_5_1097.jpg",
  "box": [
    1524.4046630859375,
    470.2943115234375,
    1758.7412109375,
    644.896728515625
  ],
  "class": 2,
  "confidence": 0.9077823758125305,
  "uncertainty": 0.12413401599823753
}