{
  "image": "data\\raw\\images\\train\\F_1_2_1127.jpg",
  "box": [
    1104.7305908203125,
    477.76025390625,
    1132.80029296875,
    513.4238891601562
  ],
  "class": 7,
  "confidence": 0.25893473625183105,
  "uncertainty": 0.45467916683233256
}