{
  "image": "data\\raw\\images\\train\\F_1_5_270.jpg",
  "box": [
    1191.56884765625,
    425.9832763671875,
    1251.055908203125,
    485.46160888671875
  ],
  "class": 2,
  "confidence": 0.6303192377090454,
  "uncertainty": 0.26643759095053426
}