{
  "image": "data\\raw\\images\\train\\F_1_1_587.jpg",
  "box": [
    1518.126708984375,
    462.0471496582031,
    1692.714111328125,
    614.1879272460938
  ],
  "class": 2,
  "confidence": 0.8986749649047852,
  "uncertainty": 0.13323236652058776
}