{
  "image": "data\\raw\\images\\train\\F_1_3_912.jpg",
  "box": [
    1215.619384765625,
    470.3079833984375,
    1242.66748046875,
    496.4462890625
  ],
  "class": 2,
  "confidence": 0.4804777503013611,
  "uncertainty": 0.2785916091118433
}