{
  "image": "data\\raw\\images\\train\\F_1_5_395.jpg",
  "box": [
    995.4974365234375,
    464.3562927246094,
    1033.2115478515625,
    496.5008239746094
  ],
  "class": 7,
  "confidence": 0.3012160658836365,
  "uncertainty": 0.44385191966580184
}