{
  "image": "data\\raw\\images\\train\\F_1_5_190.jpg",
  "box": [
    1700.06103515625,
    435.435791015625,
    1764.504638671875,
    490.5263671875
  ],
  "class": 2,
  "confidence": 0.7406793236732483,
  "uncertainty": 0.19554496399614865
}