{
  "image": "data\\raw\\images\\train\\F_1_5_270.jpg",
  "box": [
    1079.53466796875,
    438.0516357421875,
    1135.23974609375,
    519.662841796875
  ],
  "class": 2,
  "confidence": 0.6497128009796143,
  "uncertainty": 0.28430534832979765
}