{
  "image": "data\\raw\\images\\train\\F_1_2_1255.jpg",
  "box": [
    1395.748046875,
    433.7831726074219,
    1453.9384765625,
    485.3150939941406
  ],
  "class": 7,
  "confidence": 0.6129834055900574,
  "uncertainty": 0.33568238509291415
}