{
  "image": "data\\raw\\images\\train\\F_1_1_564.jpg",
  "box": [
    1341.8997802734375,
    463.1304016113281,
    1525.740966796875,
    612.4967041015625
  ],
  "class": 2,
  "confidence": 0.907374382019043,
  "uncertainty": 0.13937065284705874
}