{
  "image": "data\\raw\\images\\train\\F_1_1_128.jpg",
  "box": [
    1390.933349609375,
    568.2998046875,
    1455.28466796875,
    634.866455078125
  ],
  "class": 7,
  "confidence": 0.3099200427532196,
  "uncertainty": 0.4356040607324142
}