{
  "image": "data\\raw\\images\\train\\F_1_5_1522.jpg",
  "box": [
    1700.606689453125,
    180.89447021484375,
    1919.0361328125,
    434.6300354003906
  ],
  "class": 7,
  "confidence": 0.9265255928039551,
  "uncertainty": 0.19040698210273033
}