{
  "image": "data\\raw\\images\\train\\F_1_4_1397.jpg",
  "box": [
    1022.2144775390625,
    369.1168212890625,
    1063.6534423828125,
    426.9278869628906
  ],
  "class": 7,
  "confidence": 0.6812241673469543,
  "uncertainty": 0.2941385813820165
}