{
  "image": "data\\raw\\images\\train\\F_1_1_264.jpg",
  "box": [
    861.814453125,
    480.437255859375,
    977.5382080078125,
    565.6798095703125
  ],
  "class": 2,
  "confidence": 0.8678470849990845,
  "uncertainty": 0.13456096502320358
}