{
  "image": "data\\raw\\images\\train\\F_1_1_171.jpg",
  "box": [
    1464.883544921875,
    439.63909912109375,
    1533.48583984375,
    499.091064453125
  ],
  "class": 2,
  "confidence": 0.734734833240509,
  "uncertainty": 0.19065737098968086
}