{
  "image": "data\\raw\\images\\train\\F_1_4_1046.jpg",
  "box": [
    839.3758544921875,
    438.6258544921875,
    905.614990234375,
    516.114990234375
  ],
  "class": 7,
  "confidence": 0.5500192642211914,
  "uncertainty": 0.3329644314020481
}