{
  "image": "data\\raw\\images\\train\\F_1_5_1276.jpg",
  "box": [
    771.37353515625,
    360.37005615234375,
    913.023193359375,
    535.7138671875
  ],
  "class": 7,
  "confidence": 0.9027484655380249,
  "uncertainty": 0.19970528283519962
}