{
  "image": "data\\raw\\images\\train\\F_1_5_270.jpg",
  "box": [
    831.967529296875,
    396.1703796386719,
    874.0323486328125,
    441.2419738769531
  ],
  "class": 7,
  "confidence": 0.27349382638931274,
  "uncertainty": 0.478019578603825
}