{
  "image": "data\\raw\\images\\train\\F_1_5_1521.jpg",
  "box": [
    765.8197021484375,
    236.43800354003906,
    921.5809326171875,
    425.08514404296875
  ],
  "class": 7,
  "confidence": 0.8522029519081116,
  "uncertainty": 0.23114980065479546
}