{
  "image": "data\\raw\\images\\train\\F_1_5_1149.jpg",
  "box": [
    1147.5634765625,
    437.321044921875,
    1174.800048828125,
    481.6190185546875
  ],
  "class": 7,
  "confidence": 0.4127984941005707,
  "uncertainty": 0.397937059512588
}