{
  "image": "data\\raw\\images\\train\\F_1_1_431.jpg",
  "box": [
    1199.271240234375,
    430.1143798828125,
    1227.17724609375,
    453.99664306640625
  ],
  "class": 2,
  "confidence": 0.2733640670776367,
  "uncertainty": 0.3760066306851077
}