{
  "image": "data\\raw\\images\\train\\F_1_5_959.jpg",
  "box": [
    1.0516433715820312,
    398.7213134765625,
    237.77838134765625,
    693.131591796875
  ],
  "class": 7,
  "confidence": 0.863679051399231,
  "uncertainty": 0.229135914303925
}