{
  "image": "data\\raw\\images\\train\\F_1_4_1397.jpg",
  "box": [
    1856.1474609375,
    523.082763671875,
    1919.27197265625,
    867.5068359375
  ],
  "class": 2,
  "confidence": 0.7704215049743652,
  "uncertainty": 0.25124056581793347
}