{
  "image": "data\\raw\\images\\train\\F_1_5_1235.jpg",
  "box": [
    1264.35546875,
    472.9692077636719,
    1315.845947265625,
    518.9649658203125
  ],
  "class": 2,
  "confidence": 0.6254327297210693,
  "uncertainty": 0.23049613933294702
}