{
  "image": "data\\raw\\images\\train\\F_1_3_537.jpg",
  "box": [
    1112.995849609375,
    446.4617614746094,
    1146.1650390625,
    489.5909729003906
  ],
  "class": 7,
  "confidence": 0.641938328742981,
  "uncertainty": 0.32050424511569486
}