{
  "image": "data\\raw\\images\\train\\F_1_3_1516.jpg",
  "box": [
    881.796875,
    379.8482666015625,
    1000.9305419921875,
    546.9267578125
  ],
  "class": 5,
  "confidence": 0.5958552360534668,
  "uncertainty": 0.30610314425275276
}