{
  "image": "data\\raw\\images\\train\\F_1_3_1516.jpg",
  "box": [
    820.6534423828125,
    406.3523254394531,
    886.1517333984375,
    539.98046875
  ],
  "class": 5,
  "confidence": 0.6956812143325806,
  "uncertainty": 0.282103752997498
}