{
  "image": "data\\raw\\images\\train\\F_1_3_1706.jpg",
  "box": [
    1095.1021728515625,
    436.6176452636719,
    1142.854248046875,
    492.6151428222656
  ],
  "class": 7,
  "confidence": 0.7889437079429626,
  "uncertainty": 0.24432199519210357
}