{
  "image": "data\\raw\\images\\train\\F_2_10_43.jpg",
  "box": [
    353.634521484375,
    489.4478759765625,
    528.825927734375,
    626.30126953125
  ],
  "class": 2,
  "confidence": 0.7289674878120422,
  "uncertainty": 0.24832897521055516
}