{
  "image": "data\\raw\\images\\train\\F_2_10_174.jpg",
  "box": [
    1293.531494140625,
    427.3415222167969,
    1400.457763671875,
    494.1830749511719
  ],
  "class": 5,
  "confidence": 0.35092344880104065,
  "uncertainty": 0.43228229446771255
}