{
  "image": "data\\raw\\images\\train\\F_2_7_186.jpg",
  "box": [
    1076.8070068359375,
    425.49151611328125,
    1353.6668701171875,
    528.3629150390625
  ],
  "class": 2,
  "confidence": 0.4718593955039978,
  "uncertainty": 0.3155773697278493
}