{
  "image": "data\\raw\\images\\train\\F_2_1_149.jpg",
  "box": [
    1127.2833251953125,
    466.94366455078125,
    1202.7659912109375,
    589.7473754882812
  ],
  "class": 2,
  "confidence": 0.28910839557647705,
  "uncertainty": 0.41789871923980054
}