{
  "image": "data\\raw\\images\\train\\F_2_11_436.jpg",
  "box": [
    1642.90234375,
    480.7759094238281,
    1706.62841796875,
    550.460205078125
  ],
  "class": 2,
  "confidence": 0.434741348028183,
  "uncertainty": 0.31413019710897566
}