{
  "image": "data\\raw\\images\\train\\F_2_2_256.jpg",
  "box": [
    959.2327880859375,
    469.6942138671875,
    1092.5335693359375,
    581.3825073242188
  ],
  "class": 2,
  "confidence": 0.8699492812156677,
  "uncertainty": 0.14318930955106196
}