{
  "image": "data\\raw\\images\\train\\F_2_9_761.jpg",
  "box": [
    655.2601318359375,
    441.80145263671875,
    712.19189453125,
    501.6221923828125
  ],
  "class": 2,
  "confidence": 0.35798585414886475,
  "uncertainty": 0.4046442539890123
}