{
  "image": "data\\raw\\images\\train\\F_2_6_1490.jpg",
  "box": [
    1409.6259765625,
    267.4653625488281,
    1919.201416015625,
    1037.6854248046875
  ],
  "class": 7,
  "confidence": 0.9083297848701477,
  "uncertainty": 0.2606917135690347
}