{
  "image": "data\\raw\\images\\train\\F_2_7_2147.jpg",
  "box": [
    602.4749755859375,
    418.2230224609375,
    811.5426635742188,
    699.1788330078125
  ],
  "class": 2,
  "confidence": 0.7995175123214722,
  "uncertainty": 0.33091327795105113
}