{
  "image": "data\\raw\\images\\train\\F_2_7_230.jpg",
  "box": [
    1409.34033203125,
    481.4101867675781,
    1660.512451171875,
    701.4607543945312
  ],
  "class": 2,
  "confidence": 0.900659441947937,
  "uncertainty": 0.12822940397752536
}