{
  "image": "data\\raw\\images\\train\\F_2_1_641.jpg",
  "box": [
    210.47987365722656,
    399.4744873046875,
    367.51678466796875,
    558.1185302734375
  ],
  "class": 7,
  "confidence": 0.7205703258514404,
  "uncertainty": 0.3101894664055915
}