{
  "image": "data\\raw\\images\\train\\F_2_7_449.jpg",
  "box": [
    0.5628204345703125,
    494.20355224609375,
    274.79754638671875,
    1066.3685302734375
  ],
  "class": 2,
  "confidence": 0.714762806892395,
  "uncertainty": 0.24373477069223595
}