{
  "image": "data\\raw\\images\\train\\F_2_7_2351.jpg",
  "box": [
    718.0548706054688,
    354.9737548828125,
    998.287353515625,
    524.473388671875
  ],
  "class": 5,
  "confidence": 0.6847394108772278,
  "uncertainty": 0.3429019688324497
}