{
  "image": "data\\raw\\images\\train\\F_2_6_1794.jpg",
  "box": [
    724.484130859375,
    661.7861328125,
    879.9735717773438,
    938.368896484375
  ],
  "class": 3,
  "confidence": 0.6997018456459045,
  "uncertainty": 0.3635941704429078
}