{
  "image": "data\\raw\\images\\train\\F_2_1_902.jpg",
  "box": [
    1620.218017578125,
    469.1265563964844,
    1652.97900390625,
    519.7003173828125
  ],
  "class": 3,
  "confidence": 0.6256248354911804,
  "uncertainty": 0.32770539942465543
}