{
  "image": "data\\raw\\images\\train\\F_2_9_230.jpg",
  "box": [
    1150.8701171875,
    461.2239990234375,
    1676.9476318359375,
    951.19140625
  ],
  "class": 2,
  "confidence": 0.9183349609375,
  "uncertainty": 0.12703985393779715
}