{
  "image": "data\\raw\\images\\train\\F_2_10_122.jpg",
  "box": [
    446.2244873046875,
    508.9530029296875,
    532.5391235351562,
    640.5917358398438
  ],
  "class": 3,
  "confidence": 0.39494752883911133,
  "uncertainty": 0.4801331952944391
}