{
  "image": "data\\raw\\images\\train\\F_2_9_339.jpg",
  "box": [
    286.132568359375,
    554.7530517578125,
    488.43975830078125,
    969.2254638671875
  ],
  "class": 3,
  "confidence": 0.5132408142089844,
  "uncertainty": 0.4063070747478325
}