{
  "image": "data\\raw\\images\\train\\F_2_8_188.jpg",
  "box": [
    1.585968017578125,
    191.63795471191406,
    655.8366088867188,
    492.3690185546875
  ],
  "class": 5,
  "confidence": 0.8992284536361694,
  "uncertainty": 0.24992656200198668
}