{
  "image": "data\\raw\\images\\train\\F_2_6_977.jpg",
  "box": [
    499.0926818847656,
    675.79638671875,
    893.8515014648438,
    1073.95703125
  ],
  "class": 3,
  "confidence": 0.7504708170890808,
  "uncertainty": 0.30798760146641263
}