{
  "image": "data\\raw\\images\\train\\F_2_10_213.jpg",
  "box": [
    1110.088134765625,
    219.43704223632812,
    1517.26904296875,
    753.49072265625
  ],
  "class": 7,
  "confidence": 0.952250599861145,
  "uncertainty": 0.1861305464365811
}