{
  "image": "data\\raw\\images\\train\\F_2_6_457.jpg",
  "box": [
    736.1112670898438,
    577.1763916015625,
    871.8671264648438,
    783.75927734375
  ],
  "class": 3,
  "confidence": 0.7469966411590576,
  "uncertainty": 0.3235635180678144
}