{
  "image": "data\\raw\\images\\train\\F_2_1_759.jpg",
  "box": [
    609.560546875,
    570.2735595703125,
    641.9140625,
    616.3899536132812
  ],
  "class": 3,
  "confidence": 0.4979228675365448,
  "uncertainty": 0.38679462131784204
}