{
  "image": "data\\raw\\images\\train\\F_2_9_310.jpg",
  "box": [
    959.33203125,
    502.8972473144531,
    1243.3238525390625,
    737.8179931640625
  ],
  "class": 2,
  "confidence": 0.9054280519485474,
  "uncertainty": 0.12572221977473041
}