{
  "image": "data\\raw\\images\\train\\F_2_1_328.jpg",
  "box": [
    907.2042846679688,
    459.78497314453125,
    1036.913330078125,
    579.7979736328125
  ],
  "class": 2,
  "confidence": 0.8421291708946228,
  "uncertainty": 0.14782581137474454
}