{
  "image": "data\\raw\\images\\train\\F_2_2_831.jpg",
  "box": [
    469.421630859375,
    594.2492065429688,
    589.4474487304688,
    781.0174560546875
  ],
  "class": 3,
  "confidence": 0.7605167627334595,
  "uncertainty": 0.34560634091873704
}