{
  "image": "data\\raw\\images\\train\\F_2_1_960.jpg",
  "box": [
    1885.3564453125,
    444.435546875,
    1919.230224609375,
    496.80792236328125
  ],
  "class": 2,
  "confidence": 0.4866360127925873,
  "uncertainty": 0.2793636263486392
}