{
  "image": "data\\raw\\images\\train\\F_2_7_1804.jpg",
  "box": [
    201.92234802246094,
    443.85699462890625,
    589.6024169921875,
    775.588623046875
  ],
  "class": 2,
  "confidence": 0.933192789554596,
  "uncertainty": 0.12354868516518142
}