{
  "image": "data\\raw\\images\\train\\F_2_6_237.jpg",
  "box": [
    380.45074462890625,
    390.5694580078125,
    476.65478515625,
    526.6201171875
  ],
  "class": 7,
  "confidence": 0.48969554901123047,
  "uncertainty": 0.43715034392356933
}