{
  "image": "data\\raw\\images\\train\\F_2_7_334.jpg",
  "box": [
    546.464599609375,
    449.28082275390625,
    587.98095703125,
    477.915771484375
  ],
  "class": 2,
  "confidence": 0.36957013607025146,
  "uncertainty": 0.3325566076455032
}