{
  "image": "data\\raw\\images\\train\\F_2_2_317.jpg",
  "box": [
    628.6660766601562,
    393.35870361328125,
    856.86181640625,
    522.2406005859375
  ],
  "class": 7,
  "confidence": 0.5765540599822998,
  "uncertainty": 0.42050478263937224
}