{
  "image": "data\\raw\\images\\train\\F_2_11_302.jpg",
  "box": [
    508.0322570800781,
    451.8665771484375,
    581.40771484375,
    549.079833984375
  ],
  "class": 2,
  "confidence": 0.34159836173057556,
  "uncertainty": 0.39182290595221575
}