{
  "image": "data\\raw\\images\\train\\F_2_10_174.jpg",
  "box": [
    1090.7281494140625,
    469.8384704589844,
    1130.7183837890625,
    579.68896484375
  ],
  "class": 2,
  "confidence": 0.6588594317436218,
  "uncertainty": 0.23715235583996966
}