{
  "image": "data\\raw\\images\\train\\F_2_1_333.jpg",
  "box": [
    1575.291748046875,
    341.31976318359375,
    1725.832275390625,
    519.5714721679688
  ],
  "class": 7,
  "confidence": 0.5501825213432312,
  "uncertainty": 0.41073069451130556
}