{
  "image": "data\\raw\\images\\train\\F_2_2_1564.jpg",
  "box": [
    1364.367919921875,
    473.5811462402344,
    1501.352783203125,
    520.294677734375
  ],
  "class": 2,
  "confidence": 0.42984792590141296,
  "uncertainty": 0.35711024996702245
}