{
  "image": "data\\raw\\images\\train\\F_2_2_771.jpg",
  "box": [
    313.881591796875,
    475.7868347167969,
    533.552978515625,
    749.2899169921875
  ],
  "class": 2,
  "confidence": 0.6681583523750305,
  "uncertainty": 0.2686321992459298
}