{
  "image": "data\\raw\\images\\train\\F_2_8_1935.jpg",
  "box": [
    0.10475921630859375,
    372.283447265625,
    263.4847106933594,
    872.2469482421875
  ],
  "class": 2,
  "confidence": 0.8735960125923157,
  "uncertainty": 0.1591599013473699
}