{
  "image": "data\\raw\\images\\train\\F_2_1_632.jpg",
  "box": [
    830.5054321289062,
    547.34912109375,
    967.7543334960938,
    738.069580078125
  ],
  "class": 3,
  "confidence": 0.33310821652412415,
  "uncertainty": 0.4701771356379383
}