{
  "image": "data\\raw\\images\\train\\F_2_7_1744.jpg",
  "box": [
    614.4630126953125,
    460.18121337890625,
    715.2386474609375,
    553.0508422851562
  ],
  "class": 2,
  "confidence": 0.848521888256073,
  "uncertainty": 0.17002547717052674
}