{
  "image": "data\\raw\\images\\train\\F_2_6_893.jpg",
  "box": [
    351.3704528808594,
    285.5619812011719,
    560.93115234375,
    593.0595703125
  ],
  "class": 7,
  "confidence": 0.9032945036888123,
  "uncertainty": 0.21317342680164147
}