{
  "image": "data\\raw\\images\\train\\F_2_2_1435.jpg",
  "box": [
    994.396240234375,
    445.8529357910156,
    1065.0213623046875,
    528.3331298828125
  ],
  "class": 2,
  "confidence": 0.4505060017108917,
  "uncertainty": 0.3599287049746927
}