{
  "image": "data\\raw\\images\\train\\F_2_2_184.jpg",
  "box": [
    1370.238037109375,
    477.4036560058594,
    1456.65185546875,
    561.3436279296875
  ],
  "class": 2,
  "confidence": 0.724258542060852,
  "uncertainty": 0.20541950753134613
}