{
  "image": "data\\raw\\images\\train\\F_2_1_624.jpg",
  "box": [
    0.1899089813232422,
    568.9041137695312,
    49.17914581298828,
    775.9037475585938
  ],
  "class": 3,
  "confidence": 0.4748130738735199,
  "uncertainty": 0.46148512111754336
}