{
  "image": "data\\raw\\images\\train\\F_2_2_182.jpg",
  "box": [
    1098.44140625,
    441.6481018066406,
    1344.8837890625,
    742.718994140625
  ],
  "class": 7,
  "confidence": 0.6598821878433228,
  "uncertainty": 0.31503263268445253
}