{
  "image": "data\\raw\\images\\train\\F_2_1_893.jpg",
  "box": [
    780.8895263671875,
    493.3995666503906,
    839.9769287109375,
    588.93212890625
  ],
  "class": 3,
  "confidence": 0.6576567888259888,
  "uncertainty": 0.33452681722956906
}