{
  "image": "data\\raw\\images\\train\\F_2_1_1066.jpg",
  "box": [
    1442.474853515625,
    492.8908996582031,
    1599.703857421875,
    632.906005859375
  ],
  "class": 2,
  "confidence": 0.8244566917419434,
  "uncertainty": 0.18081040863012637
}