{
  "image": "data\\raw\\images\\train\\F_2_6_436.jpg",
  "box": [
    157.0181121826172,
    428.9922180175781,
    384.1467590332031,
    685.1524658203125
  ],
  "class": 7,
  "confidence": 0.7888261675834656,
  "uncertainty": 0.24590791778361393
}