{
  "image": "data\\raw\\images\\train\\F_2_1_157.jpg",
  "box": [
    732.8516235351562,
    495.19451904296875,
    788.1005859375,
    585.9013061523438
  ],
  "class": 3,
  "confidence": 0.6617762446403503,
  "uncertainty": 0.35309594619998513
}