{
  "image": "data\\raw\\images\\train\\F_2_7_898.jpg",
  "box": [
    470.34423828125,
    497.2716064453125,
    532.560546875,
    612.76318359375
  ],
  "class": 3,
  "confidence": 0.4688262641429901,
  "uncertainty": 0.4384735496732747
}