{
  "image": "data\\raw\\images\\train\\F_2_2_1351.jpg",
  "box": [
    220.65435791015625,
    583.3703002929688,
    304.3743896484375,
    696.6255493164062
  ],
  "class": 3,
  "confidence": 0.7726258039474487,
  "uncertainty": 0.26532124855356487
}