{
  "image": "data\\raw\\images\\train\\F_2_6_895.jpg",
  "box": [
    217.8406219482422,
    400.6468505859375,
    488.7360534667969,
    733.3297119140625
  ],
  "class": 7,
  "confidence": 0.5885508060455322,
  "uncertainty": 0.34090010821549893
}