{
  "image": "data\\raw\\images\\train\\F_2_7_1786.jpg",
  "box": [
    377.1231689453125,
    363.38873291015625,
    448.5158386230469,
    492.07818603515625
  ],
  "class": 3,
  "confidence": 0.5796284079551697,
  "uncertainty": 0.4164986950888028
}