{
  "image": "data\\raw\\images\\train\\F_2_1_399.jpg",
  "box": [
    0.847320556640625,
    622.8511962890625,
    149.1573486328125,
    849.9266967773438
  ],
  "class": 3,
  "confidence": 0.5150975584983826,
  "uncertainty": 0.41927312369850334
}