{
  "image": "data\\raw\\images\\train\\F_2_2_1316.jpg",
  "box": [
    426.3393859863281,
    369.0118408203125,
    577.0186157226562,
    534.6092529296875
  ],
  "class": 7,
  "confidence": 0.5280780792236328,
  "uncertainty": 0.44161448362244926
}