{
  "image": "data\\raw\\images\\train\\F_2_2_98.jpg",
  "box": [
    0.5175933837890625,
    650.1099853515625,
    109.06910705566406,
    884.6842041015625
  ],
  "class": 3,
  "confidence": 0.47132328152656555,
  "uncertainty": 0.408381523385838
}