{
  "image": "data\\raw\\images\\train\\F_2_1_423.jpg",
  "box": [
    862.8187866210938,
    465.8883056640625,
    986.5460815429688,
    583.0104370117188
  ],
  "class": 2,
  "confidence": 0.7171950936317444,
  "uncertainty": 0.1977942708563301
}