{
  "image": "data\\raw\\images\\train\\F_2_2_887.jpg",
  "box": [
    792.7869873046875,
    382.42291259765625,
    1641.1907958984375,
    1064.02685546875
  ],
  "class": 2,
  "confidence": 0.9023179411888123,
  "uncertainty": 0.11632088351086722
}