{
  "image": "data\\raw\\images\\train\\F_2_1_418.jpg",
  "box": [
    1226.921142578125,
    499.49578857421875,
    1305.987060546875,
    568.9989624023438
  ],
  "class": 2,
  "confidence": 0.6523324847221375,
  "uncertainty": 0.2155115961705903
}