{
  "image": "data\\raw\\images\\train\\F_2_1_939.jpg",
  "box": [
    1473.2479248046875,
    442.9207763671875,
    1557.6002197265625,
    541.4463500976562
  ],
  "class": 7,
  "confidence": 0.5798929929733276,
  "uncertainty": 0.35137314460838764
}