{
  "image": "data\\raw\\images\\train\\F_2_8_1439.jpg",
  "box": [
    1336.25927734375,
    413.3835754394531,
    1424.6705322265625,
    481.8494567871094
  ],
  "class": 3,
  "confidence": 0.3865698277950287,
  "uncertainty": 0.4519186260307958
}