{
  "image": "data\\raw\\images\\train\\F_2_8_983.jpg",
  "box": [
    0.365203857421875,
    535.362060546875,
    96.40548706054688,
    709.9403076171875
  ],
  "class": 3,
  "confidence": 0.46082693338394165,
  "uncertainty": 0.42245879631174077
}