{
  "image": "data\\raw\\images\\train\\F_2_9_2348.jpg",
  "box": [
    1827.529296875,
    524.1483154296875,
    1919.3154296875,
    633.4129638671875
  ],
  "class": 7,
  "confidence": 0.3896234333515167,
  "uncertainty": 0.4240453850608723
}