{
  "image": "data\\raw\\images\\train\\F_2_8_1812.jpg",
  "box": [
    839.1996459960938,
    485.3822937011719,
    1078.357421875,
    683.7672119140625
  ],
  "class": 2,
  "confidence": 0.5090462565422058,
  "uncertainty": 0.4028674480423851
}