{
  "image": "data\\raw\\images\\train\\F_2_1_377.jpg",
  "box": [
    1544.4320068359375,
    454.9710388183594,
    1588.8189697265625,
    524.670654296875
  ],
  "class": 3,
  "confidence": 0.6836957335472107,
  "uncertainty": 0.3284376673109279
}