{
  "image": "data\\raw\\images\\train\\F_2_8_807.jpg",
  "box": [
    3.5343017578125,
    4.490478515625,
    988.4697875976562,
    1062.247802734375
  ],
  "class": 5,
  "confidence": 0.9230075478553772,
  "uncertainty": 0.1650023218949484
}