{
  "image": "data\\raw\\images\\train\\F_2_2_1584.jpg",
  "box": [
    387.1941833496094,
    367.42950439453125,
    527.18603515625,
    470.2326965332031
  ],
  "class": 5,
  "confidence": 0.4724824130535126,
  "uncertainty": 0.4120956984160936
}