{
  "image": "data\\raw\\images\\train\\F_2_7_695.jpg",
  "box": [
    518.3499145507812,
    461.4846496582031,
    1018.530029296875,
    856.246826171875
  ],
  "class": 2,
  "confidence": 0.9399127960205078,
  "uncertainty": 0.11973403690004822
}