{
  "image": "data\\raw\\images\\train\\F_2_7_60.jpg",
  "box": [
    207.26779174804688,
    466.9660949707031,
    1349.4039306640625,
    1068.3985595703125
  ],
  "class": 2,
  "confidence": 0.9159750938415527,
  "uncertainty": 0.12344538951657807
}