{
  "image": "data\\raw\\images\\train\\F_2_2_1284.jpg",
  "box": [
    1351.410400390625,
    405.6753845214844,
    1436.28271484375,
    452.6607971191406
  ],
  "class": 5,
  "confidence": 0.25040677189826965,
  "uncertainty": 0.4748834421779144
}