{
  "image": "data\\raw\\images\\train\\F_2_9_2352.jpg",
  "box": [
    1195.05078125,
    381.8674621582031,
    1364.82470703125,
    518.7991943359375
  ],
  "class": 5,
  "confidence": 0.3531976342201233,
  "uncertainty": 0.4688612659742876
}