{
  "image": "data\\raw\\images\\train\\F_2_2_252.jpg",
  "box": [
    289.0775146484375,
    417.63482666015625,
    414.1741943359375,
    636.9801635742188
  ],
  "class": 7,
  "confidence": 0.3023160398006439,
  "uncertainty": 0.4806196286622472
}