{
  "image": "data\\raw\\images\\train\\F_2_2_939.jpg",
  "box": [
    1548.1270751953125,
    506.30914306640625,
    1663.9171142578125,
    596.8390502929688
  ],
  "class": 2,
  "confidence": 0.8666115999221802,
  "uncertainty": 0.15988443015315273
}