{
  "image": "data\\raw\\images\\train\\F_2_7_26.jpg",
  "box": [
    0.2493438720703125,
    463.2374267578125,
    594.6983642578125,
    977.7625732421875
  ],
  "class": 2,
  "confidence": 0.9295009970664978,
  "uncertainty": 0.13636451415669237
}