{
  "image": "data\\raw\\images\\train\\F_2_2_1426.jpg",
  "box": [
    79.30426025390625,
    266.480712890625,
    1026.5322265625,
    1065.23291015625
  ],
  "class": 7,
  "confidence": 0.8439211845397949,
  "uncertainty": 0.2257566791279742
}