{
  "image": "data\\raw\\images\\train\\F_2_5_336.jpg",
  "box": [
    1710.35693359375,
    445.0821533203125,
    1917.714599609375,
    708.3455200195312
  ],
  "class": 2,
  "confidence": 0.45008864998817444,
  "uncertainty": 0.3502073218077286
}