{
  "image": "data\\raw\\images\\train\\F_2_2_1034.jpg",
  "box": [
    1036.7025146484375,
    435.107666015625,
    1145.03759765625,
    468.0633544921875
  ],
  "class": 2,
  "confidence": 0.2929544746875763,
  "uncertainty": 0.40509568129252005
}