{
  "image": "data\\raw\\images\\train\\F_2_10_174.jpg",
  "box": [
    1152.2406005859375,
    469.56005859375,
    1358.9586181640625,
    696.3396606445312
  ],
  "class": 2,
  "confidence": 0.8565710783004761,
  "uncertainty": 0.1340525814552731
}