{
  "image": "data\\raw\\images\\train\\F_2_1_446.jpg",
  "box": [
    1159.17578125,
    467.2193298339844,
    1281.42724609375,
    517.110595703125
  ],
  "class": 2,
  "confidence": 0.37362003326416016,
  "uncertainty": 0.3977028165857276
}