{
  "image": "data\\raw\\images\\train\\F_2_1_566.jpg",
  "box": [
    847.3500366210938,
    499.8895568847656,
    902.4446411132812,
    550.8111572265625
  ],
  "class": 2,
  "confidence": 0.657072901725769,
  "uncertainty": 0.22061258268698658
}