{
  "image": "data\\raw\\images\\train\\F_2_2_806.jpg",
  "box": [
    1.1740264892578125,
    412.6666259765625,
    515.4169921875,
    1069.1357421875
  ],
  "class": 2,
  "confidence": 0.9410454630851746,
  "uncertainty": 0.14395188491243874
}