{
  "image": "data\\raw\\images\\train\\F_2_2_1440.jpg",
  "box": [
    624.150634765625,
    481.2261657714844,
    676.4049072265625,
    569.861328125
  ],
  "class": 3,
  "confidence": 0.6495115756988525,
  "uncertainty": 0.3346701505039893
}