{
  "image": "data\\raw\\images\\train\\F_2_7_872.jpg",
  "box": [
    558.2252197265625,
    546.5721435546875,
    660.3700561523438,
    707.1245727539062
  ],
  "class": 3,
  "confidence": 0.6306540369987488,
  "uncertainty": 0.4086668628473494
}