{
  "image": "data\\raw\\images\\train\\F_2_1_742.jpg",
  "box": [
    935.2131958007812,
    476.912353515625,
    997.3954467773438,
    555.96044921875
  ],
  "class": 7,
  "confidence": 0.5741392374038696,
  "uncertainty": 0.33383840069795895
}