{
  "image": "data\\raw\\images\\train\\F_2_8_1731.jpg",
  "box": [
    595.424072265625,
    599.6350708007812,
    742.8463134765625,
    774.708251953125
  ],
  "class": 2,
  "confidence": 0.3851354718208313,
  "uncertainty": 0.3375351593158571
}