{
  "image": "data\\raw\\images\\train\\F_2_6_1545.jpg",
  "box": [
    480.55096435546875,
    442.4499206542969,
    1063.063232421875,
    943.373046875
  ],
  "class": 2,
  "confidence": 0.9059697985649109,
  "uncertainty": 0.14569873173672035
}