{
  "image": "data\\raw\\images\\train\\F_2_2_771.jpg",
  "box": [
    685.2913208007812,
    323.91937255859375,
    962.5740966796875,
    443.04644775390625
  ],
  "class": 6,
  "confidence": 0.380412757396698,
  "uncertainty": 0.4078605310438395
}