{
  "image": "data\\raw\\images\\train\\F_2_7_1985.jpg",
  "box": [
    1897.720458984375,
    469.34326171875,
    1919.318115234375,
    576.8823852539062
  ],
  "class": 2,
  "confidence": 0.35349705815315247,
  "uncertainty": 0.39890819483989415
}