{
  "image": "data\\raw\\images\\train\\F_2_11_373.jpg",
  "box": [
    879.844482421875,
    365.1750183105469,
    1026.3262939453125,
    537.5858154296875
  ],
  "class": 7,
  "confidence": 0.8705071210861206,
  "uncertainty": 0.2177475360311531
}