{
  "image": "data\\raw\\images\\train\\F_2_9_761.jpg",
  "box": [
    0.11313629150390625,
    356.965576171875,
    121.67008209228516,
    567.5787963867188
  ],
  "class": 7,
  "confidence": 0.5532061457633972,
  "uncertainty": 0.34578708002243186
}