{
  "image": "data\\raw\\images\\train\\F_2_3_635.jpg",
  "box": [
    605.5655517578125,
    443.5382080078125,
    949.6553955078125,
    767.34423828125
  ],
  "class": 2,
  "confidence": 0.9219576716423035,
  "uncertainty": 0.1394643417200943
}