{
  "image": "data\\raw\\images\\train\\F_2_1_622.jpg",
  "box": [
    1739.132080078125,
    536.9639282226562,
    1831.34326171875,
    613.013671875
  ],
  "class": 2,
  "confidence": 0.784369707107544,
  "uncertainty": 0.17978773801410955
}