{
  "image": "data\\raw\\images\\train\\F_2_6_1737.jpg",
  "box": [
    463.98150634765625,
    366.4302978515625,
    567.7867431640625,
    707.363525390625
  ],
  "class": 2,
  "confidence": 0.6494148969650269,
  "uncertainty": 0.2601363223227833
}