{
  "image": "data\\raw\\images\\train\\F_2_7_1868.jpg",
  "box": [
    976.869140625,
    457.8313293457031,
    1055.600830078125,
    614.07080078125
  ],
  "class": 2,
  "confidence": 0.3945808708667755,
  "uncertainty": 0.3703627763766011
}