{
  "image": "data\\raw\\images\\train\\F_2_1_1084.jpg",
  "box": [
    1106.8297119140625,
    494.60577392578125,
    1142.7275390625,
    594.4903564453125
  ],
  "class": 3,
  "confidence": 0.29431459307670593,
  "uncertainty": 0.490859102480709
}