{
  "image": "data\\raw\\images\\train\\F_2_7_898.jpg",
  "box": [
    770.0326538085938,
    417.4944763183594,
    1235.265869140625,
    824.1182861328125
  ],
  "class": 2,
  "confidence": 0.9234800934791565,
  "uncertainty": 0.12334630690859766
}