{
  "image": "data\\raw\\images\\train\\F_2_4_940.jpg",
  "box": [
    615.5098876953125,
    540.0594482421875,
    700.5816650390625,
    648.1690673828125
  ],
  "class": 3,
  "confidence": 0.7250272035598755,
  "uncertainty": 0.3583581040511657
}