{
  "image": "data\\raw\\images\\train\\F_2_5_306.jpg",
  "box": [
    1374.72021484375,
    638.3643798828125,
    1494.354248046875,
    848.0399169921875
  ],
  "class": 3,
  "confidence": 0.7713358998298645,
  "uncertainty": 0.3055492081100227
}