{
  "image": "data\\raw\\images\\train\\F_2_9_335.jpg",
  "box": [
    507.13714599609375,
    407.3775329589844,
    628.7667846679688,
    566.6688232421875
  ],
  "class": 7,
  "confidence": 0.43739819526672363,
  "uncertainty": 0.3979407727266051
}