{
  "image": "data\\raw\\images\\train\\F_2_1_473.jpg",
  "box": [
    1080.501953125,
    501.3433837890625,
    1103.308837890625,
    540.1346435546875
  ],
  "class": 3,
  "confidence": 0.33578652143478394,
  "uncertainty": 0.45541848496572024
}