{
  "image": "data\\raw\\images\\train\\F_2_9_782.jpg",
  "box": [
    1284.8631591796875,
    485.4264221191406,
    1312.717529296875,
    530.9566040039062
  ],
  "class": 3,
  "confidence": 0.45407024025917053,
  "uncertainty": 0.39557815249242867
}