{
  "image": "data\\raw\\images\\train\\F_2_6_1257.jpg",
  "box": [
    1445.724609375,
    715.19482421875,
    1684.1370849609375,
    995.9320678710938
  ],
  "class": 3,
  "confidence": 0.5256132483482361,
  "uncertainty": 0.39840104112088964
}