{
  "image": "data\\raw\\images\\train\\F_2_7_809.jpg",
  "box": [
    713.8566284179688,
    437.42889404296875,
    786.3284912109375,
    469.95318603515625
  ],
  "class": 2,
  "confidence": 0.2778909206390381,
  "uncertainty": 0.3684853566939642
}