{
  "image": "data\\raw\\images\\train\\F_2_9_2995.jpg",
  "box": [
    1.285858154296875,
    455.4284362792969,
    459.61053466796875,
    1058.7603759765625
  ],
  "class": 2,
  "confidence": 0.8852121233940125,
  "uncertainty": 0.13909371043667249
}