{
  "image": "data\\raw\\images\\train\\F_2_1_1191.jpg",
  "box": [
    835.077392578125,
    400.083251953125,
    914.3521728515625,
    483.71429443359375
  ],
  "class": 7,
  "confidence": 0.8078145980834961,
  "uncertainty": 0.23227581430226496
}