{
  "image": "data\\raw\\images\\train\\F_2_5_20.jpg",
  "box": [
    874.5100708007812,
    548.2071533203125,
    967.5631713867188,
    689.5973510742188
  ],
  "class": 3,
  "confidence": 0.6584535241127014,
  "uncertainty": 0.3127247355922977
}