{
  "image": "data\\raw\\images\\train\\F_2_7_459.jpg",
  "box": [
    1239.63232421875,
    435.00189208984375,
    1918.8592529296875,
    1067.624267578125
  ],
  "class": 2,
  "confidence": 0.9448833465576172,
  "uncertainty": 0.14423424698840437
}