{
  "image": "data\\raw\\images\\train\\F_2_10_110.jpg",
  "box": [
    838.4295043945312,
    373.884521484375,
    945.900146484375,
    509.70465087890625
  ],
  "class": 7,
  "confidence": 0.81351238489151,
  "uncertainty": 0.2451789167993686
}