{
  "image": "data\\raw\\images\\train\\F_2_9_2718.jpg",
  "box": [
    876.2164306640625,
    109.4893569946289,
    1455.0406494140625,
    785.637451171875
  ],
  "class": 5,
  "confidence": 0.7567104697227478,
  "uncertainty": 0.26613237462355754
}