{
  "image": "data\\raw\\images\\train\\F_2_9_2259.jpg",
  "box": [
    881.1441650390625,
    352.9154052734375,
    962.06982421875,
    397.0533447265625
  ],
  "class": 5,
  "confidence": 0.35264796018600464,
  "uncertainty": 0.4349944715822915
}