{
  "image": "data\\raw\\images\\train\\F_2_7_186.jpg",
  "box": [
    389.1214599609375,
    448.426025390625,
    777.3143310546875,
    839.581787109375
  ],
  "class": 2,
  "confidence": 0.9132818579673767,
  "uncertainty": 0.2256066361760392
}