{
  "image": "data\\raw\\images\\train\\F_2_6_457.jpg",
  "box": [
    854.6746826171875,
    428.7528076171875,
    1021.315673828125,
    584.1337280273438
  ],
  "class": 2,
  "confidence": 0.85340815782547,
  "uncertainty": 0.17383648698383503
}