{
  "image": "data\\raw\\images\\train\\F_2_7_409.jpg",
  "box": [
    1.3163909912109375,
    447.3350830078125,
    589.2386474609375,
    1068.163330078125
  ],
  "class": 2,
  "confidence": 0.9311679601669312,
  "uncertainty": 0.07186788381958903
}