{
  "image": "data\\raw\\images\\train\\F_2_9_350.jpg",
  "box": [
    677.9857788085938,
    319.20257568359375,
    712.8333740234375,
    357.299072265625
  ],
  "class": 2,
  "confidence": 0.3277225196361542,
  "uncertainty": 0.33963358136414534
}