{
  "image": "data\\raw\\images\\train\\F_2_1_251.jpg",
  "box": [
    1113.44189453125,
    423.7229919433594,
    1303.5654296875,
    684.30712890625
  ],
  "class": 7,
  "confidence": 0.4905332922935486,
  "uncertainty": 0.41394359662465435
}