{
  "image": "data\\raw\\images\\train\\F_2_3_281.jpg",
  "box": [
    78.02661895751953,
    459.79644775390625,
    228.3809051513672,
    686.4740600585938
  ],
  "class": 3,
  "confidence": 0.8410771489143372,
  "uncertainty": 0.31908470225997715
}