{
  "image": "data\\raw\\images\\train\\F_2_2_798.jpg",
  "box": [
    1558.51171875,
    546.7959594726562,
    1641.966796875,
    604.36474609375
  ],
  "class": 2,
  "confidence": 0.6863396763801575,
  "uncertainty": 0.2198733025746365
}