{
  "image": "data\\raw\\images\\train\\F_2_7_1630.jpg",
  "box": [
    38.976837158203125,
    360.8203125,
    448.60406494140625,
    795.6637573242188
  ],
  "class": 7,
  "confidence": 0.8234677314758301,
  "uncertainty": 0.2562040694084625
}