{
  "image": "data\\raw\\images\\train\\F_2_9_1527.jpg",
  "box": [
    1252.2943115234375,
    427.3552551269531,
    1917.421142578125,
    1068.7490234375
  ],
  "class": 2,
  "confidence": 0.9466234445571899,
  "uncertainty": 0.12405424379188154
}