{
  "image": "data\\raw\\images\\train\\F_2_7_1282.jpg",
  "box": [
    838.4529418945312,
    386.57061767578125,
    1222.274169921875,
    771.81591796875
  ],
  "class": 2,
  "confidence": 0.8922916054725647,
  "uncertainty": 0.13823841217305913
}