{
  "image": "data\\raw\\images\\train\\F_2_3_494.jpg",
  "box": [
    846.18017578125,
    406.84808349609375,
    953.4457397460938,
    534.2916259765625
  ],
  "class": 2,
  "confidence": 0.7235321402549744,
  "uncertainty": 0.24124813761015312
}