{
  "image": "data\\raw\\images\\train\\F_2_9_139.jpg",
  "box": [
    1807.2850341796875,
    549.210693359375,
    1919.281494140625,
    624.9721069335938
  ],
  "class": 2,
  "confidence": 0.819112241268158,
  "uncertainty": 0.15446523870132287
}