{
  "image": "data\\raw\\images\\train\\F_2_1_794.jpg",
  "box": [
    1129.871826171875,
    424.8858642578125,
    1190.956298828125,
    475.77166748046875
  ],
  "class": 2,
  "confidence": 0.6605464816093445,
  "uncertainty": 0.2235044143919895
}