{
  "image": "data\\raw\\images\\train\\F_2_1_37.jpg",
  "box": [
    1095.14697265625,
    417.898681640625,
    1348.899658203125,
    702.9920654296875
  ],
  "class": 2,
  "confidence": 0.5716972351074219,
  "uncertainty": 0.28924564010570936
}