{
  "image": "data\\raw\\images\\train\\F_2_6_977.jpg",
  "box": [
    389.2766418457031,
    556.380859375,
    1060.8309326171875,
    1004.1959838867188
  ],
  "class": 2,
  "confidence": 0.9110069274902344,
  "uncertainty": 0.15073723762436933
}