{
  "image": "data\\raw\\images\\train\\F_2_7_1985.jpg",
  "box": [
    1707.6441650390625,
    493.0205078125,
    1899.22119140625,
    628.333984375
  ],
  "class": 2,
  "confidence": 0.8724355101585388,
  "uncertainty": 0.15596625725670366
}