{
  "image": "data\\raw\\images\\train\\F_2_7_525.jpg",
  "box": [
    44.68656921386719,
    493.34344482421875,
    640.7763061523438,
    962.7885131835938
  ],
  "class": 2,
  "confidence": 0.9337193965911865,
  "uncertainty": 0.15701693112964105
}