{
  "image": "data\\raw\\images\\train\\F_2_1_893.jpg",
  "box": [
    0.34801483154296875,
    396.43292236328125,
    61.5029296875,
    533.7369384765625
  ],
  "class": 7,
  "confidence": 0.42157113552093506,
  "uncertainty": 0.43069126429229826
}