{
  "image": "data\\raw\\images\\train\\F_2_1_706.jpg",
  "box": [
    962.2329711914062,
    475.3223876953125,
    1016.1893920898438,
    517.0374755859375
  ],
  "class": 2,
  "confidence": 0.6343314051628113,
  "uncertainty": 0.22655799076834532
}