{
  "image": "data\\raw\\images\\train\\F_2_1_56.jpg",
  "box": [
    628.8656616210938,
    410.164306640625,
    735.776123046875,
    522.9039916992188
  ],
  "class": 7,
  "confidence": 0.7733808755874634,
  "uncertainty": 0.27227994379133547
}