{
  "image": "data\\raw\\images\\train\\F_2_8_1036.jpg",
  "box": [
    344.598876953125,
    385.45404052734375,
    510.0335693359375,
    535.376953125
  ],
  "class": 5,
  "confidence": 0.8187016844749451,
  "uncertainty": 0.25852499935178397
}