{
  "image": "data\\raw\\images\\train\\F_2_2_1201.jpg",
  "box": [
    1836.728759765625,
    593.796142578125,
    1919.2181396484375,
    979.3591918945312
  ],
  "class": 2,
  "confidence": 0.8503124713897705,
  "uncertainty": 0.2040742400956335
}