{
  "image": "data\\raw\\images\\train\\F_2_1_89.jpg",
  "box": [
    1393.5458984375,
    374.89031982421875,
    1550.14306640625,
    494.37799072265625
  ],
  "class": 5,
  "confidence": 0.3080981373786926,
  "uncertainty": 0.426952133460652
}