{
  "image": "data\\raw\\images\\train\\F_2_2_857.jpg",
  "box": [
    215.00949096679688,
    385.0425109863281,
    1086.4481201171875,
    1066.211181640625
  ],
  "class": 2,
  "confidence": 0.8815120458602905,
  "uncertainty": 0.1309288855893032
}