{
  "image": "data\\raw\\images\\train\\F_2_2_1001.jpg",
  "box": [
    441.90875244140625,
    427.6746826171875,
    914.8126831054688,
    845.9298095703125
  ],
  "class": 2,
  "confidence": 0.8919541835784912,
  "uncertainty": 0.14254247710197823
}