{
  "image": "data\\raw\\images\\train\\F_2_1_383.jpg",
  "box": [
    1466.2489013671875,
    513.999755859375,
    1540.964111328125,
    621.2916870117188
  ],
  "class": 3,
  "confidence": 0.6602992415428162,
  "uncertainty": 0.36017436115066875
}