{
  "image": "data\\raw\\images\\train\\F_2_3_464.jpg",
  "box": [
    1174.171630859375,
    457.2842102050781,
    1439.970947265625,
    692.5706787109375
  ],
  "class": 2,
  "confidence": 0.8495216369628906,
  "uncertainty": 0.16095493130157235
}