{
  "image": "data\\raw\\images\\train\\F_2_9_3009.jpg",
  "box": [
    779.1945190429688,
    311.755126953125,
    1117.95947265625,
    642.0523071289062
  ],
  "class": 7,
  "confidence": 0.8228909373283386,
  "uncertainty": 0.20677841439172773
}