{
  "image": "data\\raw\\images\\train\\F_2_9_902.jpg",
  "box": [
    1839.7957763671875,
    628.048583984375,
    1919.3602294921875,
    775.755126953125
  ],
  "class": 3,
  "confidence": 0.7364805936813354,
  "uncertainty": 0.29102613248430276
}