{
  "image": "data\\raw\\images\\train\\F_2_9_2959.jpg",
  "box": [
    532.7783203125,
    550.0911865234375,
    595.6477661132812,
    639.905517578125
  ],
  "class": 3,
  "confidence": 0.6694817543029785,
  "uncertainty": 0.32571099745841353
}