{
  "image": "data\\raw\\images\\train\\F_2_4_669.jpg",
  "box": [
    345.14251708984375,
    539.4802856445312,
    443.298583984375,
    668.6679077148438
  ],
  "class": 3,
  "confidence": 0.6814457178115845,
  "uncertainty": 0.3344534435487243
}