{
  "image": "data\\raw\\images\\train\\F_2_8_812.jpg",
  "box": [
    1596.8939208984375,
    422.32672119140625,
    1659.67822265625,
    493.3106689453125
  ],
  "class": 2,
  "confidence": 0.5074827075004578,
  "uncertainty": 0.27922201912296735
}