{
  "image": "data\\raw\\images\\train\\F_2_7_384.jpg",
  "box": [
    301.9934997558594,
    399.9870300292969,
    540.230712890625,
    479.41131591796875
  ],
  "class": 2,
  "confidence": 0.39076709747314453,
  "uncertainty": 0.46225674220955204
}