{
  "image": "data\\raw\\images\\train\\F_2_9_2876.jpg",
  "box": [
    637.4345092773438,
    81.13135528564453,
    1181.8802490234375,
    714.779541015625
  ],
  "class": 5,
  "confidence": 0.6488530039787292,
  "uncertainty": 0.3008331848786536
}