{
  "image": "data\\raw\\images\\train\\F_2_3_459.jpg",
  "box": [
    860.2963256835938,
    254.81103515625,
    1268.0029296875,
    557.8031005859375
  ],
  "class": 5,
  "confidence": 0.8891541361808777,
  "uncertainty": 0.2624999475991188
}