{
  "image": "data\\raw\\images\\train\\F_2_9_2991.jpg",
  "box": [
    425.2264709472656,
    429.7283935546875,
    526.946044921875,
    511.386474609375
  ],
  "class": 2,
  "confidence": 0.5046764612197876,
  "uncertainty": 0.3292353079182059
}