{
  "image": "data\\raw\\images\\train\\F_2_1_714.jpg",
  "box": [
    1727.8828125,
    518.4608154296875,
    1838.590576171875,
    629.4267578125
  ],
  "class": 2,
  "confidence": 0.7597424387931824,
  "uncertainty": 0.2235718706750786
}