{
  "image": "data\\raw\\images\\train\\F_2_1_191.jpg",
  "box": [
    1045.928466796875,
    326.5035095214844,
    1211.4013671875,
    527.333251953125
  ],
  "class": 7,
  "confidence": 0.7913607358932495,
  "uncertainty": 0.2990497093660432
}