{
  "image": "data\\raw\\images\\train\\F_2_2_975.jpg",
  "box": [
    1146.19677734375,
    496.1932067871094,
    1252.3702392578125,
    585.4375
  ],
  "class": 2,
  "confidence": 0.7489129304885864,
  "uncertainty": 0.1924002634323138
}