{
  "image": "data\\raw\\images\\train\\F_2_1_354.jpg",
  "box": [
    1499.578369140625,
    493.2787170410156,
    1846.104248046875,
    752.8811645507812
  ],
  "class": 2,
  "confidence": 0.9090774655342102,
  "uncertainty": 0.10438781966649416
}