{
  "image": "data\\raw\\images\\train\\F_2_1_657.jpg",
  "box": [
    0.7495708465576172,
    580.028076171875,
    191.29664611816406,
    808.4694213867188
  ],
  "class": 3,
  "confidence": 0.6618844270706177,
  "uncertainty": 0.33084702696791035
}