{
  "image": "data\\raw\\images\\train\\F_2_2_420.jpg",
  "box": [
    486.6620178222656,
    472.5575866699219,
    525.5784912109375,
    542.7313232421875
  ],
  "class": 7,
  "confidence": 0.3459565043449402,
  "uncertainty": 0.44541549819907333
}