{
  "image": "data\\raw\\images\\train\\F_2_2_1714.jpg",
  "box": [
    950.9285888671875,
    448.9793701171875,
    1047.5247802734375,
    592.8795776367188
  ],
  "class": 2,
  "confidence": 0.5366157293319702,
  "uncertainty": 0.28775030628161413
}