{
  "image": "data\\raw\\images\\train\\F_2_7_1278.jpg",
  "box": [
    828.6156005859375,
    441.4578552246094,
    1182.709716796875,
    790.34765625
  ],
  "class": 2,
  "confidence": 0.9138447046279907,
  "uncertainty": 0.13062597271638526
}