{
  "image": "data\\raw\\images\\train\\F_2_1_691.jpg",
  "box": [
    474.20654296875,
    424.6673583984375,
    584.7830200195312,
    505.18634033203125
  ],
  "class": 5,
  "confidence": 0.49397310614585876,
  "uncertainty": 0.375745121912396
}