{
  "image": "data\\raw\\images\\train\\F_2_7_817.jpg",
  "box": [
    689.8253173828125,
    451.0340881347656,
    1511.78125,
    1066.6177978515625
  ],
  "class": 2,
  "confidence": 0.9250049591064453,
  "uncertainty": 0.10812038431300439
}