{
  "image": "data\\raw\\images\\train\\F_2_6_1505.jpg",
  "box": [
    381.782470703125,
    376.78662109375,
    597.992919921875,
    634.3734130859375
  ],
  "class": 7,
  "confidence": 0.876311182975769,
  "uncertainty": 0.24383098058001124
}