{
  "image": "data\\raw\\images\\train\\F_2_2_934.jpg",
  "box": [
    670.7918090820312,
    521.89013671875,
    728.4924926757812,
    611.021728515625
  ],
  "class": 3,
  "confidence": 0.701320469379425,
  "uncertainty": 0.31075953922350924
}