{
  "image": "data\\raw\\images\\train\\F_2_6_515.jpg",
  "box": [
    1246.9183349609375,
    546.4095458984375,
    1312.4993896484375,
    683.204833984375
  ],
  "class": 3,
  "confidence": 0.39782145619392395,
  "uncertainty": 0.46322563998144006
}