{
  "image": "data\\raw\\images\\train\\F_2_3_368.jpg",
  "box": [
    2.384857177734375,
    249.36355590820312,
    640.8074340820312,
    1065.488037109375
  ],
  "class": 7,
  "confidence": 0.8772220015525818,
  "uncertainty": 0.2186688570481698
}