{
  "image": "data\\raw\\images\\train\\F_2_7_2347.jpg",
  "box": [
    815.3080444335938,
    311.6751403808594,
    1182.187744140625,
    455.0291748046875
  ],
  "class": 5,
  "confidence": 0.3483999967575073,
  "uncertainty": 0.419340363385221
}