{
  "image": "data\\raw\\images\\train\\F_2_9_1775.jpg",
  "box": [
    0.4539642333984375,
    469.8055419921875,
    249.3555908203125,
    1036.880615234375
  ],
  "class": 2,
  "confidence": 0.8801859617233276,
  "uncertainty": 0.17871770717780133
}