{
  "image": "data\\raw\\images\\train\\F_2_2_120.jpg",
  "box": [
    851.7938232421875,
    498.1489562988281,
    960.2360229492188,
    658.272216796875
  ],
  "class": 2,
  "confidence": 0.8717827200889587,
  "uncertainty": 0.14260467880967903
}