{
  "image": "data\\raw\\images\\train\\F_2_4_127.jpg",
  "box": [
    1043.985595703125,
    513.6962890625,
    1150.959228515625,
    650.92431640625
  ],
  "class": 2,
  "confidence": 0.32584646344184875,
  "uncertainty": 0.40997538999637717
}