{
  "image": "data\\raw\\images\\train\\F_2_9_2006.jpg",
  "box": [
    1838.73486328125,
    426.45703125,
    1919.133544921875,
    688.6763305664062
  ],
  "class": 2,
  "confidence": 0.4546140134334564,
  "uncertainty": 0.3389779867867039
}