{
  "image": "data\\raw\\images\\train\\F_2_2_1101.jpg",
  "box": [
    354.11199951171875,
    429.5241394042969,
    493.38616943359375,
    516.4466552734375
  ],
  "class": 7,
  "confidence": 0.28297534584999084,
  "uncertainty": 0.4635099961529171
}