{
  "image": "data\\raw\\images\\train\\F_2_7_819.jpg",
  "box": [
    713.7355346679688,
    466.4892578125,
    1456.9083251953125,
    1067.4736328125
  ],
  "class": 2,
  "confidence": 0.9286027550697327,
  "uncertainty": 0.11813156635651087
}