{
  "image": "data\\raw\\images\\train\\F_2_1_888.jpg",
  "box": [
    694.72021484375,
    548.3976440429688,
    753.922607421875,
    643.385498046875
  ],
  "class": 3,
  "confidence": 0.6180242896080017,
  "uncertainty": 0.3598459839161367
}