{
  "image": "data\\raw\\images\\train\\F_2_1_365.jpg",
  "box": [
    641.1978759765625,
    485.5323486328125,
    728.816650390625,
    590.384521484375
  ],
  "class": 7,
  "confidence": 0.6053566932678223,
  "uncertainty": 0.3255245737035267
}