{
  "image": "data\\raw\\images\\train\\F_2_9_2320.jpg",
  "box": [
    300.88214111328125,
    417.0114440917969,
    483.1440124511719,
    632.3779296875
  ],
  "class": 7,
  "confidence": 0.6116153597831726,
  "uncertainty": 0.33123320868526435
}