{
  "image": "data\\raw\\images\\train\\F_2_1_902.jpg",
  "box": [
    969.3848876953125,
    466.9419250488281,
    1016.7293701171875,
    495.3232727050781
  ],
  "class": 2,
  "confidence": 0.7440945506095886,
  "uncertainty": 0.163991918149314
}