{
  "image": "data\\raw\\images\\train\\F_2_1_86.jpg",
  "box": [
    1145.731689453125,
    416.4007873535156,
    1392.65087890625,
    667.5009155273438
  ],
  "class": 2,
  "confidence": 0.6789789795875549,
  "uncertainty": 0.22293603268634973
}