{
  "image": "data\\raw\\images\\train\\F_2_9_481.jpg",
  "box": [
    1193.784912109375,
    573.6727294921875,
    1233.02734375,
    634.5653686523438
  ],
  "class": 3,
  "confidence": 0.6073561906814575,
  "uncertainty": 0.3462397441522105
}