{
  "image": "data\\raw\\images\\train\\F_2_6_545.jpg",
  "box": [
    539.646728515625,
    606.5537109375,
    620.6768798828125,
    800.14013671875
  ],
  "class": 3,
  "confidence": 0.6270520091056824,
  "uncertainty": 0.3889547219738608
}