{
  "image": "data\\raw\\images\\train\\F_2_2_761.jpg",
  "box": [
    0.3680419921875,
    471.99261474609375,
    1918.594482421875,
    1067.572265625
  ],
  "class": 2,
  "confidence": 0.9549955129623413,
  "uncertainty": 0.13053231733392323
}