{
  "image": "data\\raw\\images\\train\\F_2_2_246.jpg",
  "box": [
    1848.7188720703125,
    259.5777282714844,
    1919.2650146484375,
    682.0350341796875
  ],
  "class": 5,
  "confidence": 0.38311105966567993,
  "uncertainty": 0.44423509306155157
}