{
  "image": "data\\raw\\images\\train\\F_2_9_3026.jpg",
  "box": [
    1251.5693359375,
    458.5014953613281,
    1320.856201171875,
    542.4112548828125
  ],
  "class": 2,
  "confidence": 0.6703926920890808,
  "uncertainty": 0.23792507055368578
}