{
  "image": "data\\raw\\images\\train\\F_2_1_1066.jpg",
  "box": [
    1568.567138671875,
    314.10552978515625,
    1919.52685546875,
    684.2133178710938
  ],
  "class": 7,
  "confidence": 0.5152495503425598,
  "uncertainty": 0.3749454902786267
}