{
  "image": "data\\raw\\images\\train\\F_2_4_940.jpg",
  "box": [
    786.8706665039062,
    520.3994140625,
    840.8816528320312,
    593.8953857421875
  ],
  "class": 3,
  "confidence": 0.5295183062553406,
  "uncertainty": 0.3847498680465874
}