{
  "image": "data\\raw\\images\\train\\F_2_9_2259.jpg",
  "box": [
    587.4674072265625,
    394.0582580566406,
    662.6256103515625,
    463.1668395996094
  ],
  "class": 2,
  "confidence": 0.6878923773765564,
  "uncertainty": 0.27828320094594144
}