{
  "image": "data\\raw\\images\\train\\F_2_9_1607.jpg",
  "box": [
    0.5034713745117188,
    636.4193115234375,
    218.30987548828125,
    1070.248291015625
  ],
  "class": 2,
  "confidence": 0.47189077734947205,
  "uncertainty": 0.37713709391101163
}