{
  "image": "data\\raw\\images\\train\\F_2_1_794.jpg",
  "box": [
    791.016845703125,
    458.007568359375,
    843.5194091796875,
    537.9273681640625
  ],
  "class": 3,
  "confidence": 0.5712805986404419,
  "uncertainty": 0.3761030239328272
}