{
  "image": "data\\raw\\images\\train\\F_2_1_802.jpg",
  "box": [
    823.927001953125,
    508.52130126953125,
    889.2205810546875,
    614.03271484375
  ],
  "class": 3,
  "confidence": 0.6231940984725952,
  "uncertainty": 0.35007760144677535
}