{
  "image": "data\\raw\\images\\train\\F_2_2_1308.jpg",
  "box": [
    1835.9893798828125,
    498.413818359375,
    1919.0247802734375,
    716.4862060546875
  ],
  "class": 2,
  "confidence": 0.7953566908836365,
  "uncertainty": 0.20352675783143434
}