{
  "image": "data\\raw\\images\\train\\F_2_4_1041.jpg",
  "box": [
    656.4266357421875,
    381.36712646484375,
    719.6968383789062,
    443.26080322265625
  ],
  "class": 7,
  "confidence": 0.5823739171028137,
  "uncertainty": 0.3662983242301787
}