{
  "image": "data\\raw\\images\\train\\F_2_2_1476.jpg",
  "box": [
    775.7303466796875,
    436.434814453125,
    1165.4132080078125,
    819.7254638671875
  ],
  "class": 2,
  "confidence": 0.8822121620178223,
  "uncertainty": 0.1129844809752212
}