{
  "image": "data\\raw\\images\\train\\F_2_6_551.jpg",
  "box": [
    983.1868286132812,
    382.0089111328125,
    1148.665771484375,
    566.124755859375
  ],
  "class": 7,
  "confidence": 0.5934479832649231,
  "uncertainty": 0.39324128422423243
}