{
  "image": "data\\raw\\images\\train\\F_2_7_445.jpg",
  "box": [
    856.7305297851562,
    423.2083740234375,
    1047.279541015625,
    515.0319213867188
  ],
  "class": 2,
  "confidence": 0.25991329550743103,
  "uncertainty": 0.4865108958110825
}