{
  "image": "data\\raw\\images\\train\\F_2_9_536.jpg",
  "box": [
    1165.35791015625,
    568.7137451171875,
    1249.660400390625,
    674.943359375
  ],
  "class": 3,
  "confidence": 0.776779055595398,
  "uncertainty": 0.29800000949135863
}