{
  "image": "data\\raw\\images\\train\\F_2_6_242.jpg",
  "box": [
    852.7402954101562,
    755.874267578125,
    1168.7333984375,
    1069.722900390625
  ],
  "class": 3,
  "confidence": 0.7402589321136475,
  "uncertainty": 0.29582076732354645
}