{
  "image": "data\\raw\\images\\train\\F_2_7_2277.jpg",
  "box": [
    1647.708984375,
    534.4068603515625,
    1703.794921875,
    620.3802490234375
  ],
  "class": 3,
  "confidence": 0.551261842250824,
  "uncertainty": 0.3802211286791996
}