{
  "image": "data\\raw\\images\\train\\F_2_2_179.jpg",
  "box": [
    1063.22119140625,
    499.70635986328125,
    1095.260009765625,
    571.3370361328125
  ],
  "class": 3,
  "confidence": 0.36775708198547363,
  "uncertainty": 0.4501244332422361
}