{
  "image": "data\\raw\\images\\train\\F_2_1_333.jpg",
  "box": [
    1092.72900390625,
    439.2527160644531,
    1197.718994140625,
    553.8829345703125
  ],
  "class": 7,
  "confidence": 0.7194132804870605,
  "uncertainty": 0.2892439117088814
}