{
  "image": "data\\raw\\images\\train\\F_2_1_927.jpg",
  "box": [
    1323.0869140625,
    488.6142883300781,
    1396.441162109375,
    576.2305908203125
  ],
  "class": 2,
  "confidence": 0.6080625653266907,
  "uncertainty": 0.23997976368851015
}