{
  "image": "data\\raw\\images\\train\\F_2_9_139.jpg",
  "box": [
    1247.2100830078125,
    470.2039489746094,
    1559.382080078125,
    716.7379150390625
  ],
  "class": 2,
  "confidence": 0.85710209608078,
  "uncertainty": 0.14164796621743955
}