{
  "image": "data\\raw\\images\\train\\F_2_8_1310.jpg",
  "box": [
    1054.6168212890625,
    937.1363525390625,
    1291.1297607421875,
    1077.8388671875
  ],
  "class": 3,
  "confidence": 0.494865357875824,
  "uncertainty": 0.38263008824940137
}