{
  "image": "data\\raw\\images\\train\\F_2_6_895.jpg",
  "box": [
    0.4263725280761719,
    385.6015319824219,
    90.05079650878906,
    884.4168701171875
  ],
  "class": 7,
  "confidence": 0.44464677572250366,
  "uncertainty": 0.4488544570792601
}