{
  "image": "data\\raw\\images\\train\\F_2_7_1741.jpg",
  "box": [
    202.849365234375,
    491.1090087890625,
    342.47735595703125,
    557.8954467773438
  ],
  "class": 2,
  "confidence": 0.5249423980712891,
  "uncertainty": 0.3018492322484823
}