{
  "image": "data\\raw\\images\\train\\F_2_7_116.jpg",
  "box": [
    1.672393798828125,
    467.72943115234375,
    1360.0596923828125,
    1068.7650146484375
  ],
  "class": 2,
  "confidence": 0.8751738667488098,
  "uncertainty": 0.085284907257264
}