{
  "image": "data\\raw\\images\\train\\F_2_6_321.jpg",
  "box": [
    275.86614990234375,
    612.6043701171875,
    421.9830322265625,
    812.72802734375
  ],
  "class": 3,
  "confidence": 0.6806899905204773,
  "uncertainty": 0.3346316744987725
}