{
  "image": "data\\raw\\images\\train\\F_2_1_341.jpg",
  "box": [
    1808.54443359375,
    313.07830810546875,
    1897.34033203125,
    390.9974670410156
  ],
  "class": 7,
  "confidence": 0.29752594232559204,
  "uncertainty": 0.4958636640522006
}