{
  "image": "data\\raw\\images\\train\\F_2_7_856.jpg",
  "box": [
    367.649169921875,
    471.57769775390625,
    492.79052734375,
    598.1678466796875
  ],
  "class": 2,
  "confidence": 0.3431203067302704,
  "uncertainty": 0.4228659478636788
}