{
  "image": "data\\raw\\images\\train\\F_2_7_1224.jpg",
  "box": [
    1751.503662109375,
    445.2265319824219,
    1832.318603515625,
    507.0495300292969
  ],
  "class": 2,
  "confidence": 0.3900585174560547,
  "uncertainty": 0.41460730153335335
}