{
  "image": "data\\raw\\images\\train\\F_2_5_22.jpg",
  "box": [
    363.1224060058594,
    544.8821411132812,
    411.01739501953125,
    625.2386474609375
  ],
  "class": 3,
  "confidence": 0.5868902802467346,
  "uncertainty": 0.36679937972617
}