{
  "image": "data\\raw\\images\\train\\F_2_1_439.jpg",
  "box": [
    1145.095947265625,
    498.1971435546875,
    1201.81689453125,
    552.3580322265625
  ],
  "class": 2,
  "confidence": 0.6076943278312683,
  "uncertainty": 0.24099093342218286
}