{
  "image": "data\\raw\\images\\train\\F_2_6_63.jpg",
  "box": [
    532.9761962890625,
    545.0123291015625,
    610.4434814453125,
    705.1312866210938
  ],
  "class": 2,
  "confidence": 0.7825305461883545,
  "uncertainty": 0.2762007794055508
}