{
  "image": "data\\raw\\images\\train\\F_2_6_321.jpg",
  "box": [
    1605.47314453125,
    482.0508728027344,
    1672.60107421875,
    543.0592041015625
  ],
  "class": 2,
  "confidence": 0.5076404809951782,
  "uncertainty": 0.27479958019764117
}