{
  "image": "data\\raw\\images\\train\\F_2_6_1737.jpg",
  "box": [
    883.2683715820312,
    643.4622802734375,
    1206.76513671875,
    1070.064208984375
  ],
  "class": 3,
  "confidence": 0.5839315056800842,
  "uncertainty": 0.4129976708445096
}