{
  "image": "data\\raw\\images\\train\\F_2_8_1808.jpg",
  "box": [
    1840.144775390625,
    247.3084259033203,
    1905.7265625,
    303.15936279296875
  ],
  "class": 2,
  "confidence": 0.544481635093689,
  "uncertainty": 0.2615585508079238
}