{
  "image": "data\\raw\\images\\train\\F_2_3_515.jpg",
  "box": [
    421.4336242675781,
    597.5131225585938,
    583.2698364257812,
    1062.7078857421875
  ],
  "class": 3,
  "confidence": 0.31648707389831543,
  "uncertainty": 0.47318588775080966
}