{
  "image": "data\\raw\\images\\train\\F_2_1_559.jpg",
  "box": [
    0.1473541259765625,
    436.9058532714844,
    53.251678466796875,
    597.2313232421875
  ],
  "class": 7,
  "confidence": 0.6139015555381775,
  "uncertainty": 0.3330717118681471
}