{
  "image": "data\\raw\\images\\train\\F_2_7_1232.jpg",
  "box": [
    307.177734375,
    594.835205078125,
    403.8615417480469,
    794.74462890625
  ],
  "class": 2,
  "confidence": 0.2599235773086548,
  "uncertainty": 0.4602968376447032
}