{
  "image": "data\\raw\\images\\train\\F_2_2_961.jpg",
  "box": [
    546.2493896484375,
    495.05517578125,
    660.4963989257812,
    603.1826782226562
  ],
  "class": 7,
  "confidence": 0.5766323208808899,
  "uncertainty": 0.35060778938741727
}