{
  "image": "data\\raw\\images\\train\\F_2_8_956.jpg",
  "box": [
    1008.6480102539062,
    434.2142028808594,
    1082.975341796875,
    516.4139404296875
  ],
  "class": 2,
  "confidence": 0.42882826924324036,
  "uncertainty": 0.3717748841792384
}