{
  "image": "data\\raw\\images\\train\\F_2_1_620.jpg",
  "box": [
    481.5574951171875,
    436.4896545410156,
    537.5678100585938,
    497.6624450683594
  ],
  "class": 7,
  "confidence": 0.26709088683128357,
  "uncertainty": 0.4745920023146897
}