{
  "image": "data\\raw\\images\\train\\F_2_4_650.jpg",
  "box": [
    835.4130859375,
    568.987060546875,
    913.7132568359375,
    709.6305541992188
  ],
  "class": 3,
  "confidence": 0.6751495003700256,
  "uncertainty": 0.36144607548169627
}