{
  "image": "data\\raw\\images\\train\\F_2_4_274.jpg",
  "box": [
    1180.4189453125,
    472.371826171875,
    1267.2156982421875,
    608.260986328125
  ],
  "class": 3,
  "confidence": 0.6640754342079163,
  "uncertainty": 0.40090426160169296
}