{
  "image": "data\\raw\\images\\train\\F_2_5_160.jpg",
  "box": [
    1486.3482666015625,
    559.1284790039062,
    1624.883056640625,
    716.5323486328125
  ],
  "class": 3,
  "confidence": 0.798092782497406,
  "uncertainty": 0.27867244603920627
}