{
  "image": "data\\raw\\images\\train\\F_2_6_861.jpg",
  "box": [
    1599.979736328125,
    273.50042724609375,
    1919.10888671875,
    1061.4617919921875
  ],
  "class": 2,
  "confidence": 0.39229637384414673,
  "uncertainty": 0.45505750656742555
}