{
  "image": "data\\raw\\images\\train\\F_2_2_800.jpg",
  "box": [
    200.13510131835938,
    462.87249755859375,
    771.5626831054688,
    898.514892578125
  ],
  "class": 2,
  "confidence": 0.9240183234214783,
  "uncertainty": 0.13324899205869192
}