{
  "image": "data\\raw\\images\\train\\F_2_7_801.jpg",
  "box": [
    0.2513694763183594,
    279.4830627441406,
    61.97885513305664,
    613.7786865234375
  ],
  "class": 7,
  "confidence": 0.753386378288269,
  "uncertainty": 0.36374826267731736
}