{
  "image": "data\\raw\\images\\train\\F_2_1_261.jpg",
  "box": [
    551.5303344726562,
    380.6031188964844,
    656.87548828125,
    503.1568908691406
  ],
  "class": 7,
  "confidence": 0.3873949348926544,
  "uncertainty": 0.4975063918044607
}