{
  "image": "data\\raw\\images\\train\\F_2_4_266.jpg",
  "box": [
    855.2618408203125,
    451.6042785644531,
    1142.7938232421875,
    691.1160888671875
  ],
  "class": 2,
  "confidence": 0.5054962635040283,
  "uncertainty": 0.32127049850247347
}