{
  "image": "data\\raw\\images\\train\\F_2_2_1034.jpg",
  "box": [
    0.6916522979736328,
    422.15277099609375,
    77.9552230834961,
    464.79510498046875
  ],
  "class": 2,
  "confidence": 0.42633765935897827,
  "uncertainty": 0.3143563653961038
}