{
  "image": "data\\raw\\images\\train\\F_2_8_956.jpg",
  "box": [
    1453.62060546875,
    359.78228759765625,
    1612.64599609375,
    526.6087646484375
  ],
  "class": 5,
  "confidence": 0.7079282999038696,
  "uncertainty": 0.27063270727849464
}