{
  "image": "data\\raw\\images\\train\\F_2_1_950.jpg",
  "box": [
    562.6560668945312,
    425.17138671875,
    636.9983520507812,
    507.01788330078125
  ],
  "class": 7,
  "confidence": 0.4620518088340759,
  "uncertainty": 0.4299227296820561
}