{
  "image": "data\\raw\\images\\train\\F_2_4_966.jpg",
  "box": [
    1839.6177978515625,
    500.67791748046875,
    1882.689697265625,
    561.2947998046875
  ],
  "class": 3,
  "confidence": 0.5604410767555237,
  "uncertainty": 0.38439135724146406
}