{
  "image": "data\\raw\\images\\train\\F_2_9_2901.jpg",
  "box": [
    172.0865478515625,
    3.56268310546875,
    1148.989013671875,
    953.5823364257812
  ],
  "class": 5,
  "confidence": 0.948093056678772,
  "uncertainty": 0.16400416616733515
}