{
  "image": "data\\raw\\images\\train\\F_2_1_829.jpg",
  "box": [
    381.2604064941406,
    380.2933044433594,
    658.2431030273438,
    691.11572265625
  ],
  "class": 7,
  "confidence": 0.8774836659431458,
  "uncertainty": 0.2155970622041763
}