{
  "image": "data\\raw\\images\\train\\F_2_1_797.jpg",
  "box": [
    803.70703125,
    546.8975830078125,
    850.2138061523438,
    626.4609375
  ],
  "class": 3,
  "confidence": 0.5744842886924744,
  "uncertainty": 0.3724962621683703
}