{
  "image": "data\\raw\\images\\train\\F_2_7_1938.jpg",
  "box": [
    642.272705078125,
    415.2977600097656,
    746.5167236328125,
    564.6107177734375
  ],
  "class": 2,
  "confidence": 0.7653358578681946,
  "uncertainty": 0.2749215238401311
}