{
  "image": "data\\raw\\images\\train\\F_2_9_2214.jpg",
  "box": [
    1762.83251953125,
    534.20751953125,
    1806.519287109375,
    610.2374267578125
  ],
  "class": 3,
  "confidence": 0.3022194802761078,
  "uncertainty": 0.4420113064066783
}