{
  "image": "data\\raw\\images\\train\\F_2_1_734.jpg",
  "box": [
    1616.397705078125,
    421.1898193359375,
    1716.59228515625,
    490.49578857421875
  ],
  "class": 2,
  "confidence": 0.4104400873184204,
  "uncertainty": 0.3441179870900496
}