{
  "image": "data\\raw\\images\\train\\F_2_7_138.jpg",
  "box": [
    526.8291015625,
    429.3322448730469,
    744.2392578125,
    541.6279296875
  ],
  "class": 2,
  "confidence": 0.5164511203765869,
  "uncertainty": 0.4275060683002272
}