{
  "image": "data\\raw\\images\\train\\F_2_1_951.jpg",
  "box": [
    890.5475463867188,
    446.122802734375,
    912.9523315429688,
    488.12774658203125
  ],
  "class": 3,
  "confidence": 0.25645682215690613,
  "uncertainty": 0.4893218671267075
}