{
  "image": "data\\raw\\images\\train\\F_2_2_182.jpg",
  "box": [
    1408.17578125,
    473.8094787597656,
    1564.227294921875,
    598.80712890625
  ],
  "class": 2,
  "confidence": 0.7149476408958435,
  "uncertainty": 0.18865851124817828
}