{
  "image": "data\\raw\\images\\train\\F_2_7_188.jpg",
  "box": [
    101.54081726074219,
    466.81292724609375,
    394.4559631347656,
    748.5064086914062
  ],
  "class": 2,
  "confidence": 0.82234787940979,
  "uncertainty": 0.2614655991428849
}