{
  "image": "data\\raw\\images\\train\\F_2_4_972.jpg",
  "box": [
    1497.873779296875,
    532.8795776367188,
    1543.3421630859375,
    590.4505004882812
  ],
  "class": 3,
  "confidence": 0.5999988317489624,
  "uncertainty": 0.3434991871728846
}