{
  "image": "data\\raw\\images\\train\\F_2_2_272.jpg",
  "box": [
    738.9760131835938,
    421.83624267578125,
    848.6568603515625,
    561.4083862304688
  ],
  "class": 2,
  "confidence": 0.7666633725166321,
  "uncertainty": 0.22276951716624005
}