{
  "image": "data\\raw\\images\\train\\F_2_3_335.jpg",
  "box": [
    1025.607666015625,
    396.31939697265625,
    1164.22802734375,
    428.27606201171875
  ],
  "class": 2,
  "confidence": 0.4003635346889496,
  "uncertainty": 0.3623749580331364
}