{
  "image": "data\\raw\\images\\train\\F_2_1_399.jpg",
  "box": [
    737.451904296875,
    470.37957763671875,
    845.0322265625,
    572.0695190429688
  ],
  "class": 2,
  "confidence": 0.6020554304122925,
  "uncertainty": 0.2486841329678601
}