{
  "image": "data\\raw\\images\\train\\F_2_2_1672.jpg",
  "box": [
    28.61993408203125,
    542.02978515625,
    272.58966064453125,
    879.510009765625
  ],
  "class": 3,
  "confidence": 0.539408802986145,
  "uncertainty": 0.4425115506303497
}