{
  "image": "data\\raw\\images\\train\\F_2_2_767.jpg",
  "box": [
    0.0,
    355.2021789550781,
    183.28826904296875,
    507.110595703125
  ],
  "class": 2,
  "confidence": 0.40227243304252625,
  "uncertainty": 0.4564872253073997
}