{
  "image": "data\\raw\\images\\train\\F_2_6_1393.jpg",
  "box": [
    1504.0279541015625,
    415.85772705078125,
    1919.296142578125,
    1068.5006103515625
  ],
  "class": 2,
  "confidence": 0.8861007690429688,
  "uncertainty": 0.1932461049584919
}