{
  "image": "data\\raw\\images\\train\\F_2_1_782.jpg",
  "box": [
    810.2442626953125,
    472.2940979003906,
    844.163818359375,
    525.7257080078125
  ],
  "class": 3,
  "confidence": 0.5335764288902283,
  "uncertainty": 0.3836972222304607
}