{
  "image": "data\\raw\\images\\train\\F_2_2_94.jpg",
  "box": [
    1323.9451904296875,
    545.3197631835938,
    1360.379150390625,
    619.6902465820312
  ],
  "class": 3,
  "confidence": 0.3983595669269562,
  "uncertainty": 0.43570693845461755
}