{
  "image": "data\\raw\\images\\train\\F_2_6_66.jpg",
  "box": [
    0.3701934814453125,
    401.2967834472656,
    313.8616027832031,
    642.8387451171875
  ],
  "class": 7,
  "confidence": 0.535534679889679,
  "uncertainty": 0.3640788369257385
}