{
  "image": "data\\raw\\images\\train\\F_2_1_702.jpg",
  "box": [
    908.1651611328125,
    467.42205810546875,
    954.44482421875,
    505.74853515625
  ],
  "class": 2,
  "confidence": 0.3607181906700134,
  "uncertainty": 0.33414716817375806
}