{
  "image": "data\\raw\\images\\train\\F_2_4_162.jpg",
  "box": [
    120.92430114746094,
    453.4736022949219,
    385.3948059082031,
    742.619873046875
  ],
  "class": 7,
  "confidence": 0.8142454028129578,
  "uncertainty": 0.2193650628629309
}