{
  "image": "data\\raw\\images\\train\\F_2_2_401.jpg",
  "box": [
    1058.53515625,
    136.82058715820312,
    1564.632080078125,
    719.3724975585938
  ],
  "class": 7,
  "confidence": 0.9459137320518494,
  "uncertainty": 0.19880523076476614
}