{
  "image": "data\\raw\\images\\train\\F_2_1_950.jpg",
  "box": [
    838.69921875,
    460.1444091796875,
    863.12109375,
    498.0498046875
  ],
  "class": 3,
  "confidence": 0.2884659171104431,
  "uncertainty": 0.47292271506456024
}