{
  "image": "data\\raw\\images\\train\\F_2_7_1295.jpg",
  "box": [
    2.9558258056640625,
    455.42510986328125,
    649.3650512695312,
    1062.605712890625
  ],
  "class": 2,
  "confidence": 0.8729478716850281,
  "uncertainty": 0.13827377298683574
}