{
  "image": "data\\raw\\images\\train\\F_2_9_3052.jpg",
  "box": [
    1.0064849853515625,
    430.8262939453125,
    374.34722900390625,
    1064.801513671875
  ],
  "class": 2,
  "confidence": 0.8429762721061707,
  "uncertainty": 0.13104551875119147
}