{
  "image": "data\\raw\\images\\train\\F_2_2_1368.jpg",
  "box": [
    1034.8472900390625,
    289.935791015625,
    1910.256103515625,
    1067.05419921875
  ],
  "class": 7,
  "confidence": 0.865942656993866,
  "uncertainty": 0.19817790603387703
}