{
  "image": "data\\raw\\images\\train\\F_2_6_1388.jpg",
  "box": [
    978.38818359375,
    397.87152099609375,
    1094.7088623046875,
    441.72564697265625
  ],
  "class": 2,
  "confidence": 0.4925258755683899,
  "uncertainty": 0.33638072142217046
}