{
  "image": "data\\raw\\images\\train\\F_2_1_927.jpg",
  "box": [
    631.029541015625,
    480.6588134765625,
    695.3739624023438,
    549.7831420898438
  ],
  "class": 7,
  "confidence": 0.5738628506660461,
  "uncertainty": 0.3350176236597786
}