{
  "image": "data\\raw\\images\\train\\F_2_2_1458.jpg",
  "box": [
    589.4521484375,
    435.55224609375,
    854.106201171875,
    664.9385375976562
  ],
  "class": 2,
  "confidence": 0.8905826210975647,
  "uncertainty": 0.14028612265250523
}