{
  "image": "data\\raw\\images\\train\\F_2_7_1802.jpg",
  "box": [
    198.98153686523438,
    422.9275817871094,
    271.4272155761719,
    586.49072265625
  ],
  "class": 2,
  "confidence": 0.3394186794757843,
  "uncertainty": 0.4680662828427359
}