{
  "image": "data\\raw\\images\\train\\F_2_6_1496.jpg",
  "box": [
    857.1729125976562,
    707.4922485351562,
    1059.2275390625,
    988.7850952148438
  ],
  "class": 3,
  "confidence": 0.7851450443267822,
  "uncertainty": 0.28732126366683813
}