{
  "image": "data\\raw\\images\\train\\F_2_2_902.jpg",
  "box": [
    743.255126953125,
    514.5401611328125,
    772.7210083007812,
    556.0870361328125
  ],
  "class": 3,
  "confidence": 0.4593657851219177,
  "uncertainty": 0.4003521458826809
}