{
  "image": "data\\raw\\images\\train\\F_2_1_251.jpg",
  "box": [
    1267.5523681640625,
    392.93499755859375,
    1482.4075927734375,
    638.3783569335938
  ],
  "class": 7,
  "confidence": 0.6887623071670532,
  "uncertainty": 0.3099116885997278
}