{
  "image": "data\\raw\\images\\train\\F_2_1_849.jpg",
  "box": [
    254.63092041015625,
    538.7603759765625,
    320.52655029296875,
    642.1385498046875
  ],
  "class": 3,
  "confidence": 0.5701516270637512,
  "uncertainty": 0.39243793691985124
}