{
  "image": "data\\raw\\images\\train\\F_2_1_174.jpg",
  "box": [
    0.32769012451171875,
    604.594482421875,
    97.45474243164062,
    883.6376953125
  ],
  "class": 3,
  "confidence": 0.5261905789375305,
  "uncertainty": 0.40908765141432524
}