{
  "image": "data\\raw\\images\\train\\F_2_2_179.jpg",
  "box": [
    1559.4488525390625,
    486.9557189941406,
    1598.6363525390625,
    542.032958984375
  ],
  "class": 2,
  "confidence": 0.40506258606910706,
  "uncertainty": 0.30826301631077635
}