{
  "image": "data\\raw\\images\\train\\F_2_3_380.jpg",
  "box": [
    1058.908203125,
    477.44268798828125,
    1219.5810546875,
    554.2804565429688
  ],
  "class": 2,
  "confidence": 0.3581456243991852,
  "uncertainty": 0.47095449852346616
}