{
  "image": "data\\raw\\images\\train\\F_2_4_177.jpg",
  "box": [
    0.8228073120117188,
    508.0712585449219,
    329.1495361328125,
    910.47021484375
  ],
  "class": 2,
  "confidence": 0.9398570656776428,
  "uncertainty": 0.12340589015365007
}