{
  "image": "data\\raw\\images\\train\\F_2_2_985.jpg",
  "box": [
    673.875,
    518.695556640625,
    746.44482421875,
    623.3720703125
  ],
  "class": 3,
  "confidence": 0.6275861859321594,
  "uncertainty": 0.36364144194921816
}