{
  "image": "data\\raw\\images\\train\\F_2_7_2141.jpg",
  "box": [
    911.5640258789062,
    488.28955078125,
    976.5961303710938,
    640.8048706054688
  ],
  "class": 2,
  "confidence": 0.7552197575569153,
  "uncertainty": 0.21477833472823654
}