{
  "image": "data\\raw\\images\\train\\F_2_2_795.jpg",
  "box": [
    1575.603515625,
    617.255126953125,
    1608.8939208984375,
    660.4876098632812
  ],
  "class": 2,
  "confidence": 0.5123894810676575,
  "uncertainty": 0.28410483395483654
}