{
  "image": "data\\raw\\images\\train\\F_2_2_367.jpg",
  "box": [
    594.4093017578125,
    598.8773803710938,
    722.1435546875,
    794.1893920898438
  ],
  "class": 3,
  "confidence": 0.8286795616149902,
  "uncertainty": 0.2720900201072738
}