{
  "image": "data\\raw\\images\\train\\F_2_9_2015.jpg",
  "box": [
    190.7743377685547,
    227.09426879882812,
    670.404296875,
    755.0595703125
  ],
  "class": 5,
  "confidence": 0.9358449578285217,
  "uncertainty": 0.22457833599827837
}