{
  "image": "data\\raw\\images\\train\\F_2_9_2573.jpg",
  "box": [
    0.554901123046875,
    449.2304992675781,
    131.32513427734375,
    607.0794677734375
  ],
  "class": 7,
  "confidence": 0.6609635949134827,
  "uncertainty": 0.2961118689976216
}