{
  "image": "data\\raw\\images\\train\\F_2_1_339.jpg",
  "box": [
    1352.2928466796875,
    355.7373046875,
    1438.54931640625,
    461.196533203125
  ],
  "class": 7,
  "confidence": 0.6504948139190674,
  "uncertainty": 0.34752422388108356
}