{
  "image": "data\\raw\\images\\train\\F_2_1_691.jpg",
  "box": [
    1236.236572265625,
    450.9093933105469,
    1350.8192138671875,
    564.7572021484375
  ],
  "class": 7,
  "confidence": 0.648929238319397,
  "uncertainty": 0.3206954312080417
}