{
  "image": "data\\raw\\images\\train\\F_2_9_2995.jpg",
  "box": [
    1064.20361328125,
    584.4034423828125,
    1152.5322265625,
    713.2802124023438
  ],
  "class": 3,
  "confidence": 0.7660634517669678,
  "uncertainty": 0.2814016477865265
}