{
  "image": "data\\raw\\images\\train\\F_2_9_2886.jpg",
  "box": [
    385.1093444824219,
    608.8566284179688,
    528.17236328125,
    821.0223999023438
  ],
  "class": 3,
  "confidence": 0.7986509799957275,
  "uncertainty": 0.2779664005260255
}