{
  "image": "data\\raw\\images\\train\\F_2_5_246.jpg",
  "box": [
    1254.45068359375,
    439.960693359375,
    1454.5146484375,
    671.9979858398438
  ],
  "class": 7,
  "confidence": 0.3702709972858429,
  "uncertainty": 0.49095106331217125
}