{
  "image": "data\\raw\\images\\train\\F_2_7_1969.jpg",
  "box": [
    335.3052062988281,
    425.2713317871094,
    647.9119873046875,
    728.2801513671875
  ],
  "class": 2,
  "confidence": 0.8894891738891602,
  "uncertainty": 0.145940643467333
}