{
  "image": "data\\raw\\images\\train\\F_2_2_412.jpg",
  "box": [
    520.47705078125,
    383.86761474609375,
    552.9827880859375,
    431.04986572265625
  ],
  "class": 3,
  "confidence": 0.4825560748577118,
  "uncertainty": 0.3897969897100437
}