{
  "image": "data\\raw\\images\\train\\F_2_1_569.jpg",
  "box": [
    938.6986083984375,
    466.8038635253906,
    974.0328369140625,
    515.2330322265625
  ],
  "class": 3,
  "confidence": 0.5008480548858643,
  "uncertainty": 0.3857779992653981
}