{
  "image": "data\\raw\\images\\train\\F_2_1_558.jpg",
  "box": [
    533.806640625,
    384.5417175292969,
    671.3885498046875,
    529.057373046875
  ],
  "class": 7,
  "confidence": 0.6917048096656799,
  "uncertainty": 0.38792085262752624
}