{
  "image": "data\\raw\\images\\train\\F_2_4_950.jpg",
  "box": [
    156.54446411132812,
    630.11083984375,
    425.7351379394531,
    1074.7901611328125
  ],
  "class": 3,
  "confidence": 0.3439171314239502,
  "uncertainty": 0.49849198622661445
}