{
  "image": "data\\raw\\images\\train\\F_2_11_324.jpg",
  "box": [
    786.43701171875,
    351.5283508300781,
    929.84130859375,
    497.3643493652344
  ],
  "class": 7,
  "confidence": 0.5949512124061584,
  "uncertainty": 0.32326903257164424
}