{
  "image": "data\\raw\\images\\train\\F_2_3_411.jpg",
  "box": [
    0.18477630615234375,
    561.3839721679688,
    85.69229125976562,
    847.980224609375
  ],
  "class": 3,
  "confidence": 0.5128989219665527,
  "uncertainty": 0.4047556179976745
}