{
  "image": "data\\raw\\images\\train\\F_2_2_246.jpg",
  "box": [
    162.5954132080078,
    451.687255859375,
    319.356201171875,
    544.3678588867188
  ],
  "class": 2,
  "confidence": 0.8332582116127014,
  "uncertainty": 0.17183272255731896
}