{
  "image": "data\\raw\\images\\train\\F_2_2_1146.jpg",
  "box": [
    147.70870971679688,
    510.56396484375,
    1359.9459228515625,
    1068.683349609375
  ],
  "class": 2,
  "confidence": 0.9316592812538147,
  "uncertainty": 0.136693278984202
}