{
  "image": "data\\raw\\images\\train\\F_2_1_797.jpg",
  "box": [
    0.6624755859375,
    391.351318359375,
    492.83935546875,
    1063.1986083984375
  ],
  "class": 7,
  "confidence": 0.9204010367393494,
  "uncertainty": 0.19839471177600554
}