{
  "image": "data\\raw\\images\\train\\F_2_7_403.jpg",
  "box": [
    1328.2027587890625,
    443.8733825683594,
    1919.43017578125,
    1064.07177734375
  ],
  "class": 2,
  "confidence": 0.8353039026260376,
  "uncertainty": 0.20423825790115638
}