{
  "image": "data\\raw\\images\\train\\F_2_1_969.jpg",
  "box": [
    1774.4373779296875,
    481.881591796875,
    1840.2315673828125,
    538.845703125
  ],
  "class": 2,
  "confidence": 0.4971831440925598,
  "uncertainty": 0.32395657895398083
}