{
  "image": "data\\raw\\images\\train\\F_2_1_390.jpg",
  "box": [
    1092.9970703125,
    487.82745361328125,
    1124.385009765625,
    535.262451171875
  ],
  "class": 7,
  "confidence": 0.27566638588905334,
  "uncertainty": 0.45175834532643194
}