{
  "image": "data\\raw\\images\\train\\F_2_9_199.jpg",
  "box": [
    1044.2706298828125,
    459.22344970703125,
    1285.9984130859375,
    656.0458984375
  ],
  "class": 2,
  "confidence": 0.8870619535446167,
  "uncertainty": 0.14285617225256805
}