{
  "image": "data\\raw\\images\\train\\F_2_11_550.jpg",
  "box": [
    640.1017456054688,
    457.8675842285156,
    696.8433837890625,
    506.49462890625
  ],
  "class": 2,
  "confidence": 0.6431340575218201,
  "uncertainty": 0.21538127016525904
}