{
  "image": "data\\raw\\images\\train\\F_2_8_812.jpg",
  "box": [
    1.31964111328125,
    3.81646728515625,
    1238.0728759765625,
    1062.2760009765625
  ],
  "class": 7,
  "confidence": 0.5593664050102234,
  "uncertainty": 0.31465996485088416
}