{
  "image": "data\\raw\\images\\train\\F_2_2_1690.jpg",
  "box": [
    589.88818359375,
    587.9727172851562,
    725.2575073242188,
    810.59423828125
  ],
  "class": 3,
  "confidence": 0.6802443861961365,
  "uncertainty": 0.3517106188217234
}