{
  "image": "data\\raw\\images\\train\\F_2_7_2141.jpg",
  "box": [
    956.0914306640625,
    433.79571533203125,
    1183.8167724609375,
    718.364501953125
  ],
  "class": 2,
  "confidence": 0.65586918592453,
  "uncertainty": 0.2572375329322305
}