{
  "image": "data\\raw\\images\\train\\F_2_7_1802.jpg",
  "box": [
    411.1169128417969,
    445.1635437011719,
    826.888916015625,
    810.6729125976562
  ],
  "class": 2,
  "confidence": 0.9378491044044495,
  "uncertainty": 0.12495846883042266
}