{
  "image": "data\\raw\\images\\train\\F_2_8_1332.jpg",
  "box": [
    0.23358535766601562,
    421.9764404296875,
    178.404541015625,
    865.5195922851562
  ],
  "class": 2,
  "confidence": 0.86865234375,
  "uncertainty": 0.1939502540974016
}