{
  "image": "data\\raw\\images\\train\\F_2_2_648.jpg",
  "box": [
    1132.762451171875,
    327.6437072753906,
    1538.12353515625,
    545.1134033203125
  ],
  "class": 5,
  "confidence": 0.4900916814804077,
  "uncertainty": 0.42405136236961555
}