{
  "image": "data\\raw\\images\\train\\F_2_1_417.jpg",
  "box": [
    410.8742980957031,
    536.508056640625,
    484.5121765136719,
    657.5501708984375
  ],
  "class": 3,
  "confidence": 0.7506109476089478,
  "uncertainty": 0.31921719669971355
}