{
  "image": "data\\raw\\images\\train\\F_2_2_1034.jpg",
  "box": [
    1.882415771484375,
    442.8677978515625,
    1072.854736328125,
    1067.31689453125
  ],
  "class": 2,
  "confidence": 0.9548446536064148,
  "uncertainty": 0.10823628519533629
}