{
  "image": "data\\raw\\images\\train\\F_2_8_831.jpg",
  "box": [
    351.34100341796875,
    440.0582275390625,
    609.3250732421875,
    645.4261474609375
  ],
  "class": 2,
  "confidence": 0.6644091606140137,
  "uncertainty": 0.25595158113488864
}