{
  "image": "data\\raw\\images\\train\\F_2_3_218.jpg",
  "box": [
    1295.933837890625,
    384.67547607421875,
    1679.537109375,
    754.3547973632812
  ],
  "class": 7,
  "confidence": 0.8722684383392334,
  "uncertainty": 0.22401292383856874
}