{
  "image": "data\\raw\\images\\train\\F_2_1_351.jpg",
  "box": [
    1202.970458984375,
    503.3810119628906,
    1231.889892578125,
    545.253662109375
  ],
  "class": 2,
  "confidence": 0.400648832321167,
  "uncertainty": 0.30955699103760964
}