{
  "image": "data\\raw\\images\\train\\F_2_1_1191.jpg",
  "box": [
    0.020599365234375,
    459.92010498046875,
    506.45086669921875,
    826.3302001953125
  ],
  "class": 2,
  "confidence": 0.9485594034194946,
  "uncertainty": 0.12380504765541238
}