{
  "image": "data\\raw\\images\\train\\F_2_2_120.jpg",
  "box": [
    919.079833984375,
    493.4129333496094,
    965.501708984375,
    553.3526611328125
  ],
  "class": 2,
  "confidence": 0.3299141526222229,
  "uncertainty": 0.4043760657201171
}