{
  "image": "data\\raw\\images\\train\\F_2_7_1310.jpg",
  "box": [
    881.2529296875,
    536.538330078125,
    953.22509765625,
    618.4906005859375
  ],
  "class": 2,
  "confidence": 0.7976881265640259,
  "uncertainty": 0.19171714731888415
}