{
  "image": "data\\raw\\images\\train\\F_2_9_2202.jpg",
  "box": [
    1270.709228515625,
    494.39227294921875,
    1449.78125,
    616.935791015625
  ],
  "class": 2,
  "confidence": 0.7295646071434021,
  "uncertainty": 0.23254315951960788
}