{
  "image": "data\\raw\\images\\train\\F_2_8_956.jpg",
  "box": [
    1187.0223388671875,
    438.825439453125,
    1303.1207275390625,
    527.6306762695312
  ],
  "class": 2,
  "confidence": 0.40147122740745544,
  "uncertainty": 0.337175963107985
}