{
  "image": "data\\raw\\images\\train\\F_2_2_184.jpg",
  "box": [
    1440.730224609375,
    509.4264221191406,
    1483.69775390625,
    579.907470703125
  ],
  "class": 3,
  "confidence": 0.4090813100337982,
  "uncertainty": 0.4212910754737582
}