{
  "image": "data\\raw\\images\\train\\F_2_2_1673.jpg",
  "box": [
    644.076171875,
    444.43707275390625,
    961.5023193359375,
    760.6156005859375
  ],
  "class": 2,
  "confidence": 0.900619626045227,
  "uncertainty": 0.16405489296063708
}