{
  "image": "data\\raw\\images\\train\\F_2_1_1206.jpg",
  "box": [
    21.942981719970703,
    519.3839721679688,
    100.69915771484375,
    626.7655029296875
  ],
  "class": 3,
  "confidence": 0.7722806930541992,
  "uncertainty": 0.28653887847868853
}