{
  "image": "data\\raw\\images\\train\\F_2_3_167.jpg",
  "box": [
    1501.587890625,
    404.3757019042969,
    1919.5396728515625,
    988.777587890625
  ],
  "class": 7,
  "confidence": 0.8703086376190186,
  "uncertainty": 0.22080472858747685
}