{
  "image": "data\\raw\\images\\train\\F_2_3_167.jpg",
  "box": [
    396.29644775390625,
    490.02667236328125,
    1630.8642578125,
    1069.34814453125
  ],
  "class": 2,
  "confidence": 0.9508141279220581,
  "uncertainty": 0.11445361497629901
}