{
  "image": "data\\raw\\images\\train\\F_2_6_1848.jpg",
  "box": [
    398.4026184082031,
    576.6520385742188,
    473.6309509277344,
    702.0404052734375
  ],
  "class": 3,
  "confidence": 0.7422513365745544,
  "uncertainty": 0.2826155585264785
}