{
  "image": "data\\raw\\images\\train\\F_2_2_796.jpg",
  "box": [
    836.7211303710938,
    513.7333984375,
    910.5628051757812,
    639.893310546875
  ],
  "class": 2,
  "confidence": 0.5460496544837952,
  "uncertainty": 0.2755436443574955
}