{
  "image": "data\\raw\\images\\train\\F_2_4_214.jpg",
  "box": [
    1114.7674560546875,
    483.0698547363281,
    1193.0966796875,
    633.7197265625
  ],
  "class": 2,
  "confidence": 0.6445878744125366,
  "uncertainty": 0.273500495484045
}