{
  "image": "data\\raw\\images\\train\\F_2_1_932.jpg",
  "box": [
    1214.302978515625,
    449.46331787109375,
    1317.370849609375,
    534.3970947265625
  ],
  "class": 2,
  "confidence": 0.49567925930023193,
  "uncertainty": 0.28310386695553447
}