{
  "image": "data\\raw\\images\\train\\F_2_2_328.jpg",
  "box": [
    816.0159301757812,
    603.5264282226562,
    988.0162353515625,
    870.9495849609375
  ],
  "class": 3,
  "confidence": 0.7623686194419861,
  "uncertainty": 0.31028302221979065
}