{
  "image": "data\\raw\\images\\train\\F_2_3_383.jpg",
  "box": [
    744.9505615234375,
    301.94866943359375,
    1065.149658203125,
    446.16387939453125
  ],
  "class": 5,
  "confidence": 0.7882992029190063,
  "uncertainty": 0.3074531379112227
}