{
  "image": "data\\raw\\images\\train\\F_2_5_4.jpg",
  "box": [
    1584.14208984375,
    537.873779296875,
    1637.4755859375,
    589.6188354492188
  ],
  "class": 2,
  "confidence": 0.26427140831947327,
  "uncertainty": 0.4067736412279038
}