{
  "image": "data\\raw\\images\\train\\F_2_3_252.jpg",
  "box": [
    1072.0850830078125,
    488.7762451171875,
    1434.242431640625,
    803.318115234375
  ],
  "class": 2,
  "confidence": 0.9042237997055054,
  "uncertainty": 0.13916455670083094
}