{
  "image": "data\\raw\\images\\train\\F_2_11_164.jpg",
  "box": [
    826.269287109375,
    401.50616455078125,
    944.53271484375,
    545.4329223632812
  ],
  "class": 7,
  "confidence": 0.6547050476074219,
  "uncertainty": 0.3319320860851471
}