{
  "image": "data\\raw\\images\\train\\F_2_6_1393.jpg",
  "box": [
    1506.9677734375,
    484.5010986328125,
    1821.057373046875,
    831.303466796875
  ],
  "class": 2,
  "confidence": 0.7453985810279846,
  "uncertainty": 0.27440534581601633
}