{
  "image": "data\\raw\\images\\train\\F_2_9_583.jpg",
  "box": [
    599.2349853515625,
    462.0997009277344,
    736.1708984375,
    619.989013671875
  ],
  "class": 2,
  "confidence": 0.5385082960128784,
  "uncertainty": 0.2970678520061584
}