{
  "image": "data\\raw\\images\\train\\F_2_1_116.jpg",
  "box": [
    398.32928466796875,
    582.3235473632812,
    519.8849487304688,
    775.6558227539062
  ],
  "class": 3,
  "confidence": 0.7468293309211731,
  "uncertainty": 0.3302959292346594
}