{
  "image": "data\\raw\\images\\train\\F_2_6_1164.jpg",
  "box": [
    0.5315322875976562,
    407.1883850097656,
    218.81674194335938,
    614.3121337890625
  ],
  "class": 2,
  "confidence": 0.6732854247093201,
  "uncertainty": 0.21617542459552266
}