{
  "image": "data\\raw\\images\\train\\F_2_11_170.jpg",
  "box": [
    188.9772491455078,
    388.2155456542969,
    446.84234619140625,
    675.095947265625
  ],
  "class": 7,
  "confidence": 0.2831510603427887,
  "uncertainty": 0.4619270079823357
}