{
  "image": "data\\raw\\images\\train\\F_2_1_369.jpg",
  "box": [
    905.2012939453125,
    462.60137939453125,
    946.9383544921875,
    497.1304931640625
  ],
  "class": 2,
  "confidence": 0.518031656742096,
  "uncertainty": 0.2629851851466079
}