{
  "image": "data\\raw\\images\\train\\F_2_2_808.jpg",
  "box": [
    1323.3974609375,
    382.20086669921875,
    1423.507080078125,
    427.10528564453125
  ],
  "class": 5,
  "confidence": 0.3399123549461365,
  "uncertainty": 0.432916290077522
}