{
  "image": "data\\raw\\images\\train\\F_2_1_341.jpg",
  "box": [
    840.3180541992188,
    422.1665954589844,
    890.0176391601562,
    462.3221740722656
  ],
  "class": 2,
  "confidence": 0.7306755185127258,
  "uncertainty": 0.1827348035921148
}