{
  "image": "data\\raw\\images\\train\\F_2_2_311.jpg",
  "box": [
    1688.8172607421875,
    445.28692626953125,
    1732.6322021484375,
    494.55828857421875
  ],
  "class": 2,
  "confidence": 0.39396071434020996,
  "uncertainty": 0.34889083765825185
}