{
  "image": "data\\raw\\images\\train\\F_2_2_1433.jpg",
  "box": [
    1354.7318115234375,
    483.6072692871094,
    1408.4835205078125,
    560.19921875
  ],
  "class": 3,
  "confidence": 0.6218089461326599,
  "uncertainty": 0.38294648604363646
}