{
  "image": "data\\raw\\images\\train\\F_2_2_1049.jpg",
  "box": [
    800.0762329101562,
    445.6893310546875,
    914.9027709960938,
    473.66400146484375
  ],
  "class": 2,
  "confidence": 0.3151620030403137,
  "uncertainty": 0.45476723316418066
}