{
  "image": "data\\raw\\images\\train\\F_2_5_328.jpg",
  "box": [
    855.8384399414062,
    449.7711181640625,
    949.5869750976562,
    522.744873046875
  ],
  "class": 2,
  "confidence": 0.2869020998477936,
  "uncertainty": 0.44633609515249684
}