{
  "image": "data\\raw\\images\\train\\F_2_6_518.jpg",
  "box": [
    546.216064453125,
    514.490966796875,
    680.2545776367188,
    648.93701171875
  ],
  "class": 2,
  "confidence": 0.6807667016983032,
  "uncertainty": 0.24702384642242037
}