{
  "image": "data\\raw\\images\\train\\F_2_10_186.jpg",
  "box": [
    0.3283538818359375,
    558.8285522460938,
    164.07460021972656,
    817.4219970703125
  ],
  "class": 3,
  "confidence": 0.5494257807731628,
  "uncertainty": 0.3784283985352889
}