{
  "image": "data\\raw\\images\\train\\F_2_4_274.jpg",
  "box": [
    1116.35498046875,
    238.05642700195312,
    1390.707763671875,
    571.8949584960938
  ],
  "class": 7,
  "confidence": 0.42205262184143066,
  "uncertainty": 0.45163586796614885
}