{
  "image": "data\\raw\\images\\train\\F_2_6_1625.jpg",
  "box": [
    1573.39453125,
    428.5616455078125,
    1733.672607421875,
    559.3057861328125
  ],
  "class": 2,
  "confidence": 0.4174261689186096,
  "uncertainty": 0.41992939550604425
}