{
  "image": "data\\raw\\images\\train\\F_2_6_1263.jpg",
  "box": [
    795.197509765625,
    564.4312744140625,
    870.9639892578125,
    688.9730224609375
  ],
  "class": 3,
  "confidence": 0.645512580871582,
  "uncertainty": 0.36052956911646356
}