{
  "image": "data\\raw\\images\\train\\F_2_1_730.jpg",
  "box": [
    1396.412353515625,
    416.1752014160156,
    1471.62841796875,
    484.2237854003906
  ],
  "class": 7,
  "confidence": 0.5329942107200623,
  "uncertainty": 0.33763891896758647
}