{
  "image": "data\\raw\\images\\train\\F_2_9_3019.jpg",
  "box": [
    1632.812744140625,
    442.25042724609375,
    1815.663330078125,
    583.8369140625
  ],
  "class": 2,
  "confidence": 0.8563724160194397,
  "uncertainty": 0.14881919479199857
}