{
  "image": "data\\raw\\images\\train\\F_2_7_1656.jpg",
  "box": [
    152.94296264648438,
    411.00091552734375,
    542.785888671875,
    795.2384033203125
  ],
  "class": 2,
  "confidence": 0.8777364492416382,
  "uncertainty": 0.20425278236576663
}