{
  "image": "data\\raw\\images\\train\\F_2_1_337.jpg",
  "box": [
    445.744140625,
    300.11370849609375,
    685.9410400390625,
    501.3285827636719
  ],
  "class": 7,
  "confidence": 0.39184561371803284,
  "uncertainty": 0.4756800180399684
}