{
  "image": "data\\raw\\images\\train\\F_2_2_1238.jpg",
  "box": [
    867.1041870117188,
    436.0522155761719,
    1041.290283203125,
    575.82666015625
  ],
  "class": 2,
  "confidence": 0.48871326446533203,
  "uncertainty": 0.34777854730965546
}