{
  "image": "data\\raw\\images\\train\\F_2_1_328.jpg",
  "box": [
    643.0943603515625,
    442.7668762207031,
    715.290771484375,
    532.3536376953125
  ],
  "class": 7,
  "confidence": 0.8347589373588562,
  "uncertainty": 0.23609958147261417
}