{
  "image": "data\\raw\\images\\train\\F_2_11_501.jpg",
  "box": [
    915.548095703125,
    453.115234375,
    957.9447021484375,
    492.56915283203125
  ],
  "class": 2,
  "confidence": 0.6005368232727051,
  "uncertainty": 0.234389568323212
}