{
  "image": "data\\raw\\images\\train\\F_2_7_188.jpg",
  "box": [
    700.4496459960938,
    421.20977783203125,
    841.17333984375,
    488.68157958984375
  ],
  "class": 2,
  "confidence": 0.4768356382846832,
  "uncertainty": 0.36670690447514476
}