{
  "image": "data\\raw\\images\\train\\F_2_1_399.jpg",
  "box": [
    1818.5643310546875,
    437.43841552734375,
    1919.3419189453125,
    592.0881958007812
  ],
  "class": 7,
  "confidence": 0.594245195388794,
  "uncertainty": 0.32419469650939003
}