{
  "image": "data\\raw\\images\\train\\F_2_8_1019.jpg",
  "box": [
    1441.412109375,
    471.2569885253906,
    1526.04638671875,
    534.7279052734375
  ],
  "class": 2,
  "confidence": 0.4977262318134308,
  "uncertainty": 0.31278647981242086
}