{
  "image": "data\\raw\\images\\train\\F_2_7_1668.jpg",
  "box": [
    1.47564697265625,
    390.9078369140625,
    701.4844970703125,
    1066.062255859375
  ],
  "class": 2,
  "confidence": 0.927469789981842,
  "uncertainty": 0.11912737874275552
}