{
  "image": "data\\raw\\images\\train\\F_2_8_1760.jpg",
  "box": [
    1424.972900390625,
    275.63848876953125,
    1467.60791015625,
    307.42529296875
  ],
  "class": 2,
  "confidence": 0.25092408061027527,
  "uncertainty": 0.4159999797867212
}