{
  "image": "data\\raw\\images\\train\\F_2_7_890.jpg",
  "box": [
    0.4487457275390625,
    441.4569091796875,
    418.88458251953125,
    1067.926513671875
  ],
  "class": 2,
  "confidence": 0.9054989814758301,
  "uncertainty": 0.13819002866763305
}