{
  "image": "data\\raw\\images\\train\\F_2_6_1794.jpg",
  "box": [
    830.7987670898438,
    463.53167724609375,
    1120.54443359375,
    767.9749755859375
  ],
  "class": 2,
  "confidence": 0.5364288687705994,
  "uncertainty": 0.34727430051560193
}