{
  "image": "data\\raw\\images\\train\\F_2_9_1345.jpg",
  "box": [
    1288.7816162109375,
    474.156494140625,
    1919.0577392578125,
    1067.6123046875
  ],
  "class": 7,
  "confidence": 0.8049793839454651,
  "uncertainty": 0.22430160703728852
}