{
  "image": "data\\raw\\images\\train\\F_2_2_1292.jpg",
  "box": [
    265.0483703613281,
    372.80859375,
    1004.3814697265625,
    1066.546630859375
  ],
  "class": 7,
  "confidence": 0.6948679089546204,
  "uncertainty": 0.2835883427638083
}