{
  "image": "data\\raw\\images\\train\\F_2_1_802.jpg",
  "box": [
    1124.391845703125,
    464.6199645996094,
    1217.86572265625,
    541.4573974609375
  ],
  "class": 2,
  "confidence": 0.7630353569984436,
  "uncertainty": 0.19741565013829254
}