{
  "image": "data\\raw\\images\\train\\F_2_7_858.jpg",
  "box": [
    989.2699584960938,
    384.0110778808594,
    1124.22607421875,
    440.9153137207031
  ],
  "class": 2,
  "confidence": 0.47315892577171326,
  "uncertainty": 0.31651972830375197
}