{
  "image": "data\\raw\\images\\train\\F_2_9_310.jpg",
  "box": [
    822.175537109375,
    545.5511474609375,
    921.2821044921875,
    626.950439453125
  ],
  "class": 2,
  "confidence": 0.2996024489402771,
  "uncertainty": 0.4393739284838576
}