{
  "image": "data\\raw\\images\\train\\F_2_1_462.jpg",
  "box": [
    364.55279541015625,
    386.8775939941406,
    572.141845703125,
    544.9407958984375
  ],
  "class": 5,
  "confidence": 0.750081479549408,
  "uncertainty": 0.31893249692021475
}