{
  "image": "data\\raw\\images\\train\\F_2_9_2893.jpg",
  "box": [
    386.8260498046875,
    611.11767578125,
    557.675537109375,
    975.9439697265625
  ],
  "class": 3,
  "confidence": 0.44389092922210693,
  "uncertainty": 0.4714533855727578
}