{
  "image": "data\\raw\\images\\train\\F_2_4_214.jpg",
  "box": [
    368.578857421875,
    612.4664306640625,
    572.6910400390625,
    959.2706298828125
  ],
  "class": 3,
  "confidence": 0.4680599570274353,
  "uncertainty": 0.44554661355616154
}