{
  "image": "data\\raw\\images\\train\\F_2_11_735.jpg",
  "box": [
    1247.158935546875,
    460.2065734863281,
    1369.7764892578125,
    562.493896484375
  ],
  "class": 2,
  "confidence": 0.8728043437004089,
  "uncertainty": 0.1357005479318629
}