{
  "image": "data\\raw\\images\\train\\F_2_1_517.jpg",
  "box": [
    1850.8348388671875,
    451.4944152832031,
    1918.9130859375,
    657.7557373046875
  ],
  "class": 2,
  "confidence": 0.6532431244850159,
  "uncertainty": 0.2404481169718568
}