{
  "image": "data\\raw\\images\\train\\F_2_11_467.jpg",
  "box": [
    1537.82421875,
    483.9591979980469,
    1612.7763671875,
    545.8328857421875
  ],
  "class": 2,
  "confidence": 0.4998786747455597,
  "uncertainty": 0.3617079542272664
}