{
  "image": "data\\raw\\images\\train\\F_2_4_650.jpg",
  "box": [
    544.9597778320312,
    486.6709899902344,
    737.2695922851562,
    635.8087158203125
  ],
  "class": 2,
  "confidence": 0.860227108001709,
  "uncertainty": 0.194230462937045
}