{
  "image": "data\\raw\\images\\train\\F_2_6_977.jpg",
  "box": [
    1317.1572265625,
    652.79150390625,
    1352.791748046875,
    714.8040161132812
  ],
  "class": 3,
  "confidence": 0.46955448389053345,
  "uncertainty": 0.3940985785297816
}