{
  "image": "data\\raw\\images\\train\\F_2_1_214.jpg",
  "box": [
    457.7492980957031,
    469.1161193847656,
    667.052734375,
    593.6658935546875
  ],
  "class": 2,
  "confidence": 0.5955584645271301,
  "uncertainty": 0.36878215877111564
}