{
  "image": "data\\raw\\images\\train\\F_2_9_3038.jpg",
  "box": [
    0.627044677734375,
    64.33749389648438,
    436.2781677246094,
    533.5648193359375
  ],
  "class": 7,
  "confidence": 0.9035109877586365,
  "uncertainty": 0.20982698253031207
}