{
  "image": "data\\raw\\images\\train\\F_2_2_1697.jpg",
  "box": [
    950.572265625,
    588.5533447265625,
    1068.4874267578125,
    752.1949462890625
  ],
  "class": 3,
  "confidence": 0.8205448389053345,
  "uncertainty": 0.26619525217781864
}