{
  "image": "data\\raw\\images\\train\\F_2_1_958.jpg",
  "box": [
    1060.02783203125,
    426.1462097167969,
    1087.044189453125,
    463.6645202636719
  ],
  "class": 3,
  "confidence": 0.33883047103881836,
  "uncertainty": 0.46558255368561346
}