{
  "image": "data\\raw\\images\\train\\F_2_2_911.jpg",
  "box": [
    729.0296020507812,
    561.505859375,
    763.61328125,
    609.4737548828125
  ],
  "class": 3,
  "confidence": 0.4220312237739563,
  "uncertainty": 0.429073196761566
}