{
  "image": "data\\raw\\images\\train\\F_2_3_464.jpg",
  "box": [
    1755.71044921875,
    917.197998046875,
    1919.3082275390625,
    1075.9017333984375
  ],
  "class": 3,
  "confidence": 0.3190084397792816,
  "uncertainty": 0.4465103178672842
}