{
  "image": "data\\raw\\images\\train\\F_2_5_336.jpg",
  "box": [
    730.210205078125,
    802.96142578125,
    1030.3079833984375,
    1073.3682861328125
  ],
  "class": 3,
  "confidence": 0.607698380947113,
  "uncertainty": 0.3715050827942241
}