{
  "image": "data\\raw\\images\\train\\F_2_6_66.jpg",
  "box": [
    382.9670715332031,
    492.8353271484375,
    490.970947265625,
    599.0103149414062
  ],
  "class": 3,
  "confidence": 0.7543206214904785,
  "uncertainty": 0.3051462822671973
}