{
  "image": "data\\raw\\images\\train\\F_2_6_1710.jpg",
  "box": [
    1053.392578125,
    421.69097900390625,
    1194.7738037109375,
    594.2770385742188
  ],
  "class": 7,
  "confidence": 0.506192147731781,
  "uncertainty": 0.37605508536180476
}