{
  "image": "data\\raw\\images\\train\\F_2_4_940.jpg",
  "box": [
    1340.2254638671875,
    488.62591552734375,
    1464.11279296875,
    556.2372436523438
  ],
  "class": 7,
  "confidence": 0.447771281003952,
  "uncertainty": 0.4005695590420404
}