{
  "image": "data\\raw\\images\\train\\F_2_1_339.jpg",
  "box": [
    1088.75244140625,
    416.8124084472656,
    1129.3004150390625,
    450.46160888671875
  ],
  "class": 2,
  "confidence": 0.504212498664856,
  "uncertainty": 0.2654904568242888
}