{
  "image": "data\\raw\\images\\train\\F_2_2_822.jpg",
  "box": [
    793.76220703125,
    232.00794982910156,
    1040.4140625,
    601.0104370117188
  ],
  "class": 7,
  "confidence": 0.939117431640625,
  "uncertainty": 0.18441100865681642
}