{
  "image": "data\\raw\\images\\train\\F_2_8_1332.jpg",
  "box": [
    1705.259033203125,
    502.6754150390625,
    1919.517333984375,
    693.0966796875
  ],
  "class": 2,
  "confidence": 0.8883780837059021,
  "uncertainty": 0.15898600140363078
}