{
  "image": "data\\raw\\images\\train\\F_2_2_1025.jpg",
  "box": [
    1274.2935791015625,
    517.733642578125,
    1358.9542236328125,
    686.9957885742188
  ],
  "class": 3,
  "confidence": 0.6493974924087524,
  "uncertainty": 0.37560350781669916
}