{
  "image": "data\\raw\\images\\train\\F_2_9_2923.jpg",
  "box": [
    1418.5185546875,
    543.6340942382812,
    1521.7049560546875,
    643.2535400390625
  ],
  "class": 2,
  "confidence": 0.7933473587036133,
  "uncertainty": 0.1647885841677618
}