{
  "image": "data\\raw\\images\\train\\F_2_8_1957.jpg",
  "box": [
    549.107666015625,
    639.1749267578125,
    812.640380859375,
    899.641357421875
  ],
  "class": 3,
  "confidence": 0.867723822593689,
  "uncertainty": 0.2361584172019875
}