{
  "image": "data\\raw\\images\\train\\F_2_9_343.jpg",
  "box": [
    403.69830322265625,
    689.7613525390625,
    656.1357421875,
    1071.2576904296875
  ],
  "class": 3,
  "confidence": 0.7157449722290039,
  "uncertainty": 0.2878151298739743
}