{
  "image": "data\\raw\\images\\train\\F_2_1_393.jpg",
  "box": [
    1222.62353515625,
    492.4922790527344,
    1241.808349609375,
    531.3587646484375
  ],
  "class": 3,
  "confidence": 0.39055120944976807,
  "uncertainty": 0.41226756628613376
}