{
  "image": "data\\raw\\images\\train\\F_2_9_2322.jpg",
  "box": [
    195.71389770507812,
    418.63604736328125,
    311.3677062988281,
    572.217041015625
  ],
  "class": 2,
  "confidence": 0.3970907926559448,
  "uncertainty": 0.3385985330977711
}