{
  "image": "data\\raw\\images\\train\\F_2_7_1295.jpg",
  "box": [
    809.7167358398438,
    471.6455383300781,
    1166.743896484375,
    828.1466064453125
  ],
  "class": 2,
  "confidence": 0.9067538380622864,
  "uncertainty": 0.13027824621222175
}