{
  "image": "data\\raw\\images\\train\\F_2_2_1673.jpg",
  "box": [
    163.9673614501953,
    444.3251953125,
    422.55230712890625,
    687.3402099609375
  ],
  "class": 2,
  "confidence": 0.8163095712661743,
  "uncertainty": 0.18351322444131263
}