{
  "image": "data\\raw\\images\\train\\F_2_8_1770.jpg",
  "box": [
    1069.38134765625,
    421.76397705078125,
    1134.5445556640625,
    511.76739501953125
  ],
  "class": 3,
  "confidence": 0.5030178427696228,
  "uncertainty": 0.4183205328378682
}