{
  "image": "data\\raw\\images\\train\\F_2_2_98.jpg",
  "box": [
    217.3883056640625,
    585.9976806640625,
    332.8142395019531,
    753.0072021484375
  ],
  "class": 3,
  "confidence": 0.7511779069900513,
  "uncertainty": 0.32910465117347
}