{
  "image": "data\\raw\\images\\train\\F_2_5_306.jpg",
  "box": [
    317.387939453125,
    531.1318359375,
    365.89569091796875,
    632.689697265625
  ],
  "class": 3,
  "confidence": 0.6883057355880737,
  "uncertainty": 0.3115759553736186
}