{
  "image": "data\\raw\\images\\train\\F_2_9_2417.jpg",
  "box": [
    658.336181640625,
    500.294677734375,
    719.23779296875,
    583.5882568359375
  ],
  "class": 3,
  "confidence": 0.3109060227870941,
  "uncertainty": 0.48932432965731537
}