{
  "image": "data\\raw\\images\\train\\F_2_2_815.jpg",
  "box": [
    1661.1427001953125,
    449.25164794921875,
    1821.6734619140625,
    584.240478515625
  ],
  "class": 5,
  "confidence": 0.45027369260787964,
  "uncertainty": 0.44003898957589394
}