{
  "image": "data\\raw\\images\\train\\F_2_2_800.jpg",
  "box": [
    1691.4766845703125,
    553.818115234375,
    1788.0662841796875,
    647.2114868164062
  ],
  "class": 2,
  "confidence": 0.5728023648262024,
  "uncertainty": 0.2647234338865412
}