{
  "image": "data\\raw\\images\\train\\F_2_1_377.jpg",
  "box": [
    820.5624389648438,
    468.1949157714844,
    881.3259887695312,
    557.275146484375
  ],
  "class": 3,
  "confidence": 0.6545840501785278,
  "uncertainty": 0.34884600795698006
}