{
  "image": "data\\raw\\images\\train\\F_2_9_3020.jpg",
  "box": [
    1308.64453125,
    376.34710693359375,
    1380.6881103515625,
    445.61663818359375
  ],
  "class": 7,
  "confidence": 0.3780551254749298,
  "uncertainty": 0.4795894261765385
}