{
  "image": "data\\raw\\images\\train\\F_2_8_1719.jpg",
  "box": [
    981.7300415039062,
    460.089599609375,
    1830.599609375,
    1067.233642578125
  ],
  "class": 2,
  "confidence": 0.9274239540100098,
  "uncertainty": 0.11401844827263755
}