{
  "image": "data\\raw\\images\\train\\F_2_2_437.jpg",
  "box": [
    846.869384765625,
    496.2847595214844,
    1753.9412841796875,
    1068.0108642578125
  ],
  "class": 2,
  "confidence": 0.8873279094696045,
  "uncertainty": 0.12567171237566946
}