{
  "image": "data\\raw\\images\\train\\F_2_1_849.jpg",
  "box": [
    489.30755615234375,
    424.9237976074219,
    562.6350708007812,
    511.4620056152344
  ],
  "class": 2,
  "confidence": 0.3379749059677124,
  "uncertainty": 0.4642093693758223
}