{
  "image": "data\\raw\\images\\train\\F_2_8_886.jpg",
  "box": [
    698.971435546875,
    571.69873046875,
    768.4110717773438,
    605.8380126953125
  ],
  "class": 2,
  "confidence": 0.6848136782646179,
  "uncertainty": 0.21234849911527298
}