{
  "image": "data\\raw\\images\\train\\F_2_7_2018.jpg",
  "box": [
    0.8071975708007812,
    352.0300598144531,
    214.44309997558594,
    1065.458740234375
  ],
  "class": 7,
  "confidence": 0.4571317434310913,
  "uncertainty": 0.41765057589829513
}