{
  "image": "data\\raw\\images\\train\\F_2_2_412.jpg",
  "box": [
    0.4821510314941406,
    127.87646484375,
    186.49563598632812,
    534.3480834960938
  ],
  "class": 7,
  "confidence": 0.6899539232254028,
  "uncertainty": 0.3258129169365161
}