{
  "image": "data\\raw\\images\\train\\F_2_4_29.jpg",
  "box": [
    555.250732421875,
    595.1201171875,
    653.2551879882812,
    723.8388671875
  ],
  "class": 3,
  "confidence": 0.6610037088394165,
  "uncertainty": 0.3596589249684716
}