{
  "image": "data\\raw\\images\\train\\F_2_4_1025.jpg",
  "box": [
    1570.88134765625,
    445.51788330078125,
    1768.10205078125,
    560.3131103515625
  ],
  "class": 2,
  "confidence": 0.31255850195884705,
  "uncertainty": 0.42390253528900323
}