{
  "image": "data\\raw\\images\\train\\F_2_2_1415.jpg",
  "box": [
    932.1688842773438,
    524.7130126953125,
    1033.922119140625,
    679.9835815429688
  ],
  "class": 3,
  "confidence": 0.3415805697441101,
  "uncertainty": 0.4669374152632901
}