{
  "image": "data\\raw\\images\\train\\F_2_8_720.jpg",
  "box": [
    634.579833984375,
    428.97491455078125,
    1108.4541015625,
    1067.460205078125
  ],
  "class": 5,
  "confidence": 0.7809042930603027,
  "uncertainty": 0.3197762732663303
}