{
  "image": "data\\raw\\images\\train\\F_2_1_715.jpg",
  "box": [
    1372.763916015625,
    419.4311828613281,
    1462.744140625,
    523.2427368164062
  ],
  "class": 7,
  "confidence": 0.7128371596336365,
  "uncertainty": 0.29910625881334235
}