{
  "image": "data\\raw\\images\\train\\F_2_6_36.jpg",
  "box": [
    139.22080993652344,
    536.7255249023438,
    235.70494079589844,
    702.9708251953125
  ],
  "class": 3,
  "confidence": 0.39480575919151306,
  "uncertainty": 0.4899648809854213
}