{
  "image": "data\\raw\\images\\train\\F_2_1_893.jpg",
  "box": [
    1785.5225830078125,
    485.6811218261719,
    1831.0653076171875,
    554.9488525390625
  ],
  "class": 3,
  "confidence": 0.623632550239563,
  "uncertainty": 0.3281475006339756
}