{
  "image": "data\\raw\\images\\train\\F_2_1_725.jpg",
  "box": [
    1151.1241455078125,
    435.887451171875,
    1284.108642578125,
    627.3060302734375
  ],
  "class": 7,
  "confidence": 0.5647822022438049,
  "uncertainty": 0.4111711835573645
}