{
  "image": "data\\raw\\images\\train\\F_2_9_3014.jpg",
  "box": [
    1360.7589111328125,
    363.69561767578125,
    1461.732421875,
    489.6307067871094
  ],
  "class": 7,
  "confidence": 0.4133055508136749,
  "uncertainty": 0.4871261010814254
}