{
  "image": "data\\raw\\images\\train\\F_2_1_797.jpg",
  "box": [
    659.2359619140625,
    554.2967529296875,
    719.849365234375,
    654.10888671875
  ],
  "class": 3,
  "confidence": 0.6538302302360535,
  "uncertainty": 0.35685364599735153
}