{
  "image": "data\\raw\\images\\train\\F_2_6_1848.jpg",
  "box": [
    562.4041748046875,
    394.67724609375,
    996.9688720703125,
    964.3231201171875
  ],
  "class": 7,
  "confidence": 0.8481228351593018,
  "uncertainty": 0.23678733366329557
}