{
  "image": "data\\raw\\images\\train\\F_2_7_256.jpg",
  "box": [
    1257.134765625,
    448.4942321777344,
    1730.273193359375,
    895.146728515625
  ],
  "class": 2,
  "confidence": 0.8192791938781738,
  "uncertainty": 0.24943621555952133
}