{
  "image": "data\\raw\\images\\train\\F_2_8_410.jpg",
  "box": [
    650.0299072265625,
    376.9259948730469,
    1518.394775390625,
    1065.29052734375
  ],
  "class": 2,
  "confidence": 0.9275900721549988,
  "uncertainty": 0.10541434415849359
}