{
  "image": "data\\raw\\images\\train\\F_2_7_819.jpg",
  "box": [
    1638.3233642578125,
    403.4210205078125,
    1724.0965576171875,
    501.93975830078125
  ],
  "class": 7,
  "confidence": 0.39762040972709656,
  "uncertainty": 0.4058177353599711
}