{
  "image": "data\\raw\\images\\train\\F_2_7_1997.jpg",
  "box": [
    628.1171875,
    449.087158203125,
    792.194580078125,
    609.8817749023438
  ],
  "class": 2,
  "confidence": 0.8120375871658325,
  "uncertainty": 0.18786228099281102
}