{
  "image": "data\\raw\\images\\train\\F_2_7_477.jpg",
  "box": [
    757.5205078125,
    416.936279296875,
    1054.22509765625,
    615.30859375
  ],
  "class": 2,
  "confidence": 0.7443498373031616,
  "uncertainty": 0.34895650270698975
}