{
  "image": "data\\raw\\images\\train\\F_2_7_1573.jpg",
  "box": [
    453.6259460449219,
    469.48992919921875,
    1395.7264404296875,
    1067.541748046875
  ],
  "class": 2,
  "confidence": 0.9481860995292664,
  "uncertainty": 0.09413701018814413
}