{
  "image": "data\\raw\\images\\train\\F_2_6_492.jpg",
  "box": [
    1678.14111328125,
    485.7607421875,
    1918.60107421875,
    1068.90869140625
  ],
  "class": 2,
  "confidence": 0.9052597880363464,
  "uncertainty": 0.1606161852454348
}