{
  "image": "data\\raw\\images\\train\\F_2_3_222.jpg",
  "box": [
    695.72900390625,
    477.79010009765625,
    1247.6064453125,
    954.1093139648438
  ],
  "class": 2,
  "confidence": 0.9388642907142639,
  "uncertainty": 0.12232959666144733
}