{
  "image": "data\\raw\\images\\train\\F_2_3_428.jpg",
  "box": [
    437.8212890625,
    391.4691467285156,
    497.77423095703125,
    473.8025207519531
  ],
  "class": 2,
  "confidence": 0.3605216145515442,
  "uncertainty": 0.3897276052565456
}