{
  "image": "data\\raw\\images\\train\\F_2_2_346.jpg",
  "box": [
    607.9982299804688,
    487.71588134765625,
    650.3060302734375,
    549.1528930664062
  ],
  "class": 3,
  "confidence": 0.38676634430885315,
  "uncertainty": 0.46753402557076645
}