{
  "image": "data\\raw\\images\\train\\F_2_2_823.jpg",
  "box": [
    595.86279296875,
    427.83013916015625,
    639.6290283203125,
    464.5517578125
  ],
  "class": 2,
  "confidence": 0.3133639395236969,
  "uncertainty": 0.3807026291253355
}