{
  "image": "data\\raw\\images\\train\\F_2_6_898.jpg",
  "box": [
    1207.0927734375,
    420.829833984375,
    1407.624755859375,
    674.6925659179688
  ],
  "class": 2,
  "confidence": 0.47192785143852234,
  "uncertainty": 0.29510263340913073
}