{
  "image": "data\\raw\\images\\train\\F_2_1_174.jpg",
  "box": [
    266.9874267578125,
    351.955810546875,
    470.7215881347656,
    596.482177734375
  ],
  "class": 7,
  "confidence": 0.8590188026428223,
  "uncertainty": 0.24097418307113627
}