{
  "image": "data\\raw\\images\\train\\F_2_9_1095.jpg",
  "box": [
    293.59356689453125,
    399.89556884765625,
    564.34912109375,
    654.29443359375
  ],
  "class": 5,
  "confidence": 0.5122830271720886,
  "uncertainty": 0.4277593211236954
}