{
  "image": "data\\raw\\images\\train\\F_2_3_610.jpg",
  "box": [
    452.22015380859375,
    209.13967895507812,
    958.5704345703125,
    678.2086181640625
  ],
  "class": 5,
  "confidence": 0.9287192225456238,
  "uncertainty": 0.26567130219808854
}