{
  "image": "data\\raw\\images\\train\\F_2_6_471.jpg",
  "box": [
    838.0984497070312,
    494.35833740234375,
    917.8178100585938,
    576.2175903320312
  ],
  "class": 2,
  "confidence": 0.7232075333595276,
  "uncertainty": 0.18907796213190012
}