{
  "image": "data\\raw\\images\\train\\F_2_2_1440.jpg",
  "box": [
    848.89111328125,
    211.0396728515625,
    1073.0748291015625,
    574.570556640625
  ],
  "class": 7,
  "confidence": 0.7370350360870361,
  "uncertainty": 0.3896492322389515
}