{
  "image": "data\\raw\\images\\train\\F_2_6_120.jpg",
  "box": [
    429.2109375,
    592.3111572265625,
    530.5574951171875,
    807.8199462890625
  ],
  "class": 3,
  "confidence": 0.5689524412155151,
  "uncertainty": 0.3862169089403345
}