{
  "image": "data\\raw\\images\\train\\F_2_7_100.jpg",
  "box": [
    1077.840576171875,
    445.5322265625,
    1250.58056640625,
    892.093017578125
  ],
  "class": 2,
  "confidence": 0.3062615394592285,
  "uncertainty": 0.42862073471159784
}