{
  "image": "data\\raw\\images\\train\\F_2_7_1802.jpg",
  "box": [
    710.3864135742188,
    394.8666687011719,
    924.3936767578125,
    586.5479736328125
  ],
  "class": 2,
  "confidence": 0.8096840977668762,
  "uncertainty": 0.19946129612789962
}