{
  "image": "data\\raw\\images\\train\\F_2_1_264.jpg",
  "box": [
    0.31253814697265625,
    549.65234375,
    92.54267120361328,
    696.8834838867188
  ],
  "class": 3,
  "confidence": 0.638290524482727,
  "uncertainty": 0.37144275460391246
}