{
  "image": "data\\raw\\images\\train\\F_2_9_1427.jpg",
  "box": [
    773.4567260742188,
    464.72137451171875,
    849.6135864257812,
    507.7354736328125
  ],
  "class": 2,
  "confidence": 0.39441823959350586,
  "uncertainty": 0.4664296511847461
}