{
  "image": "data\\raw\\images\\train\\F_2_9_2470.jpg",
  "box": [
    1281.58056640625,
    487.3149719238281,
    1317.9189453125,
    512.1431884765625
  ],
  "class": 2,
  "confidence": 0.36028680205345154,
  "uncertainty": 0.3184532667033147
}