{
  "image": "data\\raw\\images\\train\\F_2_9_2140.jpg",
  "box": [
    852.6236572265625,
    3.829742431640625,
    1917.333251953125,
    1057.07080078125
  ],
  "class": 5,
  "confidence": 0.9462438821792603,
  "uncertainty": 0.16169305388581912
}