{
  "image": "data\\raw\\images\\train\\F_2_3_183.jpg",
  "box": [
    1013.9259033203125,
    330.5394592285156,
    1209.019287109375,
    612.5855712890625
  ],
  "class": 7,
  "confidence": 0.7807364463806152,
  "uncertainty": 0.37164948739751
}