{
  "image": "data\\raw\\images\\train\\F_2_3_14.jpg",
  "box": [
    1049.813232421875,
    450.3787841796875,
    1105.995849609375,
    527.718505859375
  ],
  "class": 2,
  "confidence": 0.5014448165893555,
  "uncertainty": 0.29754001909293576
}