{
  "image": "data\\raw\\images\\train\\F_2_7_1891.jpg",
  "box": [
    1211.1533203125,
    399.32452392578125,
    1477.50439453125,
    636.688720703125
  ],
  "class": 2,
  "confidence": 0.8885505795478821,
  "uncertainty": 0.14538599242013853
}