{
  "image": "data\\raw\\images\\train\\F_2_7_809.jpg",
  "box": [
    847.5833740234375,
    449.8719177246094,
    929.0098876953125,
    552.559814453125
  ],
  "class": 2,
  "confidence": 0.7157571911811829,
  "uncertainty": 0.2473240578616604
}