{
  "image": "data\\raw\\images\\train\\F_2_6_566.jpg",
  "box": [
    392.3288269042969,
    416.9405822753906,
    541.7393798828125,
    645.4469604492188
  ],
  "class": 2,
  "confidence": 0.3242458403110504,
  "uncertainty": 0.4484942383374703
}