{
  "image": "data\\raw\\images\\train\\F_2_9_3013.jpg",
  "box": [
    883.7807006835938,
    419.61895751953125,
    1071.10009765625,
    563.1881103515625
  ],
  "class": 2,
  "confidence": 0.82417231798172,
  "uncertainty": 0.16470817144962693
}