{
  "image": "data\\raw\\images\\train\\F_2_7_1694.jpg",
  "box": [
    1.5274200439453125,
    360.8780822753906,
    711.4202880859375,
    1066.95068359375
  ],
  "class": 2,
  "confidence": 0.9154706597328186,
  "uncertainty": 0.08213073296712
}