{
  "image": "data\\raw\\images\\train\\F_2_3_153.jpg",
  "box": [
    1325.007080078125,
    526.298583984375,
    1413.63671875,
    677.993408203125
  ],
  "class": 2,
  "confidence": 0.6661916375160217,
  "uncertainty": 0.2549782936247504
}