{
  "image": "data\\raw\\images\\train\\F_2_1_325.jpg",
  "box": [
    1800.638671875,
    512.836669921875,
    1857.3695068359375,
    607.666259765625
  ],
  "class": 3,
  "confidence": 0.6430661678314209,
  "uncertainty": 0.34412145468189914
}