{
  "image": "data\\raw\\images\\train\\F_2_6_1501.jpg",
  "box": [
    717.3268432617188,
    448.3920593261719,
    774.7007446289062,
    499.2481384277344
  ],
  "class": 2,
  "confidence": 0.31858494877815247,
  "uncertainty": 0.4301738125415702
}