{
  "image": "data\\raw\\images\\train\\F_2_2_1284.jpg",
  "box": [
    32.63480758666992,
    590.3838500976562,
    159.08062744140625,
    721.0975341796875
  ],
  "class": 3,
  "confidence": 0.7001827359199524,
  "uncertainty": 0.33102512607687234
}