{
  "image": "data\\raw\\images\\train\\F_2_6_1735.jpg",
  "box": [
    874.24072265625,
    775.36474609375,
    1144.686767578125,
    1070.3165283203125
  ],
  "class": 3,
  "confidence": 0.6927708983421326,
  "uncertainty": 0.29394686411433807
}