{
  "image": "data\\raw\\images\\train\\F_2_2_98.jpg",
  "box": [
    1113.713134765625,
    466.7830810546875,
    1147.138427734375,
    522.8516235351562
  ],
  "class": 3,
  "confidence": 0.3531379699707031,
  "uncertainty": 0.4509533436068866
}