{
  "image": "data\\raw\\images\\train\\F_2_9_3020.jpg",
  "box": [
    1696.417236328125,
    234.02932739257812,
    1919.291015625,
    551.9002075195312
  ],
  "class": 7,
  "confidence": 0.8489766120910645,
  "uncertainty": 0.23095588615213336
}