{
  "image": "data\\raw\\images\\train\\F_2_9_823.jpg",
  "box": [
    230.8546142578125,
    395.2317810058594,
    1288.086181640625,
    1067.986083984375
  ],
  "class": 2,
  "confidence": 0.8825502991676331,
  "uncertainty": 0.12246750135916032
}