{
  "image": "data\\raw\\images\\train\\F_2_1_29.jpg",
  "box": [
    520.5289306640625,
    547.7799682617188,
    607.9967651367188,
    690.5516357421875
  ],
  "class": 3,
  "confidence": 0.6837592124938965,
  "uncertainty": 0.3535980606849105
}