{
  "image": "data\\raw\\images\\train\\F_2_2_868.jpg",
  "box": [
    1164.9381103515625,
    419.27783203125,
    1326.0013427734375,
    572.241943359375
  ],
  "class": 2,
  "confidence": 0.8762204647064209,
  "uncertainty": 0.13501887894417497
}