{
  "image": "data\\raw\\images\\train\\F_2_7_682.jpg",
  "box": [
    723.179931640625,
    433.4263916015625,
    977.833251953125,
    575.1163330078125
  ],
  "class": 2,
  "confidence": 0.8293316960334778,
  "uncertainty": 0.1925667917104528
}