{
  "image": "data\\raw\\images\\train\\F_2_1_657.jpg",
  "box": [
    488.1958923339844,
    355.3393249511719,
    909.8175048828125,
    882.2379150390625
  ],
  "class": 7,
  "confidence": 0.8978065848350525,
  "uncertainty": 0.22058583677010757
}