{
  "image": "data\\raw\\images\\train\\F_2_1_473.jpg",
  "box": [
    1088.0137939453125,
    478.71917724609375,
    1134.6046142578125,
    526.8416748046875
  ],
  "class": 2,
  "confidence": 0.32020774483680725,
  "uncertainty": 0.3824291417903112
}