{
  "image": "data\\raw\\images\\train\\F_2_7_1774.jpg",
  "box": [
    700.97119140625,
    520.5375366210938,
    836.9284057617188,
    666.5026245117188
  ],
  "class": 2,
  "confidence": 0.7826428413391113,
  "uncertainty": 0.175366120107888
}