{
  "image": "data\\raw\\images\\train\\F_2_10_437.jpg",
  "box": [
    810.205078125,
    457.0796813964844,
    1338.1820068359375,
    949.3361206054688
  ],
  "class": 2,
  "confidence": 0.9086893200874329,
  "uncertainty": 0.15422070501969248
}