{
  "image": "data\\raw\\images\\train\\F_2_6_1505.jpg",
  "box": [
    635.577392578125,
    451.4051513671875,
    707.6336059570312,
    582.2678833007812
  ],
  "class": 2,
  "confidence": 0.665442168712616,
  "uncertainty": 0.2618774444341
}