{
  "image": "data\\raw\\images\\train\\F_2_2_1034.jpg",
  "box": [
    834.153076171875,
    457.0628356933594,
    1029.213134765625,
    622.9990234375
  ],
  "class": 2,
  "confidence": 0.7057137489318848,
  "uncertainty": 0.39382575101689443
}