{
  "image": "data\\raw\\images\\train\\F_2_1_1136.jpg",
  "box": [
    1088.591552734375,
    390.72674560546875,
    1307.5111083984375,
    503.83099365234375
  ],
  "class": 5,
  "confidence": 0.5846165418624878,
  "uncertainty": 0.41202318678958716
}