{
  "image": "data\\raw\\images\\train\\F_2_1_714.jpg",
  "box": [
    595.2041015625,
    554.5396728515625,
    649.1698608398438,
    653.935791015625
  ],
  "class": 3,
  "confidence": 0.638026237487793,
  "uncertainty": 0.35349963009806457
}