{
  "image": "data\\raw\\images\\train\\F_2_2_274.jpg",
  "box": [
    475.1556701660156,
    457.2929992675781,
    533.5181884765625,
    493.89971923828125
  ],
  "class": 2,
  "confidence": 0.33500489592552185,
  "uncertainty": 0.4660007082209856
}