{
  "image": "data\\raw\\images\\train\\F_2_1_552.jpg",
  "box": [
    725.7421875,
    439.53033447265625,
    759.5198364257812,
    487.9781494140625
  ],
  "class": 3,
  "confidence": 0.5499033331871033,
  "uncertainty": 0.35621235080350644
}