{
  "image": "data\\raw\\images\\train\\F_2_3_277.jpg",
  "box": [
    1255.09912109375,
    449.958251953125,
    1315.134765625,
    567.1341552734375
  ],
  "class": 2,
  "confidence": 0.7629038095474243,
  "uncertainty": 0.19395405492243484
}