{
  "image": "data\\raw\\images\\train\\F_2_1_1191.jpg",
  "box": [
    362.5572204589844,
    426.7797546386719,
    438.45611572265625,
    513.4481201171875
  ],
  "class": 7,
  "confidence": 0.3206087350845337,
  "uncertainty": 0.48900935369351933
}