{
  "image": "data\\raw\\images\\train\\F_2_9_3020.jpg",
  "box": [
    840.696533203125,
    131.78558349609375,
    1253.0562744140625,
    640.7093505859375
  ],
  "class": 7,
  "confidence": 0.2765476107597351,
  "uncertainty": 0.4547402051798416
}