{
  "image": "data\\raw\\images\\train\\F_2_7_382.jpg",
  "box": [
    1402.041259765625,
    612.669921875,
    1530.11962890625,
    807.061767578125
  ],
  "class": 3,
  "confidence": 0.8107119798660278,
  "uncertainty": 0.2583959958447674
}