{
  "image": "data\\raw\\images\\train\\F_2_2_1067.jpg",
  "box": [
    74.30062866210938,
    440.4031677246094,
    492.7066955566406,
    952.3218994140625
  ],
  "class": 7,
  "confidence": 0.6823546290397644,
  "uncertainty": 0.34789700076815905
}