{
  "image": "data\\raw\\images\\train\\F_2_2_979.jpg",
  "box": [
    1789.7021484375,
    402.3419494628906,
    1854.944091796875,
    449.1982727050781
  ],
  "class": 2,
  "confidence": 0.5890835523605347,
  "uncertainty": 0.23983227546808775
}