{
  "image": "data\\raw\\images\\train\\F_2_7_1622.jpg",
  "box": [
    577.3057861328125,
    534.1773681640625,
    635.458251953125,
    603.3067626953125
  ],
  "class": 2,
  "confidence": 0.5000152587890625,
  "uncertainty": 0.3031676250787053
}