{
  "image": "data\\raw\\images\\train\\F_2_7_164.jpg",
  "box": [
    474.41668701171875,
    485.792724609375,
    1917.75146484375,
    1066.500244140625
  ],
  "class": 2,
  "confidence": 0.9395655989646912,
  "uncertainty": 0.11071859505371409
}