{
  "image": "data\\raw\\images\\train\\F_2_5_20.jpg",
  "box": [
    740.6611328125,
    532.2233276367188,
    807.66845703125,
    615.4887084960938
  ],
  "class": 3,
  "confidence": 0.652588963508606,
  "uncertainty": 0.3276615665764032
}