{
  "image": "data\\raw\\images\\train\\F_2_4_254.jpg",
  "box": [
    846.7935791015625,
    133.3857421875,
    1247.35986328125,
    590.448486328125
  ],
  "class": 7,
  "confidence": 0.7861264944076538,
  "uncertainty": 0.26427666939231387
}