{
  "image": "data\\raw\\images\\train\\F_2_1_958.jpg",
  "box": [
    1137.789306640625,
    423.8067626953125,
    1716.3453369140625,
    878.2860717773438
  ],
  "class": 2,
  "confidence": 0.9380171895027161,
  "uncertainty": 0.12384221274048293
}