{
  "image": "data\\raw\\images\\train\\F_2_6_66.jpg",
  "box": [
    541.5551147460938,
    418.486083984375,
    574.7230224609375,
    476.599365234375
  ],
  "class": 2,
  "confidence": 0.25482213497161865,
  "uncertainty": 0.42561918502528767
}