{
  "image": "data\\raw\\images\\train\\F_2_9_1600.jpg",
  "box": [
    1043.9698486328125,
    346.0216064453125,
    1244.306884765625,
    451.1426696777344
  ],
  "class": 5,
  "confidence": 0.6951523423194885,
  "uncertainty": 0.39301536009215343
}