{
  "image": "data\\raw\\images\\train\\F_2_7_1822.jpg",
  "box": [
    226.16253662109375,
    494.8797912597656,
    449.35198974609375,
    709.5137939453125
  ],
  "class": 2,
  "confidence": 0.7801516056060791,
  "uncertainty": 0.28597948352969044
}