{
  "image": "data\\raw\\images\\train\\F_2_7_1304.jpg",
  "box": [
    1768.780029296875,
    439.5482177734375,
    1842.0576171875,
    493.4111328125
  ],
  "class": 2,
  "confidence": 0.2513209581375122,
  "uncertainty": 0.424481492490047
}