{
  "image": "data\\raw\\images\\train\\F_2_2_1516.jpg",
  "box": [
    1117.67041015625,
    460.6219482421875,
    1819.9599609375,
    1050.955322265625
  ],
  "class": 2,
  "confidence": 0.9428709745407104,
  "uncertainty": 0.12132941432282687
}