{
  "image": "data\\raw\\images\\train\\F_2_2_91.jpg",
  "box": [
    486.4508056640625,
    457.18414306640625,
    695.5669555664062,
    719.0455322265625
  ],
  "class": 7,
  "confidence": 0.5570023655891418,
  "uncertainty": 0.4055291146215197
}