{
  "image": "data\\raw\\images\\train\\F_2_2_837.jpg",
  "box": [
    0.5169868469238281,
    614.1505126953125,
    108.05564880371094,
    884.1267700195312
  ],
  "class": 3,
  "confidence": 0.8083569407463074,
  "uncertainty": 0.3545874132845536
}