{
  "image": "data\\raw\\images\\train\\F_2_1_1066.jpg",
  "box": [
    125.21484375,
    422.0716552734375,
    401.8006896972656,
    550.3101196289062
  ],
  "class": 5,
  "confidence": 0.6699004769325256,
  "uncertainty": 0.4009069217919144
}