{
  "image": "data\\raw\\images\\train\\F_2_11_390.jpg",
  "box": [
    1039.216796875,
    423.5340270996094,
    1148.579833984375,
    518.175048828125
  ],
  "class": 2,
  "confidence": 0.8697513341903687,
  "uncertainty": 0.1377327142928591
}