{
  "image": "data\\raw\\images\\train\\F_2_1_337.jpg",
  "box": [
    1030.3818359375,
    409.2761535644531,
    1142.4857177734375,
    538.5518188476562
  ],
  "class": 2,
  "confidence": 0.40947580337524414,
  "uncertainty": 0.47229761068723297
}