{
  "image": "data\\raw\\images\\train\\F_2_9_3009.jpg",
  "box": [
    1414.5985107421875,
    427.5330505371094,
    1579.7490234375,
    555.6878662109375
  ],
  "class": 2,
  "confidence": 0.8624979853630066,
  "uncertainty": 0.1438361932216139
}