{
  "image": "data\\raw\\images\\train\\F_2_3_218.jpg",
  "box": [
    805.9244384765625,
    437.67193603515625,
    877.307373046875,
    498.23095703125
  ],
  "class": 2,
  "confidence": 0.417534202337265,
  "uncertainty": 0.32667541514194365
}