{
  "image": "data\\raw\\images\\train\\F_2_1_484.jpg",
  "box": [
    1559.924560546875,
    4.12994384765625,
    1918.585693359375,
    1016.9207153320312
  ],
  "class": 7,
  "confidence": 0.9494855403900146,
  "uncertainty": 0.21184235033560928
}