{
  "image": "data\\raw\\images\\train\\F_2_1_318.jpg",
  "box": [
    1033.419921875,
    353.0838317871094,
    1107.082275390625,
    419.2913818359375
  ],
  "class": 7,
  "confidence": 0.3722979426383972,
  "uncertainty": 0.48429962127203513
}