{
  "image": "data\\raw\\images\\train\\F_2_4_858.jpg",
  "box": [
    604.8656005859375,
    536.298583984375,
    651.72998046875,
    615.3675537109375
  ],
  "class": 3,
  "confidence": 0.6052713990211487,
  "uncertainty": 0.3742461527123488
}