{
  "image": "data\\raw\\images\\train\\F_2_1_551.jpg",
  "box": [
    1789.3817138671875,
    443.1909484863281,
    1868.5726318359375,
    553.3782958984375
  ],
  "class": 2,
  "confidence": 0.34710991382598877,
  "uncertainty": 0.412965801971218
}