{
  "image": "data\\raw\\images\\train\\F_2_11_436.jpg",
  "box": [
    1138.5810546875,
    525.224365234375,
    1169.438720703125,
    564.6011962890625
  ],
  "class": 3,
  "confidence": 0.4547417461872101,
  "uncertainty": 0.4106256428879616
}