{
  "image": "data\\raw\\images\\train\\F_2_6_439.jpg",
  "box": [
    553.5107421875,
    428.8043518066406,
    678.4026489257812,
    569.3199462890625
  ],
  "class": 7,
  "confidence": 0.634191632270813,
  "uncertainty": 0.33209308569052326
}