{
  "image": "data\\raw\\images\\train\\F_2_2_979.jpg",
  "box": [
    1032.21728515625,
    391.7837219238281,
    1410.9130859375,
    725.906005859375
  ],
  "class": 2,
  "confidence": 0.9131131768226624,
  "uncertainty": 0.13403626142504513
}