{
  "image": "data\\raw\\images\\train\\F_2_2_1550.jpg",
  "box": [
    1042.186279296875,
    405.12554931640625,
    1298.91845703125,
    463.7825927734375
  ],
  "class": 2,
  "confidence": 0.3014102280139923,
  "uncertainty": 0.4110144139503717
}