{
  "image": "data\\raw\\images\\train\\F_2_7_1304.jpg",
  "box": [
    958.3643798828125,
    430.0584411621094,
    1120.08154296875,
    592.523193359375
  ],
  "class": 2,
  "confidence": 0.8889744281768799,
  "uncertainty": 0.136754020516048
}