{
  "image": "data\\raw\\images\\train\\F_2_7_1774.jpg",
  "box": [
    1231.767822265625,
    513.9599609375,
    1403.337890625,
    706.81396484375
  ],
  "class": 2,
  "confidence": 0.8610680103302002,
  "uncertainty": 0.1876177228835511
}