{
  "image": "data\\raw\\images\\train\\F_2_1_940.jpg",
  "box": [
    286.8316955566406,
    584.3710327148438,
    430.5828552246094,
    810.273681640625
  ],
  "class": 3,
  "confidence": 0.6798690557479858,
  "uncertainty": 0.30225404151609303
}