{
  "image": "data\\raw\\images\\train\\F_2_5_293.jpg",
  "box": [
    1115.112548828125,
    415.553466796875,
    1313.38232421875,
    658.2978515625
  ],
  "class": 7,
  "confidence": 0.761189877986908,
  "uncertainty": 0.27482951434085395
}