{
  "image": "data\\raw\\images\\train\\F_2_1_443.jpg",
  "box": [
    482.954345703125,
    566.4982299804688,
    543.3963623046875,
    660.9630126953125
  ],
  "class": 3,
  "confidence": 0.6406484246253967,
  "uncertainty": 0.3415755043938081
}