{
  "image": "data\\raw\\images\\train\\F_2_9_1527.jpg",
  "box": [
    380.7510986328125,
    646.9627685546875,
    680.9451904296875,
    1071.94091796875
  ],
  "class": 3,
  "confidence": 0.43896907567977905,
  "uncertainty": 0.4735602932579855
}