{
  "image": "data\\raw\\images\\train\\F_2_4_29.jpg",
  "box": [
    262.2464599609375,
    516.24267578125,
    318.85565185546875,
    614.2615966796875
  ],
  "class": 3,
  "confidence": 0.6894773840904236,
  "uncertainty": 0.3340498834587254
}