{
  "image": "data\\raw\\images\\train\\F_2_2_1067.jpg",
  "box": [
    1038.4185791015625,
    553.68994140625,
    1133.0928955078125,
    728.6009521484375
  ],
  "class": 3,
  "confidence": 0.5790508389472961,
  "uncertainty": 0.40476064731038414
}