{
  "image": "data\\raw\\images\\train\\F_2_6_1115.jpg",
  "box": [
    215.9681396484375,
    497.5393981933594,
    295.2490539550781,
    598.3071899414062
  ],
  "class": 3,
  "confidence": 0.6779403686523438,
  "uncertainty": 0.3227981303738031
}