{
  "image": "data\\raw\\images\\train\\F_2_9_2956.jpg",
  "box": [
    613.545654296875,
    386.37060546875,
    774.6187133789062,
    569.316162109375
  ],
  "class": 7,
  "confidence": 0.39971989393234253,
  "uncertainty": 0.4067002659072014
}