{
  "image": "data\\raw\\images\\train\\F_2_6_1498.jpg",
  "box": [
    1039.1170654296875,
    436.2091369628906,
    1168.429931640625,
    532.6258544921875
  ],
  "class": 2,
  "confidence": 0.38883599638938904,
  "uncertainty": 0.4711152792319534
}