{
  "image": "data\\raw\\images\\train\\F_2_2_1461.jpg",
  "box": [
    594.9804077148438,
    468.258544921875,
    697.6585083007812,
    632.9774780273438
  ],
  "class": 2,
  "confidence": 0.8422068953514099,
  "uncertainty": 0.17029057124925806
}