{
  "image": "data\\raw\\images\\train\\F_2_7_242.jpg",
  "box": [
    466.53460693359375,
    259.2657165527344,
    1205.109375,
    1071.3023681640625
  ],
  "class": 7,
  "confidence": 0.6511906981468201,
  "uncertainty": 0.30982826707098854
}