{
  "image": "data\\raw\\images\\train\\F_2_4_921.jpg",
  "box": [
    868.6986694335938,
    495.446044921875,
    900.179443359375,
    549.8614501953125
  ],
  "class": 3,
  "confidence": 0.25221365690231323,
  "uncertainty": 0.4960443598840481
}