{
  "image": "data\\raw\\images\\train\\F_2_6_145.jpg",
  "box": [
    480.2976379394531,
    515.3323974609375,
    545.3272705078125,
    641.4629516601562
  ],
  "class": 3,
  "confidence": 0.3274458646774292,
  "uncertainty": 0.44751610662809516
}