{
  "image": "data\\raw\\images\\train\\F_2_9_335.jpg",
  "box": [
    880.5604248046875,
    434.53082275390625,
    945.9957275390625,
    498.751220703125
  ],
  "class": 2,
  "confidence": 0.479665070772171,
  "uncertainty": 0.3729016015792028
}