{
  "image": "data\\raw\\images\\train\\F_2_9_2823.jpg",
  "box": [
    1364.2113037109375,
    520.14208984375,
    1398.2696533203125,
    571.4844970703125
  ],
  "class": 3,
  "confidence": 0.3974246680736542,
  "uncertainty": 0.444828042494954
}