{
  "image": "data\\raw\\images\\train\\F_2_1_897.jpg",
  "box": [
    795.919921875,
    442.4615478515625,
    843.3380126953125,
    504.1307373046875
  ],
  "class": 7,
  "confidence": 0.47254183888435364,
  "uncertainty": 0.3721348046575095
}