{
  "image": "data\\raw\\images\\train\\F_2_9_2626.jpg",
  "box": [
    636.39599609375,
    403.84185791015625,
    750.4088134765625,
    486.863525390625
  ],
  "class": 2,
  "confidence": 0.7443399429321289,
  "uncertainty": 0.18384548964731148
}