{
  "image": "data\\raw\\images\\train\\F_2_3_281.jpg",
  "box": [
    856.6787109375,
    333.80633544921875,
    1516.88818359375,
    1007.7391357421875
  ],
  "class": 7,
  "confidence": 0.8596207499504089,
  "uncertainty": 0.2474470444540271
}