{
  "image": "data\\raw\\images\\train\\F_2_7_2292.jpg",
  "box": [
    620.222900390625,
    397.3912353515625,
    1317.87255859375,
    1012.7228393554688
  ],
  "class": 2,
  "confidence": 0.9298348426818848,
  "uncertainty": 0.12362714455345135
}