{
  "image": "data\\raw\\images\\train\\F_2_9_324.jpg",
  "box": [
    605.1500244140625,
    485.9490966796875,
    667.6364135742188,
    563.7749633789062
  ],
  "class": 2,
  "confidence": 0.2658343017101288,
  "uncertainty": 0.4559634795229128
}