{
  "image": "data\\raw\\images\\train\\F_2_9_2995.jpg",
  "box": [
    907.7833251953125,
    474.7676696777344,
    948.4688720703125,
    527.0736083984375
  ],
  "class": 2,
  "confidence": 0.4799194931983948,
  "uncertainty": 0.3186638409794501
}