{
  "image": "data\\raw\\images\\train\\F_2_1_349.jpg",
  "box": [
    665.1263427734375,
    481.08941650390625,
    730.1607666015625,
    532.9219970703125
  ],
  "class": 2,
  "confidence": 0.7816856503486633,
  "uncertainty": 0.16610790644430798
}