{
  "image": "data\\raw\\images\\train\\F_2_2_182.jpg",
  "box": [
    1543.9677734375,
    479.6522216796875,
    1613.452392578125,
    544.0368041992188
  ],
  "class": 2,
  "confidence": 0.7106277346611023,
  "uncertainty": 0.22144809995189546
}