{
  "image": "data\\raw\\images\\train\\F_2_2_835.jpg",
  "box": [
    770.4021606445312,
    475.6163635253906,
    860.1388549804688,
    642.89599609375
  ],
  "class": 2,
  "confidence": 0.6583812236785889,
  "uncertainty": 0.26444579861803574
}