{
  "image": "data\\raw\\images\\train\\F_2_8_1258.jpg",
  "box": [
    747.13427734375,
    609.0693359375,
    822.1503295898438,
    715.3226318359375
  ],
  "class": 3,
  "confidence": 0.7582082748413086,
  "uncertainty": 0.2944811454208726
}