{
  "image": "data\\raw\\images\\train\\F_2_4_42.jpg",
  "box": [
    937.7982788085938,
    361.9083251953125,
    1009.7550659179688,
    460.1722412109375
  ],
  "class": 7,
  "confidence": 0.43419066071510315,
  "uncertainty": 0.41639222702609774
}