{
  "image": "data\\raw\\images\\train\\F_2_2_796.jpg",
  "box": [
    1783.9189453125,
    570.7197875976562,
    1919.26318359375,
    682.9729614257812
  ],
  "class": 7,
  "confidence": 0.401726096868515,
  "uncertainty": 0.45602447269978746
}