{
  "image": "data\\raw\\images\\train\\F_2_2_772.jpg",
  "box": [
    1444.1571044921875,
    525.9149169921875,
    1504.8609619140625,
    602.9532470703125
  ],
  "class": 2,
  "confidence": 0.6406975388526917,
  "uncertainty": 0.26881666399598414
}