{
  "image": "data\\raw\\images\\train\\F_2_9_2881.jpg",
  "box": [
    430.64337158203125,
    3.303131103515625,
    1572.9591064453125,
    953.43505859375
  ],
  "class": 7,
  "confidence": 0.8719558715820312,
  "uncertainty": 0.2043997621512299
}