{
  "image": "data\\raw\\images\\train\\F_2_1_950.jpg",
  "box": [
    1504.87060546875,
    475.42840576171875,
    1594.3428955078125,
    561.3587036132812
  ],
  "class": 2,
  "confidence": 0.67793208360672,
  "uncertainty": 0.22339029449024453
}