{
  "image": "data\\raw\\images\\train\\F_2_7_501.jpg",
  "box": [
    369.78277587890625,
    444.8954772949219,
    806.809326171875,
    921.1053466796875
  ],
  "class": 2,
  "confidence": 0.8954062461853027,
  "uncertainty": 0.17500526221708734
}