{
  "image": "data\\raw\\images\\train\\F_2_1_797.jpg",
  "box": [
    557.0978393554688,
    502.4072570800781,
    630.40966796875,
    582.150390625
  ],
  "class": 7,
  "confidence": 0.47817397117614746,
  "uncertainty": 0.3826304809338866
}