{
  "image": "data\\raw\\images\\train\\F_2_1_495.jpg",
  "box": [
    681.6803588867188,
    448.30023193359375,
    747.439208984375,
    518.3660888671875
  ],
  "class": 7,
  "confidence": 0.37417301535606384,
  "uncertainty": 0.42856535431146775
}