{
  "image": "data\\raw\\images\\train\\F_2_2_195.jpg",
  "box": [
    556.6319580078125,
    499.07354736328125,
    661.572265625,
    630.5553588867188
  ],
  "class": 5,
  "confidence": 0.4751778841018677,
  "uncertainty": 0.3803304144375094
}