{
  "image": "data\\raw\\images\\train\\F_2_7_858.jpg",
  "box": [
    895.892333984375,
    436.2536315917969,
    1135.2852783203125,
    632.948486328125
  ],
  "class": 2,
  "confidence": 0.898152232170105,
  "uncertainty": 0.1351771188282531
}