{
  "image": "data\\raw\\images\\train\\F_2_4_876.jpg",
  "box": [
    767.9945068359375,
    425.4441833496094,
    834.796142578125,
    484.78912353515625
  ],
  "class": 7,
  "confidence": 0.27397939562797546,
  "uncertainty": 0.4790294305513843
}