{
  "image": "data\\raw\\images\\train\\F_2_6_519.jpg",
  "box": [
    277.0157775878906,
    556.4959716796875,
    366.83245849609375,
    722.760498046875
  ],
  "class": 3,
  "confidence": 0.6161141991615295,
  "uncertainty": 0.3999514526006644
}