{
  "image": "data\\raw\\images\\train\\F_2_1_765.jpg",
  "box": [
    1366.296630859375,
    416.8973388671875,
    1595.0703125,
    581.800537109375
  ],
  "class": 5,
  "confidence": 0.886203408241272,
  "uncertainty": 0.28372191823861104
}