{
  "image": "data\\raw\\images\\train\\F_2_2_238.jpg",
  "box": [
    1288.9815673828125,
    491.6840515136719,
    1340.0064697265625,
    558.842041015625
  ],
  "class": 2,
  "confidence": 0.411793053150177,
  "uncertainty": 0.3081664306830338
}