{
  "image": "data\\raw\\images\\train\\F_2_2_113.jpg",
  "box": [
    831.5452880859375,
    522.9576416015625,
    870.7820434570312,
    733.1614990234375
  ],
  "class": 2,
  "confidence": 0.33403465151786804,
  "uncertainty": 0.43510305502023194
}