{
  "image": "data\\raw\\images\\train\\F_2_2_12.jpg",
  "box": [
    646.603515625,
    204.52606201171875,
    1015.288818359375,
    777.6922607421875
  ],
  "class": 7,
  "confidence": 0.916276752948761,
  "uncertainty": 0.281257348490471
}