{
  "image": "data\\raw\\images\\train\\F_2_7_1650.jpg",
  "box": [
    1102.18115234375,
    439.60382080078125,
    1322.582275390625,
    500.559814453125
  ],
  "class": 2,
  "confidence": 0.5182509422302246,
  "uncertainty": 0.31071486199395915
}