{
  "image": "data\\raw\\images\\train\\F_2_2_825.jpg",
  "box": [
    141.62969970703125,
    445.3360290527344,
    273.173828125,
    498.14007568359375
  ],
  "class": 2,
  "confidence": 0.33676886558532715,
  "uncertainty": 0.34364088935463744
}