{
  "image": "data\\raw\\images\\train\\F_2_9_1916.jpg",
  "box": [
    332.7829895019531,
    696.7197265625,
    523.9733276367188,
    935.0860595703125
  ],
  "class": 3,
  "confidence": 0.8013997077941895,
  "uncertainty": 0.28189790319458385
}