{
  "image": "data\\raw\\images\\train\\F_2_7_1741.jpg",
  "box": [
    0.09170722961425781,
    476.0499572753906,
    56.41986083984375,
    557.721923828125
  ],
  "class": 2,
  "confidence": 0.4391031861305237,
  "uncertainty": 0.30077762818475556
}