{
  "image": "data\\raw\\images\\train\\F_2_2_1308.jpg",
  "box": [
    196.36593627929688,
    502.81146240234375,
    268.3682861328125,
    585.8783569335938
  ],
  "class": 3,
  "confidence": 0.5800802707672119,
  "uncertainty": 0.39687135146351615
}