{
  "image": "data\\raw\\images\\train\\F_2_8_986.jpg",
  "box": [
    41.083396911621094,
    411.9227600097656,
    359.2710876464844,
    759.0372314453125
  ],
  "class": 2,
  "confidence": 0.644609272480011,
  "uncertainty": 0.29172288256346157
}