{
  "image": "data\\raw\\images\\train\\F_2_9_1600.jpg",
  "box": [
    570.22900390625,
    318.7986145019531,
    1113.12939453125,
    1064.45849609375
  ],
  "class": 7,
  "confidence": 0.5811415314674377,
  "uncertainty": 0.47496625666425774
}