{
  "image": "data\\raw\\images\\train\\F_2_1_790.jpg",
  "box": [
    669.4381713867188,
    429.2399597167969,
    810.8851318359375,
    556.0482788085938
  ],
  "class": 7,
  "confidence": 0.812645435333252,
  "uncertainty": 0.24598714737598187
}