{
  "image": "data\\raw\\images\\train\\F_2_3_255.jpg",
  "box": [
    892.6136474609375,
    407.9153137207031,
    1098.70849609375,
    661.3560791015625
  ],
  "class": 7,
  "confidence": 0.8917877674102783,
  "uncertainty": 0.2536567456349368
}