{
  "image": "data\\raw\\images\\train\\F_2_7_1997.jpg",
  "box": [
    237.13531494140625,
    383.0474853515625,
    666.215576171875,
    790.1729736328125
  ],
  "class": 2,
  "confidence": 0.8874413967132568,
  "uncertainty": 0.13796310416174196
}