{
  "image": "data\\raw\\images\\train\\F_2_6_1164.jpg",
  "box": [
    219.13961791992188,
    399.0848693847656,
    374.9814147949219,
    543.0008544921875
  ],
  "class": 2,
  "confidence": 0.4725598692893982,
  "uncertainty": 0.2989377212289793
}