{
  "image": "data\\raw\\images\\train\\F_2_1_559.jpg",
  "box": [
    175.79940795898438,
    460.9849853515625,
    236.48312377929688,
    561.4395751953125
  ],
  "class": 2,
  "confidence": 0.31587278842926025,
  "uncertainty": 0.3823769982345886
}