{
  "image": "data\\raw\\images\\train\\F_2_9_2956.jpg",
  "box": [
    614.2113647460938,
    386.43145751953125,
    774.2362060546875,
    569.8575439453125
  ],
  "class": 5,
  "confidence": 0.3522503077983856,
  "uncertainty": 0.4147817473046341
}