{
  "image": "data\\raw\\images\\train\\F_2_3_88.jpg",
  "box": [
    2.5326690673828125,
    467.1946105957031,
    286.8433837890625,
    677.368896484375
  ],
  "class": 3,
  "confidence": 0.8129327297210693,
  "uncertainty": 0.28573914239276715
}