{
  "image": "data\\raw\\images\\train\\F_2_11_373.jpg",
  "box": [
    497.959716796875,
    308.5392150878906,
    609.903076171875,
    439.8981628417969
  ],
  "class": 7,
  "confidence": 0.8505133390426636,
  "uncertainty": 0.22812129321810692
}