{
  "image": "data\\raw\\images\\train\\F_2_2_1205.jpg",
  "box": [
    1309.55859375,
    391.88983154296875,
    1919.3668212890625,
    1065.4632568359375
  ],
  "class": 7,
  "confidence": 0.8935621976852417,
  "uncertainty": 0.19530026234644077
}