{
  "image": "data\\raw\\images\\train\\F_2_1_362.jpg",
  "box": [
    1510.02294921875,
    541.0531005859375,
    1540.34423828125,
    597.875244140625
  ],
  "class": 3,
  "confidence": 0.49217620491981506,
  "uncertainty": 0.37403021392184665
}