{
  "image": "data\\raw\\images\\train\\F_2_1_788.jpg",
  "box": [
    983.820556640625,
    472.51373291015625,
    1009.3443603515625,
    508.84881591796875
  ],
  "class": 3,
  "confidence": 0.40338343381881714,
  "uncertainty": 0.4378687843969263
}