{
  "image": "data\\raw\\images\\train\\F_2_1_383.jpg",
  "box": [
    426.87799072265625,
    579.1224975585938,
    539.3475952148438,
    726.0880737304688
  ],
  "class": 3,
  "confidence": 0.7422488331794739,
  "uncertainty": 0.2996577487916935
}