{
  "image": "data\\raw\\images\\train\\F_2_6_242.jpg",
  "box": [
    1.4216766357421875,
    249.14035034179688,
    439.89678955078125,
    1064.7437744140625
  ],
  "class": 7,
  "confidence": 0.7751787900924683,
  "uncertainty": 0.26048368168020586
}