{
  "image": "data\\raw\\images\\train\\F_2_3_515.jpg",
  "box": [
    1.6636505126953125,
    230.06637573242188,
    557.2498779296875,
    769.31689453125
  ],
  "class": 5,
  "confidence": 0.931861937046051,
  "uncertainty": 0.26874969611425426
}