{
  "image": "data\\raw\\images\\train\\F_2_9_2944.jpg",
  "box": [
    604.9740600585938,
    376.41851806640625,
    781.024658203125,
    544.6058349609375
  ],
  "class": 2,
  "confidence": 0.6293611526489258,
  "uncertainty": 0.22131320916690195
}