{
  "image": "data\\raw\\images\\train\\F_2_2_1308.jpg",
  "box": [
    990.4951171875,
    442.36724853515625,
    1098.5906982421875,
    478.0866394042969
  ],
  "class": 2,
  "confidence": 0.33777669072151184,
  "uncertainty": 0.3737836017396682
}