{
  "image": "data\\raw\\images\\train\\F_2_7_230.jpg",
  "box": [
    1025.946533203125,
    347.4788513183594,
    1427.713623046875,
    903.8477783203125
  ],
  "class": 7,
  "confidence": 0.7666053175926208,
  "uncertainty": 0.29739014685019016
}