{
  "image": "data\\raw\\images\\train\\F_2_4_794.jpg",
  "box": [
    1763.131103515625,
    656.7546997070312,
    1918.65185546875,
    882.5830078125
  ],
  "class": 3,
  "confidence": 0.8691901564598083,
  "uncertainty": 0.24795981113102245
}