{
  "image": "data\\raw\\images\\train\\F_2_2_113.jpg",
  "box": [
    1387.64599609375,
    500.6915588378906,
    1518.1072998046875,
    603.46435546875
  ],
  "class": 2,
  "confidence": 0.8236023187637329,
  "uncertainty": 0.1585490997772256
}