{
  "image": "data\\raw\\images\\train\\F_2_6_1164.jpg",
  "box": [
    1545.911865234375,
    452.7823791503906,
    1918.83251953125,
    894.610107421875
  ],
  "class": 2,
  "confidence": 0.930253267288208,
  "uncertainty": 0.12561311690071697
}