{
  "image": "data\\raw\\images\\train\\F_2_1_702.jpg",
  "box": [
    976.610595703125,
    534.2659912109375,
    1032.4434814453125,
    633.4765625
  ],
  "class": 3,
  "confidence": 0.5649150609970093,
  "uncertainty": 0.3887887202121934
}