{
  "image": "data\\raw\\images\\train\\F_2_7_1304.jpg",
  "box": [
    437.4664306640625,
    406.3669738769531,
    638.31005859375,
    571.3851928710938
  ],
  "class": 2,
  "confidence": 0.7372311353683472,
  "uncertainty": 0.19556028930373584
}