{
  "image": "data\\raw\\images\\train\\F_2_2_1426.jpg",
  "box": [
    1176.611083984375,
    442.0071716308594,
    1331.46923828125,
    577.1119384765625
  ],
  "class": 2,
  "confidence": 0.8248907923698425,
  "uncertainty": 0.16630887651151846
}