{
  "image": "data\\raw\\images\\train\\F_2_1_759.jpg",
  "box": [
    663.5552978515625,
    571.117919921875,
    698.87158203125,
    615.0115356445312
  ],
  "class": 3,
  "confidence": 0.5771623253822327,
  "uncertainty": 0.3641423996228742
}