{
  "image": "data\\raw\\images\\train\\F_2_2_1073.jpg",
  "box": [
    560.3745727539062,
    462.83612060546875,
    714.5245361328125,
    505.55242919921875
  ],
  "class": 2,
  "confidence": 0.5411410331726074,
  "uncertainty": 0.300577167503129
}