{
  "image": "data\\raw\\images\\train\\F_2_9_2470.jpg",
  "box": [
    986.8654174804688,
    393.75439453125,
    1126.287109375,
    558.5020751953125
  ],
  "class": 7,
  "confidence": 0.881227970123291,
  "uncertainty": 0.24225742403843958
}