{
  "image": "data\\raw\\images\\train\\F_2_7_222.jpg",
  "box": [
    646.4427490234375,
    569.7137451171875,
    807.8853759765625,
    776.3887939453125
  ],
  "class": 3,
  "confidence": 0.4990977942943573,
  "uncertainty": 0.46928761139520986
}