{
  "image": "data\\raw\\images\\train\\F_2_6_518.jpg",
  "box": [
    466.7809753417969,
    576.325439453125,
    579.778076171875,
    768.917236328125
  ],
  "class": 3,
  "confidence": 0.5967097282409668,
  "uncertainty": 0.4322079472210852
}