{
  "image": "data\\raw\\images\\train\\F_2_7_1642.jpg",
  "box": [
    643.76904296875,
    434.72442626953125,
    913.99609375,
    740.4554443359375
  ],
  "class": 7,
  "confidence": 0.39958280324935913,
  "uncertainty": 0.46089044530475104
}