{
  "image": "data\\raw\\images\\train\\F_2_1_415.jpg",
  "box": [
    1539.250732421875,
    444.9194641113281,
    1839.740234375,
    682.6181640625
  ],
  "class": 2,
  "confidence": 0.8981729745864868,
  "uncertainty": 0.14618273374392482
}