{
  "image": "data\\raw\\images\\train\\F_2_2_184.jpg",
  "box": [
    527.4699096679688,
    411.2242126464844,
    1037.11376953125,
    1013.27587890625
  ],
  "class": 7,
  "confidence": 0.7406390309333801,
  "uncertainty": 0.28382735132385223
}