{
  "image": "data\\raw\\images\\train\\F_2_2_806.jpg",
  "box": [
    137.8911895751953,
    481.775390625,
    450.87908935546875,
    799.201171875
  ],
  "class": 2,
  "confidence": 0.40537703037261963,
  "uncertainty": 0.4615854745024448
}