{
  "image": "data\\raw\\images\\train\\F_2_2_1415.jpg",
  "box": [
    939.54541015625,
    568.81005859375,
    1021.7762451171875,
    679.2210693359375
  ],
  "class": 3,
  "confidence": 0.4980640411376953,
  "uncertainty": 0.40562196431958214
}