{
  "image": "data\\raw\\images\\train\\F_2_1_180.jpg",
  "box": [
    737.1626586914062,
    378.26641845703125,
    1100.05029296875,
    761.73046875
  ],
  "class": 7,
  "confidence": 0.7185212969779968,
  "uncertainty": 0.3002637132540862
}