{
  "image": "data\\raw\\images\\train\\F_2_1_897.jpg",
  "box": [
    759.975830078125,
    489.1845703125,
    797.9083251953125,
    552.4072265625
  ],
  "class": 3,
  "confidence": 0.5662869811058044,
  "uncertainty": 0.393113865719755
}