{
  "image": "data\\raw\\images\\train\\F_2_4_888.jpg",
  "box": [
    298.07757568359375,
    587.62939453125,
    390.57421875,
    715.19873046875
  ],
  "class": 3,
  "confidence": 0.7766174674034119,
  "uncertainty": 0.27972778864927683
}