{
  "image": "data\\raw\\images\\train\\F_2_8_1448.jpg",
  "box": [
    207.15078735351562,
    477.20745849609375,
    388.9922790527344,
    751.523193359375
  ],
  "class": 2,
  "confidence": 0.8936363458633423,
  "uncertainty": 0.14696059615306803
}