{
  "image": "data\\raw\\images\\train\\F_2_8_1717.jpg",
  "box": [
    1654.302978515625,
    386.0093994140625,
    1919.044921875,
    1065.047119140625
  ],
  "class": 7,
  "confidence": 0.699856162071228,
  "uncertainty": 0.3599434119329494
}