{
  "image": "data\\raw\\images\\train\\F_2_5_281.jpg",
  "box": [
    1257.377197265625,
    440.11724853515625,
    1371.7825927734375,
    599.1456298828125
  ],
  "class": 7,
  "confidence": 0.7330070734024048,
  "uncertainty": 0.2886523604576708
}