{
  "image": "data\\raw\\images\\train\\F_2_6_534.jpg",
  "box": [
    575.3809814453125,
    614.0489501953125,
    713.4149780273438,
    831.0626220703125
  ],
  "class": 3,
  "confidence": 0.7679747939109802,
  "uncertainty": 0.3175955733676184
}