{
  "image": "data\\raw\\images\\train\\F_2_1_702.jpg",
  "box": [
    1593.862060546875,
    574.2249755859375,
    1714.470703125,
    743.6058349609375
  ],
  "class": 3,
  "confidence": 0.7520342469215393,
  "uncertainty": 0.33624655016055416
}