{
  "image": "data\\raw\\images\\train\\F_2_3_64.jpg",
  "box": [
    560.38330078125,
    480.94976806640625,
    617.541015625,
    530.6729736328125
  ],
  "class": 2,
  "confidence": 0.2954506278038025,
  "uncertainty": 0.41438736130734666
}