{
  "image": "data\\raw\\images\\train\\F_2_9_2834.jpg",
  "box": [
    788.92529296875,
    6.1966552734375,
    1916.808349609375,
    1060.52880859375
  ],
  "class": 7,
  "confidence": 0.5456569194793701,
  "uncertainty": 0.3279351555400092
}