{
  "image": "data\\raw\\images\\train\\F_2_7_1741.jpg",
  "box": [
    0.610931396484375,
    561.37255859375,
    199.65005493164062,
    1033.777099609375
  ],
  "class": 2,
  "confidence": 0.9261050820350647,
  "uncertainty": 0.15502533874344365
}