{
  "image": "data\\raw\\images\\train\\F_2_2_815.jpg",
  "box": [
    634.6231689453125,
    448.3245849609375,
    735.5232543945312,
    545.3999633789062
  ],
  "class": 2,
  "confidence": 0.8032199144363403,
  "uncertainty": 0.2041850746764542
}