{
  "image": "data\\raw\\images\\train\\F_2_1_313.jpg",
  "box": [
    1219.482666015625,
    472.7124938964844,
    1293.299560546875,
    544.9720458984375
  ],
  "class": 2,
  "confidence": 0.4216296970844269,
  "uncertainty": 0.4365682665143917
}