{
  "image": "data\\raw\\images\\train\\F_2_1_552.jpg",
  "box": [
    1451.6240234375,
    423.4003601074219,
    1495.139404296875,
    506.6408386230469
  ],
  "class": 3,
  "confidence": 0.4735913574695587,
  "uncertainty": 0.3978715993417326
}