{
  "image": "data\\raw\\images\\train\\F_2_7_1323.jpg",
  "box": [
    828.832763671875,
    466.67523193359375,
    1234.9669189453125,
    833.7974853515625
  ],
  "class": 2,
  "confidence": 0.9382820129394531,
  "uncertainty": 0.11367551543528562
}