{
  "image": "data\\raw\\images\\train\\F_2_4_858.jpg",
  "box": [
    669.2026977539062,
    527.0479125976562,
    692.2703247070312,
    592.457275390625
  ],
  "class": 3,
  "confidence": 0.2997329533100128,
  "uncertainty": 0.49233385589108475
}