{
  "image": "data\\raw\\images\\train\\F_2_9_3020.jpg",
  "box": [
    1443.4302978515625,
    324.99261474609375,
    1616.7843017578125,
    532.9799194335938
  ],
  "class": 7,
  "confidence": 0.7638490200042725,
  "uncertainty": 0.31323491167414447
}