{
  "image": "data\\raw\\images\\train\\F_2_1_725.jpg",
  "box": [
    919.84423828125,
    521.9873046875,
    982.8409423828125,
    597.277099609375
  ],
  "class": 3,
  "confidence": 0.5594413876533508,
  "uncertainty": 0.3807771018431369
}