{
  "image": "data\\raw\\images\\train\\F_2_3_222.jpg",
  "box": [
    864.1206665039062,
    453.5960998535156,
    985.9059448242188,
    488.84619140625
  ],
  "class": 2,
  "confidence": 0.5725729465484619,
  "uncertainty": 0.2772316308666681
}