{
  "image": "data\\raw\\images\\train\\F_2_2_978.jpg",
  "box": [
    30.5555477142334,
    398.6478271484375,
    186.90980529785156,
    484.7489013671875
  ],
  "class": 2,
  "confidence": 0.38637199997901917,
  "uncertainty": 0.3418193397001027
}