{
  "image": "data\\raw\\images\\train\\F_2_2_1609.jpg",
  "box": [
    585.7108764648438,
    402.2126770019531,
    1076.2664794921875,
    908.9986572265625
  ],
  "class": 2,
  "confidence": 0.8891898989677429,
  "uncertainty": 0.2049460549180886
}