{
  "image": "data\\raw\\images\\train\\F_2_9_583.jpg",
  "box": [
    626.6680908203125,
    676.4198608398438,
    940.92529296875,
    1070.0152587890625
  ],
  "class": 3,
  "confidence": 0.7829679250717163,
  "uncertainty": 0.31230216808051126
}