{
  "image": "data\\raw\\images\\train\\F_2_9_536.jpg",
  "box": [
    1038.3658447265625,
    565.816650390625,
    1118.6700439453125,
    680.310546875
  ],
  "class": 3,
  "confidence": 0.4105919301509857,
  "uncertainty": 0.45682739691513913
}