{
  "image": "data\\raw\\images\\train\\F_2_1_888.jpg",
  "box": [
    1569.1036376953125,
    242.89654541015625,
    1919.2196044921875,
    665.0689697265625
  ],
  "class": 5,
  "confidence": 0.9470874071121216,
  "uncertainty": 0.19259698790992005
}