{
  "image": "data\\raw\\images\\train\\F_2_3_226.jpg",
  "box": [
    1747.0301513671875,
    505.31396484375,
    1888.2374267578125,
    623.2904663085938
  ],
  "class": 2,
  "confidence": 0.6516731381416321,
  "uncertainty": 0.22816852286109024
}