{
  "image": "data\\raw\\images\\train\\F_2_5_87.jpg",
  "box": [
    1571.7396240234375,
    541.0833740234375,
    1654.7698974609375,
    659.3604736328125
  ],
  "class": 3,
  "confidence": 0.6922353506088257,
  "uncertainty": 0.3277187903845409
}