{
  "image": "data\\raw\\images\\train\\F_2_2_1435.jpg",
  "box": [
    1041.84619140625,
    484.12371826171875,
    1090.320068359375,
    551.0811767578125
  ],
  "class": 3,
  "confidence": 0.6499308347702026,
  "uncertainty": 0.3523575324217514
}