{
  "image": "data\\raw\\images\\train\\F_2_6_286.jpg",
  "box": [
    860.5999145507812,
    705.5184326171875,
    1039.39794921875,
    923.2362060546875
  ],
  "class": 3,
  "confidence": 0.7710486054420471,
  "uncertainty": 0.2860616519622935
}