{
  "image": "data\\raw\\images\\train\\F_2_9_481.jpg",
  "box": [
    1136.982421875,
    556.1256103515625,
    1198.50732421875,
    608.512451171875
  ],
  "class": 2,
  "confidence": 0.391600638628006,
  "uncertainty": 0.35635822935884187
}