{
  "image": "data\\raw\\images\\train\\F_2_2_1489.jpg",
  "box": [
    740.4921875,
    456.080078125,
    809.8793334960938,
    525.5929565429688
  ],
  "class": 2,
  "confidence": 0.4223352074623108,
  "uncertainty": 0.368962622383985
}