{
  "image": "data\\raw\\images\\train\\F_2_2_246.jpg",
  "box": [
    441.503173828125,
    476.5465393066406,
    509.947998046875,
    533.5479736328125
  ],
  "class": 3,
  "confidence": 0.2822873890399933,
  "uncertainty": 0.46453714555575004
}