{
  "image": "data\\raw\\images\\train\\F_2_7_1241.jpg",
  "box": [
    685.1509399414062,
    514.5188598632812,
    728.455322265625,
    601.11767578125
  ],
  "class": 3,
  "confidence": 0.3594802916049957,
  "uncertainty": 0.47482934628162987
}