{
  "image": "data\\raw\\images\\train\\F_2_9_1607.jpg",
  "box": [
    1307.0555419921875,
    829.7010498046875,
    1549.048095703125,
    1074.36328125
  ],
  "class": 3,
  "confidence": 0.29068994522094727,
  "uncertainty": 0.4943697952315182
}