{
  "image": "data\\raw\\images\\train\\F_2_2_256.jpg",
  "box": [
    178.5742950439453,
    554.874267578125,
    238.79443359375,
    655.1702880859375
  ],
  "class": 3,
  "confidence": 0.6991533041000366,
  "uncertainty": 0.32250103453301737
}