{
  "image": "data\\raw\\images\\train\\F_2_6_968.jpg",
  "box": [
    0.10380363464355469,
    445.3032531738281,
    26.558345794677734,
    499.4993591308594
  ],
  "class": 2,
  "confidence": 0.2972128987312317,
  "uncertainty": 0.3981248063417633
}