{
  "image": "data\\raw\\images\\train\\F_2_6_884.jpg",
  "box": [
    615.1951904296875,
    534.7858276367188,
    677.2988891601562,
    623.17626953125
  ],
  "class": 3,
  "confidence": 0.725315272808075,
  "uncertainty": 0.3060509939141809
}