{
  "image": "data\\raw\\images\\train\\F_2_2_1466.jpg",
  "box": [
    1705.1231689453125,
    680.7515869140625,
    1919.1214599609375,
    1071.9044189453125
  ],
  "class": 3,
  "confidence": 0.782374382019043,
  "uncertainty": 0.22717977603739548
}