{
  "image": "data\\raw\\images\\train\\F_2_6_925.jpg",
  "box": [
    389.9792175292969,
    533.535888671875,
    458.22711181640625,
    647.466552734375
  ],
  "class": 3,
  "confidence": 0.6956561803817749,
  "uncertainty": 0.3277212086664633
}