{
  "image": "data\\raw\\images\\train\\F_2_6_1609.jpg",
  "box": [
    703.1948852539062,
    456.45465087890625,
    858.6859130859375,
    637.19091796875
  ],
  "class": 7,
  "confidence": 0.2719133496284485,
  "uncertainty": 0.4600474693422168
}