{
  "image": "data\\raw\\images\\train\\F_2_1_843.jpg",
  "box": [
    1655.372314453125,
    441.60809326171875,
    1738.5069580078125,
    529.29150390625
  ],
  "class": 2,
  "confidence": 0.5911335349082947,
  "uncertainty": 0.26216289592627606
}