{
  "image": "data\\raw\\images\\train\\F_2_7_1652.jpg",
  "box": [
    857.737060546875,
    453.15966796875,
    1054.837646484375,
    535.810546875
  ],
  "class": 2,
  "confidence": 0.49170953035354614,
  "uncertainty": 0.35026686697420645
}