{
  "image": "data\\raw\\images\\train\\F_2_3_424.jpg",
  "box": [
    972.6451416015625,
    467.3876037597656,
    1085.7918701171875,
    562.9410400390625
  ],
  "class": 2,
  "confidence": 0.31949740648269653,
  "uncertainty": 0.48682626111924265
}