{
  "image": "data\\raw\\images\\train\\F_2_1_325.jpg",
  "box": [
    1455.56640625,
    496.736572265625,
    1486.3759765625,
    550.0057983398438
  ],
  "class": 3,
  "confidence": 0.6376515030860901,
  "uncertainty": 0.33044522460947073
}