{
  "image": "data\\raw\\images\\train\\F_2_9_2975.jpg",
  "box": [
    1055.9737548828125,
    366.03240966796875,
    1192.1182861328125,
    523.1636352539062
  ],
  "class": 7,
  "confidence": 0.4934566915035248,
  "uncertainty": 0.44027438571640926
}