{
  "image": "data\\raw\\images\\train\\F_2_8_1581.jpg",
  "box": [
    70.2469482421875,
    340.4376525878906,
    1562.03564453125,
    1066.752197265625
  ],
  "class": 2,
  "confidence": 0.9427366256713867,
  "uncertainty": 0.08312900618361349
}