{
  "image": "data\\raw\\images\\train\\F_2_9_2168.jpg",
  "box": [
    1.8572845458984375,
    350.1016845703125,
    353.645751953125,
    1063.298095703125
  ],
  "class": 7,
  "confidence": 0.5142461657524109,
  "uncertainty": 0.3060016731927435
}