{
  "image": "data\\raw\\images\\train\\F_2_5_154.jpg",
  "box": [
    585.9134521484375,
    407.168701171875,
    709.6884765625,
    542.4153442382812
  ],
  "class": 7,
  "confidence": 0.6269208192825317,
  "uncertainty": 0.4213328809470739
}