{
  "image": "data\\raw\\images\\train\\F_2_1_383.jpg",
  "box": [
    347.5020446777344,
    440.468994140625,
    448.0822448730469,
    551.7291870117188
  ],
  "class": 7,
  "confidence": 0.3319471776485443,
  "uncertainty": 0.43471470181860133
}