{
  "image": "data\\raw\\images\\train\\F_2_7_391.jpg",
  "box": [
    1.8621826171875,
    441.1790771484375,
    731.177001953125,
    1028.25048828125
  ],
  "class": 2,
  "confidence": 0.8677133917808533,
  "uncertainty": 0.21255473585181256
}