{
  "image": "data\\raw\\images\\train\\F_2_7_1822.jpg",
  "box": [
    429.0400085449219,
    621.5443115234375,
    616.5653076171875,
    853.7613525390625
  ],
  "class": 3,
  "confidence": 0.763483464717865,
  "uncertainty": 0.3745957887431963
}