{
  "image": "data\\raw\\images\\train\\F_2_7_1642.jpg",
  "box": [
    644.23291015625,
    435.7174072265625,
    913.7056884765625,
    740.2234497070312
  ],
  "class": 2,
  "confidence": 0.5881791710853577,
  "uncertainty": 0.2946265155786132
}