{
  "image": "data\\raw\\images\\train\\F_2_8_1772.jpg",
  "box": [
    889.5851440429688,
    301.3181457519531,
    910.6283569335938,
    330.39508056640625
  ],
  "class": 2,
  "confidence": 0.28057345747947693,
  "uncertainty": 0.38199694927637784
}