{
  "image": "data\\raw\\images\\train\\F_2_2_184.jpg",
  "box": [
    1124.5067138671875,
    454.1635437011719,
    1205.4246826171875,
    534.6234130859375
  ],
  "class": 2,
  "confidence": 0.34357786178588867,
  "uncertainty": 0.3531464936367429
}