{
  "image": "data\\raw\\images\\train\\F_2_1_620.jpg",
  "box": [
    1494.144287109375,
    517.5552978515625,
    1520.982421875,
    557.7420043945312
  ],
  "class": 3,
  "confidence": 0.32864558696746826,
  "uncertainty": 0.483877707720454
}