{
  "image": "data\\raw\\images\\train\\F_2_9_1996.jpg",
  "box": [
    1627.209228515625,
    454.3047180175781,
    1757.4605712890625,
    561.6290283203125
  ],
  "class": 3,
  "confidence": 0.7482820749282837,
  "uncertainty": 0.3375586538657402
}