{
  "image": "data\\raw\\images\\train\\F_2_2_1229.jpg",
  "box": [
    1264.405029296875,
    463.10589599609375,
    1398.46630859375,
    558.2954711914062
  ],
  "class": 2,
  "confidence": 0.30724918842315674,
  "uncertainty": 0.36833862674809587
}