{
  "image": "data\\raw\\images\\train\\F_2_4_972.jpg",
  "box": [
    1708.6336669921875,
    540.4652709960938,
    1756.5574951171875,
    614.2158203125
  ],
  "class": 3,
  "confidence": 0.6628143787384033,
  "uncertainty": 0.3369312919267722
}