{
  "image": "data\\raw\\images\\train\\F_2_7_2018.jpg",
  "box": [
    759.1781005859375,
    411.4208679199219,
    951.387939453125,
    727.338623046875
  ],
  "class": 2,
  "confidence": 0.3264177441596985,
  "uncertainty": 0.44062195820216843
}