{
  "image": "data\\raw\\images\\train\\F_2_11_324.jpg",
  "box": [
    0.490814208984375,
    347.35565185546875,
    214.35223388671875,
    546.1495971679688
  ],
  "class": 7,
  "confidence": 0.6494995951652527,
  "uncertainty": 0.3012511808656127
}