{
  "image": "data\\raw\\images\\train\\F_2_7_1638.jpg",
  "box": [
    0.01609325408935547,
    577.591552734375,
    44.14994812011719,
    683.6192626953125
  ],
  "class": 3,
  "confidence": 0.7349381446838379,
  "uncertainty": 0.3029885373834307
}