{
  "image": "data\\raw\\images\\train\\F_2_1_730.jpg",
  "box": [
    135.3233642578125,
    487.5141906738281,
    172.50563049316406,
    554.339111328125
  ],
  "class": 3,
  "confidence": 0.6586126089096069,
  "uncertainty": 0.33385148817675175
}