{
  "image": "data\\raw\\images\\train\\F_2_2_911.jpg",
  "box": [
    313.54583740234375,
    520.81396484375,
    411.44158935546875,
    640.7869873046875
  ],
  "class": 7,
  "confidence": 0.3987388014793396,
  "uncertainty": 0.4202582129600264
}