{
  "image": "data\\raw\\images\\train\\F_2_1_415.jpg",
  "box": [
    1169.6209716796875,
    459.4712219238281,
    1221.1842041015625,
    517.8685302734375
  ],
  "class": 2,
  "confidence": 0.49999427795410156,
  "uncertainty": 0.2863641192569233
}