{
  "image": "data\\raw\\images\\train\\F_2_7_346.jpg",
  "box": [
    1271.254150390625,
    506.5247497558594,
    1348.5411376953125,
    606.302734375
  ],
  "class": 3,
  "confidence": 0.5960214734077454,
  "uncertainty": 0.3796595150712602
}