{
  "image": "data\\raw\\images\\train\\F_2_9_583.jpg",
  "box": [
    248.4108123779297,
    436.29345703125,
    555.9562377929688,
    721.14453125
  ],
  "class": 2,
  "confidence": 0.8808838725090027,
  "uncertainty": 0.14500666699555717
}