{
  "image": "data\\raw\\images\\train\\F_2_6_925.jpg",
  "box": [
    1060.931640625,
    443.3526306152344,
    1360.47021484375,
    717.441162109375
  ],
  "class": 2,
  "confidence": 0.8902508020401001,
  "uncertainty": 0.13354213791148026
}