{
  "image": "data\\raw\\images\\train\\F_2_4_29.jpg",
  "box": [
    767.226318359375,
    477.7189636230469,
    1101.9619140625,
    733.068115234375
  ],
  "class": 2,
  "confidence": 0.9075581431388855,
  "uncertainty": 0.14100546351746715
}