{
  "image": "data\\raw\\images\\train\\F_2_3_311.jpg",
  "box": [
    1095.08740234375,
    415.411376953125,
    1380.160888671875,
    617.5841064453125
  ],
  "class": 2,
  "confidence": 0.6810885071754456,
  "uncertainty": 0.49134621077411855
}