{
  "image": "data\\raw\\images\\train\\F_2_2_1434.jpg",
  "box": [
    966.3598022460938,
    286.4228515625,
    1150.334228515625,
    557.1109008789062
  ],
  "class": 7,
  "confidence": 0.3578953146934509,
  "uncertainty": 0.49598340792390766
}