{
  "image": "data\\raw\\images\\train\\F_2_8_1832.jpg",
  "box": [
    1550.62451171875,
    383.0008850097656,
    1701.025390625,
    507.9009704589844
  ],
  "class": 7,
  "confidence": 0.4915338456630707,
  "uncertainty": 0.4719948392783
}