{
  "image": "data\\raw\\images\\train\\F_2_7_759.jpg",
  "box": [
    53.3642692565918,
    716.388671875,
    336.182373046875,
    1073.8017578125
  ],
  "class": 3,
  "confidence": 0.337307333946228,
  "uncertainty": 0.4496288423144056
}