{
  "image": "data\\raw\\images\\train\\F_2_3_531.jpg",
  "box": [
    1174.3172607421875,
    589.1138305664062,
    1254.4130859375,
    708.125244140625
  ],
  "class": 3,
  "confidence": 0.7407323122024536,
  "uncertainty": 0.2785388005529977
}