{
  "image": "data\\raw\\images\\train\\F_2_1_86.jpg",
  "box": [
    1055.92041015625,
    364.5599365234375,
    1200.19287109375,
    550.3016357421875
  ],
  "class": 7,
  "confidence": 0.8042986392974854,
  "uncertainty": 0.26067140656006005
}