{
  "image": "data\\raw\\images\\train\\F_2_11_170.jpg",
  "box": [
    1001.8802490234375,
    428.0469970703125,
    1053.716552734375,
    508.9638671875
  ],
  "class": 2,
  "confidence": 0.5959562659263611,
  "uncertainty": 0.31056429869782787
}