{
  "image": "data\\raw\\images\\train\\F_2_1_214.jpg",
  "box": [
    997.6978759765625,
    471.4013671875,
    1101.162353515625,
    583.4013671875
  ],
  "class": 2,
  "confidence": 0.5978275537490845,
  "uncertainty": 0.36897565873493693
}