{
  "image": "data\\raw\\images\\train\\F_2_2_94.jpg",
  "box": [
    37.666465759277344,
    558.6219482421875,
    250.93902587890625,
    934.5255126953125
  ],
  "class": 3,
  "confidence": 0.5211862921714783,
  "uncertainty": 0.468658789201374
}