{
  "image": "data\\raw\\images\\train\\F_2_2_1049.jpg",
  "box": [
    737.0799560546875,
    468.5918884277344,
    905.456298828125,
    649.483642578125
  ],
  "class": 2,
  "confidence": 0.8052382469177246,
  "uncertainty": 0.21383554939356852
}