{
  "image": "data\\raw\\images\\train\\F_2_8_1731.jpg",
  "box": [
    752.133544921875,
    640.23583984375,
    785.1595458984375,
    685.4478149414062
  ],
  "class": 3,
  "confidence": 0.692586362361908,
  "uncertainty": 0.3183192921592008
}