{
  "image": "data\\raw\\images\\train\\F_2_2_1672.jpg",
  "box": [
    1564.28125,
    642.7197265625,
    1688.5625,
    816.7041015625
  ],
  "class": 3,
  "confidence": 0.7250919938087463,
  "uncertainty": 0.33590758459997166
}