{
  "image": "data\\raw\\images\\train\\F_2_1_982.jpg",
  "box": [
    926.281494140625,
    474.3988952636719,
    973.177001953125,
    556.7132568359375
  ],
  "class": 3,
  "confidence": 0.6858035922050476,
  "uncertainty": 0.3135879034876163
}