{
  "image": "data\\raw\\images\\train\\F_2_1_1127.jpg",
  "box": [
    84.8953628540039,
    541.74462890625,
    175.27688598632812,
    667.663330078125
  ],
  "class": 3,
  "confidence": 0.7238778471946716,
  "uncertainty": 0.3355570513867573
}