{
  "image": "data\\raw\\images\\train\\F_2_7_60.jpg",
  "box": [
    483.3465270996094,
    378.1555480957031,
    751.4512939453125,
    494.7968444824219
  ],
  "class": 2,
  "confidence": 0.42940178513526917,
  "uncertainty": 0.3278363820258927
}