{
  "image": "data\\raw\\images\\train\\F_2_1_880.jpg",
  "box": [
    744.5051879882812,
    471.7862548828125,
    792.7637329101562,
    527.4290771484375
  ],
  "class": 2,
  "confidence": 0.3361431062221527,
  "uncertainty": 0.34034890171314114
}