{
  "image": "data\\raw\\images\\train\\F_2_6_1496.jpg",
  "box": [
    752.6358032226562,
    442.04345703125,
    839.51953125,
    544.6621704101562
  ],
  "class": 2,
  "confidence": 0.3568284809589386,
  "uncertainty": 0.4131515506262114
}