{
  "image": "data\\raw\\images\\train\\F_2_7_1654.jpg",
  "box": [
    1272.5950927734375,
    438.0215148925781,
    1662.043212890625,
    693.317626953125
  ],
  "class": 2,
  "confidence": 0.5955376029014587,
  "uncertainty": 0.36676211948862414
}