{
  "image": "data\\raw\\images\\train\\F_2_1_829.jpg",
  "box": [
    883.0409545898438,
    570.0386962890625,
    983.5266723632812,
    723.106689453125
  ],
  "class": 3,
  "confidence": 0.7634012699127197,
  "uncertainty": 0.29519495485514385
}