{
  "image": "data\\raw\\images\\train\\F_2_2_1473.jpg",
  "box": [
    1743.9920654296875,
    433.332275390625,
    1919.4364013671875,
    733.108154296875
  ],
  "class": 2,
  "confidence": 0.8975407481193542,
  "uncertainty": 0.11418053693629979
}