{
  "image": "data\\raw\\images\\train\\F_2_2_835.jpg",
  "box": [
    952.5679931640625,
    481.8937683105469,
    1044.8013916015625,
    574.01904296875
  ],
  "class": 2,
  "confidence": 0.7288400530815125,
  "uncertainty": 0.18981418936917946
}