{
  "image": "data\\raw\\images\\train\\F_2_1_443.jpg",
  "box": [
    865.9154663085938,
    478.9340515136719,
    1020.2217407226562,
    626.13232421875
  ],
  "class": 2,
  "confidence": 0.8371168375015259,
  "uncertainty": 0.15281130710067994
}