{
  "image": "data\\raw\\images\\train\\F_2_1_116.jpg",
  "box": [
    1508.9295654296875,
    444.9071960449219,
    1759.713134765625,
    680.0111083984375
  ],
  "class": 7,
  "confidence": 0.35114094614982605,
  "uncertainty": 0.4700461441705391
}