{
  "image": "data\\raw\\images\\train\\F_2_3_480.jpg",
  "box": [
    1.3768157958984375,
    380.3559265136719,
    469.45440673828125,
    1066.2431640625
  ],
  "class": 2,
  "confidence": 0.9474092721939087,
  "uncertainty": 0.11497344251445576
}