{
  "image": "data\\raw\\images\\train\\F_2_9_304.jpg",
  "box": [
    672.4988403320312,
    385.2869567871094,
    1854.6163330078125,
    1069.518798828125
  ],
  "class": 2,
  "confidence": 0.9249621033668518,
  "uncertainty": 0.11348155589949732
}