{
  "image": "data\\raw\\images\\train\\F_2_11_324.jpg",
  "box": [
    997.7193603515625,
    427.88104248046875,
    1087.1627197265625,
    534.6124877929688
  ],
  "class": 7,
  "confidence": 0.5765191316604614,
  "uncertainty": 0.3408386031080873
}