{
  "image": "data\\raw\\images\\train\\F_2_1_369.jpg",
  "box": [
    835.0618286132812,
    476.3631591796875,
    857.9168701171875,
    511.855224609375
  ],
  "class": 3,
  "confidence": 0.48389682173728943,
  "uncertainty": 0.39644393409264883
}