{
  "image": "data\\raw\\images\\train\\F_2_9_1607.jpg",
  "box": [
    897.8948364257812,
    311.90472412109375,
    1038.531982421875,
    368.8323974609375
  ],
  "class": 5,
  "confidence": 0.41551339626312256,
  "uncertainty": 0.45862868346833724
}