{
  "image": "data\\raw\\images\\train\\F_2_9_2718.jpg",
  "box": [
    1776.466552734375,
    511.324951171875,
    1816.822265625,
    576.3399658203125
  ],
  "class": 2,
  "confidence": 0.4408559203147888,
  "uncertainty": 0.36951521894035744
}