{
  "image": "data\\raw\\images\\train\\F_2_9_2015.jpg",
  "box": [
    1247.8502197265625,
    463.1626281738281,
    1704.28857421875,
    754.6276245117188
  ],
  "class": 2,
  "confidence": 0.5783174633979797,
  "uncertainty": 0.2826047161071052
}