{
  "image": "data\\raw\\images\\train\\F_2_1_349.jpg",
  "box": [
    1098.96142578125,
    459.02752685546875,
    1174.781005859375,
    520.4563598632812
  ],
  "class": 2,
  "confidence": 0.8178489804267883,
  "uncertainty": 0.1628565558302772
}