{
  "image": "data\\raw\\images\\train\\F_2_2_346.jpg",
  "box": [
    1095.3115234375,
    470.3614501953125,
    1217.10546875,
    530.402587890625
  ],
  "class": 3,
  "confidence": 0.45802366733551025,
  "uncertainty": 0.40507641195516203
}