{
  "image": "data\\raw\\images\\train\\F_2_9_3019.jpg",
  "box": [
    1306.8226318359375,
    375.940185546875,
    1380.02490234375,
    452.9365234375
  ],
  "class": 7,
  "confidence": 0.4191964864730835,
  "uncertainty": 0.46552736830015823
}