{
  "image": "data\\raw\\images\\train\\F_2_3_224.jpg",
  "box": [
    647.7340087890625,
    435.974853515625,
    1237.22412109375,
    946.3159790039062
  ],
  "class": 2,
  "confidence": 0.9378465414047241,
  "uncertainty": 0.12175083566188852
}