{
  "image": "data\\raw\\images\\train\\F_2_1_880.jpg",
  "box": [
    1802.2474365234375,
    506.6994323730469,
    1843.3934326171875,
    570.2620849609375
  ],
  "class": 3,
  "confidence": 0.45306289196014404,
  "uncertainty": 0.4081406997850185
}