{
  "image": "data\\raw\\images\\train\\F_2_2_120.jpg",
  "box": [
    557.99365234375,
    545.9485473632812,
    605.6939697265625,
    608.5418701171875
  ],
  "class": 3,
  "confidence": 0.4299226999282837,
  "uncertainty": 0.411921798515781
}