{
  "image": "data\\raw\\images\\train\\F_2_7_459.jpg",
  "box": [
    350.7483215332031,
    411.9139404296875,
    606.77294921875,
    485.327392578125
  ],
  "class": 2,
  "confidence": 0.6424517631530762,
  "uncertainty": 0.22903133802344014
}