{
  "image": "data\\raw\\images\\train\\F_2_4_25.jpg",
  "box": [
    1250.627197265625,
    409.11663818359375,
    1681.4417724609375,
    679.5491943359375
  ],
  "class": 2,
  "confidence": 0.7539278268814087,
  "uncertainty": 0.20670747988355254
}