{
  "image": "data\\raw\\images\\train\\F_2_1_537.jpg",
  "box": [
    1533.551513671875,
    4.931396484375,
    1918.4754638671875,
    1065.2860107421875
  ],
  "class": 7,
  "confidence": 0.8557112812995911,
  "uncertainty": 0.227696545739911
}