{
  "image": "data\\raw\\images\\train\\F_2_4_888.jpg",
  "box": [
    591.5628662109375,
    477.0164794921875,
    1006.5888061523438,
    815.7892456054688
  ],
  "class": 2,
  "confidence": 0.8592527508735657,
  "uncertainty": 0.17806679618427995
}