{
  "image": "data\\raw\\images\\train\\F_2_2_934.jpg",
  "box": [
    937.8548583984375,
    470.70343017578125,
    1035.5679931640625,
    567.6796264648438
  ],
  "class": 3,
  "confidence": 0.7254317402839661,
  "uncertainty": 0.37969445551746805
}