{
  "image": "data\\raw\\images\\train\\F_2_1_365.jpg",
  "box": [
    1673.98779296875,
    540.5540161132812,
    1863.348876953125,
    664.6586303710938
  ],
  "class": 2,
  "confidence": 0.9118044376373291,
  "uncertainty": 0.1282389468798592
}