{
  "image": "data\\raw\\images\\train\\F_2_3_555.jpg",
  "box": [
    1633.2960205078125,
    793.6847534179688,
    1794.4515380859375,
    1075.2265625
  ],
  "class": 3,
  "confidence": 0.6701071262359619,
  "uncertainty": 0.34089794224546915
}