{
  "image": "data\\raw\\images\\train\\F_2_1_715.jpg",
  "box": [
    315.53326416015625,
    570.6807861328125,
    432.29913330078125,
    734.8053588867188
  ],
  "class": 3,
  "confidence": 0.8181424736976624,
  "uncertainty": 0.27035058282357305
}