{
  "image": "data\\raw\\images\\train\\F_2_8_1780.jpg",
  "box": [
    1033.9771728515625,
    348.5292663574219,
    1068.4376220703125,
    407.5386657714844
  ],
  "class": 3,
  "confidence": 0.4370889365673065,
  "uncertainty": 0.408180526283953
}