{
  "image": "data\\raw\\images\\train\\F_2_2_1554.jpg",
  "box": [
    27.639209747314453,
    477.72637939453125,
    366.6328125,
    815.2406005859375
  ],
  "class": 2,
  "confidence": 0.8923819661140442,
  "uncertainty": 0.1577130865801123
}