{
  "image": "data\\raw\\images\\train\\F_2_4_596.jpg",
  "box": [
    1139.672119140625,
    408.7096252441406,
    1437.9459228515625,
    715.372314453125
  ],
  "class": 2,
  "confidence": 0.8502925634384155,
  "uncertainty": 0.32005144394084784
}