{
  "image": "data\\raw\\images\\train\\F_2_2_1692.jpg",
  "box": [
    997.1854248046875,
    617.5145263671875,
    1148.735107421875,
    834.897216796875
  ],
  "class": 3,
  "confidence": 0.8299829959869385,
  "uncertainty": 0.2638098945408642
}