{
  "image": "data\\raw\\images\\train\\F_2_1_323.jpg",
  "box": [
    221.03421020507812,
    466.0760192871094,
    476.6488952636719,
    732.5787353515625
  ],
  "class": 7,
  "confidence": 0.7832310199737549,
  "uncertainty": 0.2704875922449024
}