{
  "image": "data\\raw\\images\\train\\F_2_2_1473.jpg",
  "box": [
    928.1495361328125,
    448.33294677734375,
    1055.6539306640625,
    651.44921875
  ],
  "class": 2,
  "confidence": 0.7950270771980286,
  "uncertainty": 0.25293410278056494
}