{
  "image": "data\\raw\\images\\train\\F_2_9_139.jpg",
  "box": [
    1538.4111328125,
    441.4710388183594,
    1821.744140625,
    710.7633056640625
  ],
  "class": 7,
  "confidence": 0.8998762965202332,
  "uncertainty": 0.2239612166814111
}