{
  "image": "data\\raw\\images\\train\\F_2_1_627.jpg",
  "box": [
    56.334381103515625,
    398.6688232421875,
    170.46942138671875,
    433.7623291015625
  ],
  "class": 2,
  "confidence": 0.3691369593143463,
  "uncertainty": 0.40614690752234806
}