{
  "image": "data\\raw\\images\\train\\F_2_2_868.jpg",
  "box": [
    1101.337890625,
    419.8250427246094,
    1174.935546875,
    517.795654296875
  ],
  "class": 7,
  "confidence": 0.5754139423370361,
  "uncertainty": 0.3308153521002322
}