{
  "image": "data\\raw\\images\\train\\F_2_2_1225.jpg",
  "box": [
    863.4580078125,
    714.859619140625,
    1127.896240234375,
    1068.2451171875
  ],
  "class": 3,
  "confidence": 0.37277406454086304,
  "uncertainty": 0.4906777498297917
}