{
  "image": "data\\raw\\images\\train\\F_2_6_64.jpg",
  "box": [
    375.37030029296875,
    498.12725830078125,
    625.9598999023438,
    748.4014892578125
  ],
  "class": 7,
  "confidence": 0.8806692361831665,
  "uncertainty": 0.22218674653182546
}