{
  "image": "data\\raw\\images\\train\\F_2_2_1312.jpg",
  "box": [
    728.2001953125,
    459.15936279296875,
    803.619384765625,
    501.23388671875
  ],
  "class": 2,
  "confidence": 0.2882212996482849,
  "uncertainty": 0.36543260184049525
}