{
  "image": "data\\raw\\images\\train\\F_2_2_1034.jpg",
  "box": [
    637.6759033203125,
    378.1941833496094,
    780.4443359375,
    527.55517578125
  ],
  "class": 7,
  "confidence": 0.7220309972763062,
  "uncertainty": 0.3514979444111982
}