{
  "image": "data\\raw\\images\\train\\F_2_8_1808.jpg",
  "box": [
    1593.6851806640625,
    373.83544921875,
    1641.690673828125,
    447.0963134765625
  ],
  "class": 3,
  "confidence": 0.5827065110206604,
  "uncertainty": 0.3813352267933919
}