{
  "image": "data\\raw\\images\\train\\F_2_2_1550.jpg",
  "box": [
    159.30899047851562,
    428.7049255371094,
    241.6465301513672,
    534.93701171875
  ],
  "class": 2,
  "confidence": 0.2576758563518524,
  "uncertainty": 0.3931509532669998
}