{
  "image": "data\\raw\\images\\train\\F_2_3_629.jpg",
  "box": [
    905.3037109375,
    417.5541687011719,
    1263.4964599609375,
    871.9000244140625
  ],
  "class": 7,
  "confidence": 0.8815307021141052,
  "uncertainty": 0.22149440044425134
}