{
  "image": "data\\raw\\images\\train\\F_2_1_888.jpg",
  "box": [
    791.5307006835938,
    437.83154296875,
    844.5671997070312,
    499.1356201171875
  ],
  "class": 7,
  "confidence": 0.36919310688972473,
  "uncertainty": 0.42484127945380634
}