{
  "image": "data\\raw\\images\\train\\F_2_1_725.jpg",
  "box": [
    1747.2476806640625,
    781.2974853515625,
    1919.2225341796875,
    1072.3443603515625
  ],
  "class": 3,
  "confidence": 0.7215853333473206,
  "uncertainty": 0.30433269533127205
}