{
  "image": "data\\raw\\images\\train\\F_2_7_46.jpg",
  "box": [
    333.22393798828125,
    485.35986328125,
    588.5297241210938,
    738.1060180664062
  ],
  "class": 2,
  "confidence": 0.8979495763778687,
  "uncertainty": 0.12711041133012352
}