{
  "image": "data\\raw\\images\\train\\F_2_7_624.jpg",
  "box": [
    1157.231689453125,
    590.4774169921875,
    1227.983154296875,
    696.8882446289062
  ],
  "class": 3,
  "confidence": 0.5872498154640198,
  "uncertainty": 0.37680550271285845
}