{
  "image": "data\\raw\\images\\train\\F_2_2_961.jpg",
  "box": [
    353.9263610839844,
    494.67755126953125,
    533.011962890625,
    599.92529296875
  ],
  "class": 7,
  "confidence": 0.6260371208190918,
  "uncertainty": 0.3229333789976366
}