{
  "image": "data\\raw\\images\\train\\F_2_5_246.jpg",
  "box": [
    1161.8974609375,
    97.38363647460938,
    1549.7802734375,
    668.7529907226562
  ],
  "class": 7,
  "confidence": 0.7459163665771484,
  "uncertainty": 0.324213271237835
}