{
  "image": "data\\raw\\images\\train\\F_2_6_478.jpg",
  "box": [
    526.07470703125,
    653.8570556640625,
    664.31494140625,
    822.2952880859375
  ],
  "class": 3,
  "confidence": 0.7165152430534363,
  "uncertainty": 0.30745750421237567
}