{
  "image": "data\\raw\\images\\train\\F_2_2_1609.jpg",
  "box": [
    1197.927734375,
    439.6719970703125,
    1474.022705078125,
    680.0133666992188
  ],
  "class": 2,
  "confidence": 0.45230531692504883,
  "uncertainty": 0.32887010674670225
}