{
  "image": "data\\raw\\images\\train\\F_2_4_25.jpg",
  "box": [
    985.79736328125,
    394.53900146484375,
    1026.1468505859375,
    447.8744201660156
  ],
  "class": 2,
  "confidence": 0.35960349440574646,
  "uncertainty": 0.3436680678080441
}