{
  "image": "data\\raw\\images\\train\\F_2_1_632.jpg",
  "box": [
    779.455322265625,
    484.8428955078125,
    815.15869140625,
    543.6629028320312
  ],
  "class": 3,
  "confidence": 0.5878077149391174,
  "uncertainty": 0.3727450422459941
}