{
  "image": "data\\raw\\images\\train\\F_2_2_1588.jpg",
  "box": [
    0.41013336181640625,
    341.0408630371094,
    134.87652587890625,
    572.6032104492188
  ],
  "class": 7,
  "confidence": 0.5521761178970337,
  "uncertainty": 0.40197513920046096
}