{
  "image": "data\\raw\\images\\train\\F_2_9_2265.jpg",
  "box": [
    1556.9150390625,
    533.9351806640625,
    1659.019775390625,
    725.559814453125
  ],
  "class": 3,
  "confidence": 0.5429482460021973,
  "uncertainty": 0.42418057735326953
}