{
  "image": "data\\raw\\images\\train\\F_2_2_795.jpg",
  "box": [
    1520.736328125,
    614.13037109375,
    1608.0640869140625,
    660.7290649414062
  ],
  "class": 2,
  "confidence": 0.34859728813171387,
  "uncertainty": 0.4036357169619116
}