{
  "image": "data\\raw\\images\\train\\F_2_6_534.jpg",
  "box": [
    0.3390312194824219,
    417.50421142578125,
    189.0550537109375,
    683.3599853515625
  ],
  "class": 7,
  "confidence": 0.5118324160575867,
  "uncertainty": 0.40046268615579667
}