{
  "image": "data\\raw\\images\\train\\F_2_6_884.jpg",
  "box": [
    234.9990234375,
    296.7115173339844,
    550.4932250976562,
    632.2274780273438
  ],
  "class": 7,
  "confidence": 0.659462571144104,
  "uncertainty": 0.3328328548090564
}