{
  "image": "data\\raw\\images\\train\\F_2_1_552.jpg",
  "box": [
    1651.76708984375,
    405.92303466796875,
    1919.2861328125,
    641.6467895507812
  ],
  "class": 2,
  "confidence": 0.9274430274963379,
  "uncertainty": 0.10824441429136819
}