{
  "image": "data\\raw\\images\\train\\F_2_1_349.jpg",
  "box": [
    1340.5653076171875,
    457.7232971191406,
    1377.86669921875,
    531.4989013671875
  ],
  "class": 2,
  "confidence": 0.3140883445739746,
  "uncertainty": 0.3664734750925986
}