{
  "image": "data\\raw\\images\\train\\F_2_9_3039.jpg",
  "box": [
    0.8258285522460938,
    12.122360229492188,
    286.2940673828125,
    549.4503173828125
  ],
  "class": 7,
  "confidence": 0.7895680665969849,
  "uncertainty": 0.3061697832147107
}