{
  "image": "data\\raw\\images\\train\\F_2_5_154.jpg",
  "box": [
    981.7014770507812,
    431.93377685546875,
    1098.571044921875,
    535.4876098632812
  ],
  "class": 2,
  "confidence": 0.3518650233745575,
  "uncertainty": 0.39381608671719437
}