{
  "image": "data\\raw\\images\\train\\F_2_2_798.jpg",
  "box": [
    933.878173828125,
    501.77862548828125,
    1029.904296875,
    618.044921875
  ],
  "class": 2,
  "confidence": 0.5768660306930542,
  "uncertainty": 0.2491739720962842
}