{
  "image": "data\\raw\\images\\train\\F_2_10_177.jpg",
  "box": [
    1473.926025390625,
    373.6749267578125,
    1739.3953857421875,
    525.125
  ],
  "class": 7,
  "confidence": 0.7000782489776611,
  "uncertainty": 0.2775880553010954
}