{
  "image": "data\\raw\\images\\train\\F_2_2_1358.jpg",
  "box": [
    1806.5152587890625,
    603.4866943359375,
    1919.1917724609375,
    1002.3945922851562
  ],
  "class": 3,
  "confidence": 0.41368207335472107,
  "uncertainty": 0.4893225248144883
}