{
  "image": "data\\raw\\images\\train\\F_2_1_323.jpg",
  "box": [
    1102.83642578125,
    458.44097900390625,
    1179.96630859375,
    531.145751953125
  ],
  "class": 7,
  "confidence": 0.40630513429641724,
  "uncertainty": 0.4381877796454021
}