{
  "image": "data\\raw\\images\\train\\F_2_9_2322.jpg",
  "box": [
    1189.7098388671875,
    441.804931640625,
    1220.9783935546875,
    477.74560546875
  ],
  "class": 2,
  "confidence": 0.4005434811115265,
  "uncertainty": 0.32083568291763237
}