{
  "image": "data\\raw\\images\\train\\F_2_1_383.jpg",
  "box": [
    940.8367309570312,
    495.28790283203125,
    974.6731567382812,
    541.2509155273438
  ],
  "class": 3,
  "confidence": 0.5575804114341736,
  "uncertainty": 0.3682032058497818
}