{
  "image": "data\\raw\\images\\train\\F_2_9_784.jpg",
  "box": [
    1311.7158203125,
    368.8309326171875,
    1432.35888671875,
    497.02850341796875
  ],
  "class": 5,
  "confidence": 0.7981328964233398,
  "uncertainty": 0.28823484481005274
}