{
  "image": "data\\raw\\images\\train\\F_2_5_16.jpg",
  "box": [
    1524.5767822265625,
    483.4126281738281,
    1769.885009765625,
    696.995849609375
  ],
  "class": 2,
  "confidence": 0.8887041211128235,
  "uncertainty": 0.1737635666674406
}