{
  "image": "data\\raw\\images\\train\\F_2_3_236.jpg",
  "box": [
    600.97021484375,
    693.1024780273438,
    764.48193359375,
    921.709716796875
  ],
  "class": 3,
  "confidence": 0.8621879816055298,
  "uncertainty": 0.26203045642382894
}