{
  "image": "data\\raw\\images\\train\\F_2_2_913.jpg",
  "box": [
    679.9710693359375,
    563.2435302734375,
    709.7720947265625,
    612.07861328125
  ],
  "class": 3,
  "confidence": 0.44595974683761597,
  "uncertainty": 0.41918527580401405
}