{
  "image": "data\\raw\\images\\train\\F_2_6_898.jpg",
  "box": [
    1103.5501708984375,
    459.3467102050781,
    1168.709716796875,
    574.4089965820312
  ],
  "class": 2,
  "confidence": 0.6161131262779236,
  "uncertainty": 0.2962200014412662
}