{
  "image": "data\\raw\\images\\train\\F_2_1_1080.jpg",
  "box": [
    576.9052734375,
    498.10797119140625,
    693.7051391601562,
    633.3864135742188
  ],
  "class": 2,
  "confidence": 0.32234159111976624,
  "uncertainty": 0.4519749400806334
}