{
  "image": "data\\raw\\images\\train\\F_2_7_1969.jpg",
  "box": [
    1744.421142578125,
    275.9695739746094,
    1919.0966796875,
    488.2056884765625
  ],
  "class": 5,
  "confidence": 0.7451298832893372,
  "uncertainty": 0.26533359417380836
}