{
  "image": "data\\raw\\images\\train\\F_2_9_3002.jpg",
  "box": [
    1202.443359375,
    447.0845947265625,
    1456.2579345703125,
    677.85888671875
  ],
  "class": 2,
  "confidence": 0.9066177010536194,
  "uncertainty": 0.13047162703365234
}