{
  "image": "data\\raw\\images\\train\\F_2_1_803.jpg",
  "box": [
    821.577880859375,
    514.478515625,
    891.22802734375,
    632.4456787109375
  ],
  "class": 3,
  "confidence": 0.6985979676246643,
  "uncertainty": 0.3483830649358734
}