{
  "image": "data\\raw\\images\\train\\F_2_4_296.jpg",
  "box": [
    0.5999221801757812,
    309.85858154296875,
    264.41558837890625,
    1066.99267578125
  ],
  "class": 2,
  "confidence": 0.8699573278427124,
  "uncertainty": 0.1693068778488399
}