{
  "image": "data\\raw\\images\\train\\F_2_9_2265.jpg",
  "box": [
    1.15740966796875,
    341.48858642578125,
    518.806884765625,
    1064.1015625
  ],
  "class": 7,
  "confidence": 0.6889662742614746,
  "uncertainty": 0.28902827520669155
}