{
  "image": "data\\raw\\images\\train\\F_2_6_1737.jpg",
  "box": [
    686.4882202148438,
    360.1300048828125,
    1201.94140625,
    803.3102416992188
  ],
  "class": 2,
  "confidence": 0.8780556321144104,
  "uncertainty": 0.1578239507920261
}