{
  "image": "data\\raw\\images\\train\\F_2_6_1737.jpg",
  "box": [
    462.44439697265625,
    365.92218017578125,
    566.8968505859375,
    707.0809326171875
  ],
  "class": 7,
  "confidence": 0.2880798578262329,
  "uncertainty": 0.4948055566713503
}