{
  "image": "data\\raw\\images\\train\\F_2_7_1652.jpg",
  "box": [
    1840.461181640625,
    491.493896484375,
    1919.294677734375,
    618.2578125
  ],
  "class": 2,
  "confidence": 0.6361036896705627,
  "uncertainty": 0.2970165626918521
}