{
  "image": "data\\raw\\images\\train\\F_2_1_766.jpg",
  "box": [
    1630.95458984375,
    349.4495544433594,
    1919.293701171875,
    607.0908203125
  ],
  "class": 5,
  "confidence": 0.9352470636367798,
  "uncertainty": 0.1850544412437517
}