{
  "image": "data\\raw\\images\\train\\F_2_10_110.jpg",
  "box": [
    923.2446899414062,
    460.07275390625,
    959.0870361328125,
    518.8638916015625
  ],
  "class": 3,
  "confidence": 0.43941184878349304,
  "uncertainty": 0.4330819372638703
}