{
  "image": "data\\raw\\images\\train\\F_2_1_706.jpg",
  "box": [
    1076.6385498046875,
    560.0220947265625,
    1172.9381103515625,
    707.416748046875
  ],
  "class": 3,
  "confidence": 0.7227237224578857,
  "uncertainty": 0.33320779960169405
}