{
  "image": "data\\raw\\images\\train\\F_2_4_794.jpg",
  "box": [
    0.7514190673828125,
    378.73846435546875,
    426.4541931152344,
    882.5003662109375
  ],
  "class": 7,
  "confidence": 0.5462918877601624,
  "uncertainty": 0.36524377638757577
}