{
  "image": "data\\raw\\images\\train\\F_2_11_164.jpg",
  "box": [
    1207.359130859375,
    475.5356140136719,
    1303.043212890625,
    561.7064208984375
  ],
  "class": 2,
  "confidence": 0.5670056939125061,
  "uncertainty": 0.2949032540774186
}