{
  "image": "data\\raw\\images\\train\\F_2_1_399.jpg",
  "box": [
    1093.6531982421875,
    494.6333312988281,
    1128.9490966796875,
    524.557861328125
  ],
  "class": 2,
  "confidence": 0.37624189257621765,
  "uncertainty": 0.3391714790863708
}