{
  "image": "data\\raw\\images\\train\\F_2_1_661.jpg",
  "box": [
    994.9002685546875,
    409.2008972167969,
    1075.5450439453125,
    517.89208984375
  ],
  "class": 2,
  "confidence": 0.2957186996936798,
  "uncertainty": 0.3932847941641052
}