{
  "image": "data\\raw\\images\\train\\F_2_1_701.jpg",
  "box": [
    704.2271728515625,
    559.90234375,
    778.2127685546875,
    671.059326171875
  ],
  "class": 3,
  "confidence": 0.6713958978652954,
  "uncertainty": 0.3037148350542377
}