{
  "image": "data\\raw\\images\\train\\F_2_6_531.jpg",
  "box": [
    529.6875610351562,
    674.516357421875,
    713.6806030273438,
    963.0730590820312
  ],
  "class": 3,
  "confidence": 0.765595018863678,
  "uncertainty": 0.3309336801504758
}