{
  "image": "data\\raw\\images\\train\\F_2_7_42.jpg",
  "box": [
    792.7483520507812,
    423.5445556640625,
    987.0774536132812,
    604.8328857421875
  ],
  "class": 2,
  "confidence": 0.3626164495944977,
  "uncertainty": 0.4226805931212596
}