{
  "image": "data\\raw\\images\\train\\F_2_9_1423.jpg",
  "box": [
    977.30029296875,
    468.4447021484375,
    1090.4803466796875,
    596.47607421875
  ],
  "class": 2,
  "confidence": 0.5125932097434998,
  "uncertainty": 0.3637164382778321
}