{
  "image": "data\\raw\\images\\train\\F_2_11_501.jpg",
  "box": [
    472.9530029296875,
    509.3616027832031,
    531.627685546875,
    599.0164794921875
  ],
  "class": 3,
  "confidence": 0.6330397129058838,
  "uncertainty": 0.36573370148626205
}