{
  "image": "data\\raw\\images\\train\\F_2_2_964.jpg",
  "box": [
    0.1951618194580078,
    490.7998352050781,
    87.55894470214844,
    685.178955078125
  ],
  "class": 7,
  "confidence": 0.47936657071113586,
  "uncertainty": 0.4314218448873017
}