{
  "image": "data\\raw\\images\\train\\F_2_6_51.jpg",
  "box": [
    400.51776123046875,
    437.6011047363281,
    712.6636962890625,
    772.0758056640625
  ],
  "class": 2,
  "confidence": 0.6990231275558472,
  "uncertainty": 0.23876128519746848
}