{
  "image": "data\\raw\\images\\train\\F_2_9_2352.jpg",
  "box": [
    825.5744018554688,
    438.35882568359375,
    990.7747192382812,
    600.383544921875
  ],
  "class": 2,
  "confidence": 0.47296664118766785,
  "uncertainty": 0.30050536727171484
}