{
  "image": "data\\raw\\images\\train\\F_2_2_837.jpg",
  "box": [
    1254.251708984375,
    135.7123260498047,
    1570.751708984375,
    619.1728515625
  ],
  "class": 7,
  "confidence": 0.29538074135780334,
  "uncertainty": 0.41205017729380644
}