{
  "image": "data\\raw\\images\\train\\F_2_1_759.jpg",
  "box": [
    385.34967041015625,
    628.716064453125,
    631.0750122070312,
    1020.3486328125
  ],
  "class": 3,
  "confidence": 0.8431900143623352,
  "uncertainty": 0.2747411344687424
}