{
  "image": "data\\raw\\images\\train\\F_2_4_162.jpg",
  "box": [
    0.27925872802734375,
    645.4982299804688,
    100.07086944580078,
    798.3085327148438
  ],
  "class": 3,
  "confidence": 0.7931739687919617,
  "uncertainty": 0.254143112043508
}