{
  "image": "data\\raw\\images\\train\\F_2_1_742.jpg",
  "box": [
    1122.2860107421875,
    484.16412353515625,
    1152.832763671875,
    518.960205078125
  ],
  "class": 2,
  "confidence": 0.364414781332016,
  "uncertainty": 0.36847260796821923
}