{
  "image": "data\\raw\\images\\train\\F_2_1_1066.jpg",
  "box": [
    800.2489013671875,
    471.8976745605469,
    880.3037109375,
    567.5088500976562
  ],
  "class": 2,
  "confidence": 0.2837052345275879,
  "uncertainty": 0.3680234324045415
}