{
  "image": "data\\raw\\images\\train\\F_2_2_800.jpg",
  "box": [
    1877.020751953125,
    588.942138671875,
    1919.243408203125,
    674.1497802734375
  ],
  "class": 3,
  "confidence": 0.45168057084083557,
  "uncertainty": 0.4105968527805575
}