{
  "image": "data\\raw\\images\\train\\F_2_9_1377.jpg",
  "box": [
    820.6439208984375,
    422.48419189453125,
    1794.5460205078125,
    1068.460205078125
  ],
  "class": 2,
  "confidence": 0.9367175102233887,
  "uncertainty": 0.10657414941239712
}