{
  "image": "data\\raw\\images\\train\\F_2_3_370.jpg",
  "box": [
    776.7200317382812,
    498.3534851074219,
    1299.642333984375,
    943.9913330078125
  ],
  "class": 2,
  "confidence": 0.9024782180786133,
  "uncertainty": 0.1376867764034805
}