{
  "image": "data\\raw\\images\\train\\F_2_2_437.jpg",
  "box": [
    848.9285888671875,
    249.99057006835938,
    1211.9403076171875,
    546.2217407226562
  ],
  "class": 7,
  "confidence": 0.6985315680503845,
  "uncertainty": 0.29936569864784185
}