{
  "image": "data\\raw\\images\\train\\F_2_4_596.jpg",
  "box": [
    150.37152099609375,
    730.9951171875,
    408.6689758300781,
    1072.035888671875
  ],
  "class": 3,
  "confidence": 0.7971315979957581,
  "uncertainty": 0.30412233437024955
}