{
  "image": "data\\raw\\images\\train\\F_2_1_890.jpg",
  "box": [
    187.4501953125,
    458.9281311035156,
    656.291748046875,
    832.0511474609375
  ],
  "class": 2,
  "confidence": 0.9377344846725464,
  "uncertainty": 0.12396651824391033
}