{
  "image": "data\\raw\\images\\train\\F_2_6_439.jpg",
  "box": [
    814.701171875,
    280.8611755371094,
    1164.8306884765625,
    651.4930419921875
  ],
  "class": 5,
  "confidence": 0.9095615744590759,
  "uncertainty": 0.19062925557889948
}