{
  "image": "data\\raw\\images\\train\\F_2_1_393.jpg",
  "box": [
    842.26318359375,
    469.4889221191406,
    902.4832763671875,
    524.4637451171875
  ],
  "class": 2,
  "confidence": 0.6521754264831543,
  "uncertainty": 0.22059319373328595
}