{
  "image": "data\\raw\\images\\train\\F_2_9_433.jpg",
  "box": [
    1465.58837890625,
    603.998046875,
    1551.33154296875,
    720.3375244140625
  ],
  "class": 3,
  "confidence": 0.7546619176864624,
  "uncertainty": 0.30312496788449755
}