{
  "image": "data\\raw\\images\\train\\F_2_2_96.jpg",
  "box": [
    812.619873046875,
    427.0608215332031,
    965.6817626953125,
    566.9012451171875
  ],
  "class": 2,
  "confidence": 0.8414164185523987,
  "uncertainty": 0.14147315128851298
}