{
  "image": "data\\raw\\images\\train\\F_2_1_1203.jpg",
  "box": [
    982.4342651367188,
    418.4751892089844,
    1418.12890625,
    805.4505615234375
  ],
  "class": 2,
  "confidence": 0.774815022945404,
  "uncertainty": 0.18978376303567382
}