{
  "image": "data\\raw\\images\\train\\F_2_1_764.jpg",
  "box": [
    1179.3497314453125,
    427.75689697265625,
    1335.9085693359375,
    554.6387329101562
  ],
  "class": 5,
  "confidence": 0.7109043598175049,
  "uncertainty": 0.3744767681681111
}