{
  "image": "data\\raw\\images\\train\\F_2_2_1584.jpg",
  "box": [
    726.7033081054688,
    492.03204345703125,
    799.2434692382812,
    627.907470703125
  ],
  "class": 2,
  "confidence": 0.3805186152458191,
  "uncertainty": 0.4570672046107698
}