{
  "image": "data\\raw\\images\\train\\F_2_2_401.jpg",
  "box": [
    691.5382080078125,
    445.58917236328125,
    799.9682006835938,
    502.43408203125
  ],
  "class": 2,
  "confidence": 0.7550645470619202,
  "uncertainty": 0.17350930198310463
}