{
  "image": "data\\raw\\images\\train\\F_2_1_588.jpg",
  "box": [
    809.9688720703125,
    453.3514404296875,
    918.787353515625,
    566.4434204101562
  ],
  "class": 5,
  "confidence": 0.4959450960159302,
  "uncertainty": 0.3498425025121002
}