{
  "image": "data\\raw\\images\\train\\F_2_3_177.jpg",
  "box": [
    1246.945556640625,
    474.58941650390625,
    1565.92333984375,
    725.1507568359375
  ],
  "class": 7,
  "confidence": 0.43874436616897583,
  "uncertainty": 0.40896000514881875
}