{
  "image": "data\\raw\\images\\train\\F_2_9_1907.jpg",
  "box": [
    869.6636352539062,
    497.63177490234375,
    916.8250122070312,
    563.526123046875
  ],
  "class": 3,
  "confidence": 0.49542197585105896,
  "uncertainty": 0.3898017231529218
}