{
  "image": "data\\raw\\images\\train\\F_2_7_192.jpg",
  "box": [
    591.134765625,
    397.71270751953125,
    941.1985473632812,
    486.2393798828125
  ],
  "class": 2,
  "confidence": 0.7262274622917175,
  "uncertainty": 0.21248236481817628
}