{
  "image": "data\\raw\\images\\train\\F_2_9_199.jpg",
  "box": [
    0.0,
    481.91217041015625,
    244.15003967285156,
    726.36767578125
  ],
  "class": 3,
  "confidence": 0.8434532284736633,
  "uncertainty": 0.29059678700813085
}