{
  "image": "data\\raw\\images\\train\\F_2_6_985.jpg",
  "box": [
    0.3088645935058594,
    545.3384399414062,
    113.87226867675781,
    750.9732055664062
  ],
  "class": 3,
  "confidence": 0.5879578590393066,
  "uncertainty": 0.38986922519651557
}