{
  "image": "data\\raw\\images\\train\\F_2_9_2967.jpg",
  "box": [
    0.86572265625,
    165.37353515625,
    585.6767578125,
    845.6351318359375
  ],
  "class": 5,
  "confidence": 0.9531502723693848,
  "uncertainty": 0.18108787216305533
}