{
  "image": "data\\raw\\images\\train\\F_2_9_2259.jpg",
  "box": [
    559.9268798828125,
    508.86566162109375,
    636.60986328125,
    629.1498413085938
  ],
  "class": 3,
  "confidence": 0.6917215585708618,
  "uncertainty": 0.33988715247341705
}