{
  "image": "data\\raw\\images\\train\\F_2_2_1439.jpg",
  "box": [
    651.080322265625,
    416.40728759765625,
    732.8156127929688,
    499.749755859375
  ],
  "class": 2,
  "confidence": 0.6907133460044861,
  "uncertainty": 0.23504681796430224
}