{
  "image": "data\\raw\\images\\train\\F_2_4_921.jpg",
  "box": [
    803.892333984375,
    500.85858154296875,
    850.201904296875,
    577.74853515625
  ],
  "class": 3,
  "confidence": 0.5434445142745972,
  "uncertainty": 0.4023252361343754
}