{
  "image": "data\\raw\\images\\train\\F_2_6_550.jpg",
  "box": [
    345.20849609375,
    599.49951171875,
    444.6389465332031,
    723.7618408203125
  ],
  "class": 3,
  "confidence": 0.7116758227348328,
  "uncertainty": 0.3726991451330976
}