{
  "image": "data\\raw\\images\\train\\F_2_6_223.jpg",
  "box": [
    1338.02587890625,
    412.37109375,
    1566.3623046875,
    658.762451171875
  ],
  "class": 7,
  "confidence": 0.5975266695022583,
  "uncertainty": 0.45530144941022455
}