{
  "image": "data\\raw\\images\\train\\F_2_7_88.jpg",
  "box": [
    838.71533203125,
    327.8869934082031,
    1002.8040161132812,
    497.97235107421875
  ],
  "class": 5,
  "confidence": 0.5956432223320007,
  "uncertainty": 0.3779048233610326
}