{
  "image": "data\\raw\\images\\train\\F_2_2_857.jpg",
  "box": [
    0.9488525390625,
    264.70526123046875,
    344.7281799316406,
    663.4788818359375
  ],
  "class": 5,
  "confidence": 0.9397755861282349,
  "uncertainty": 0.19734726990132653
}