{
  "image": "data\\raw\\images\\train\\F_2_6_1737.jpg",
  "box": [
    946.2601318359375,
    720.4869384765625,
    1200.498046875,
    1072.062255859375
  ],
  "class": 3,
  "confidence": 0.27110427618026733,
  "uncertainty": 0.4916282645014492
}