{
  "image": "data\\raw\\images\\train\\F_2_2_1054.jpg",
  "box": [
    1139.1185302734375,
    451.6724853515625,
    1323.157470703125,
    585.4520874023438
  ],
  "class": 2,
  "confidence": 0.5176258683204651,
  "uncertainty": 0.4100103499538643
}