{
  "image": "data\\raw\\images\\train\\F_2_9_2569.jpg",
  "box": [
    816.35888671875,
    518.3827514648438,
    839.7147216796875,
    561.9819946289062
  ],
  "class": 3,
  "confidence": 0.31747835874557495,
  "uncertainty": 0.4602851173578846
}