{
  "image": "data\\raw\\images\\train\\F_2_9_291.jpg",
  "box": [
    349.08721923828125,
    624.6798706054688,
    629.34716796875,
    943.7530517578125
  ],
  "class": 3,
  "confidence": 0.4266663193702698,
  "uncertainty": 0.4239492387066673
}