{
  "image": "data\\raw\\images\\train\\F_2_8_935.jpg",
  "box": [
    615.775390625,
    504.02911376953125,
    729.3624267578125,
    635.0022583007812
  ],
  "class": 2,
  "confidence": 0.6962918043136597,
  "uncertainty": 0.25365478429171695
}