{
  "image": "data\\raw\\images\\train\\F_2_3_177.jpg",
  "box": [
    1247.1265869140625,
    475.3737487792969,
    1565.791748046875,
    724.6575927734375
  ],
  "class": 2,
  "confidence": 0.5635278820991516,
  "uncertainty": 0.2671921794519178
}