{
  "image": "data\\raw\\images\\train\\F_2_6_1710.jpg",
  "box": [
    665.4244995117188,
    395.1587219238281,
    924.2363891601562,
    609.5143432617188
  ],
  "class": 2,
  "confidence": 0.4117468595504761,
  "uncertainty": 0.4216926575849973
}