{
  "image": "data\\raw\\images\\train\\F_2_1_1190.jpg",
  "box": [
    286.23065185546875,
    437.22784423828125,
    423.4366149902344,
    533.7753295898438
  ],
  "class": 7,
  "confidence": 0.7507981657981873,
  "uncertainty": 0.2643512257049851
}