{
  "image": "data\\raw\\images\\train\\F_2_2_485.jpg",
  "box": [
    490.5264587402344,
    479.1361083984375,
    739.44970703125,
    655.4115600585938
  ],
  "class": 2,
  "confidence": 0.8956409692764282,
  "uncertainty": 0.14204047180944662
}