{
  "image": "data\\raw\\images\\train\\F_2_1_313.jpg",
  "box": [
    1800.2420654296875,
    533.227783203125,
    1843.7779541015625,
    614.9580078125
  ],
  "class": 3,
  "confidence": 0.5673301815986633,
  "uncertainty": 0.3918171092645792
}