{
  "image": "data\\raw\\images\\train\\F_2_1_351.jpg",
  "box": [
    930.607666015625,
    497.06597900390625,
    1032.5982666015625,
    600.1988525390625
  ],
  "class": 7,
  "confidence": 0.6161473989486694,
  "uncertainty": 0.3547851192919265
}