{
  "image": "data\\raw\\images\\train\\F_2_1_622.jpg",
  "box": [
    1675.4267578125,
    551.04736328125,
    1726.6651611328125,
    628.46240234375
  ],
  "class": 3,
  "confidence": 0.7338381409645081,
  "uncertainty": 0.30987070002752487
}