{
  "image": "data\\raw\\images\\train\\F_2_2_991.jpg",
  "box": [
    1.12774658203125,
    429.24090576171875,
    587.2041015625,
    1066.090576171875
  ],
  "class": 2,
  "confidence": 0.9476447105407715,
  "uncertainty": 0.09783746684581394
}