{
  "image": "data\\raw\\images\\train\\F_2_9_2975.jpg",
  "box": [
    319.2144775390625,
    321.5578308105469,
    660.0096435546875,
    519.646484375
  ],
  "class": 7,
  "confidence": 0.5181556940078735,
  "uncertainty": 0.4592574793965675
}