{
  "image": "data\\raw\\images\\train\\F_2_9_3023.jpg",
  "box": [
    1604.576904296875,
    435.095947265625,
    1778.719970703125,
    572.65869140625
  ],
  "class": 2,
  "confidence": 0.8252824544906616,
  "uncertainty": 0.1557147463713141
}