{
  "image": "data\\raw\\images\\train\\F_2_2_346.jpg",
  "box": [
    813.0849609375,
    440.8616638183594,
    880.6788940429688,
    527.27392578125
  ],
  "class": 2,
  "confidence": 0.38952702283859253,
  "uncertainty": 0.37245863442056654
}