{
  "image": "data\\raw\\images\\train\\F_2_2_1101.jpg",
  "box": [
    166.38638305664062,
    493.626953125,
    1089.028564453125,
    1065.751953125
  ],
  "class": 2,
  "confidence": 0.9461669921875,
  "uncertainty": 0.10475885554344075
}