{
  "image": "data\\raw\\images\\train\\F_2_7_58.jpg",
  "box": [
    973.7074584960938,
    430.9719543457031,
    1424.224853515625,
    580.030517578125
  ],
  "class": 2,
  "confidence": 0.4793068468570709,
  "uncertainty": 0.29537155032899276
}