{
  "image": "data\\raw\\images\\train\\F_2_1_718.jpg",
  "box": [
    232.92636108398438,
    514.2415771484375,
    285.85418701171875,
    645.1771240234375
  ],
  "class": 3,
  "confidence": 0.6590040922164917,
  "uncertainty": 0.3645990374861972
}