{
  "image": "data\\raw\\images\\train\\F_2_6_330.jpg",
  "box": [
    1045.57177734375,
    318.0563659667969,
    1153.557861328125,
    532.6248779296875
  ],
  "class": 5,
  "confidence": 0.767083466053009,
  "uncertainty": 0.3004772435228259
}