{
  "image": "data\\raw\\images\\train\\F_2_6_884.jpg",
  "box": [
    799.4580688476562,
    436.5948486328125,
    873.7644653320312,
    541.7990112304688
  ],
  "class": 7,
  "confidence": 0.43533220887184143,
  "uncertainty": 0.40857847006322207
}