{
  "image": "data\\raw\\images\\train\\F_2_7_1323.jpg",
  "box": [
    395.1852722167969,
    432.9167175292969,
    697.923095703125,
    579.319580078125
  ],
  "class": 2,
  "confidence": 0.46770161390304565,
  "uncertainty": 0.45837335933094503
}