{
  "image": "data\\raw\\images\\train\\F_2_1_564.jpg",
  "box": [
    330.2379455566406,
    611.105224609375,
    523.0546875,
    764.0970458984375
  ],
  "class": 3,
  "confidence": 0.6499407887458801,
  "uncertainty": 0.3594693665230941
}