{
  "image": "data\\raw\\images\\train\\F_2_7_2333.jpg",
  "box": [
    758.2184448242188,
    422.5799560546875,
    1337.0899658203125,
    936.0098876953125
  ],
  "class": 2,
  "confidence": 0.9388729333877563,
  "uncertainty": 0.12206835104864652
}