{
  "image": "data\\raw\\images\\train\\F_2_11_654.jpg",
  "box": [
    243.81243896484375,
    456.6486511230469,
    368.11029052734375,
    549.9655151367188
  ],
  "class": 2,
  "confidence": 0.701148271560669,
  "uncertainty": 0.22185874598398664
}