{
  "image": "data\\raw\\images\\train\\F_2_6_1388.jpg",
  "box": [
    1198.5146484375,
    492.9136962890625,
    1319.8978271484375,
    634.3929443359375
  ],
  "class": 2,
  "confidence": 0.39371639490127563,
  "uncertainty": 0.4365609608567076
}