{
  "image": "data\\raw\\images\\train\\F_2_1_337.jpg",
  "box": [
    992.90185546875,
    376.88232421875,
    1054.3466796875,
    492.19720458984375
  ],
  "class": 7,
  "confidence": 0.31177830696105957,
  "uncertainty": 0.4859398257861733
}