{
  "image": "data\\raw\\images\\train\\F_2_2_968.jpg",
  "box": [
    0.498687744140625,
    442.27752685546875,
    622.3112182617188,
    958.0010986328125
  ],
  "class": 2,
  "confidence": 0.9361757040023804,
  "uncertainty": 0.1330567080394795
}