{
  "image": "data\\raw\\images\\train\\F_2_5_328.jpg",
  "box": [
    0.32691192626953125,
    424.65289306640625,
    70.69251251220703,
    761.5255737304688
  ],
  "class": 5,
  "confidence": 0.4295191168785095,
  "uncertainty": 0.4170333673865699
}