{
  "image": "data\\raw\\images\\train\\F_2_9_1812.jpg",
  "box": [
    0.965240478515625,
    440.66094970703125,
    1391.33984375,
    1068.904541015625
  ],
  "class": 2,
  "confidence": 0.8679320812225342,
  "uncertainty": 0.14660616248744596
}