{
  "image": "data\\raw\\images\\train\\F_2_7_1985.jpg",
  "box": [
    168.32464599609375,
    626.5152587890625,
    277.5689392089844,
    838.0084228515625
  ],
  "class": 3,
  "confidence": 0.6128100752830505,
  "uncertainty": 0.42395863914554105
}