{
  "image": "data\\raw\\images\\train\\F_2_7_150.jpg",
  "box": [
    521.545654296875,
    487.07159423828125,
    1917.4384765625,
    1062.9752197265625
  ],
  "class": 2,
  "confidence": 0.9402252435684204,
  "uncertainty": 0.10826146333848966
}