{
  "image": "data\\raw\\images\\train\\F_2_9_3038.jpg",
  "box": [
    693.610107421875,
    319.0208740234375,
    971.9959716796875,
    724.16552734375
  ],
  "class": 2,
  "confidence": 0.8738588690757751,
  "uncertainty": 0.13900646423529014
}