{
  "image": "data\\raw\\images\\train\\F_2_9_1909.jpg",
  "box": [
    568.1755981445312,
    494.3558349609375,
    610.2761840820312,
    597.509033203125
  ],
  "class": 3,
  "confidence": 0.40999847650527954,
  "uncertainty": 0.48269576738559844
}