{
  "image": "data\\raw\\images\\train\\F_2_8_812.jpg",
  "box": [
    1366.201171875,
    589.189697265625,
    1509.722900390625,
    761.2692260742188
  ],
  "class": 3,
  "confidence": 0.5726219415664673,
  "uncertainty": 0.41186412933458494
}