{
  "image": "data\\raw\\images\\train\\F_2_2_815.jpg",
  "box": [
    719.059326171875,
    451.5782775878906,
    752.27197265625,
    511.8518371582031
  ],
  "class": 2,
  "confidence": 0.31454503536224365,
  "uncertainty": 0.39579485349685084
}