{
  "image": "data\\raw\\images\\train\\F_2_2_1101.jpg",
  "box": [
    564.073974609375,
    467.0803527832031,
    769.4019775390625,
    514.1767578125
  ],
  "class": 2,
  "confidence": 0.4530448913574219,
  "uncertainty": 0.38527329232573637
}