{
  "image": "data\\raw\\images\\train\\F_2_1_987.jpg",
  "box": [
    1.4614105224609375,
    268.4051513671875,
    570.1823120117188,
    1063.919189453125
  ],
  "class": 7,
  "confidence": 0.526228666305542,
  "uncertainty": 0.30868571557421703
}