{
  "image": "data\\raw\\images\\train\\F_2_11_550.jpg",
  "box": [
    73.614990234375,
    468.2630310058594,
    322.07879638671875,
    559.75
  ],
  "class": 2,
  "confidence": 0.8322439789772034,
  "uncertainty": 0.24494832936271366
}