{
  "image": "data\\raw\\images\\train\\F_2_2_966.jpg",
  "box": [
    206.88844299316406,
    437.772705078125,
    418.60260009765625,
    651.3721923828125
  ],
  "class": 7,
  "confidence": 0.40983352065086365,
  "uncertainty": 0.4820043955249293
}