{
  "image": "data\\raw\\images\\train\\F_2_6_125.jpg",
  "box": [
    1639.23046875,
    311.6626281738281,
    1918.549072265625,
    1063.457763671875
  ],
  "class": 7,
  "confidence": 0.8381911516189575,
  "uncertainty": 0.25782779578523785
}