{
  "image": "data\\raw\\images\\train\\F_2_6_1848.jpg",
  "box": [
    470.1766662597656,
    431.12603759765625,
    586.8399658203125,
    806.7218627929688
  ],
  "class": 5,
  "confidence": 0.33324551582336426,
  "uncertainty": 0.4623609677900806
}