{
  "image": "data\\raw\\images\\train\\F_2_3_119.jpg",
  "box": [
    0.9244537353515625,
    402.5400390625,
    411.2757568359375,
    1069.28125
  ],
  "class": 2,
  "confidence": 0.9136150479316711,
  "uncertainty": 0.12039852882933838
}