{
  "image": "data\\raw\\images\\train\\F_2_4_921.jpg",
  "box": [
    588.8997802734375,
    507.5267028808594,
    631.494140625,
    575.648193359375
  ],
  "class": 3,
  "confidence": 0.29739344120025635,
  "uncertainty": 0.4933352841948382
}