{
  "image": "data\\raw\\images\\train\\F_2_6_64.jpg",
  "box": [
    1327.492919921875,
    617.3446044921875,
    1556.484375,
    794.8309326171875
  ],
  "class": 3,
  "confidence": 0.8807451725006104,
  "uncertainty": 0.2988678129115196
}