{
  "image": "data\\raw\\images\\train\\F_2_1_333.jpg",
  "box": [
    86.86331176757812,
    415.7438049316406,
    482.3213195800781,
    831.0791015625
  ],
  "class": 7,
  "confidence": 0.8146418333053589,
  "uncertainty": 0.2697187537268618
}