{
  "image": "data\\raw\\images\\train\\F_2_9_341.jpg",
  "box": [
    461.3584899902344,
    508.80999755859375,
    568.48193359375,
    613.5537109375
  ],
  "class": 3,
  "confidence": 0.29353082180023193,
  "uncertainty": 0.48697067129691063
}