{
  "image": "data\\raw\\images\\train\\F_2_1_821.jpg",
  "box": [
    836.1901245117188,
    464.51177978515625,
    1003.6884155273438,
    604.1034545898438
  ],
  "class": 2,
  "confidence": 0.8760096430778503,
  "uncertainty": 0.13287772702743939
}