{
  "image": "data\\raw\\images\\train\\F_2_7_1497.jpg",
  "box": [
    445.4372863769531,
    249.44247436523438,
    666.004638671875,
    366.33837890625
  ],
  "class": 7,
  "confidence": 0.6713632345199585,
  "uncertainty": 0.30796191628703484
}