{
  "image": "data\\raw\\images\\train\\F_2_1_354.jpg",
  "box": [
    1666.5845947265625,
    413.2731628417969,
    1852.8533935546875,
    552.052978515625
  ],
  "class": 7,
  "confidence": 0.731096625328064,
  "uncertainty": 0.31477819144159425
}