{
  "image": "data\\raw\\images\\train\\F_2_4_669.jpg",
  "box": [
    1816.3740234375,
    656.8081665039062,
    1919.45654296875,
    874.3740234375
  ],
  "class": 3,
  "confidence": 0.6409682035446167,
  "uncertainty": 0.42533269880444796
}