{
  "image": "data\\raw\\images\\train\\F_2_8_1902.jpg",
  "box": [
    1102.719970703125,
    483.0321044921875,
    1466.6962890625,
    614.0513916015625
  ],
  "class": 2,
  "confidence": 0.6858709454536438,
  "uncertainty": 0.26052060665822374
}