{
  "image": "data\\raw\\images\\train\\F_2_1_566.jpg",
  "box": [
    398.0801696777344,
    632.1705322265625,
    604.889892578125,
    813.1488647460938
  ],
  "class": 3,
  "confidence": 0.8660181164741516,
  "uncertainty": 0.2898054360725092
}