{
  "image": "data\\raw\\images\\train\\F_2_2_989.jpg",
  "box": [
    0.5158538818359375,
    500.38690185546875,
    755.7520141601562,
    1064.3492431640625
  ],
  "class": 2,
  "confidence": 0.9438161849975586,
  "uncertainty": 0.09130711200019805
}