{
  "image": "data\\raw\\images\\train\\F_2_6_859.jpg",
  "box": [
    534.2364501953125,
    445.5174865722656,
    658.9197998046875,
    570.0594482421875
  ],
  "class": 2,
  "confidence": 0.4605182409286499,
  "uncertainty": 0.33347033039840623
}