{
  "image": "data\\raw\\images\\train\\F_2_5_16.jpg",
  "box": [
    1209.138427734375,
    542.149169921875,
    1272.27392578125,
    632.9158935546875
  ],
  "class": 3,
  "confidence": 0.7092803716659546,
  "uncertainty": 0.31705185902146926
}