{
  "image": "data\\raw\\images\\train\\F_2_2_902.jpg",
  "box": [
    1.7513580322265625,
    4.70361328125,
    313.8009338378906,
    1003.553466796875
  ],
  "class": 7,
  "confidence": 0.7038512825965881,
  "uncertainty": 0.3036204787796181
}