{
  "image": "data\\raw\\images\\train\\F_2_2_1466.jpg",
  "box": [
    180.1207275390625,
    454.64300537109375,
    261.2738037109375,
    545.1300659179688
  ],
  "class": 2,
  "confidence": 0.3801387548446655,
  "uncertainty": 0.35154738007090985
}