{
  "image": "data\\raw\\images\\train\\F_2_1_958.jpg",
  "box": [
    831.07958984375,
    501.5144348144531,
    898.591796875,
    613.693603515625
  ],
  "class": 3,
  "confidence": 0.6205751299858093,
  "uncertainty": 0.3651059953325319
}