{
  "image": "data\\raw\\images\\train\\F_2_2_1041.jpg",
  "box": [
    315.9832763671875,
    457.6533508300781,
    431.1415100097656,
    611.475341796875
  ],
  "class": 2,
  "confidence": 0.7421761751174927,
  "uncertainty": 0.22083313928414167
}