{
  "image": "data\\raw\\images\\train\\F_2_2_401.jpg",
  "box": [
    797.619873046875,
    453.0619812011719,
    849.087890625,
    501.4184875488281
  ],
  "class": 2,
  "confidence": 0.5596654415130615,
  "uncertainty": 0.2690569183239898
}