{
  "image": "data\\raw\\images\\train\\F_2_5_160.jpg",
  "box": [
    634.2977294921875,
    575.104736328125,
    712.3536376953125,
    696.31982421875
  ],
  "class": 3,
  "confidence": 0.6820149421691895,
  "uncertainty": 0.34885022558884843
}