{
  "image": "data\\raw\\images\\train\\F_2_1_957.jpg",
  "box": [
    693.8358764648438,
    545.0681762695312,
    767.5197143554688,
    665.4303588867188
  ],
  "class": 3,
  "confidence": 0.6832118630409241,
  "uncertainty": 0.3489081698929207
}