{
  "image": "data\\raw\\images\\train\\F_2_7_222.jpg",
  "box": [
    1240.539794921875,
    428.80316162109375,
    1458.26904296875,
    510.9557189941406
  ],
  "class": 2,
  "confidence": 0.29193586111068726,
  "uncertainty": 0.38244290161635147
}