{
  "image": "data\\raw\\images\\train\\F_2_9_2352.jpg",
  "box": [
    825.2294311523438,
    437.6406555175781,
    990.7714233398438,
    601.2735595703125
  ],
  "class": 7,
  "confidence": 0.3723079562187195,
  "uncertainty": 0.4326369122964389
}