{
  "image": "data\\raw\\images\\train\\F_2_6_857.jpg",
  "box": [
    738.1516723632812,
    523.244873046875,
    1340.33349609375,
    1025.24658203125
  ],
  "class": 2,
  "confidence": 0.8915510177612305,
  "uncertainty": 0.1331927654493424
}