{
  "image": "data\\raw\\images\\train\\F_2_2_37.jpg",
  "box": [
    817.587890625,
    478.0095520019531,
    921.6749267578125,
    609.0997314453125
  ],
  "class": 5,
  "confidence": 0.7462314367294312,
  "uncertainty": 0.31549696878819455
}