{
  "image": "data\\raw\\images\\train\\F_2_7_382.jpg",
  "box": [
    1000.0438842773438,
    459.9033203125,
    1075.6446533203125,
    617.654052734375
  ],
  "class": 2,
  "confidence": 0.5276697278022766,
  "uncertainty": 0.33279741620527514
}