{
  "image": "data\\raw\\images\\train\\F_2_2_908.jpg",
  "box": [
    0.5132560729980469,
    489.57208251953125,
    166.26405334472656,
    664.7196655273438
  ],
  "class": 7,
  "confidence": 0.511893630027771,
  "uncertainty": 0.35587076487806324
}