{
  "image": "data\\raw\\images\\train\\F_2_2_1653.jpg",
  "box": [
    44.32759094238281,
    624.8206787109375,
    172.30911254882812,
    816.4798583984375
  ],
  "class": 3,
  "confidence": 0.6375364661216736,
  "uncertainty": 0.3748535759347009
}