{
  "image": "data\\raw\\images\\train\\F_2_2_1694.jpg",
  "box": [
    621.793701171875,
    460.40643310546875,
    669.6656494140625,
    539.7667236328125
  ],
  "class": 2,
  "confidence": 0.36017295718193054,
  "uncertainty": 0.4130532694733389
}