{
  "image": "data\\raw\\images\\train\\F_2_1_423.jpg",
  "box": [
    679.062255859375,
    524.1339721679688,
    727.2984619140625,
    597.113037109375
  ],
  "class": 3,
  "confidence": 0.6028012037277222,
  "uncertainty": 0.3463499526320703
}