{
  "image": "data\\raw\\images\\train\\F_2_2_241.jpg",
  "box": [
    525.2140502929688,
    478.53668212890625,
    599.5717163085938,
    528.3892211914062
  ],
  "class": 2,
  "confidence": 0.6928774118423462,
  "uncertainty": 0.20573782721671882
}