{
  "image": "data\\raw\\images\\train\\F_2_6_1441.jpg",
  "box": [
    812.6505126953125,
    685.931884765625,
    960.054443359375,
    937.7950439453125
  ],
  "class": 3,
  "confidence": 0.7487472295761108,
  "uncertainty": 0.32124977961446494
}