{
  "image": "data\\raw\\images\\train\\F_2_11_324.jpg",
  "box": [
    1067.606689453125,
    395.56903076171875,
    1121.2232666015625,
    474.193115234375
  ],
  "class": 7,
  "confidence": 0.26754847168922424,
  "uncertainty": 0.4842840676723643
}