{
  "image": "data\\raw\\images\\train\\F_2_10_119.jpg",
  "box": [
    349.6279296875,
    355.14312744140625,
    634.5008544921875,
    559.1949462890625
  ],
  "class": 7,
  "confidence": 0.4851718544960022,
  "uncertainty": 0.38096024077895346
}