{
  "image": "data\\raw\\images\\train\\F_2_2_978.jpg",
  "box": [
    31.080448150634766,
    397.0489196777344,
    187.74610900878906,
    484.57891845703125
  ],
  "class": 7,
  "confidence": 0.3109571039676666,
  "uncertainty": 0.46309205914509877
}