{
  "image": "data\\raw\\images\\train\\F_2_2_914.jpg",
  "box": [
    612.971435546875,
    535.77294921875,
    642.6956787109375,
    588.2265625
  ],
  "class": 3,
  "confidence": 0.5964434742927551,
  "uncertainty": 0.36844748749386086
}