{
  "image": "data\\raw\\images\\train\\F_2_7_94.jpg",
  "box": [
    208.3260955810547,
    554.2291259765625,
    397.3826904296875,
    792.9365234375
  ],
  "class": 3,
  "confidence": 0.8325095772743225,
  "uncertainty": 0.352374140329297
}