{
  "image": "data\\raw\\images\\train\\F_2_11_646.jpg",
  "box": [
    959.5020751953125,
    516.4322509765625,
    1017.05078125,
    588.0989379882812
  ],
  "class": 2,
  "confidence": 0.5818623900413513,
  "uncertainty": 0.277993886111053
}