{
  "image": "data\\raw\\images\\train\\F_2_7_1331.jpg",
  "box": [
    734.063232421875,
    470.4110107421875,
    1551.333740234375,
    1065.9794921875
  ],
  "class": 2,
  "confidence": 0.9485194087028503,
  "uncertainty": 0.08966520074361384
}