{
  "image": "data\\raw\\images\\train\\F_2_7_1741.jpg",
  "box": [
    329.4588317871094,
    439.616455078125,
    393.291015625,
    482.138671875
  ],
  "class": 2,
  "confidence": 0.2501961290836334,
  "uncertainty": 0.3960437168185222
}