{
  "image": "data\\raw\\images\\train\\F_2_2_761.jpg",
  "box": [
    1582.5771484375,
    469.2381591796875,
    1660.528076171875,
    554.9064331054688
  ],
  "class": 2,
  "confidence": 0.3905300796031952,
  "uncertainty": 0.3683439068884633
}