{
  "image": "data\\raw\\images\\train\\F_2_8_1902.jpg",
  "box": [
    1575.39404296875,
    526.724609375,
    1770.840087890625,
    623.937255859375
  ],
  "class": 2,
  "confidence": 0.5582552552223206,
  "uncertainty": 0.2929269005823181
}