{
  "image": "data\\raw\\images\\train\\F_2_7_443.jpg",
  "box": [
    828.7494506835938,
    461.3997802734375,
    934.3687133789062,
    573.7933959960938
  ],
  "class": 2,
  "confidence": 0.5765885710716248,
  "uncertainty": 0.3289020550896533
}