{
  "image": "data\\raw\\images\\train\\F_2_6_1148.jpg",
  "box": [
    159.5118865966797,
    685.2518310546875,
    259.43499755859375,
    834.1573486328125
  ],
  "class": 3,
  "confidence": 0.7440137267112732,
  "uncertainty": 0.29324299745820426
}