{
  "image": "data\\raw\\images\\train\\F_2_7_1650.jpg",
  "box": [
    1.151458740234375,
    324.0028381347656,
    616.2416381835938,
    1066.6002197265625
  ],
  "class": 7,
  "confidence": 0.8459166884422302,
  "uncertainty": 0.246210866797547
}