{
  "image": "data\\raw\\images\\train\\F_2_11_170.jpg",
  "box": [
    953.3684692382812,
    440.4256591796875,
    1027.079345703125,
    545.7828979492188
  ],
  "class": 2,
  "confidence": 0.7935742139816284,
  "uncertainty": 0.18441887789506875
}