{
  "image": "data\\raw\\images\\train\\F_2_7_1776.jpg",
  "box": [
    1366.4915771484375,
    418.8650207519531,
    1674.275146484375,
    723.064453125
  ],
  "class": 2,
  "confidence": 0.755623996257782,
  "uncertainty": 0.18046974431406337
}