{
  "image": "data\\raw\\images\\train\\F_2_1_573.jpg",
  "box": [
    1109.4122314453125,
    442.45147705078125,
    1233.4215087890625,
    585.5833740234375
  ],
  "class": 7,
  "confidence": 0.7242250442504883,
  "uncertainty": 0.2866710932925943
}