{
  "image": "data\\raw\\images\\train\\F_2_6_1582.jpg",
  "box": [
    1575.5562744140625,
    500.44610595703125,
    1775.1485595703125,
    590.16357421875
  ],
  "class": 2,
  "confidence": 0.462890088558197,
  "uncertainty": 0.37172594588207325
}