{
  "image": "data\\raw\\images\\train\\F_2_6_471.jpg",
  "box": [
    948.8563842773438,
    474.4869689941406,
    1093.178955078125,
    595.5667724609375
  ],
  "class": 2,
  "confidence": 0.8131155371665955,
  "uncertainty": 0.1608724214740198
}