{
  "image": "data\\raw\\images\\train\\F_2_11_194.jpg",
  "box": [
    1078.736083984375,
    503.01171875,
    1121.6842041015625,
    567.9631958007812
  ],
  "class": 3,
  "confidence": 0.6168330907821655,
  "uncertainty": 0.3566286982271822
}