{
  "image": "data\\raw\\images\\train\\F_2_8_1953.jpg",
  "box": [
    804.4266357421875,
    385.31982421875,
    1312.1466064453125,
    848.8046264648438
  ],
  "class": 2,
  "confidence": 0.7217745780944824,
  "uncertainty": 0.24188165984549087
}