{
  "image": "data\\raw\\images\\train\\F_2_1_759.jpg",
  "box": [
    836.1370849609375,
    543.8131103515625,
    873.7940673828125,
    582.78173828125
  ],
  "class": 2,
  "confidence": 0.27806416153907776,
  "uncertainty": 0.36498243572790084
}