{
  "image": "data\\raw\\images\\train\\F_2_1_627.jpg",
  "box": [
    1600.0814208984375,
    143.83831787109375,
    1918.7135009765625,
    1058.3924560546875
  ],
  "class": 7,
  "confidence": 0.5990632772445679,
  "uncertainty": 0.31370923718964977
}