{
  "image": "data\\raw\\images\\train\\F_2_7_1812.jpg",
  "box": [
    691.8724365234375,
    444.3353576660156,
    1559.555419921875,
    1065.833740234375
  ],
  "class": 2,
  "confidence": 0.9310899376869202,
  "uncertainty": 0.1079182817632666
}