{
  "image": "data\\raw\\images\\train\\F_2_6_1561.jpg",
  "box": [
    59.57588195800781,
    371.8612060546875,
    725.9530029296875,
    1065.245849609375
  ],
  "class": 7,
  "confidence": 0.9070993661880493,
  "uncertainty": 0.20034598294340344
}