{
  "image": "data\\raw\\images\\train\\F_2_2_1609.jpg",
  "box": [
    596.6856079101562,
    317.9609069824219,
    817.364501953125,
    420.58392333984375
  ],
  "class": 5,
  "confidence": 0.5683448910713196,
  "uncertainty": 0.3531447472276219
}