{
  "image": "data\\raw\\images\\train\\F_2_3_311.jpg",
  "box": [
    724.8739013671875,
    437.14306640625,
    1423.599365234375,
    1027.744384765625
  ],
  "class": 2,
  "confidence": 0.9313875436782837,
  "uncertainty": 0.12543813324389996
}