{
  "image": "data\\raw\\images\\train\\F_2_1_1199.jpg",
  "box": [
    1698.980712890625,
    412.9115295410156,
    1787.120361328125,
    484.5456848144531
  ],
  "class": 2,
  "confidence": 0.7660293579101562,
  "uncertainty": 0.1739188481329269
}