{
  "image": "data\\raw\\images\\train\\F_2_7_334.jpg",
  "box": [
    1213.2696533203125,
    462.24627685546875,
    1258.133056640625,
    518.0820922851562
  ],
  "class": 2,
  "confidence": 0.28763705492019653,
  "uncertainty": 0.38492872514155335
}