{
  "image": "data\\raw\\images\\train\\F_2_1_411.jpg",
  "box": [
    398.94598388671875,
    550.747802734375,
    480.4378967285156,
    682.5025634765625
  ],
  "class": 3,
  "confidence": 0.7607914209365845,
  "uncertainty": 0.3207537996487939
}