{
  "image": "data\\raw\\images\\train\\F_2_1_369.jpg",
  "box": [
    589.5635375976562,
    410.1259765625,
    669.6175537109375,
    496.33807373046875
  ],
  "class": 7,
  "confidence": 0.2918591797351837,
  "uncertainty": 0.46271726687346454
}