{
  "image": "data\\raw\\images\\train\\F_2_2_328.jpg",
  "box": [
    47.30329513549805,
    564.16015625,
    155.6775360107422,
    722.3402709960938
  ],
  "class": 3,
  "confidence": 0.691290557384491,
  "uncertainty": 0.32236162406414587
}