{
  "image": "data\\raw\\images\\train\\F_2_9_2470.jpg",
  "box": [
    540.990478515625,
    388.07794189453125,
    891.1287231445312,
    737.3016357421875
  ],
  "class": 2,
  "confidence": 0.6578134298324585,
  "uncertainty": 0.224744946271388
}