{
  "image": "data\\raw\\images\\train\\F_2_6_125.jpg",
  "box": [
    963.6002197265625,
    412.29779052734375,
    1010.624267578125,
    487.39959716796875
  ],
  "class": 7,
  "confidence": 0.3289259076118469,
  "uncertainty": 0.4359668954869108
}