{
  "image": "data\\raw\\images\\train\\F_2_2_197.jpg",
  "box": [
    330.8722839355469,
    488.8426208496094,
    464.1998291015625,
    667.961669921875
  ],
  "class": 5,
  "confidence": 0.37329423427581787,
  "uncertainty": 0.4401532620355154
}