{
  "image": "data\\raw\\images\\train\\F_2_1_191.jpg",
  "box": [
    131.69268798828125,
    510.1072998046875,
    212.54364013671875,
    641.2600708007812
  ],
  "class": 3,
  "confidence": 0.6593933701515198,
  "uncertainty": 0.3920757730200519
}