{
  "image": "data\\raw\\images\\train\\F_2_7_210.jpg",
  "box": [
    1.241912841796875,
    492.01373291015625,
    1164.5594482421875,
    1067.97998046875
  ],
  "class": 2,
  "confidence": 0.9452667236328125,
  "uncertainty": 0.10749877892488001
}