{
  "image": "data\\raw\\images\\train\\F_2_7_1278.jpg",
  "box": [
    508.7518310546875,
    522.4649658203125,
    561.626708984375,
    603.8406982421875
  ],
  "class": 3,
  "confidence": 0.6255261301994324,
  "uncertainty": 0.34298589075236796
}