{
  "image": "data\\raw\\images\\train\\F_2_1_940.jpg",
  "box": [
    781.1196899414062,
    476.0218505859375,
    815.1648559570312,
    506.0671691894531
  ],
  "class": 2,
  "confidence": 0.3896898925304413,
  "uncertainty": 0.32257855439453226
}