{
  "image": "data\\raw\\images\\train\\F_2_2_1473.jpg",
  "box": [
    994.8944091796875,
    594.6428833007812,
    1149.235107421875,
    823.4000244140625
  ],
  "class": 3,
  "confidence": 0.7690868377685547,
  "uncertainty": 0.3037213327452136
}