{
  "image": "data\\raw\\images\\train\\F_2_3_380.jpg",
  "box": [
    507.6898498535156,
    350.98516845703125,
    781.4449462890625,
    461.9777526855469
  ],
  "class": 5,
  "confidence": 0.6122867465019226,
  "uncertainty": 0.4165104406559585
}