{
  "image": "data\\raw\\images\\train\\F_2_2_765.jpg",
  "box": [
    28.146743774414062,
    483.0098876953125,
    507.7391357421875,
    818.3761596679688
  ],
  "class": 2,
  "confidence": 0.9216046929359436,
  "uncertainty": 0.13135789345618354
}