{
  "image": "data\\raw\\images\\train\\F_2_2_1008.jpg",
  "box": [
    599.6107177734375,
    391.72393798828125,
    773.5975341796875,
    564.1939697265625
  ],
  "class": 7,
  "confidence": 0.5238116383552551,
  "uncertainty": 0.43134485188247723
}