{
  "image": "data\\raw\\images\\train\\F_2_2_96.jpg",
  "box": [
    1042.4044189453125,
    428.9974365234375,
    1442.408203125,
    768.123046875
  ],
  "class": 2,
  "confidence": 0.6915667057037354,
  "uncertainty": 0.22105185296195023
}