{
  "image": "data\\raw\\images\\train\\F_2_6_1263.jpg",
  "box": [
    1466.4334716796875,
    621.5689697265625,
    1551.322998046875,
    766.204345703125
  ],
  "class": 3,
  "confidence": 0.6755474805831909,
  "uncertainty": 0.38287249669492013
}