{
  "image": "data\\raw\\images\\train\\F_2_7_2351.jpg",
  "box": [
    376.4261169433594,
    574.2394409179688,
    491.2931213378906,
    699.8995971679688
  ],
  "class": 3,
  "confidence": 0.441960871219635,
  "uncertainty": 0.46309041047534066
}