{
  "image": "data\\raw\\images\\train\\F_2_6_895.jpg",
  "box": [
    70.57269287109375,
    447.7976989746094,
    237.8411865234375,
    666.8968505859375
  ],
  "class": 2,
  "confidence": 0.8674907088279724,
  "uncertainty": 0.142594667834277
}