{
  "image": "data\\raw\\images\\train\\F_2_9_2265.jpg",
  "box": [
    1023.5407104492188,
    431.96905517578125,
    1537.207275390625,
    918.801025390625
  ],
  "class": 2,
  "confidence": 0.9132633805274963,
  "uncertainty": 0.14080044696035016
}