{
  "image": "data\\raw\\images\\train\\F_2_5_281.jpg",
  "box": [
    748.486572265625,
    519.6378173828125,
    795.6384887695312,
    593.2219848632812
  ],
  "class": 3,
  "confidence": 0.5822006464004517,
  "uncertainty": 0.3770791837506346
}