{
  "image": "data\\raw\\images\\train\\F_2_1_987.jpg",
  "box": [
    479.6880798339844,
    406.67578125,
    700.485107421875,
    801.8234252929688
  ],
  "class": 2,
  "confidence": 0.7518049478530884,
  "uncertainty": 0.19257704926342079
}