{
  "image": "data\\raw\\images\\train\\F_2_1_588.jpg",
  "box": [
    233.53802490234375,
    526.38330078125,
    323.05999755859375,
    655.7467651367188
  ],
  "class": 3,
  "confidence": 0.7586485743522644,
  "uncertainty": 0.3190513936367285
}