{
  "image": "data\\raw\\images\\train\\F_2_4_214.jpg",
  "box": [
    1220.404296875,
    295.2892150878906,
    1379.406005859375,
    484.20318603515625
  ],
  "class": 7,
  "confidence": 0.5438225865364075,
  "uncertainty": 0.33610660806304904
}