{
  "image": "data\\raw\\images\\train\\F_2_8_400.jpg",
  "box": [
    0.91680908203125,
    355.03912353515625,
    287.087158203125,
    585.8204956054688
  ],
  "class": 5,
  "confidence": 0.7256222367286682,
  "uncertainty": 0.3926561010704257
}