{
  "image": "data\\raw\\images\\train\\F_2_9_481.jpg",
  "box": [
    472.34600830078125,
    463.6529846191406,
    709.0682373046875,
    631.4034423828125
  ],
  "class": 2,
  "confidence": 0.790455162525177,
  "uncertainty": 0.20146569046579593
}