{
  "image": "data\\raw\\images\\train\\F_2_7_242.jpg",
  "box": [
    1217.27783203125,
    446.71820068359375,
    1404.8536376953125,
    829.2833862304688
  ],
  "class": 2,
  "confidence": 0.7038806676864624,
  "uncertainty": 0.36708652663569097
}