{
  "image": "data\\raw\\images\\train\\F_2_9_1600.jpg",
  "box": [
    1.2279052734375,
    4.9130401611328125,
    442.6000671386719,
    442.4595947265625
  ],
  "class": 5,
  "confidence": 0.7636675238609314,
  "uncertainty": 0.26366090000890563
}