{
  "image": "data\\raw\\images\\train\\F_2_2_328.jpg",
  "box": [
    454.5187683105469,
    539.2732543945312,
    506.7089538574219,
    663.9116821289062
  ],
  "class": 3,
  "confidence": 0.4543224573135376,
  "uncertainty": 0.485465824106484
}