{
  "image": "data\\raw\\images\\train\\F_2_1_855.jpg",
  "box": [
    1461.26318359375,
    415.7273254394531,
    1629.625244140625,
    501.9002380371094
  ],
  "class": 5,
  "confidence": 0.6966887712478638,
  "uncertainty": 0.29483793334073205
}