{
  "image": "data\\raw\\images\\train\\F_2_6_1625.jpg",
  "box": [
    1705.784423828125,
    544.088134765625,
    1783.045654296875,
    712.4793701171875
  ],
  "class": 3,
  "confidence": 0.5417490601539612,
  "uncertainty": 0.42935295144249763
}