{
  "image": "data\\raw\\images\\train\\F_2_2_1474.jpg",
  "box": [
    305.8164367675781,
    456.0427551269531,
    429.214599609375,
    671.8475341796875
  ],
  "class": 2,
  "confidence": 0.7092264890670776,
  "uncertainty": 0.2985227951165813
}