{
  "image": "data\\raw\\images\\train\\F_2_6_1006.jpg",
  "box": [
    442.42303466796875,
    559.6717529296875,
    511.54296875,
    707.578125
  ],
  "class": 3,
  "confidence": 0.687396228313446,
  "uncertainty": 0.3493076263696698
}