{
  "image": "data\\raw\\images\\train\\F_2_3_500.jpg",
  "box": [
    130.46945190429688,
    212.12533569335938,
    708.3418579101562,
    677.9562377929688
  ],
  "class": 5,
  "confidence": 0.9229277968406677,
  "uncertainty": 0.2404430153344788
}