{
  "image": "data\\raw\\images\\train\\F_2_2_328.jpg",
  "box": [
    985.2343139648438,
    428.8325500488281,
    1034.216796875,
    473.2131042480469
  ],
  "class": 2,
  "confidence": 0.2766052186489105,
  "uncertainty": 0.4398659500484406
}