{
  "image": "data\\raw\\images\\train\\F_2_10_468.jpg",
  "box": [
    1095.108154296875,
    348.03009033203125,
    1193.51953125,
    471.13812255859375
  ],
  "class": 7,
  "confidence": 0.30662801861763,
  "uncertainty": 0.4597526961800498
}