{
  "image": "data\\raw\\images\\train\\F_2_1_727.jpg",
  "box": [
    1564.947509765625,
    664.0226440429688,
    1734.6566162109375,
    916.899169921875
  ],
  "class": 3,
  "confidence": 0.8615159392356873,
  "uncertainty": 0.2502024998420295
}