{
  "image": "data\\raw\\images\\train\\F_2_6_884.jpg",
  "box": [
    1014.248291015625,
    475.4495544433594,
    1167.4453125,
    608.8602294921875
  ],
  "class": 2,
  "confidence": 0.8609583377838135,
  "uncertainty": 0.13754307486413558
}