{
  "image": "data\\raw\\images\\train\\F_2_2_995.jpg",
  "box": [
    1371.2978515625,
    463.8490905761719,
    1692.6741943359375,
    716.2001953125
  ],
  "class": 2,
  "confidence": 0.9206153154373169,
  "uncertainty": 0.1256991795769958
}