{
  "image": "data\\raw\\images\\train\\F_2_2_104.jpg",
  "box": [
    816.3841552734375,
    531.457763671875,
    866.6455078125,
    603.4421997070312
  ],
  "class": 3,
  "confidence": 0.7035953998565674,
  "uncertainty": 0.3021767136618939
}