{
  "image": "data\\raw\\images\\train\\F_2_8_837.jpg",
  "box": [
    1150.5999755859375,
    476.9087219238281,
    1400.062255859375,
    636.0738525390625
  ],
  "class": 2,
  "confidence": 0.9059841632843018,
  "uncertainty": 0.13823539786479414
}