{
  "image": "data\\raw\\images\\train\\F_2_9_2322.jpg",
  "box": [
    899.2465209960938,
    390.7987976074219,
    1091.630615234375,
    600.1319580078125
  ],
  "class": 2,
  "confidence": 0.7189666628837585,
  "uncertainty": 0.20188557187946335
}