{
  "image": "data\\raw\\images\\train\\F_2_7_1891.jpg",
  "box": [
    1157.8143310546875,
    441.2796936035156,
    1193.07275390625,
    594.651123046875
  ],
  "class": 2,
  "confidence": 0.5114275217056274,
  "uncertainty": 0.3474925304461969
}