{
  "image": "data\\raw\\images\\train\\F_2_1_558.jpg",
  "box": [
    442.8862609863281,
    490.2776184082031,
    493.2470397949219,
    557.432861328125
  ],
  "class": 3,
  "confidence": 0.631729006767273,
  "uncertainty": 0.3255582614872584
}