{
  "image": "data\\raw\\images\\train\\F_2_5_308.jpg",
  "box": [
    1263.335693359375,
    615.8252563476562,
    1410.3773193359375,
    827.781982421875
  ],
  "class": 3,
  "confidence": 0.8045607805252075,
  "uncertainty": 0.3107519874657229
}