{
  "image": "data\\raw\\images\\train\\F_2_2_1001.jpg",
  "box": [
    0.27811431884765625,
    493.7145080566406,
    183.8349151611328,
    703.701171875
  ],
  "class": 2,
  "confidence": 0.8812241554260254,
  "uncertainty": 0.14739076755092537
}