{
  "image": "data\\raw\\images\\train\\F_2_2_1358.jpg",
  "box": [
    625.5347900390625,
    549.0162963867188,
    799.397216796875,
    825.2525634765625
  ],
  "class": 3,
  "confidence": 0.4047509729862213,
  "uncertainty": 0.4994807616555331
}