{
  "image": "data\\raw\\images\\train\\F_2_6_1388.jpg",
  "box": [
    389.5503845214844,
    628.13623046875,
    545.7830810546875,
    847.7235107421875
  ],
  "class": 3,
  "confidence": 0.8221789598464966,
  "uncertainty": 0.27130923986464867
}