{
  "image": "data\\raw\\images\\train\\F_2_7_475.jpg",
  "box": [
    0.9621734619140625,
    825.580078125,
    238.4351806640625,
    1076.5546875
  ],
  "class": 3,
  "confidence": 0.5381935238838196,
  "uncertainty": 0.40150452534204545
}