{
  "image": "data\\raw\\images\\train\\F_2_2_91.jpg",
  "box": [
    0.44968414306640625,
    469.52288818359375,
    141.9272003173828,
    612.5833740234375
  ],
  "class": 2,
  "confidence": 0.8283725380897522,
  "uncertainty": 0.16420375085779368
}