{
  "image": "data\\raw\\images\\train\\F_2_9_2975.jpg",
  "box": [
    422.5956115722656,
    424.7106628417969,
    645.0048828125,
    538.2655029296875
  ],
  "class": 2,
  "confidence": 0.8622804284095764,
  "uncertainty": 0.15384788188473494
}