{
  "image": "data\\raw\\images\\train\\F_2_1_622.jpg",
  "box": [
    220.41073608398438,
    396.02874755859375,
    428.2916564941406,
    588.14599609375
  ],
  "class": 5,
  "confidence": 0.8259560465812683,
  "uncertainty": 0.24204435297597351
}