{
  "image": "data\\raw\\images\\train\\F_2_2_1316.jpg",
  "box": [
    1218.872802734375,
    435.2824401855469,
    1387.1142578125,
    504.8352355957031
  ],
  "class": 2,
  "confidence": 0.6605931520462036,
  "uncertainty": 0.2656120214944163
}