{
  "image": "data\\raw\\images\\train\\F_2_10_43.jpg",
  "box": [
    915.1475830078125,
    501.08941650390625,
    959.31298828125,
    583.4869384765625
  ],
  "class": 2,
  "confidence": 0.25341489911079407,
  "uncertainty": 0.47236853017727
}