{
  "image": "data\\raw\\images\\train\\F_2_1_715.jpg",
  "box": [
    1160.480224609375,
    455.570068359375,
    1207.858642578125,
    493.97314453125
  ],
  "class": 2,
  "confidence": 0.5025289058685303,
  "uncertainty": 0.28083121701826
}