{
  "image": "data\\raw\\images\\train\\F_2_11_391.jpg",
  "box": [
    1264.4063720703125,
    456.9771423339844,
    1295.0736083984375,
    480.6365661621094
  ],
  "class": 2,
  "confidence": 0.3648529350757599,
  "uncertainty": 0.3465120843508456
}