{
  "image": "data\\raw\\images\\train\\F_2_2_129.jpg",
  "box": [
    1014.5670776367188,
    494.60467529296875,
    1110.930419921875,
    557.13134765625
  ],
  "class": 3,
  "confidence": 0.6211145520210266,
  "uncertainty": 0.3746041540615163
}