{
  "image": "data\\raw\\images\\train\\F_2_1_313.jpg",
  "box": [
    524.6708374023438,
    476.7872314453125,
    641.6653442382812,
    604.6613159179688
  ],
  "class": 7,
  "confidence": 0.777930498123169,
  "uncertainty": 0.25914200912090574
}