{
  "image": "data\\raw\\images\\train\\F_2_7_1846.jpg",
  "box": [
    1083.215576171875,
    480.83001708984375,
    1195.581787109375,
    597.9948120117188
  ],
  "class": 2,
  "confidence": 0.7756143808364868,
  "uncertainty": 0.2029452021833782
}