{
  "image": "data\\raw\\images\\train\\F_2_8_1949.jpg",
  "box": [
    807.3043212890625,
    380.3075866699219,
    1309.086669921875,
    849.5079345703125
  ],
  "class": 2,
  "confidence": 0.3911776840686798,
  "uncertainty": 0.362836018578199
}