{
  "image": "data\\raw\\images\\train\\F_2_11_159.jpg",
  "box": [
    529.3006591796875,
    466.6939697265625,
    695.332275390625,
    611.6793212890625
  ],
  "class": 2,
  "confidence": 0.8784292340278625,
  "uncertainty": 0.1512129257090131
}