{
  "image": "data\\raw\\images\\train\\F_2_2_91.jpg",
  "box": [
    1193.572509765625,
    473.31390380859375,
    1267.4361572265625,
    500.69549560546875
  ],
  "class": 2,
  "confidence": 0.25734853744506836,
  "uncertainty": 0.3963789176062709
}