{
  "image": "data\\raw\\images\\train\\F_2_1_365.jpg",
  "box": [
    1566.0706787109375,
    562.6724853515625,
    1630.6497802734375,
    655.004150390625
  ],
  "class": 3,
  "confidence": 0.7159229516983032,
  "uncertainty": 0.3390484720255963
}