{
  "image": "data\\raw\\images\\train\\F_2_1_1084.jpg",
  "box": [
    0.20958709716796875,
    460.5246276855469,
    111.72427368164062,
    561.9739379882812
  ],
  "class": 3,
  "confidence": 0.4241958260536194,
  "uncertainty": 0.41792140781886694
}