{
  "image": "data\\raw\\images\\train\\F_2_2_1201.jpg",
  "box": [
    533.1591186523438,
    420.0065002441406,
    1153.6673583984375,
    962.2894287109375
  ],
  "class": 2,
  "confidence": 0.9250757098197937,
  "uncertainty": 0.14859552319029773
}