{
  "image": "data\\raw\\images\\train\\F_2_2_835.jpg",
  "box": [
    935.810302734375,
    414.753662109375,
    1009.6497802734375,
    498.624755859375
  ],
  "class": 5,
  "confidence": 0.5239265561103821,
  "uncertainty": 0.3778192248651037
}