{
  "image": "data\\raw\\images\\train\\F_2_4_177.jpg",
  "box": [
    631.0501098632812,
    565.072998046875,
    702.6416015625,
    709.9235229492188
  ],
  "class": 3,
  "confidence": 0.41392430663108826,
  "uncertainty": 0.4171107070960193
}