{
  "image": "data\\raw\\images\\train\\F_2_1_734.jpg",
  "box": [
    1353.4859619140625,
    434.9622802734375,
    1409.783203125,
    476.4678955078125
  ],
  "class": 2,
  "confidence": 0.6982796788215637,
  "uncertainty": 0.18149870272593152
}