{
  "image": "data\\raw\\images\\train\\F_2_1_484.jpg",
  "box": [
    844.82958984375,
    450.7057800292969,
    943.8365478515625,
    538.1896362304688
  ],
  "class": 2,
  "confidence": 0.6055662631988525,
  "uncertainty": 0.2423689796874777
}