{
  "image": "data\\raw\\images\\train\\F_2_3_494.jpg",
  "box": [
    739.6206665039062,
    315.4996337890625,
    869.1970825195312,
    471.85906982421875
  ],
  "class": 5,
  "confidence": 0.6385430097579956,
  "uncertainty": 0.3763390343892476
}