{
  "image": "data\\raw\\images\\train\\F_2_8_1439.jpg",
  "box": [
    1797.89306640625,
    439.30181884765625,
    1918.904052734375,
    591.024658203125
  ],
  "class": 2,
  "confidence": 0.45885947346687317,
  "uncertainty": 0.37757784881362544
}