{
  "image": "data\\raw\\images\\train\\F_2_3_335.jpg",
  "box": [
    946.7297973632812,
    615.9608154296875,
    1070.342041015625,
    873.1902465820312
  ],
  "class": 3,
  "confidence": 0.6904928684234619,
  "uncertainty": 0.41896666263736554
}