{
  "image": "data\\raw\\images\\train\\F_2_2_346.jpg",
  "box": [
    935.1256713867188,
    425.0988464355469,
    1064.719970703125,
    561.8524169921875
  ],
  "class": 2,
  "confidence": 0.6806241273880005,
  "uncertainty": 0.22156652937539018
}