{
  "image": "data\\raw\\images\\train\\F_2_5_306.jpg",
  "box": [
    1555.380615234375,
    477.04669189453125,
    1918.8134765625,
    603.7374267578125
  ],
  "class": 2,
  "confidence": 0.9074124693870544,
  "uncertainty": 0.13404502808176685
}