{
  "image": "data\\raw\\images\\train\\F_2_1_969.jpg",
  "box": [
    1609.925048828125,
    473.945556640625,
    1685.6376953125,
    551.5558471679688
  ],
  "class": 2,
  "confidence": 0.37538641691207886,
  "uncertainty": 0.3463676293937221
}