{
  "image": "data\\raw\\images\\train\\F_2_1_140.jpg",
  "box": [
    421.3334655761719,
    330.44305419921875,
    621.883056640625,
    596.7356567382812
  ],
  "class": 7,
  "confidence": 0.7925245761871338,
  "uncertainty": 0.2747967381765063
}