{
  "image": "data\\raw\\images\\train\\F_2_7_390.jpg",
  "box": [
    836.0830078125,
    494.2495422363281,
    933.4627075195312,
    695.9060668945312
  ],
  "class": 3,
  "confidence": 0.4150925874710083,
  "uncertainty": 0.49799713340389407
}