{
  "image": "data\\raw\\images\\train\\F_2_2_98.jpg",
  "box": [
    0.4784431457519531,
    589.4896850585938,
    154.95327758789062,
    884.206787109375
  ],
  "class": 3,
  "confidence": 0.6441211104393005,
  "uncertainty": 0.3987824079995173
}