{
  "image": "data\\raw\\images\\train\\F_2_9_2718.jpg",
  "box": [
    0.9553298950195312,
    106.16217041015625,
    232.5373077392578,
    1065.092041015625
  ],
  "class": 7,
  "confidence": 0.5639085173606873,
  "uncertainty": 0.43208668278068296
}