{
  "image": "data\\raw\\images\\train\\F_2_1_337.jpg",
  "box": [
    1245.1387939453125,
    446.3335876464844,
    1284.084228515625,
    495.4399108886719
  ],
  "class": 3,
  "confidence": 0.6095173358917236,
  "uncertainty": 0.3757515370553743
}