{
  "image": "data\\raw\\images\\train\\F_2_2_1066.jpg",
  "box": [
    672.7303466796875,
    471.26361083984375,
    829.5657958984375,
    617.8314208984375
  ],
  "class": 2,
  "confidence": 0.7924742698669434,
  "uncertainty": 0.3471689489072384
}