{
  "image": "data\\raw\\images\\train\\F_2_7_1636.jpg",
  "box": [
    195.16209411621094,
    518.50439453125,
    321.49957275390625,
    626.6343994140625
  ],
  "class": 3,
  "confidence": 0.5137942433357239,
  "uncertainty": 0.37461483128911843
}