{
  "image": "data\\raw\\images\\train\\F_2_7_346.jpg",
  "box": [
    0.0696258544921875,
    422.07879638671875,
    102.84070587158203,
    586.015625
  ],
  "class": 2,
  "confidence": 0.5363990068435669,
  "uncertainty": 0.3392622985211321
}