{
  "image": "data\\raw\\images\\train\\F_2_7_100.jpg",
  "box": [
    0.4216461181640625,
    469.6553649902344,
    205.54087829589844,
    777.9066162109375
  ],
  "class": 2,
  "confidence": 0.7644175887107849,
  "uncertainty": 0.2182435109036942
}