{
  "image": "data\\raw\\images\\train\\F_2_7_435.jpg",
  "box": [
    1213.3701171875,
    446.0726623535156,
    1918.78662109375,
    1068.7691650390625
  ],
  "class": 2,
  "confidence": 0.9432833194732666,
  "uncertainty": 0.13781625938938993
}