{
  "image": "data\\raw\\images\\train\\F_2_6_471.jpg",
  "box": [
    1124.22314453125,
    533.6063232421875,
    1182.8857421875,
    608.7335205078125
  ],
  "class": 3,
  "confidence": 0.46452149748802185,
  "uncertainty": 0.4342664941202601
}