{
  "image": "data\\raw\\images\\train\\F_2_1_788.jpg",
  "box": [
    476.19085693359375,
    491.3702087402344,
    507.74652099609375,
    539.0977783203125
  ],
  "class": 3,
  "confidence": 0.6269105672836304,
  "uncertainty": 0.331310540926265
}