{
  "image": "data\\raw\\images\\train\\F_2_1_251.jpg",
  "box": [
    882.6069946289062,
    541.025634765625,
    962.4818115234375,
    662.244140625
  ],
  "class": 3,
  "confidence": 0.6844154596328735,
  "uncertainty": 0.3416048901521677
}