{
  "image": "data\\raw\\images\\train\\F_2_7_1891.jpg",
  "box": [
    1447.288818359375,
    452.8814392089844,
    1569.423828125,
    715.2252197265625
  ],
  "class": 2,
  "confidence": 0.3174847364425659,
  "uncertainty": 0.4975534191153477
}