{
  "image": "data\\raw\\images\\train\\F_2_3_153.jpg",
  "box": [
    1534.282958984375,
    466.6333923339844,
    1874.890625,
    860.1595458984375
  ],
  "class": 7,
  "confidence": 0.5255473852157593,
  "uncertainty": 0.4071130032499817
}