{
  "image": "data\\raw\\images\\train\\F_2_6_1148.jpg",
  "box": [
    1258.2607421875,
    539.8387451171875,
    1918.9237060546875,
    1069.459228515625
  ],
  "class": 2,
  "confidence": 0.9396039247512817,
  "uncertainty": 0.09662459430252021
}