{
  "image": "data\\raw\\images\\train\\F_2_10_90.jpg",
  "box": [
    131.84939575195312,
    576.0042114257812,
    237.45428466796875,
    734.4234619140625
  ],
  "class": 3,
  "confidence": 0.7922551035881042,
  "uncertainty": 0.2814513871976149
}