{
  "image": "data\\raw\\images\\train\\F_2_7_872.jpg",
  "box": [
    141.76611328125,
    458.79913330078125,
    590.268798828125,
    909.9010620117188
  ],
  "class": 2,
  "confidence": 0.8395956158638,
  "uncertainty": 0.19210234994022218
}