{
  "image": "data\\raw\\images\\train\\F_2_7_858.jpg",
  "box": [
    365.6973876953125,
    545.3720703125,
    448.107666015625,
    688.4645385742188
  ],
  "class": 3,
  "confidence": 0.6675478219985962,
  "uncertainty": 0.35936000504779475
}