{
  "image": "data\\raw\\images\\train\\F_2_6_898.jpg",
  "box": [
    930.72802734375,
    455.7366027832031,
    1141.63037109375,
    641.186767578125
  ],
  "class": 2,
  "confidence": 0.9051231741905212,
  "uncertainty": 0.12470598586982687
}