{
  "image": "data\\raw\\images\\train\\F_2_6_1496.jpg",
  "box": [
    1592.5184326171875,
    414.2998352050781,
    1919.296142578125,
    1069.0625
  ],
  "class": 2,
  "confidence": 0.9162612557411194,
  "uncertainty": 0.1720029997104512
}