{
  "image": "data\\raw\\images\\train\\F_2_7_1834.jpg",
  "box": [
    716.4820556640625,
    439.79443359375,
    770.30859375,
    520.6568603515625
  ],
  "class": 2,
  "confidence": 0.4741708040237427,
  "uncertainty": 0.3437944223182132
}