{
  "image": "data\\raw\\images\\train\\F_2_6_34.jpg",
  "box": [
    1034.792236328125,
    461.658447265625,
    1215.91162109375,
    523.3651733398438
  ],
  "class": 2,
  "confidence": 0.2577608823776245,
  "uncertainty": 0.439218788402589
}