{
  "image": "data\\raw\\images\\train\\F_2_2_485.jpg",
  "box": [
    381.39617919921875,
    430.8492736816406,
    547.3583984375,
    608.317138671875
  ],
  "class": 2,
  "confidence": 0.4280461072921753,
  "uncertainty": 0.3429283639643925
}