{
  "image": "data\\raw\\images\\train\\F_2_7_42.jpg",
  "box": [
    555.7296752929688,
    475.48046875,
    801.0474243164062,
    707.7626342773438
  ],
  "class": 2,
  "confidence": 0.8797933459281921,
  "uncertainty": 0.1367801148893897
}