{
  "image": "data\\raw\\images\\train\\F_2_6_286.jpg",
  "box": [
    690.3817138671875,
    517.8221435546875,
    893.2425537109375,
    718.7410888671875
  ],
  "class": 3,
  "confidence": 0.5252109169960022,
  "uncertainty": 0.4545008991309055
}