{
  "image": "data\\raw\\images\\train\\F_2_2_328.jpg",
  "box": [
    708.9962768554688,
    564.378662109375,
    787.6624145507812,
    726.1734008789062
  ],
  "class": 3,
  "confidence": 0.7942729592323303,
  "uncertainty": 0.2894974326784846
}