{
  "image": "data\\raw\\images\\train\\F_2_7_620.jpg",
  "box": [
    956.810302734375,
    412.0723571777344,
    1069.5146484375,
    553.416015625
  ],
  "class": 2,
  "confidence": 0.8117040395736694,
  "uncertainty": 0.2485132777950506
}