{
  "image": "data\\raw\\images\\train\\F_2_8_1332.jpg",
  "box": [
    597.966552734375,
    2.20550537109375,
    1424.70458984375,
    836.21484375
  ],
  "class": 5,
  "confidence": 0.9411414265632629,
  "uncertainty": 0.17442061377030393
}