{
  "image": "data\\raw\\images\\train\\F_2_2_184.jpg",
  "box": [
    969.0877075195312,
    431.3879699707031,
    1125.52783203125,
    674.0087890625
  ],
  "class": 7,
  "confidence": 0.5778255462646484,
  "uncertainty": 0.3904887555915528
}