{
  "image": "data\\raw\\images\\train\\F_2_2_966.jpg",
  "box": [
    306.14324951171875,
    457.6009826660156,
    699.9835205078125,
    781.6279907226562
  ],
  "class": 2,
  "confidence": 0.9361991286277771,
  "uncertainty": 0.13173173065517488
}