{
  "image": "data\\raw\\images\\train\\F_2_7_1497.jpg",
  "box": [
    1133.728271484375,
    482.4345703125,
    1234.788818359375,
    633.5196533203125
  ],
  "class": 3,
  "confidence": 0.7829734683036804,
  "uncertainty": 0.3106560028317065
}