{
  "image": "data\\raw\\images\\train\\F_2_6_854.jpg",
  "box": [
    934.3509521484375,
    436.7808837890625,
    1584.4156494140625,
    1020.7765502929688
  ],
  "class": 2,
  "confidence": 0.8868493437767029,
  "uncertainty": 0.1371510711287386
}