{
  "image": "data\\raw\\images\\train\\F_2_11_512.jpg",
  "box": [
    1740.897216796875,
    429.94866943359375,
    1919.23828125,
    675.0781860351562
  ],
  "class": 2,
  "confidence": 0.7966552972793579,
  "uncertainty": 0.1692987335577435
}