{
  "image": "data\\raw\\images\\train\\F_2_6_471.jpg",
  "box": [
    491.6923828125,
    530.367919921875,
    555.7161254882812,
    625.972412109375
  ],
  "class": 3,
  "confidence": 0.6777350306510925,
  "uncertainty": 0.3430304459800588
}