{
  "image": "data\\raw\\images\\train\\F_2_2_1697.jpg",
  "box": [
    1.3053817749023438,
    87.09869384765625,
    298.04296875,
    1065.2376708984375
  ],
  "class": 5,
  "confidence": 0.5092279314994812,
  "uncertainty": 0.46021905148135495
}