{
  "image": "data\\raw\\images\\train\\F_2_1_558.jpg",
  "box": [
    1285.245849609375,
    430.03857421875,
    1394.5543212890625,
    536.9794921875
  ],
  "class": 7,
  "confidence": 0.39106976985931396,
  "uncertainty": 0.4398097644529401
}