{
  "image": "data\\raw\\images\\train\\F_2_7_817.jpg",
  "box": [
    269.4511413574219,
    391.9947509765625,
    667.3936767578125,
    770.598876953125
  ],
  "class": 2,
  "confidence": 0.8840250968933105,
  "uncertainty": 0.15903159704849673
}