{
  "image": "data\\raw\\images\\train\\F_2_1_741.jpg",
  "box": [
    1684.3590087890625,
    540.6950073242188,
    1751.56201171875,
    639.061279296875
  ],
  "class": 3,
  "confidence": 0.7020565271377563,
  "uncertainty": 0.30946540644166504
}