{
  "image": "data\\raw\\images\\train\\F_2_7_186.jpg",
  "box": [
    1515.1119384765625,
    736.9345092773438,
    1919.918701171875,
    1069.25927734375
  ],
  "class": 3,
  "confidence": 0.7574555277824402,
  "uncertainty": 0.315772910498345
}