{
  "image": "data\\raw\\images\\train\\F_2_2_96.jpg",
  "box": [
    587.921630859375,
    424.65655517578125,
    739.566650390625,
    454.46685791015625
  ],
  "class": 2,
  "confidence": 0.26958897709846497,
  "uncertainty": 0.4357371985762133
}