{
  "image": "data\\raw\\images\\train\\F_2_6_895.jpg",
  "box": [
    843.8703002929688,
    453.1658935546875,
    1038.571533203125,
    627.296630859375
  ],
  "class": 2,
  "confidence": 0.8646519184112549,
  "uncertainty": 0.14190553428237304
}