{
  "image": "data\\raw\\images\\train\\F_2_7_346.jpg",
  "box": [
    720.01904296875,
    487.30316162109375,
    842.9967041015625,
    561.4850463867188
  ],
  "class": 3,
  "confidence": 0.5158416628837585,
  "uncertainty": 0.45741196936057743
}