{
  "image": "data\\raw\\images\\train\\F_2_7_168.jpg",
  "box": [
    658.4595947265625,
    410.86505126953125,
    822.904541015625,
    569.8661499023438
  ],
  "class": 2,
  "confidence": 0.6410329341888428,
  "uncertainty": 0.2813666994703182
}