{
  "image": "data\\raw\\images\\train\\F_2_6_439.jpg",
  "box": [
    356.9557800292969,
    454.472900390625,
    555.490478515625,
    632.0474853515625
  ],
  "class": 2,
  "confidence": 0.5123487710952759,
  "uncertainty": 0.3986483908879838
}