{
  "image": "data\\raw\\images\\train\\F_2_2_745.jpg",
  "box": [
    1405.41748046875,
    471.7657470703125,
    1539.5078125,
    559.41650390625
  ],
  "class": 2,
  "confidence": 0.8517610430717468,
  "uncertainty": 0.16442842244001132
}