{
  "image": "data\\raw\\images\\train\\F_2_4_42.jpg",
  "box": [
    908.4385986328125,
    454.5519104003906,
    945.271728515625,
    514.2962646484375
  ],
  "class": 3,
  "confidence": 0.3034861981868744,
  "uncertainty": 0.4803554889838826
}