{
  "image": "data\\raw\\images\\train\\F_2_4_888.jpg",
  "box": [
    62.46427917480469,
    512.8112182617188,
    109.28573608398438,
    581.0076904296875
  ],
  "class": 3,
  "confidence": 0.4914478659629822,
  "uncertainty": 0.4027655606421329
}