{
  "image": "data\\raw\\images\\train\\F_2_11_511.jpg",
  "box": [
    1.1928863525390625,
    95.46501159667969,
    387.3193359375,
    621.3622436523438
  ],
  "class": 7,
  "confidence": 0.9323174953460693,
  "uncertainty": 0.20650782008418078
}