{
  "image": "data\\raw\\images\\train\\F_2_7_431.jpg",
  "box": [
    852.286376953125,
    441.388916015625,
    1035.59033203125,
    518.5208129882812
  ],
  "class": 2,
  "confidence": 0.5243173837661743,
  "uncertainty": 0.3780929395439914
}