{
  "image": "data\\raw\\images\\train\\F_2_2_1364.jpg",
  "box": [
    870.1944580078125,
    475.3158874511719,
    947.05078125,
    574.4779052734375
  ],
  "class": 2,
  "confidence": 0.2981516122817993,
  "uncertainty": 0.43283033686774086
}