{
  "image": "data\\raw\\images\\train\\F_2_2_1694.jpg",
  "box": [
    901.4371337890625,
    655.9197387695312,
    1087.141357421875,
    929.885009765625
  ],
  "class": 3,
  "confidence": 0.6754437685012817,
  "uncertainty": 0.3354246583010426
}