{
  "image": "data\\raw\\images\\train\\F_2_6_1000.jpg",
  "box": [
    1732.81396484375,
    397.06219482421875,
    1918.91064453125,
    574.925537109375
  ],
  "class": 5,
  "confidence": 0.3255419135093689,
  "uncertainty": 0.43404354744497675
}