{
  "image": "data\\raw\\images\\train\\F_2_6_145.jpg",
  "box": [
    306.8017578125,
    467.43695068359375,
    384.6488037109375,
    569.0176391601562
  ],
  "class": 2,
  "confidence": 0.3066762685775757,
  "uncertainty": 0.40033357547197296
}