{
  "image": "data\\raw\\images\\train\\F_2_3_347.jpg",
  "box": [
    760.7308349609375,
    401.71728515625,
    957.3406982421875,
    457.78802490234375
  ],
  "class": 7,
  "confidence": 0.3461226522922516,
  "uncertainty": 0.44942531424320653
}