{
  "image": "data\\raw\\images\\train\\F_2_1_393.jpg",
  "box": [
    1497.0406494140625,
    533.9253540039062,
    1536.4471435546875,
    596.9915161132812
  ],
  "class": 3,
  "confidence": 0.5569860935211182,
  "uncertainty": 0.38282504795739963
}