{
  "image": "data\\raw\\images\\train\\F_2_11_390.jpg",
  "box": [
    1492.658447265625,
    417.040283203125,
    1569.830810546875,
    526.5814819335938
  ],
  "class": 2,
  "confidence": 0.6940064430236816,
  "uncertainty": 0.21869554859075502
}