{
  "image": "data\\raw\\images\\train\\F_2_9_2975.jpg",
  "box": [
    1370.6832275390625,
    477.0390930175781,
    1404.048828125,
    524.41748046875
  ],
  "class": 3,
  "confidence": 0.49872586131095886,
  "uncertainty": 0.3805661704187588
}