{
  "image": "data\\raw\\images\\train\\F_2_2_1516.jpg",
  "box": [
    495.4331359863281,
    575.8992919921875,
    606.464599609375,
    733.6305541992188
  ],
  "class": 3,
  "confidence": 0.7633736729621887,
  "uncertainty": 0.3288930765548497
}