{
  "image": "data\\raw\\images\\train\\F_2_9_2573.jpg",
  "box": [
    1201.9178466796875,
    479.3759765625,
    1257.22998046875,
    530.0029296875
  ],
  "class": 2,
  "confidence": 0.6710247993469238,
  "uncertainty": 0.21539633979452993
}