{
  "image": "data\\raw\\images\\train\\F_2_2_1697.jpg",
  "box": [
    1255.5062255859375,
    520.5677490234375,
    1330.1898193359375,
    629.431640625
  ],
  "class": 3,
  "confidence": 0.592717707157135,
  "uncertainty": 0.3794262682603173
}