{
  "image": "data\\raw\\images\\train\\F_2_2_431.jpg",
  "box": [
    0.5799407958984375,
    421.2862548828125,
    146.8748779296875,
    661.6427001953125
  ],
  "class": 2,
  "confidence": 0.7016230225563049,
  "uncertainty": 0.2240797791904471
}