{
  "image": "data\\raw\\images\\train\\F_2_9_72.jpg",
  "box": [
    0.2748870849609375,
    538.7591552734375,
    100.46637725830078,
    826.6861572265625
  ],
  "class": 2,
  "confidence": 0.6694735288619995,
  "uncertainty": 0.2964379868024059
}