{
  "image": "data\\raw\\images\\train\\F_2_8_1432.jpg",
  "box": [
    332.43255615234375,
    571.9847412109375,
    508.5999755859375,
    793.7448120117188
  ],
  "class": 3,
  "confidence": 0.8052107095718384,
  "uncertainty": 0.28073659323428507
}