{
  "image": "data\\raw\\images\\train\\F_2_7_1985.jpg",
  "box": [
    115.43183898925781,
    422.4630432128906,
    356.24603271484375,
    539.095947265625
  ],
  "class": 2,
  "confidence": 0.6612005233764648,
  "uncertainty": 0.3480501767605914
}