{
  "image": "data\\raw\\images\\train\\F_2_6_1623.jpg",
  "box": [
    990.2935180664062,
    390.6131286621094,
    1360.88623046875,
    857.7674560546875
  ],
  "class": 7,
  "confidence": 0.4436954855918884,
  "uncertainty": 0.4020460213578993
}