{
  "image": "data\\raw\\images\\train\\F_2_7_1744.jpg",
  "box": [
    579.6231079101562,
    426.1224365234375,
    646.9185791015625,
    481.9462890625
  ],
  "class": 2,
  "confidence": 0.2529084086418152,
  "uncertainty": 0.3813050466672394
}