{
  "image": "data\\raw\\images\\train\\F_2_9_2259.jpg",
  "box": [
    699.4132690429688,
    395.279296875,
    875.2036743164062,
    564.486328125
  ],
  "class": 2,
  "confidence": 0.8178083896636963,
  "uncertainty": 0.17489074923968762
}