{
  "image": "data\\raw\\images\\train\\F_2_3_252.jpg",
  "box": [
    501.76226806640625,
    565.6554565429688,
    560.656494140625,
    663.3920288085938
  ],
  "class": 3,
  "confidence": 0.5783084034919739,
  "uncertainty": 0.378677217773895
}