{
  "image": "data\\raw\\images\\train\\F_2_1_682.jpg",
  "box": [
    469.1413879394531,
    283.1639099121094,
    909.5260009765625,
    648.462646484375
  ],
  "class": 7,
  "confidence": 0.7719194293022156,
  "uncertainty": 0.37588711302918826
}