{
  "image": "data\\raw\\images\\train\\F_2_2_975.jpg",
  "box": [
    993.702880859375,
    487.6602783203125,
    1109.0201416015625,
    598.7650146484375
  ],
  "class": 2,
  "confidence": 0.8387185335159302,
  "uncertainty": 0.1846452059358466
}