{
  "image": "data\\raw\\images\\train\\F_2_1_725.jpg",
  "box": [
    873.1752319335938,
    457.1053466796875,
    936.0232543945312,
    516.3827514648438
  ],
  "class": 2,
  "confidence": 0.579378068447113,
  "uncertainty": 0.25199012213345173
}