{
  "image": "data\\raw\\images\\train\\F_2_5_6.jpg",
  "box": [
    734.8433837890625,
    485.8612976074219,
    871.724609375,
    564.4583740234375
  ],
  "class": 2,
  "confidence": 0.5655319094657898,
  "uncertainty": 0.273227502321196
}