{
  "image": "data\\raw\\images\\train\\F_2_6_321.jpg",
  "box": [
    1712.489501953125,
    464.3173828125,
    1812.8118896484375,
    538.3602905273438
  ],
  "class": 2,
  "confidence": 0.28834107518196106,
  "uncertainty": 0.42290415515630353
}