{
  "image": "data\\raw\\images\\train\\F_2_1_706.jpg",
  "box": [
    0.15506744384765625,
    453.1701965332031,
    82.12672424316406,
    563.3743286132812
  ],
  "class": 2,
  "confidence": 0.7622700929641724,
  "uncertainty": 0.16836911641902824
}