{
  "image": "data\\raw\\images\\train\\F_2_7_188.jpg",
  "box": [
    252.36676025390625,
    483.1416015625,
    1460.7982177734375,
    1068.923828125
  ],
  "class": 2,
  "confidence": 0.9415209293365479,
  "uncertainty": 0.11461390163944626
}