{
  "image": "data\\raw\\images\\train\\F_2_8_934.jpg",
  "box": [
    997.4593505859375,
    560.258056640625,
    1035.380859375,
    613.7945556640625
  ],
  "class": 3,
  "confidence": 0.403649240732193,
  "uncertainty": 0.4325531449735031
}