{
  "image": "data\\raw\\images\\train\\F_2_6_1505.jpg",
  "box": [
    1069.648681640625,
    361.58917236328125,
    1260.3724365234375,
    579.0699462890625
  ],
  "class": 7,
  "confidence": 0.5817036628723145,
  "uncertainty": 0.46414379207630047
}