{
  "image": "data\\raw\\images\\train\\F_2_1_632.jpg",
  "box": [
    1802.266845703125,
    511.034912109375,
    1903.406982421875,
    630.7124633789062
  ],
  "class": 3,
  "confidence": 0.6525489687919617,
  "uncertainty": 0.36025935123078356
}