{
  "image": "data\\raw\\images\\train\\F_2_6_1498.jpg",
  "box": [
    793.7852783203125,
    436.84967041015625,
    949.881591796875,
    536.2691650390625
  ],
  "class": 2,
  "confidence": 0.4430261552333832,
  "uncertainty": 0.43952902606064426
}