{
  "image": "data\\raw\\images\\train\\F_2_1_539.jpg",
  "box": [
    1578.577880859375,
    473.3982238769531,
    1642.676513671875,
    528.9842529296875
  ],
  "class": 2,
  "confidence": 0.7795204520225525,
  "uncertainty": 0.17699863232795965
}