{
  "image": "data\\raw\\images\\train\\F_2_5_37.jpg",
  "box": [
    1029.6507568359375,
    436.79296875,
    1173.33837890625,
    571.1102294921875
  ],
  "class": 2,
  "confidence": 0.8067472577095032,
  "uncertainty": 0.1678252766258441
}