{
  "image": "data\\raw\\images\\train\\F_2_6_120.jpg",
  "box": [
    612.65869140625,
    494.8790588378906,
    689.9261474609375,
    629.1041259765625
  ],
  "class": 3,
  "confidence": 0.6665188074111938,
  "uncertainty": 0.3639410555707762
}