{
  "image": "data\\raw\\images\\train\\F_2_11_164.jpg",
  "box": [
    342.1400451660156,
    475.55841064453125,
    634.3921508789062,
    699.4993286132812
  ],
  "class": 2,
  "confidence": 0.9204301238059998,
  "uncertainty": 0.12333643970046324
}