{
  "image": "data\\raw\\images\\train\\F_2_5_37.jpg",
  "box": [
    978.065673828125,
    443.35272216796875,
    1048.3204345703125,
    605.034423828125
  ],
  "class": 2,
  "confidence": 0.7491931915283203,
  "uncertainty": 0.25318466525973865
}