{
  "image": "data\\raw\\images\\train\\F_2_2_848.jpg",
  "box": [
    1508.96728515625,
    254.8143310546875,
    1918.6329345703125,
    1011.7364501953125
  ],
  "class": 7,
  "confidence": 0.9400194883346558,
  "uncertainty": 0.20381219032885783
}