{
  "image": "data\\raw\\images\\train\\F_2_2_238.jpg",
  "box": [
    1093.4580078125,
    567.0406494140625,
    1166.205810546875,
    676.9550170898438
  ],
  "class": 3,
  "confidence": 0.7649959921836853,
  "uncertainty": 0.284364255729806
}