{
  "image": "data\\raw\\images\\train\\F_2_8_1832.jpg",
  "box": [
    1751.089599609375,
    449.0303649902344,
    1808.7930908203125,
    549.0928955078125
  ],
  "class": 3,
  "confidence": 0.6992642283439636,
  "uncertainty": 0.35210848673854594
}