{
  "image": "data\\raw\\images\\train\\F_2_2_772.jpg",
  "box": [
    1372.7481689453125,
    519.4766845703125,
    1468.788330078125,
    609.6715087890625
  ],
  "class": 2,
  "confidence": 0.7761858105659485,
  "uncertainty": 0.23987386519934853
}