{
  "image": "data\\raw\\images\\train\\F_2_7_88.jpg",
  "box": [
    2.492340087890625,
    478.6126708984375,
    987.097412109375,
    1068.96142578125
  ],
  "class": 2,
  "confidence": 0.8768432140350342,
  "uncertainty": 0.13266954470786968
}