{
  "image": "data\\raw\\images\\train\\F_2_1_454.jpg",
  "box": [
    1597.7750244140625,
    460.38336181640625,
    1638.6251220703125,
    527.46142578125
  ],
  "class": 2,
  "confidence": 0.4291062355041504,
  "uncertainty": 0.30438066705888167
}