{
  "image": "data\\raw\\images\\train\\F_2_1_588.jpg",
  "box": [
    0.007770538330078125,
    479.0204772949219,
    125.2046127319336,
    619.650390625
  ],
  "class": 2,
  "confidence": 0.6021454334259033,
  "uncertainty": 0.27343980074434526
}