{
  "image": "data\\raw\\images\\train\\F_2_1_411.jpg",
  "box": [
    557.8333129882812,
    440.745361328125,
    639.9799194335938,
    515.314208984375
  ],
  "class": 7,
  "confidence": 0.6833509802818298,
  "uncertainty": 0.2970580979082756
}