{
  "image": "data\\raw\\images\\train\\F_2_7_1642.jpg",
  "box": [
    1763.1514892578125,
    404.52813720703125,
    1827.1146240234375,
    467.48016357421875
  ],
  "class": 2,
  "confidence": 0.34616410732269287,
  "uncertainty": 0.3902819389417572
}