{
  "image": "data\\raw\\images\\train\\F_2_1_102.jpg",
  "box": [
    196.80372619628906,
    404.46966552734375,
    323.0257568359375,
    477.9307861328125
  ],
  "class": 7,
  "confidence": 0.2718038260936737,
  "uncertainty": 0.4989868483401123
}