{
  "image": "data\\raw\\images\\train\\F_2_6_857.jpg",
  "box": [
    755.491943359375,
    551.56298828125,
    819.218505859375,
    640.9700927734375
  ],
  "class": 3,
  "confidence": 0.629802405834198,
  "uncertainty": 0.38226806621834575
}