{
  "image": "data\\raw\\images\\train\\F_2_8_837.jpg",
  "box": [
    1758.64208984375,
    561.4454345703125,
    1861.668212890625,
    671.0587158203125
  ],
  "class": 3,
  "confidence": 0.5220463275909424,
  "uncertainty": 0.3712020203886218
}