{
  "image": "data\\raw\\images\\train\\F_2_1_365.jpg",
  "box": [
    964.6588134765625,
    509.28704833984375,
    995.5531005859375,
    537.9784545898438
  ],
  "class": 2,
  "confidence": 0.3857099413871765,
  "uncertainty": 0.33780124974777337
}