{
  "image": "data\\raw\\images\\train\\F_2_2_934.jpg",
  "box": [
    479.4005126953125,
    507.62164306640625,
    541.1599731445312,
    623.2355346679688
  ],
  "class": 3,
  "confidence": 0.6275540590286255,
  "uncertainty": 0.3555166249189237
}