{
  "image": "data\\raw\\images\\train\\F_2_5_22.jpg",
  "box": [
    922.1290283203125,
    493.30426025390625,
    1207.6717529296875,
    671.448486328125
  ],
  "class": 2,
  "confidence": 0.9024491906166077,
  "uncertainty": 0.13885969287545227
}