{
  "image": "data\\raw\\images\\train\\F_2_6_489.jpg",
  "box": [
    0.5980567932128906,
    730.7015991210938,
    147.04783630371094,
    1019.1551513671875
  ],
  "class": 3,
  "confidence": 0.3554398715496063,
  "uncertainty": 0.4679321099389036
}