{
  "image": "data\\raw\\images\\train\\F_2_1_439.jpg",
  "box": [
    1292.9835205078125,
    513.1818237304688,
    1321.2601318359375,
    544.7537841796875
  ],
  "class": 2,
  "confidence": 0.2966972291469574,
  "uncertainty": 0.3892808474857951
}