{
  "image": "data\\raw\\images\\train\\F_2_8_1792.jpg",
  "box": [
    619.9802856445312,
    348.643798828125,
    770.517333984375,
    546.87890625
  ],
  "class": 7,
  "confidence": 0.6622042655944824,
  "uncertainty": 0.3482902471005396
}