{
  "image": "data\\raw\\images\\train\\F_2_8_1772.jpg",
  "box": [
    1423.9522705078125,
    334.6277770996094,
    1573.8951416015625,
    445.4033203125
  ],
  "class": 2,
  "confidence": 0.8804759979248047,
  "uncertainty": 0.1338097264507656
}