{
  "image": "data\\raw\\images\\train\\F_2_4_1041.jpg",
  "box": [
    404.07958984375,
    408.944091796875,
    467.8873291015625,
    464.4580078125
  ],
  "class": 3,
  "confidence": 0.5960775017738342,
  "uncertainty": 0.35957070793147067
}