{
  "image": "data\\raw\\images\\train\\F_2_1_264.jpg",
  "box": [
    0.3159370422363281,
    389.9978942871094,
    101.41102600097656,
    535.2991333007812
  ],
  "class": 7,
  "confidence": 0.5135486125946045,
  "uncertainty": 0.42638750956525007
}