{
  "image": "data\\raw\\images\\train\\F_2_1_369.jpg",
  "box": [
    0.5876312255859375,
    609.0093383789062,
    264.033935546875,
    1069.0009765625
  ],
  "class": 3,
  "confidence": 0.5038572549819946,
  "uncertainty": 0.44067479942263804
}