{
  "image": "data\\raw\\images\\train\\F_2_1_161.jpg",
  "box": [
    1042.513671875,
    452.548828125,
    1089.790771484375,
    550.8744506835938
  ],
  "class": 2,
  "confidence": 0.7669836282730103,
  "uncertainty": 0.2363291395876684
}