{
  "image": "data\\raw\\images\\train\\F_2_2_963.jpg",
  "box": [
    940.7005615234375,
    515.7254638671875,
    1031.3555908203125,
    588.8890380859375
  ],
  "class": 2,
  "confidence": 0.7925166487693787,
  "uncertainty": 0.1769063404195512
}