{
  "image": "data\\raw\\images\\train\\F_2_2_1364.jpg",
  "box": [
    837.4561157226562,
    605.37939453125,
    904.2244262695312,
    746.9093017578125
  ],
  "class": 3,
  "confidence": 0.4682636559009552,
  "uncertainty": 0.430306386068165
}