{
  "image": "data\\raw\\images\\train\\F_2_7_346.jpg",
  "box": [
    1058.1661376953125,
    555.7333984375,
    1152.5299072265625,
    679.10791015625
  ],
  "class": 3,
  "confidence": 0.7733039855957031,
  "uncertainty": 0.30659705616203664
}