{
  "image": "data\\raw\\images\\train\\F_2_2_27.jpg",
  "box": [
    659.9796142578125,
    470.4991149902344,
    720.326171875,
    547.917724609375
  ],
  "class": 5,
  "confidence": 0.3672182261943817,
  "uncertainty": 0.4320328557169208
}