{
  "image": "data\\raw\\images\\train\\F_2_2_934.jpg",
  "box": [
    1068.56640625,
    456.3065185546875,
    1179.269775390625,
    545.0460205078125
  ],
  "class": 2,
  "confidence": 0.8021995425224304,
  "uncertainty": 0.16648167124840962
}