{
  "image": "data\\raw\\images\\train\\F_2_8_930.jpg",
  "box": [
    934.705810546875,
    614.50390625,
    1071.041015625,
    820.470458984375
  ],
  "class": 3,
  "confidence": 0.8301267623901367,
  "uncertainty": 0.2643827482801613
}