{
  "image": "data\\raw\\images\\train\\F_2_2_648.jpg",
  "box": [
    1201.598388671875,
    496.3355712890625,
    1291.05224609375,
    750.5110473632812
  ],
  "class": 3,
  "confidence": 0.27009275555610657,
  "uncertainty": 0.48535652303811594
}