{
  "image": "data\\raw\\images\\train\\F_2_1_718.jpg",
  "box": [
    975.2557373046875,
    553.6961059570312,
    1082.3702392578125,
    749.047119140625
  ],
  "class": 3,
  "confidence": 0.6337104439735413,
  "uncertainty": 0.36153251044853363
}