{
  "image": "data\\raw\\images\\train\\F_2_2_1288.jpg",
  "box": [
    0.81976318359375,
    291.0466003417969,
    576.9014892578125,
    1066.102783203125
  ],
  "class": 7,
  "confidence": 0.6043934226036072,
  "uncertainty": 0.3264303790988144
}