{
  "image": "data\\raw\\images\\train\\F_2_1_762.jpg",
  "box": [
    988.7356567382812,
    514.195556640625,
    1025.259765625,
    546.86669921875
  ],
  "class": 2,
  "confidence": 0.5976032614707947,
  "uncertainty": 0.24447305223025656
}