{
  "image": "data\\raw\\images\\train\\F_2_2_1697.jpg",
  "box": [
    908.184326171875,
    401.3946533203125,
    1035.876953125,
    560.9935913085938
  ],
  "class": 5,
  "confidence": 0.45477694272994995,
  "uncertainty": 0.4887146380697873
}