{
  "image": "data\\raw\\images\\train\\F_2_2_1676.jpg",
  "box": [
    1666.9200439453125,
    609.173095703125,
    1819.4300537109375,
    811.8619384765625
  ],
  "class": 3,
  "confidence": 0.7244722247123718,
  "uncertainty": 0.357645666109388
}