{
  "image": "data\\raw\\images\\train\\F_2_7_441.jpg",
  "box": [
    1228.25048828125,
    438.16522216796875,
    1918.810302734375,
    1067.353271484375
  ],
  "class": 2,
  "confidence": 0.9378901720046997,
  "uncertainty": 0.14994413983259341
}