{
  "image": "data\\raw\\images\\train\\F_2_2_946.jpg",
  "box": [
    0.12051773071289062,
    589.6044921875,
    50.931495666503906,
    734.432861328125
  ],
  "class": 3,
  "confidence": 0.3125470280647278,
  "uncertainty": 0.4709779937162092
}