{
  "image": "data\\raw\\images\\train\\F_2_3_347.jpg",
  "box": [
    652.6378784179688,
    397.976806640625,
    761.837890625,
    456.58392333984375
  ],
  "class": 7,
  "confidence": 0.3263661861419678,
  "uncertainty": 0.4337621480186689
}