{
  "image": "data\\raw\\images\\train\\F_2_7_210.jpg",
  "box": [
    211.67926025390625,
    426.141357421875,
    665.6708984375,
    511.95941162109375
  ],
  "class": 2,
  "confidence": 0.7446075677871704,
  "uncertainty": 0.25343098056881574
}