{
  "image": "data\\raw\\images\\train\\F_2_6_1393.jpg",
  "box": [
    1295.020751953125,
    414.4234313964844,
    1493.2320556640625,
    630.777099609375
  ],
  "class": 2,
  "confidence": 0.7116912603378296,
  "uncertainty": 0.2239779704369676
}