{
  "image": "data\\raw\\images\\train\\F_2_5_336.jpg",
  "box": [
    1511.8052978515625,
    579.12744140625,
    1690.84423828125,
    859.1738891601562
  ],
  "class": 3,
  "confidence": 0.5962481498718262,
  "uncertainty": 0.36322839300493487
}