{
  "image": "data\\raw\\images\\train\\F_2_9_1607.jpg",
  "box": [
    0.609832763671875,
    99.9744873046875,
    361.6090393066406,
    900.8245239257812
  ],
  "class": 5,
  "confidence": 0.9269492626190186,
  "uncertainty": 0.26805554048724267
}