{
  "image": "data\\raw\\images\\train\\F_2_4_794.jpg",
  "box": [
    898.587890625,
    453.411376953125,
    1118.4788818359375,
    560.7238159179688
  ],
  "class": 2,
  "confidence": 0.3169945478439331,
  "uncertainty": 0.4528764058193616
}