{
  "image": "data\\raw\\images\\train\\F_2_1_310.jpg",
  "box": [
    1480.2938232421875,
    449.9815979003906,
    1693.5648193359375,
    600.6986083984375
  ],
  "class": 2,
  "confidence": 0.9090293049812317,
  "uncertainty": 0.09946090018069864
}