{
  "image": "data\\raw\\images\\train\\F_2_5_174.jpg",
  "box": [
    74.48382568359375,
    398.5069885253906,
    298.490234375,
    655.9034423828125
  ],
  "class": 7,
  "confidence": 0.5796367526054382,
  "uncertainty": 0.35979799209279556
}