{
  "image": "data\\raw\\images\\train\\F_2_1_932.jpg",
  "box": [
    14.923290252685547,
    443.5602722167969,
    137.5796356201172,
    509.6106262207031
  ],
  "class": 2,
  "confidence": 0.3528286814689636,
  "uncertainty": 0.40572539347972836
}