{
  "image": "data\\raw\\images\\train\\F_2_8_956.jpg",
  "box": [
    0.395416259765625,
    450.85205078125,
    133.02708435058594,
    570.8606567382812
  ],
  "class": 2,
  "confidence": 0.7478913068771362,
  "uncertainty": 0.18035720575299785
}