{
  "image": "data\\raw\\images\\train\\F_2_7_809.jpg",
  "box": [
    868.6787109375,
    411.1941833496094,
    921.8023681640625,
    451.9476013183594
  ],
  "class": 2,
  "confidence": 0.30760353803634644,
  "uncertainty": 0.35084072118032694
}