{
  "image": "data\\raw\\images\\train\\F_2_7_42.jpg",
  "box": [
    605.7965698242188,
    449.5498352050781,
    704.3653564453125,
    482.7578430175781
  ],
  "class": 2,
  "confidence": 0.3244744837284088,
  "uncertainty": 0.3757685458316815
}