{
  "image": "data\\raw\\images\\train\\F_2_7_1759.jpg",
  "box": [
    897.5747680664062,
    716.4326171875,
    978.1268920898438,
    790.46728515625
  ],
  "class": 2,
  "confidence": 0.7776888608932495,
  "uncertainty": 0.1893631444039905
}