{
  "image": "data\\raw\\images\\train\\F_2_8_1814.jpg",
  "box": [
    1468.923095703125,
    455.2054138183594,
    1499.919921875,
    500.6399230957031
  ],
  "class": 3,
  "confidence": 0.5327759981155396,
  "uncertainty": 0.3804927799520492
}