{
  "image": "data\\raw\\images\\train\\F_2_3_197.jpg",
  "box": [
    421.55255126953125,
    447.9480285644531,
    563.7593994140625,
    611.7046508789062
  ],
  "class": 7,
  "confidence": 0.7075756192207336,
  "uncertainty": 0.2951970606856408
}