{
  "image": "data\\raw\\images\\train\\F_2_4_650.jpg",
  "box": [
    928.5845947265625,
    556.728271484375,
    998.55029296875,
    687.0584716796875
  ],
  "class": 3,
  "confidence": 0.5937696099281311,
  "uncertainty": 0.3606895611790028
}