{
  "image": "data\\raw\\images\\train\\F_2_11_390.jpg",
  "box": [
    1393.9969482421875,
    424.8377380371094,
    1477.834716796875,
    498.0854187011719
  ],
  "class": 2,
  "confidence": 0.3475879430770874,
  "uncertainty": 0.35222223057896107
}