{
  "image": "data\\raw\\images\\train\\F_2_1_951.jpg",
  "box": [
    867.011962890625,
    453.98590087890625,
    889.274169921875,
    491.27276611328125
  ],
  "class": 3,
  "confidence": 0.37536582350730896,
  "uncertainty": 0.42124589734059964
}