{
  "image": "data\\raw\\images\\train\\F_2_2_796.jpg",
  "box": [
    1784.0592041015625,
    570.5667114257812,
    1919.4268798828125,
    682.9967651367188
  ],
  "class": 2,
  "confidence": 0.34673285484313965,
  "uncertainty": 0.3875354420984353
}