{
  "image": "data\\raw\\images\\train\\F_2_5_16.jpg",
  "box": [
    1291.363525390625,
    487.3122253417969,
    1359.287353515625,
    575.094970703125
  ],
  "class": 2,
  "confidence": 0.41756510734558105,
  "uncertainty": 0.39792237922603246
}