{
  "image": "data\\raw\\images\\train\\F_2_9_2903.jpg",
  "box": [
    1491.3330078125,
    455.20147705078125,
    1534.2998046875,
    519.27490234375
  ],
  "class": 2,
  "confidence": 0.5352066159248352,
  "uncertainty": 0.34521574079558365
}