{
  "image": "data\\raw\\images\\train\\F_2_3_494.jpg",
  "box": [
    1056.0634765625,
    379.3964538574219,
    1436.268798828125,
    853.3336181640625
  ],
  "class": 7,
  "confidence": 0.852103590965271,
  "uncertainty": 0.244390710162946
}