{
  "image": "data\\raw\\images\\train\\F_2_7_391.jpg",
  "box": [
    120.95075225830078,
    730.5279541015625,
    670.0413818359375,
    1073.005126953125
  ],
  "class": 3,
  "confidence": 0.5554389953613281,
  "uncertainty": 0.4144582452468896
}