{
  "image": "data\\raw\\images\\train\\F_2_1_393.jpg",
  "box": [
    1600.029296875,
    447.39520263671875,
    1675.1357421875,
    553.4287109375
  ],
  "class": 7,
  "confidence": 0.7444523572921753,
  "uncertainty": 0.25484315610334796
}