{
  "image": "data\\raw\\images\\train\\F_2_1_797.jpg",
  "box": [
    882.714111328125,
    559.3357543945312,
    971.57666015625,
    726.3160400390625
  ],
  "class": 3,
  "confidence": 0.7264530658721924,
  "uncertainty": 0.31440149941115436
}