{
  "image": "data\\raw\\images\\train\\F_2_9_2880.jpg",
  "box": [
    133.67198181152344,
    346.826904296875,
    263.97186279296875,
    491.794677734375
  ],
  "class": 7,
  "confidence": 0.4669282138347626,
  "uncertainty": 0.3936303463488135
}