{
  "image": "data\\raw\\images\\train\\F_2_1_821.jpg",
  "box": [
    1680.8045654296875,
    517.7860107421875,
    1727.0357666015625,
    593.0784301757812
  ],
  "class": 3,
  "confidence": 0.4545712172985077,
  "uncertainty": 0.43872261138310714
}