{
  "image": "data\\raw\\images\\train\\F_2_9_2569.jpg",
  "box": [
    1680.2105712890625,
    451.7940673828125,
    1919.1280517578125,
    753.22265625
  ],
  "class": 7,
  "confidence": 0.5160588622093201,
  "uncertainty": 0.3643627950618429
}