{
  "image": "data\\raw\\images\\train\\F_2_1_261.jpg",
  "box": [
    377.3785095214844,
    372.3868408203125,
    509.26483154296875,
    510.7469482421875
  ],
  "class": 7,
  "confidence": 0.4927552342414856,
  "uncertainty": 0.4227802781069729
}