{
  "image": "data\\raw\\images\\train\\F_2_8_1898.jpg",
  "box": [
    1105.1129150390625,
    507.613037109375,
    1351.904296875,
    835.5756225585938
  ],
  "class": 3,
  "confidence": 0.8922467827796936,
  "uncertainty": 0.3011030674062071
}