{
  "image": "data\\raw\\images\\train\\F_2_1_354.jpg",
  "box": [
    284.0728454589844,
    503.50628662109375,
    368.19390869140625,
    572.3035278320312
  ],
  "class": 2,
  "confidence": 0.8020088076591492,
  "uncertainty": 0.17248518601738944
}