{
  "image": "data\\raw\\images\\train\\F_2_7_477.jpg",
  "box": [
    681.8736572265625,
    410.5201721191406,
    838.8140869140625,
    524.984130859375
  ],
  "class": 2,
  "confidence": 0.5719510316848755,
  "uncertainty": 0.3404084162255606
}