{
  "image": "data\\raw\\images\\train\\F_2_6_321.jpg",
  "box": [
    565.115478515625,
    558.0328369140625,
    649.4569702148438,
    735.6707763671875
  ],
  "class": 3,
  "confidence": 0.6989249587059021,
  "uncertainty": 0.3362086906819403
}