{
  "image": "data\\raw\\images\\train\\F_2_2_822.jpg",
  "box": [
    1045.08203125,
    473.8990173339844,
    1492.07177734375,
    836.2559814453125
  ],
  "class": 2,
  "confidence": 0.9327290654182434,
  "uncertainty": 0.12967670516896604
}