{
  "image": "data\\raw\\images\\train\\F_2_11_302.jpg",
  "box": [
    508.9190368652344,
    451.7873840332031,
    580.8389282226562,
    550.0108642578125
  ],
  "class": 7,
  "confidence": 0.4059702157974243,
  "uncertainty": 0.4554694042824577
}