{
  "image": "data\\raw\\images\\train\\F_2_7_1638.jpg",
  "box": [
    774.4022827148438,
    413.8796081542969,
    1121.7513427734375,
    742.1090087890625
  ],
  "class": 7,
  "confidence": 0.8132227063179016,
  "uncertainty": 0.3041787370118006
}