{
  "image": "data\\raw\\images\\train\\F_2_2_252.jpg",
  "box": [
    1220.5218505859375,
    541.7984619140625,
    1266.08251953125,
    608.9749145507812
  ],
  "class": 3,
  "confidence": 0.6298440098762512,
  "uncertainty": 0.33087101838723315
}