{
  "image": "data\\raw\\images\\train\\F_2_3_197.jpg",
  "box": [
    1375.970458984375,
    422.2876281738281,
    1477.8177490234375,
    455.0609436035156
  ],
  "class": 2,
  "confidence": 0.3120914697647095,
  "uncertainty": 0.4403363414310202
}