{
  "image": "data\\raw\\images\\train\\F_2_9_1812.jpg",
  "box": [
    1239.414794921875,
    712.1282958984375,
    1458.91845703125,
    1046.1640625
  ],
  "class": 3,
  "confidence": 0.5041922330856323,
  "uncertainty": 0.44663684231961354
}