{
  "image": "data\\raw\\images\\train\\F_2_1_337.jpg",
  "box": [
    1761.925048828125,
    349.5462341308594,
    1822.9281005859375,
    427.5081481933594
  ],
  "class": 5,
  "confidence": 0.684511661529541,
  "uncertainty": 0.31178201628328306
}