{
  "image": "data\\raw\\images\\train\\F_2_7_2339.jpg",
  "box": [
    142.84854125976562,
    410.8640441894531,
    679.7685546875,
    853.521484375
  ],
  "class": 2,
  "confidence": 0.9163596034049988,
  "uncertainty": 0.2693663362041922
}