{
  "image": "data\\raw\\images\\train\\F_2_8_807.jpg",
  "box": [
    1134.866455078125,
    518.453857421875,
    1198.3363037109375,
    596.4443969726562
  ],
  "class": 3,
  "confidence": 0.6341201663017273,
  "uncertainty": 0.3553468779295311
}