{
  "image": "data\\raw\\images\\train\\F_2_9_2956.jpg",
  "box": [
    801.5137939453125,
    34.744903564453125,
    1418.0819091796875,
    812.8330078125
  ],
  "class": 7,
  "confidence": 0.7478803992271423,
  "uncertainty": 0.27899657148354956
}