{
  "image": "data\\raw\\images\\train\\F_2_6_1498.jpg",
  "box": [
    335.1448059082031,
    601.005615234375,
    418.82904052734375,
    758.0736083984375
  ],
  "class": 3,
  "confidence": 0.4708546996116638,
  "uncertainty": 0.441421972244393
}