{
  "image": "data\\raw\\images\\train\\F_2_2_836.jpg",
  "box": [
    1360.504638671875,
    447.95306396484375,
    1919.14111328125,
    1066.223388671875
  ],
  "class": 2,
  "confidence": 0.954287052154541,
  "uncertainty": 0.12519965605569552
}