{
  "image": "data\\raw\\images\\train\\F_2_9_2202.jpg",
  "box": [
    127.71621704101562,
    859.3130493164062,
    372.32421875,
    1075.851806640625
  ],
  "class": 3,
  "confidence": 0.5410197973251343,
  "uncertainty": 0.36165966020446144
}