{
  "image": "data\\raw\\images\\train\\F_2_1_1127.jpg",
  "box": [
    488.3741455078125,
    647.5818481445312,
    640.6334838867188,
    871.3809814453125
  ],
  "class": 3,
  "confidence": 0.8201605081558228,
  "uncertainty": 0.2930615571609487
}