{
  "image": "data\\raw\\images\\train\\F_2_1_450.jpg",
  "box": [
    703.8551025390625,
    502.647705078125,
    780.0177001953125,
    621.1771850585938
  ],
  "class": 3,
  "confidence": 0.6570982336997986,
  "uncertainty": 0.38008367138340904
}