{
  "image": "data\\raw\\images\\train\\F_2_10_460.jpg",
  "box": [
    605.3248291015625,
    532.0379638671875,
    635.6793212890625,
    568.4168701171875
  ],
  "class": 3,
  "confidence": 0.3518287241458893,
  "uncertainty": 0.43445543337376197
}