{
  "image": "data\\raw\\images\\train\\F_2_6_518.jpg",
  "box": [
    1263.1600341796875,
    488.12603759765625,
    1918.948974609375,
    1068.120849609375
  ],
  "class": 2,
  "confidence": 0.9272892475128174,
  "uncertainty": 0.10010349717439455
}