{
  "image": "data\\raw\\images\\train\\F_2_1_406.jpg",
  "box": [
    814.5221557617188,
    530.9761962890625,
    868.1112670898438,
    605.2311401367188
  ],
  "class": 3,
  "confidence": 0.6455643177032471,
  "uncertainty": 0.3305109929265397
}