{
  "image": "data\\raw\\images\\train\\F_2_9_2883.jpg",
  "box": [
    295.38067626953125,
    310.20697021484375,
    453.82489013671875,
    502.1694030761719
  ],
  "class": 7,
  "confidence": 0.7622123956680298,
  "uncertainty": 0.2612922437935699
}