{
  "image": "data\\raw\\images\\train\\F_2_9_786.jpg",
  "box": [
    829.869384765625,
    366.810791015625,
    1123.099609375,
    699.2492065429688
  ],
  "class": 7,
  "confidence": 0.8888586759567261,
  "uncertainty": 0.24535455976717274
}