{
  "image": "data\\raw\\images\\train\\F_2_6_1164.jpg",
  "box": [
    1170.9862060546875,
    508.7801513671875,
    1276.1407470703125,
    646.670654296875
  ],
  "class": 3,
  "confidence": 0.519434928894043,
  "uncertainty": 0.4410408929639898
}