{
  "image": "data\\raw\\images\\train\\F_2_1_60.jpg",
  "box": [
    854.4827270507812,
    433.4327087402344,
    1231.056396484375,
    762.0598754882812
  ],
  "class": 2,
  "confidence": 0.910658597946167,
  "uncertainty": 0.14280990779305786
}