{
  "image": "data\\raw\\images\\train\\F_2_7_1652.jpg",
  "box": [
    775.6986694335938,
    429.4381103515625,
    922.38427734375,
    454.5068359375
  ],
  "class": 2,
  "confidence": 0.2649684250354767,
  "uncertainty": 0.46268419548910633
}