{
  "image": "data\\raw\\images\\train\\F_2_2_882.jpg",
  "box": [
    898.6968994140625,
    284.9905090332031,
    1406.9599609375,
    872.5541381835938
  ],
  "class": 7,
  "confidence": 0.9133288860321045,
  "uncertainty": 0.20815457631948237
}