{
  "image": "data\\raw\\images\\train\\F_2_7_1993.jpg",
  "box": [
    834.9718017578125,
    386.4917907714844,
    1041.2967529296875,
    631.064453125
  ],
  "class": 2,
  "confidence": 0.7987213134765625,
  "uncertainty": 0.25472616323866726
}