{
  "image": "data\\raw\\images\\train\\F_2_2_1031.jpg",
  "box": [
    1.9661865234375,
    445.1451416015625,
    826.2117919921875,
    1067.8853759765625
  ],
  "class": 2,
  "confidence": 0.9528070688247681,
  "uncertainty": 0.11033587013269751
}