{
  "image": "data\\raw\\images\\train\\F_2_2_328.jpg",
  "box": [
    1004.4790649414062,
    432.0550231933594,
    1033.896728515625,
    472.3303527832031
  ],
  "class": 2,
  "confidence": 0.5207998156547546,
  "uncertainty": 0.28223439020597146
}