{
  "image": "data\\raw\\images\\train\\F_2_2_1692.jpg",
  "box": [
    624.4314575195312,
    447.31585693359375,
    695.2303466796875,
    527.9386596679688
  ],
  "class": 2,
  "confidence": 0.7385441660881042,
  "uncertainty": 0.2312531854779034
}