{
  "image": "data\\raw\\images\\train\\F_2_9_1916.jpg",
  "box": [
    97.19815063476562,
    467.12396240234375,
    223.73489379882812,
    502.3372802734375
  ],
  "class": 2,
  "confidence": 0.6612778306007385,
  "uncertainty": 0.27632407881711557
}