{
  "image": "data\\raw\\images\\train\\F_2_9_339.jpg",
  "box": [
    1114.6279296875,
    471.8765869140625,
    1212.184814453125,
    580.2697143554688
  ],
  "class": 2,
  "confidence": 0.26603537797927856,
  "uncertainty": 0.43946572158335645
}