{
  "image": "data\\raw\\images\\train\\F_2_6_330.jpg",
  "box": [
    1185.494140625,
    318.9609375,
    1420.82763671875,
    563.6912841796875
  ],
  "class": 5,
  "confidence": 0.5462888479232788,
  "uncertainty": 0.4849394581453196
}