{
  "image": "data\\raw\\images\\train\\F_2_9_433.jpg",
  "box": [
    8.83612060546875,
    387.5576477050781,
    501.8345031738281,
    635.6805419921875
  ],
  "class": 2,
  "confidence": 0.8273985981941223,
  "uncertainty": 0.204562966087888
}