{
  "image": "data\\raw\\images\\train\\F_2_3_393.jpg",
  "box": [
    547.7408447265625,
    785.5079345703125,
    827.5859985351562,
    1071.21484375
  ],
  "class": 3,
  "confidence": 0.8254550099372864,
  "uncertainty": 0.24450839484166897
}