{
  "image": "data\\raw\\images\\train\\F_2_6_1623.jpg",
  "box": [
    912.0928955078125,
    554.5787353515625,
    1013.0582275390625,
    711.857177734375
  ],
  "class": 3,
  "confidence": 0.7768303751945496,
  "uncertainty": 0.26700282018470906
}