{
  "image": "data\\raw\\images\\train\\F_2_9_858.jpg",
  "box": [
    127.96737670898438,
    412.379150390625,
    805.4108276367188,
    1023.9607543945312
  ],
  "class": 7,
  "confidence": 0.6019397974014282,
  "uncertainty": 0.3368007404143245
}