{
  "image": "data\\raw\\images\\train\\F_2_3_424.jpg",
  "box": [
    1045.0634765625,
    410.4081115722656,
    1551.7825927734375,
    879.6488037109375
  ],
  "class": 2,
  "confidence": 0.8953302502632141,
  "uncertainty": 0.09035790020214224
}