{
  "image": "data\\raw\\images\\train\\F_2_1_318.jpg",
  "box": [
    1614.620361328125,
    413.40106201171875,
    1685.83154296875,
    473.682861328125
  ],
  "class": 2,
  "confidence": 0.6693291664123535,
  "uncertainty": 0.239409527328457
}