{
  "image": "data\\raw\\images\\train\\F_2_7_2005.jpg",
  "box": [
    0.45384979248046875,
    359.32305908203125,
    200.8455810546875,
    723.51171875
  ],
  "class": 2,
  "confidence": 0.7089197635650635,
  "uncertainty": 0.4080695482709425
}