{
  "image": "data\\raw\\images\\train\\F_2_11_680.jpg",
  "box": [
    1436.64990234375,
    479.17437744140625,
    1463.2371826171875,
    527.096435546875
  ],
  "class": 3,
  "confidence": 0.4858357906341553,
  "uncertainty": 0.3829809891309078
}