{
  "image": "data\\raw\\images\\train\\F_2_2_1187.jpg",
  "box": [
    1.2271270751953125,
    523.2625122070312,
    461.20208740234375,
    1066.384765625
  ],
  "class": 2,
  "confidence": 0.9262732863426208,
  "uncertainty": 0.12115798095933694
}