{
  "image": "data\\raw\\images\\train\\F_2_2_1609.jpg",
  "box": [
    1025.94970703125,
    425.426513671875,
    1244.960205078125,
    612.2103881835938
  ],
  "class": 2,
  "confidence": 0.8541795015335083,
  "uncertainty": 0.18646319726635763
}