{
  "image": "data\\raw\\images\\train\\F_2_9_72.jpg",
  "box": [
    24.53375244140625,
    477.6960754394531,
    199.6409912109375,
    681.975341796875
  ],
  "class": 2,
  "confidence": 0.4178856313228607,
  "uncertainty": 0.3458625020710032
}