{
  "image": "data\\raw\\images\\train\\F_2_3_393.jpg",
  "box": [
    833.51953125,
    415.53277587890625,
    1408.01171875,
    952.6263427734375
  ],
  "class": 2,
  "confidence": 0.8939094543457031,
  "uncertainty": 0.1433286746362942
}