{
  "image": "data\\raw\\images\\train\\F_2_3_255.jpg",
  "box": [
    1889.2760009765625,
    538.00146484375,
    1919.2781982421875,
    602.380615234375
  ],
  "class": 3,
  "confidence": 0.45605626702308655,
  "uncertainty": 0.38138606174471734
}