{
  "image": "data\\raw\\images\\train\\F_2_1_849.jpg",
  "box": [
    800.1143798828125,
    441.120361328125,
    952.3914794921875,
    565.4508056640625
  ],
  "class": 2,
  "confidence": 0.8379030823707581,
  "uncertainty": 0.1634160821105081
}