{
  "image": "data\\raw\\images\\train\\F_2_2_179.jpg",
  "box": [
    653.2025756835938,
    435.53045654296875,
    1028.15869140625,
    886.8037719726562
  ],
  "class": 7,
  "confidence": 0.674430251121521,
  "uncertainty": 0.3080512329172251
}