{
  "image": "data\\raw\\images\\train\\F_2_6_439.jpg",
  "box": [
    0.0928487777709961,
    492.82177734375,
    26.28054428100586,
    609.640869140625
  ],
  "class": 3,
  "confidence": 0.5319293737411499,
  "uncertainty": 0.4373810806046147
}