{
  "image": "data\\raw\\images\\train\\F_2_3_183.jpg",
  "box": [
    218.30722045898438,
    396.9335632324219,
    334.5824890136719,
    487.18597412109375
  ],
  "class": 7,
  "confidence": 0.5424777269363403,
  "uncertainty": 0.37291904953878413
}