{
  "image": "data\\raw\\images\\train\\F_2_2_1039.jpg",
  "box": [
    964.5323486328125,
    436.2651672363281,
    1098.9339599609375,
    465.706787109375
  ],
  "class": 2,
  "confidence": 0.31571537256240845,
  "uncertainty": 0.44918675392225255
}