{
  "image": "data\\raw\\images\\train\\F_2_1_741.jpg",
  "box": [
    920.8222045898438,
    493.4526672363281,
    943.5997924804688,
    523.3397827148438
  ],
  "class": 3,
  "confidence": 0.34218329191207886,
  "uncertainty": 0.44628472515825013
}