{
  "image": "data\\raw\\images\\train\\F_2_9_1524.jpg",
  "box": [
    467.58270263671875,
    389.73724365234375,
    720.7673950195312,
    806.9708862304688
  ],
  "class": 7,
  "confidence": 0.551945686340332,
  "uncertainty": 0.36121118848598394
}