{
  "image": "data\\raw\\images\\train\\F_2_11_170.jpg",
  "box": [
    0.5301589965820312,
    518.2662963867188,
    198.02476501464844,
    1041.661865234375
  ],
  "class": 2,
  "confidence": 0.9161083102226257,
  "uncertainty": 0.14920878165746343
}