{
  "image": "data\\raw\\images\\train\\F_2_2_864.jpg",
  "box": [
    989.9016723632812,
    540.69287109375,
    1037.21923828125,
    620.9144897460938
  ],
  "class": 3,
  "confidence": 0.6575137376785278,
  "uncertainty": 0.3600964904594433
}