{
  "image": "data\\raw\\images\\train\\F_2_2_1680.jpg",
  "box": [
    403.6586608886719,
    609.0316772460938,
    524.7064208984375,
    806.0306396484375
  ],
  "class": 3,
  "confidence": 0.7549791932106018,
  "uncertainty": 0.289797682891221
}