{
  "image": "data\\raw\\images\\train\\F_2_7_1518.jpg",
  "box": [
    0.3979911804199219,
    470.8202819824219,
    145.1446533203125,
    991.2652587890625
  ],
  "class": 2,
  "confidence": 0.8883402943611145,
  "uncertainty": 0.17602316179194383
}