{
  "image": "data\\raw\\images\\train\\F_2_1_417.jpg",
  "box": [
    882.5587158203125,
    439.5013732910156,
    1001.55419921875,
    549.85888671875
  ],
  "class": 2,
  "confidence": 0.5609914660453796,
  "uncertainty": 0.2617415661194756
}