{
  "image": "data\\raw\\images\\train\\F_2_6_893.jpg",
  "box": [
    977.3946533203125,
    445.19366455078125,
    1170.916259765625,
    609.9614868164062
  ],
  "class": 2,
  "confidence": 0.8347130417823792,
  "uncertainty": 0.15335004145908313
}