{
  "image": "data\\raw\\images\\train\\F_2_9_2216.jpg",
  "box": [
    542.1905517578125,
    454.29510498046875,
    865.5349731445312,
    734.7855834960938
  ],
  "class": 2,
  "confidence": 0.8707783818244934,
  "uncertainty": 0.1882603448478659
}