{
  "image": "data\\raw\\images\\train\\F_2_2_887.jpg",
  "box": [
    717.98779296875,
    427.27880859375,
    844.8436889648438,
    571.6869506835938
  ],
  "class": 5,
  "confidence": 0.42706137895584106,
  "uncertainty": 0.41044922559866925
}