{
  "image": "data\\raw\\images\\train\\F_2_7_1726.jpg",
  "box": [
    1025.1854248046875,
    559.7515869140625,
    1084.6517333984375,
    664.0552978515625
  ],
  "class": 3,
  "confidence": 0.512738823890686,
  "uncertainty": 0.45268276041871747
}