{
  "image": "data\\raw\\images\\train\\F_2_4_254.jpg",
  "box": [
    0.0,
    760.1414794921875,
    205.9438934326172,
    1073.7264404296875
  ],
  "class": 3,
  "confidence": 0.62697833776474,
  "uncertainty": 0.4044722566548407
}