{
  "image": "data\\raw\\images\\train\\F_2_1_1080.jpg",
  "box": [
    438.7370910644531,
    567.1199340820312,
    495.0431213378906,
    654.5414428710938
  ],
  "class": 3,
  "confidence": 0.5569437146186829,
  "uncertainty": 0.38868314841275353
}