{
  "image": "data\\raw\\images\\train\\F_2_7_2347.jpg",
  "box": [
    255.6595458984375,
    477.29425048828125,
    684.0488891601562,
    835.0991821289062
  ],
  "class": 2,
  "confidence": 0.9222889542579651,
  "uncertainty": 0.13273411245077343
}