{
  "image": "data\\raw\\images\\train\\F_2_9_2214.jpg",
  "box": [
    905.30322265625,
    461.85296630859375,
    944.9365234375,
    508.36981201171875
  ],
  "class": 2,
  "confidence": 0.5500060319900513,
  "uncertainty": 0.2564700751787591
}