{
  "image": "data\\raw\\images\\train\\F_2_4_265.jpg",
  "box": [
    1084.1915283203125,
    624.9702758789062,
    1266.138916015625,
    923.5880126953125
  ],
  "class": 3,
  "confidence": 0.6913986802101135,
  "uncertainty": 0.37387707354809696
}