{
  "image": "data\\raw\\images\\train\\F_2_2_1107.jpg",
  "box": [
    1817.725341796875,
    555.100830078125,
    1918.9866943359375,
    984.9596557617188
  ],
  "class": 2,
  "confidence": 0.8539999127388,
  "uncertainty": 0.1713415601890656
}