{
  "image": "data\\raw\\images\\train\\F_2_7_886.jpg",
  "box": [
    1089.650146484375,
    484.18377685546875,
    1407.90771484375,
    800.5872802734375
  ],
  "class": 2,
  "confidence": 0.8462555408477783,
  "uncertainty": 0.1823048201940652
}