{
  "image": "data\\raw\\images\\train\\F_2_3_252.jpg",
  "box": [
    1609.18115234375,
    646.3380126953125,
    1811.82470703125,
    906.7308349609375
  ],
  "class": 3,
  "confidence": 0.29556477069854736,
  "uncertainty": 0.48489516468635124
}