{
  "image": "data\\raw\\images\\train\\F_2_8_1110.jpg",
  "box": [
    485.66998291015625,
    417.3175048828125,
    1919.3668212890625,
    1068.6904296875
  ],
  "class": 2,
  "confidence": 0.9523298740386963,
  "uncertainty": 0.10719852257848765
}