{
  "image": "data\\raw\\images\\train\\F_2_7_1985.jpg",
  "box": [
    354.9005432128906,
    420.54254150390625,
    436.29913330078125,
    443.09381103515625
  ],
  "class": 2,
  "confidence": 0.3092198371887207,
  "uncertainty": 0.3783344642814712
}