{
  "image": "data\\raw\\images\\train\\F_2_11_51.jpg",
  "box": [
    324.81085205078125,
    373.5413818359375,
    723.9928588867188,
    779.7557373046875
  ],
  "class": 7,
  "confidence": 0.9080982208251953,
  "uncertainty": 0.21530720037300977
}