{
  "image": "data\\raw\\images\\train\\F_2_2_33.jpg",
  "box": [
    1373.06884765625,
    526.390625,
    1713.0582275390625,
    701.60498046875
  ],
  "class": 2,
  "confidence": 0.8170152902603149,
  "uncertainty": 0.1460683339539443
}