{
  "image": "data\\raw\\images\\train\\F_2_6_1143.jpg",
  "box": [
    319.2396545410156,
    580.2518920898438,
    489.37225341796875,
    812.31298828125
  ],
  "class": 3,
  "confidence": 0.8440840840339661,
  "uncertainty": 0.2575802012134073
}