{
  "image": "data\\raw\\images\\train\\F_2_6_1833.jpg",
  "box": [
    1440.086669921875,
    441.8220520019531,
    1680.486572265625,
    892.0175170898438
  ],
  "class": 3,
  "confidence": 0.6932775378227234,
  "uncertainty": 0.33676271540575836
}