{
  "image": "data\\raw\\images\\train\\F_2_4_177.jpg",
  "box": [
    395.9176940917969,
    601.6137084960938,
    500.0331115722656,
    736.4760131835938
  ],
  "class": 3,
  "confidence": 0.6699169278144836,
  "uncertainty": 0.39678084488653914
}