{
  "image": "data\\raw\\images\\train\\F_2_7_431.jpg",
  "box": [
    803.260986328125,
    347.7737731933594,
    960.9937133789062,
    467.09088134765625
  ],
  "class": 7,
  "confidence": 0.5265020728111267,
  "uncertainty": 0.3589310869587504
}