{
  "image": "data\\raw\\images\\train\\F_2_6_457.jpg",
  "box": [
    1289.14990234375,
    426.77044677734375,
    1409.47607421875,
    528.9197998046875
  ],
  "class": 2,
  "confidence": 0.4324903190135956,
  "uncertainty": 0.3811678140857418
}