{
  "image": "data\\raw\\images\\train\\F_2_3_629.jpg",
  "box": [
    1473.50439453125,
    637.1925048828125,
    1605.17626953125,
    867.7743530273438
  ],
  "class": 3,
  "confidence": 0.7435535192489624,
  "uncertainty": 0.3279456683387105
}