{
  "image": "data\\raw\\images\\train\\F_2_7_1684.jpg",
  "box": [
    22.509750366210938,
    444.5653381347656,
    245.61776733398438,
    837.86376953125
  ],
  "class": 2,
  "confidence": 0.6055397987365723,
  "uncertainty": 0.28745115185069975
}