{
  "image": "data\\raw\\images\\train\\F_2_8_837.jpg",
  "box": [
    1822.4150390625,
    526.714599609375,
    1919.03173828125,
    667.1182250976562
  ],
  "class": 2,
  "confidence": 0.6774037480354309,
  "uncertainty": 0.25660197724653644
}