{
  "image": "data\\raw\\images\\train\\F_2_11_164.jpg",
  "box": [
    946.3505859375,
    360.7672119140625,
    1124.9329833984375,
    570.6002197265625
  ],
  "class": 7,
  "confidence": 0.7949341535568237,
  "uncertainty": 0.24900779538461798
}