{
  "image": "data\\raw\\images\\train\\F_2_9_3026.jpg",
  "box": [
    1760.0716552734375,
    521.534423828125,
    1811.7744140625,
    611.1680908203125
  ],
  "class": 3,
  "confidence": 0.39807987213134766,
  "uncertainty": 0.44887462087944857
}