{
  "image": "data\\raw\\images\\train\\F_2_6_1082.jpg",
  "box": [
    1414.514892578125,
    516.2774658203125,
    1462.57958984375,
    595.484130859375
  ],
  "class": 2,
  "confidence": 0.6026148200035095,
  "uncertainty": 0.26086708442237605
}