{
  "image": "data\\raw\\images\\train\\F_2_2_1692.jpg",
  "box": [
    0.609832763671875,
    314.5221862792969,
    392.3328552246094,
    1067.76513671875
  ],
  "class": 5,
  "confidence": 0.26816830039024353,
  "uncertainty": 0.44608738246850765
}