{
  "image": "data\\raw\\images\\train\\F_2_7_1571.jpg",
  "box": [
    1256.58935546875,
    579.285888671875,
    1371.555908203125,
    785.305908203125
  ],
  "class": 3,
  "confidence": 0.625861406326294,
  "uncertainty": 0.44303871576394777
}