{
  "image": "data\\raw\\images\\train\\F_2_2_317.jpg",
  "box": [
    561.9472045898438,
    487.15936279296875,
    606.5322875976562,
    546.8431396484375
  ],
  "class": 3,
  "confidence": 0.6851252913475037,
  "uncertainty": 0.3152079176831516
}