{
  "image": "data\\raw\\images\\train\\F_2_1_700.jpg",
  "box": [
    807.1556396484375,
    478.45458984375,
    858.279052734375,
    526.1588745117188
  ],
  "class": 2,
  "confidence": 0.579542875289917,
  "uncertainty": 0.2728417643110995
}