{
  "image": "data\\raw\\images\\train\\F_2_6_1624.jpg",
  "box": [
    421.15283203125,
    810.1690673828125,
    763.1424560546875,
    1071.7564697265625
  ],
  "class": 3,
  "confidence": 0.7515125274658203,
  "uncertainty": 0.2986238252133252
}