{
  "image": "data\\raw\\images\\train\\F_2_7_354.jpg",
  "box": [
    1665.4017333984375,
    609.761474609375,
    1919.4627685546875,
    897.0189208984375
  ],
  "class": 3,
  "confidence": 0.8694948554039001,
  "uncertainty": 0.29604230782407326
}