{
  "image": "data\\raw\\images\\train\\F_2_1_164.jpg",
  "box": [
    917.1009521484375,
    382.1973876953125,
    1147.67919921875,
    630.3690185546875
  ],
  "class": 7,
  "confidence": 0.6592410802841187,
  "uncertainty": 0.32338101694644145
}