{
  "image": "data\\raw\\images\\train\\F_2_8_956.jpg",
  "box": [
    1187.0472412109375,
    437.03631591796875,
    1299.5780029296875,
    493.49395751953125
  ],
  "class": 2,
  "confidence": 0.28555870056152344,
  "uncertainty": 0.479828885680797
}