{
  "image": "data\\raw\\images\\train\\F_2_1_675.jpg",
  "box": [
    485.8475646972656,
    523.8989868164062,
    539.1337890625,
    595.3590087890625
  ],
  "class": 3,
  "confidence": 0.5982058048248291,
  "uncertainty": 0.36258513200669085
}