{
  "image": "data\\raw\\images\\train\\F_2_6_34.jpg",
  "box": [
    1621.0894775390625,
    309.8613586425781,
    1919.1185302734375,
    822.509765625
  ],
  "class": 7,
  "confidence": 0.9344869256019592,
  "uncertainty": 0.19795335465419422
}