{
  "image": "data\\raw\\images\\train\\F_2_2_1364.jpg",
  "box": [
    1197.06201171875,
    487.3759460449219,
    1262.696533203125,
    574.7532958984375
  ],
  "class": 2,
  "confidence": 0.5927239060401917,
  "uncertainty": 0.3091517832520581
}