{
  "image": "data\\raw\\images\\train\\F_2_9_1526.jpg",
  "box": [
    312.45428466796875,
    691.0994873046875,
    499.2792663574219,
    945.8560180664062
  ],
  "class": 3,
  "confidence": 0.7231556177139282,
  "uncertainty": 0.3005685946574818
}