{
  "image": "data\\raw\\images\\train\\F_2_1_742.jpg",
  "box": [
    1036.1993408203125,
    503.9841613769531,
    1058.1873779296875,
    536.3629150390625
  ],
  "class": 3,
  "confidence": 0.40120863914489746,
  "uncertainty": 0.4268693974115219
}