{
  "image": "data\\raw\\images\\train\\F_2_8_893.jpg",
  "box": [
    633.314697265625,
    565.45751953125,
    737.4527587890625,
    670.07763671875
  ],
  "class": 3,
  "confidence": 0.42531195282936096,
  "uncertainty": 0.4338582958871239
}