{
  "image": "data\\raw\\images\\train\\F_2_5_328.jpg",
  "box": [
    1799.45068359375,
    533.5758056640625,
    1907.646240234375,
    655.4334716796875
  ],
  "class": 3,
  "confidence": 0.37595948576927185,
  "uncertainty": 0.4533896436619268
}