{
  "image": "data\\raw\\images\\train\\F_2_8_831.jpg",
  "box": [
    1715.9080810546875,
    499.9812927246094,
    1907.7425537109375,
    622.7008056640625
  ],
  "class": 2,
  "confidence": 0.8239247798919678,
  "uncertainty": 0.1812012554522867
}