{
  "image": "data\\raw\\images\\train\\F_2_5_22.jpg",
  "box": [
    710.5625610351562,
    511.0412292480469,
    795.380126953125,
    598.3314208984375
  ],
  "class": 2,
  "confidence": 0.4127286672592163,
  "uncertainty": 0.3993149288160228
}