{
  "image": "data\\raw\\images\\train\\F_2_9_579.jpg",
  "box": [
    1099.7447509765625,
    537.2130126953125,
    1177.83203125,
    661.9447021484375
  ],
  "class": 3,
  "confidence": 0.7070143222808838,
  "uncertainty": 0.2938740013296543
}