{
  "image": "data\\raw\\images\\train\\F_2_3_98.jpg",
  "box": [
    0.38433837890625,
    511.9811096191406,
    138.33067321777344,
    913.630126953125
  ],
  "class": 2,
  "confidence": 0.8972461223602295,
  "uncertainty": 0.16652932849055502
}