{
  "image": "data\\raw\\images\\train\\F_2_1_880.jpg",
  "box": [
    291.78033447265625,
    375.624755859375,
    459.6856384277344,
    482.99139404296875
  ],
  "class": 5,
  "confidence": 0.7885647416114807,
  "uncertainty": 0.24324707521202862
}