{
  "image": "data\\raw\\images\\train\\F_2_6_857.jpg",
  "box": [
    1666.18408203125,
    547.2877807617188,
    1919.167724609375,
    1069.231689453125
  ],
  "class": 2,
  "confidence": 0.9074391722679138,
  "uncertainty": 0.1478985540071215
}