{
  "image": "data\\raw\\images\\train\\F_2_2_96.jpg",
  "box": [
    156.11997985839844,
    430.6980285644531,
    348.71624755859375,
    660.6417236328125
  ],
  "class": 7,
  "confidence": 0.5137203931808472,
  "uncertainty": 0.3629371266116273
}