{
  "image": "data\\raw\\images\\train\\F_2_7_707.jpg",
  "box": [
    16.03644561767578,
    376.4288635253906,
    138.32884216308594,
    486.4071350097656
  ],
  "class": 2,
  "confidence": 0.5085252523422241,
  "uncertainty": 0.41595607537317214
}