{
  "image": "data\\raw\\images\\train\\F_2_1_422.jpg",
  "box": [
    1291.5230712890625,
    309.84967041015625,
    1687.212158203125,
    636.4212646484375
  ],
  "class": 5,
  "confidence": 0.9295134544372559,
  "uncertainty": 0.18355567793340652
}