{
  "image": "data\\raw\\images\\train\\F_2_8_1310.jpg",
  "box": [
    0.5073795318603516,
    443.7422790527344,
    68.33009338378906,
    664.0091552734375
  ],
  "class": 2,
  "confidence": 0.7618748545646667,
  "uncertainty": 0.2339470743819544
}