{
  "image": "data\\raw\\images\\train\\F_2_1_902.jpg",
  "box": [
    1483.371826171875,
    398.4232177734375,
    1598.326171875,
    508.7061767578125
  ],
  "class": 5,
  "confidence": 0.7527185082435608,
  "uncertainty": 0.24293695718514136
}