{
  "image": "data\\raw\\images\\train\\F_2_1_161.jpg",
  "box": [
    1688.2855224609375,
    472.36505126953125,
    1868.7425537109375,
    651.5623168945312
  ],
  "class": 2,
  "confidence": 0.4506545066833496,
  "uncertainty": 0.3966329789159223
}