{
  "image": "data\\raw\\images\\train\\F_2_8_935.jpg",
  "box": [
    1199.30419921875,
    442.187255859375,
    1307.5162353515625,
    517.8737182617188
  ],
  "class": 7,
  "confidence": 0.4759344756603241,
  "uncertainty": 0.4231932710601308
}