{
  "image": "data\\raw\\images\\train\\F_2_1_349.jpg",
  "box": [
    1110.546630859375,
    419.6620788574219,
    1186.138671875,
    502.1865234375
  ],
  "class": 7,
  "confidence": 0.5024530291557312,
  "uncertainty": 0.4405636731338465
}