{
  "image": "data\\raw\\images\\train\\F_2_7_1616.jpg",
  "box": [
    0.11545944213867188,
    511.2135314941406,
    25.324996948242188,
    872.134765625
  ],
  "class": 2,
  "confidence": 0.5100632309913635,
  "uncertainty": 0.449158792277317
}