{
  "image": "data\\raw\\images\\train\\F_2_2_256.jpg",
  "box": [
    235.98028564453125,
    504.7651062011719,
    294.1002502441406,
    569.1666259765625
  ],
  "class": 2,
  "confidence": 0.3063869774341583,
  "uncertainty": 0.3822356096970102
}