{
  "image": "data\\raw\\images\\train\\F_2_1_661.jpg",
  "box": [
    1590.9765625,
    440.607421875,
    1649.099365234375,
    500.3984069824219
  ],
  "class": 2,
  "confidence": 0.6207051873207092,
  "uncertainty": 0.2463605605992234
}