{
  "image": "data\\raw\\images\\train\\F_2_2_412.jpg",
  "box": [
    861.1688232421875,
    31.77275848388672,
    1491.648193359375,
    757.8389892578125
  ],
  "class": 7,
  "confidence": 0.9404902458190918,
  "uncertainty": 0.19871986538044367
}