{
  "image": "data\\raw\\images\\train\\F_2_1_102.jpg",
  "box": [
    718.8468017578125,
    461.13970947265625,
    784.960693359375,
    536.9037475585938
  ],
  "class": 2,
  "confidence": 0.3081727623939514,
  "uncertainty": 0.38993422348849704
}