{
  "image": "data\\raw\\images\\train\\F_2_1_390.jpg",
  "box": [
    765.9344482421875,
    528.6988525390625,
    812.5958862304688,
    591.0843505859375
  ],
  "class": 3,
  "confidence": 0.6809679269790649,
  "uncertainty": 0.3182445665607932
}