{
  "image": "data\\raw\\images\\train\\F_2_2_246.jpg",
  "box": [
    1845.2391357421875,
    261.0722351074219,
    1919.2481689453125,
    681.2978515625
  ],
  "class": 7,
  "confidence": 0.47255462408065796,
  "uncertainty": 0.4236695121267126
}