{
  "image": "data\\raw\\images\\train\\F_2_7_1786.jpg",
  "box": [
    159.98460388183594,
    378.167724609375,
    406.52392578125,
    631.4328002929688
  ],
  "class": 2,
  "confidence": 0.8650873303413391,
  "uncertainty": 0.2080362062763884
}