{
  "image": "data\\raw\\images\\train\\F_2_1_940.jpg",
  "box": [
    1486.222900390625,
    440.33697509765625,
    1581.07373046875,
    546.3803100585938
  ],
  "class": 7,
  "confidence": 0.763948380947113,
  "uncertainty": 0.2521332310172246
}