{
  "image": "data\\raw\\images\\train\\F_2_1_149.jpg",
  "box": [
    1191.131591796875,
    440.55035400390625,
    1341.3740234375,
    611.0462646484375
  ],
  "class": 2,
  "confidence": 0.3416232466697693,
  "uncertainty": 0.3757157761537298
}