{
  "image": "data\\raw\\images\\train\\F_2_8_760.jpg",
  "box": [
    281.47283935546875,
    362.2511901855469,
    738.4850463867188,
    948.4259033203125
  ],
  "class": 5,
  "confidence": 0.6146027445793152,
  "uncertainty": 0.3185480239366294
}