{
  "image": "data\\raw\\images\\train\\F_2_1_558.jpg",
  "box": [
    684.6095581054688,
    432.7749938964844,
    756.942626953125,
    516.724853515625
  ],
  "class": 7,
  "confidence": 0.5317102074623108,
  "uncertainty": 0.3694513422066769
}