{
  "image": "data\\raw\\images\\train\\F_2_3_119.jpg",
  "box": [
    802.6810913085938,
    479.7166442871094,
    876.9158935546875,
    549.3477783203125
  ],
  "class": 2,
  "confidence": 0.26505255699157715,
  "uncertainty": 0.4450252487738123
}