{
  "image": "data\\raw\\images\\train\\F_2_7_1656.jpg",
  "box": [
    0.90765380859375,
    408.0187683105469,
    345.28997802734375,
    999.1891479492188
  ],
  "class": 2,
  "confidence": 0.882573127746582,
  "uncertainty": 0.15124947176856546
}