{
  "image": "data\\raw\\images\\train\\F_2_1_759.jpg",
  "box": [
    976.3745727539062,
    570.1307373046875,
    1012.8173217773438,
    621.94970703125
  ],
  "class": 3,
  "confidence": 0.6086045503616333,
  "uncertainty": 0.3468160573016821
}