{
  "image": "data\\raw\\images\\train\\F_2_8_911.jpg",
  "box": [
    1773.5606689453125,
    481.1846923828125,
    1918.2696533203125,
    536.8302612304688
  ],
  "class": 2,
  "confidence": 0.4994518756866455,
  "uncertainty": 0.34587453084448555
}