{
  "image": "data\\raw\\images\\train\\F_2_9_339.jpg",
  "box": [
    1064.4434814453125,
    473.920166015625,
    1124.70458984375,
    544.0988159179688
  ],
  "class": 2,
  "confidence": 0.49080216884613037,
  "uncertainty": 0.2983542056535282
}