{
  "image": "data\\raw\\images\\train\\F_2_1_365.jpg",
  "box": [
    764.619140625,
    566.25341796875,
    831.0098876953125,
    653.9049072265625
  ],
  "class": 3,
  "confidence": 0.7503455281257629,
  "uncertainty": 0.30331597378381336
}