{
  "image": "data\\raw\\images\\train\\F_2_9_902.jpg",
  "box": [
    0.3021240234375,
    384.1645202636719,
    1434.435791015625,
    1068.1768798828125
  ],
  "class": 2,
  "confidence": 0.9457575082778931,
  "uncertainty": 0.11431746194880074
}