{
  "image": "data\\raw\\images\\train\\F_2_7_453.jpg",
  "box": [
    0.7567291259765625,
    481.60968017578125,
    676.0156860351562,
    1063.4095458984375
  ],
  "class": 2,
  "confidence": 0.9444810748100281,
  "uncertainty": 0.10506511517612677
}