{
  "image": "data\\raw\\images\\train\\F_2_9_407.jpg",
  "box": [
    1212.230712890625,
    412.1296691894531,
    1351.1627197265625,
    523.5306396484375
  ],
  "class": 2,
  "confidence": 0.48223504424095154,
  "uncertainty": 0.36299094261595094
}