{
  "image": "data\\raw\\images\\train\\F_2_2_773.jpg",
  "box": [
    368.6185302734375,
    505.10211181640625,
    598.8683471679688,
    768.0252685546875
  ],
  "class": 2,
  "confidence": 0.7654656767845154,
  "uncertainty": 0.2463867797342611
}