{
  "image": "data\\raw\\images\\train\\F_2_2_272.jpg",
  "box": [
    574.5851440429688,
    471.57568359375,
    632.5471801757812,
    565.4558715820312
  ],
  "class": 3,
  "confidence": 0.6230559349060059,
  "uncertainty": 0.3757658447439793
}