{
  "image": "data\\raw\\images\\train\\F_2_5_87.jpg",
  "box": [
    503.0536193847656,
    386.53790283203125,
    710.7437744140625,
    644.7468872070312
  ],
  "class": 2,
  "confidence": 0.6297367811203003,
  "uncertainty": 0.29862021723481746
}