{
  "image": "data\\raw\\images\\train\\F_2_2_241.jpg",
  "box": [
    1833.7060546875,
    431.9504699707031,
    1919.1361083984375,
    517.406494140625
  ],
  "class": 5,
  "confidence": 0.4234166145324707,
  "uncertainty": 0.41127913259573456
}