{
  "image": "data\\raw\\images\\train\\F_2_3_424.jpg",
  "box": [
    982.4181518554688,
    370.65692138671875,
    1146.166748046875,
    469.7205505371094
  ],
  "class": 5,
  "confidence": 0.6404556035995483,
  "uncertainty": 0.3035764204484761
}