{
  "image": "data\\raw\\images\\train\\F_2_6_1505.jpg",
  "box": [
    1147.7061767578125,
    301.65673828125,
    1919.507080078125,
    1064.8204345703125
  ],
  "class": 7,
  "confidence": 0.5436832308769226,
  "uncertainty": 0.3608710317722616
}