{
  "image": "data\\raw\\images\\train\\F_2_8_718.jpg",
  "box": [
    1038.6468505859375,
    420.20526123046875,
    1216.652587890625,
    880.7069091796875
  ],
  "class": 2,
  "confidence": 0.48103028535842896,
  "uncertainty": 0.331356302255118
}