{
  "image": "data\\raw\\images\\train\\F_2_2_896.jpg",
  "box": [
    739.6554565429688,
    389.16046142578125,
    1195.9779052734375,
    797.7105102539062
  ],
  "class": 2,
  "confidence": 0.8935458064079285,
  "uncertainty": 0.13484256558734783
}