{
  "image": "data\\raw\\images\\train\\F_2_9_339.jpg",
  "box": [
    315.1729431152344,
    492.4324035644531,
    518.1633911132812,
    613.803466796875
  ],
  "class": 2,
  "confidence": 0.28200653195381165,
  "uncertainty": 0.43676163961851416
}