{
  "image": "data\\raw\\images\\train\\F_2_1_573.jpg",
  "box": [
    1235.167236328125,
    351.9383239746094,
    1382.78955078125,
    552.3692626953125
  ],
  "class": 5,
  "confidence": 0.25594380497932434,
  "uncertainty": 0.46381040427117465
}