{
  "image": "data\\raw\\images\\train\\F_2_9_982.jpg",
  "box": [
    677.1490478515625,
    488.73516845703125,
    848.071533203125,
    618.2548217773438
  ],
  "class": 2,
  "confidence": 0.8198432922363281,
  "uncertainty": 0.15598247535726967
}