{
  "image": "data\\raw\\images\\train\\F_2_2_184.jpg",
  "box": [
    1336.806640625,
    462.0370788574219,
    1455.06298828125,
    557.23583984375
  ],
  "class": 2,
  "confidence": 0.37320610880851746,
  "uncertainty": 0.37136523642499786
}