{
  "image": "data\\raw\\images\\train\\F_2_11_170.jpg",
  "box": [
    1001.6412353515625,
    425.4766845703125,
    1054.438232421875,
    472.60565185546875
  ],
  "class": 2,
  "confidence": 0.3012445867061615,
  "uncertainty": 0.4350686713511476
}