{
  "image": "data\\raw\\images\\train\\F_2_1_661.jpg",
  "box": [
    953.7218017578125,
    408.12066650390625,
    1008.3648681640625,
    444.51800537109375
  ],
  "class": 2,
  "confidence": 0.258552610874176,
  "uncertainty": 0.42646262385749334
}