{
  "image": "data\\raw\\images\\train\\F_2_2_767.jpg",
  "box": [
    551.443603515625,
    408.41595458984375,
    1075.982421875,
    458.858154296875
  ],
  "class": 2,
  "confidence": 0.36672812700271606,
  "uncertainty": 0.35586212560243313
}