{
  "image": "data\\raw\\images\\train\\F_2_9_982.jpg",
  "box": [
    910.0112915039062,
    425.34564208984375,
    1482.0908203125,
    1065.800537109375
  ],
  "class": 7,
  "confidence": 0.469082772731781,
  "uncertainty": 0.3903322929941008
}