{
  "image": "data\\raw\\images\\train\\F_2_3_393.jpg",
  "box": [
    241.81887817382812,
    503.5924072265625,
    327.65185546875,
    563.9151611328125
  ],
  "class": 2,
  "confidence": 0.2821129560470581,
  "uncertainty": 0.4186408000313447
}