{
  "image": "data\\raw\\images\\train\\F_2_1_809.jpg",
  "box": [
    1214.8521728515625,
    459.5973815917969,
    1245.873291015625,
    502.653076171875
  ],
  "class": 2,
  "confidence": 0.39278894662857056,
  "uncertainty": 0.3526030158538425
}