{
  "image": "data\\raw\\images\\train\\F_2_7_202.jpg",
  "box": [
    1670.705322265625,
    668.3507080078125,
    1850.957275390625,
    924.7571411132812
  ],
  "class": 3,
  "confidence": 0.8422638773918152,
  "uncertainty": 0.2602035558770124
}