{
  "image": "data\\raw\\images\\train\\F_2_4_950.jpg",
  "box": [
    1088.4136962890625,
    435.49859619140625,
    1186.710205078125,
    552.3453369140625
  ],
  "class": 7,
  "confidence": 0.33252498507499695,
  "uncertainty": 0.46632589651853934
}