{
  "image": "data\\raw\\images\\train\\F_2_7_182.jpg",
  "box": [
    108.97586059570312,
    404.99835205078125,
    736.8660278320312,
    998.5131225585938
  ],
  "class": 2,
  "confidence": 0.80133056640625,
  "uncertainty": 0.2094222032592358
}