{
  "image": "data\\raw\\images\\train\\F_2_1_180.jpg",
  "box": [
    4.84844970703125,
    433.3623046875,
    293.906982421875,
    760.4813232421875
  ],
  "class": 7,
  "confidence": 0.5652614831924438,
  "uncertainty": 0.3500297707919545
}