{
  "image": "data\\raw\\images\\train\\F_2_3_393.jpg",
  "box": [
    1645.5750732421875,
    484.31298828125,
    1919.422119140625,
    1000.4313354492188
  ],
  "class": 2,
  "confidence": 0.9008415937423706,
  "uncertainty": 0.1513254407714385
}