{
  "image": "data\\raw\\images\\train\\F_2_9_234.jpg",
  "box": [
    428.3008117675781,
    433.0626525878906,
    590.4442138671875,
    658.7825927734375
  ],
  "class": 2,
  "confidence": 0.508806049823761,
  "uncertainty": 0.308080961181236
}