{
  "image": "data\\raw\\images\\train\\F_2_1_790.jpg",
  "box": [
    619.28564453125,
    482.3104248046875,
    676.5224609375,
    527.0623168945312
  ],
  "class": 2,
  "confidence": 0.43091142177581787,
  "uncertainty": 0.31319013574935134
}