{
  "image": "data\\raw\\images\\train\\F_2_9_2352.jpg",
  "box": [
    383.54888916015625,
    446.77801513671875,
    469.489501953125,
    552.0879516601562
  ],
  "class": 2,
  "confidence": 0.375805139541626,
  "uncertainty": 0.3353636475803124
}