{
  "image": "data\\raw\\images\\train\\F_2_9_3016.jpg",
  "box": [
    652.1669311523438,
    416.21832275390625,
    855.3707885742188,
    573.2144775390625
  ],
  "class": 2,
  "confidence": 0.7804877161979675,
  "uncertainty": 0.17995624224993692
}