{
  "image": "data\\raw\\images\\train\\F_2_9_536.jpg",
  "box": [
    1710.8961181640625,
    657.580810546875,
    1917.2259521484375,
    888.4910888671875
  ],
  "class": 3,
  "confidence": 0.7674270272254944,
  "uncertainty": 0.31098437651453964
}