{
  "image": "data\\raw\\images\\train\\F_2_2_823.jpg",
  "box": [
    478.57550048828125,
    470.65118408203125,
    610.2772216796875,
    617.9437866210938
  ],
  "class": 2,
  "confidence": 0.695962131023407,
  "uncertainty": 0.23531216223481594
}