{
  "image": "data\\raw\\images\\train\\F_2_7_1790.jpg",
  "box": [
    585.3294677734375,
    381.21417236328125,
    650.020263671875,
    550.0478515625
  ],
  "class": 2,
  "confidence": 0.7113719582557678,
  "uncertainty": 0.25315977503099185
}