{
  "image": "data\\raw\\images\\train\\F_2_1_89.jpg",
  "box": [
    1062.5950927734375,
    431.8149719238281,
    1228.8929443359375,
    617.087158203125
  ],
  "class": 2,
  "confidence": 0.44277527928352356,
  "uncertainty": 0.34744523973443764
}