{
  "image": "data\\raw\\images\\train\\F_2_2_1073.jpg",
  "box": [
    1034.989990234375,
    463.2879638671875,
    1155.783203125,
    569.652099609375
  ],
  "class": 2,
  "confidence": 0.7869377136230469,
  "uncertainty": 0.17480756179908866
}