{
  "image": "data\\raw\\images\\train\\F_2_2_311.jpg",
  "box": [
    116.4148178100586,
    443.35711669921875,
    282.1861877441406,
    619.052734375
  ],
  "class": 2,
  "confidence": 0.8081569671630859,
  "uncertainty": 0.15138081256630806
}