{
  "image": "data\\raw\\images\\train\\F_2_2_1609.jpg",
  "box": [
    47.662559509277344,
    412.55145263671875,
    243.86151123046875,
    463.52728271484375
  ],
  "class": 2,
  "confidence": 0.5608871579170227,
  "uncertainty": 0.38566133004104436
}