{
  "image": "data\\raw\\images\\train\\F_2_9_3025.jpg",
  "box": [
    1076.203857421875,
    470.6933898925781,
    1178.3433837890625,
    556.606689453125
  ],
  "class": 2,
  "confidence": 0.7760720252990723,
  "uncertainty": 0.17192198280767623
}