{
  "image": "data\\raw\\images\\train\\F_2_1_60.jpg",
  "box": [
    1071.572021484375,
    280.9681396484375,
    1309.0133056640625,
    566.9996948242188
  ],
  "class": 7,
  "confidence": 0.8464915156364441,
  "uncertainty": 0.2854808739578699
}