{
  "image": "data\\raw\\images\\train\\F_2_5_16.jpg",
  "box": [
    1487.9168701171875,
    492.6669616699219,
    1561.609619140625,
    595.8212890625
  ],
  "class": 2,
  "confidence": 0.6430603265762329,
  "uncertainty": 0.30408182889415275
}