{
  "image": "data\\raw\\images\\train\\F_2_1_372.jpg",
  "box": [
    738.4903564453125,
    541.55419921875,
    794.7337646484375,
    625.3485717773438
  ],
  "class": 3,
  "confidence": 0.6124853491783142,
  "uncertainty": 0.34683871905718533
}