{
  "image": "data\\raw\\images\\train\\F_2_6_1848.jpg",
  "box": [
    1116.5841064453125,
    624.9952392578125,
    1193.7015380859375,
    788.6866455078125
  ],
  "class": 3,
  "confidence": 0.31036749482154846,
  "uncertainty": 0.46909587015734466
}