{
  "image": "data\\raw\\images\\train\\F_2_2_939.jpg",
  "box": [
    1764.1748046875,
    468.9613037109375,
    1919.2099609375,
    1069.15478515625
  ],
  "class": 2,
  "confidence": 0.9226481318473816,
  "uncertainty": 0.1961258989234021
}