{
  "image": "data\\raw\\images\\train\\F_2_1_627.jpg",
  "box": [
    1107.999267578125,
    458.0738525390625,
    1208.0577392578125,
    580.4104614257812
  ],
  "class": 7,
  "confidence": 0.4146488308906555,
  "uncertainty": 0.41109297721107335
}