{
  "image": "data\\raw\\images\\train\\F_2_7_58.jpg",
  "box": [
    834.7893676757812,
    391.1260986328125,
    970.7213745117188,
    488.84051513671875
  ],
  "class": 5,
  "confidence": 0.4316747188568115,
  "uncertainty": 0.42559687850644784
}