{
  "image": "data\\raw\\images\\train\\F_2_8_1900.jpg",
  "box": [
    1345.0814208984375,
    565.1351928710938,
    1773.457763671875,
    1022.9739990234375
  ],
  "class": 3,
  "confidence": 0.9076142907142639,
  "uncertainty": 0.22226738950624542
}