{
  "image": "data\\raw\\images\\train\\F_2_2_1368.jpg",
  "box": [
    972.8975830078125,
    464.08245849609375,
    1058.5810546875,
    637.455322265625
  ],
  "class": 2,
  "confidence": 0.7607012987136841,
  "uncertainty": 0.22786435058212978
}