{
  "image": "data\\raw\\images\\train\\F_2_8_1544.jpg",
  "box": [
    1333.0198974609375,
    421.188720703125,
    1737.56884765625,
    821.7197265625
  ],
  "class": 2,
  "confidence": 0.8762751221656799,
  "uncertainty": 0.2056356132666116
}