{
  "image": "data\\raw\\images\\train\\F_2_2_426.jpg",
  "box": [
    891.45556640625,
    128.93087768554688,
    1436.822509765625,
    771.7025146484375
  ],
  "class": 7,
  "confidence": 0.9219601154327393,
  "uncertainty": 0.2256060112033566
}