{
  "image": "data\\raw\\images\\train\\F_2_2_1039.jpg",
  "box": [
    712.958251953125,
    429.7702331542969,
    895.4031372070312,
    614.72119140625
  ],
  "class": 2,
  "confidence": 0.8273601531982422,
  "uncertainty": 0.22342050399377805
}