{
  "image": "data\\raw\\images\\train\\F_2_7_1969.jpg",
  "box": [
    664.6397094726562,
    453.0831298828125,
    918.6663208007812,
    676.464111328125
  ],
  "class": 2,
  "confidence": 0.6941741108894348,
  "uncertainty": 0.2134821521802854
}