{
  "image": "data\\raw\\images\\train\\F_2_1_102.jpg",
  "box": [
    1524.3834228515625,
    494.0874938964844,
    1620.9539794921875,
    615.4366455078125
  ],
  "class": 7,
  "confidence": 0.25000062584877014,
  "uncertainty": 0.4964253729743891
}