{
  "image": "data\\raw\\images\\train\\F_2_7_829.jpg",
  "box": [
    872.87109375,
    498.326171875,
    952.1685791015625,
    572.1290283203125
  ],
  "class": 2,
  "confidence": 0.7431263327598572,
  "uncertainty": 0.18721371026073189
}