{
  "image": "data\\raw\\images\\train\\F_2_6_286.jpg",
  "box": [
    1128.02490234375,
    563.7734375,
    1211.83154296875,
    676.7114868164062
  ],
  "class": 3,
  "confidence": 0.4074547290802002,
  "uncertainty": 0.4417523880221497
}