{
  "image": "data\\raw\\images\\train\\F_2_1_362.jpg",
  "box": [
    15.903327941894531,
    441.8513488769531,
    283.06976318359375,
    764.9112548828125
  ],
  "class": 7,
  "confidence": 0.8633246421813965,
  "uncertainty": 0.22662422783381203
}