{
  "image": "data\\raw\\images\\train\\F_2_1_932.jpg",
  "box": [
    956.39599609375,
    576.4425048828125,
    1096.7498779296875,
    778.8052978515625
  ],
  "class": 3,
  "confidence": 0.5716232061386108,
  "uncertainty": 0.4105302074834348
}