{
  "image": "data\\raw\\images\\train\\F_2_6_977.jpg",
  "box": [
    1110.47705078125,
    559.2579345703125,
    1304.2042236328125,
    779.09228515625
  ],
  "class": 7,
  "confidence": 0.5628235340118408,
  "uncertainty": 0.34485711868791835
}