{
  "image": "data\\raw\\images\\train\\F_2_9_2322.jpg",
  "box": [
    382.7674560546875,
    378.18402099609375,
    738.4452514648438,
    751.52783203125
  ],
  "class": 7,
  "confidence": 0.9124724864959717,
  "uncertainty": 0.2522940417524578
}