{
  "image": "data\\raw\\images\\train\\F_2_11_738.jpg",
  "box": [
    920.4376831054688,
    506.4576416015625,
    969.1565551757812,
    573.9476318359375
  ],
  "class": 3,
  "confidence": 0.5830458998680115,
  "uncertainty": 0.3524646004824211
}