{
  "image": "data\\raw\\images\\train\\F_2_4_238.jpg",
  "box": [
    1.019622802734375,
    138.7576904296875,
    648.0532836914062,
    1067.3675537109375
  ],
  "class": 2,
  "confidence": 0.9376853108406067,
  "uncertainty": 0.11621360824426447
}