{
  "image": "data\\raw\\images\\train\\F_2_9_1916.jpg",
  "box": [
    623.9205322265625,
    560.259521484375,
    718.4798583984375,
    679.635498046875
  ],
  "class": 3,
  "confidence": 0.3517434895038605,
  "uncertainty": 0.48102070134475994
}