{
  "image": "data\\raw\\images\\train\\F_2_9_784.jpg",
  "box": [
    545.5543212890625,
    485.33221435546875,
    640.4271240234375,
    632.737060546875
  ],
  "class": 3,
  "confidence": 0.7378454804420471,
  "uncertainty": 0.3228501659496995
}