{
  "image": "data\\raw\\images\\train\\F_2_1_675.jpg",
  "box": [
    690.8436279296875,
    359.7001647949219,
    1126.41455078125,
    935.8009643554688
  ],
  "class": 7,
  "confidence": 0.8436613082885742,
  "uncertainty": 0.2552214787317373
}