{
  "image": "data\\raw\\images\\train\\F_2_1_875.jpg",
  "box": [
    323.1484680175781,
    614.44140625,
    444.38946533203125,
    810.761474609375
  ],
  "class": 3,
  "confidence": 0.7908455729484558,
  "uncertainty": 0.30178005029946103
}