{
  "image": "data\\raw\\images\\train\\F_2_9_3019.jpg",
  "box": [
    227.0120086669922,
    415.34967041015625,
    351.6639404296875,
    626.9820556640625
  ],
  "class": 2,
  "confidence": 0.5949805974960327,
  "uncertainty": 0.3132876890371468
}