{
  "image": "data\\raw\\images\\train\\F_2_2_1476.jpg",
  "box": [
    1366.5662841796875,
    379.2389831542969,
    1554.207763671875,
    886.7023315429688
  ],
  "class": 2,
  "confidence": 0.27143874764442444,
  "uncertainty": 0.47340545918967936
}