{
  "image": "data\\raw\\images\\train\\F_2_5_293.jpg",
  "box": [
    431.8838195800781,
    525.6474609375,
    497.3172912597656,
    627.3018798828125
  ],
  "class": 3,
  "confidence": 0.4718470275402069,
  "uncertainty": 0.42519727304535676
}