{
  "image": "data\\raw\\images\\train\\F_2_2_1022.jpg",
  "box": [
    1343.781005859375,
    408.5985107421875,
    1659.9415283203125,
    499.20294189453125
  ],
  "class": 2,
  "confidence": 0.2762725353240967,
  "uncertainty": 0.4394826410903497
}