{
  "image": "data\\raw\\images\\train\\F_2_10_186.jpg",
  "box": [
    289.59161376953125,
    350.4039001464844,
    519.3490600585938,
    542.6287841796875
  ],
  "class": 5,
  "confidence": 0.8807725310325623,
  "uncertainty": 0.1983622447804764
}