{
  "image": "data\\raw\\images\\train\\F_2_11_164.jpg",
  "box": [
    1281.73681640625,
    486.1128845214844,
    1413.510498046875,
    602.25927734375
  ],
  "class": 2,
  "confidence": 0.8144401907920837,
  "uncertainty": 0.16783511945398857
}