{
  "image": "data\\raw\\images\\train\\F_2_7_1630.jpg",
  "box": [
    978.4605102539062,
    454.4422302246094,
    1656.0413818359375,
    998.9071044921875
  ],
  "class": 2,
  "confidence": 0.9300441741943359,
  "uncertainty": 0.12217011434610092
}