{
  "image": "data\\raw\\images\\train\\F_2_5_6.jpg",
  "box": [
    1003.3370361328125,
    554.871826171875,
    1132.313232421875,
    772.347412109375
  ],
  "class": 3,
  "confidence": 0.8028127551078796,
  "uncertainty": 0.313584059924397
}