{
  "image": "data\\raw\\images\\train\\F_2_4_940.jpg",
  "box": [
    1075.9954833984375,
    525.4439697265625,
    1108.8453369140625,
    570.6796264648438
  ],
  "class": 3,
  "confidence": 0.6112353801727295,
  "uncertainty": 0.3580930921892644
}