{
  "image": "data\\raw\\images\\train\\F_2_9_332.jpg",
  "box": [
    711.9306640625,
    462.7050476074219,
    752.78515625,
    514.6195068359375
  ],
  "class": 3,
  "confidence": 0.5334824323654175,
  "uncertainty": 0.38707446743824087
}