{
  "image": "data\\raw\\images\\train\\F_2_2_779.jpg",
  "box": [
    931.2467651367188,
    147.19651794433594,
    1293.117431640625,
    490.23504638671875
  ],
  "class": 7,
  "confidence": 0.8027857542037964,
  "uncertainty": 0.2714783203072511
}