{
  "image": "data\\raw\\images\\train\\F_2_1_849.jpg",
  "box": [
    979.827392578125,
    434.88470458984375,
    1074.4775390625,
    522.9088134765625
  ],
  "class": 2,
  "confidence": 0.7643277645111084,
  "uncertainty": 0.20163133309961545
}