{
  "image": "data\\raw\\images\\train\\F_2_8_1796.jpg",
  "box": [
    619.7110595703125,
    348.53466796875,
    771.131591796875,
    546.2601928710938
  ],
  "class": 7,
  "confidence": 0.5295960307121277,
  "uncertainty": 0.40294812986843503
}