{
  "image": "data\\raw\\images\\train\\F_2_8_1310.jpg",
  "box": [
    665.3977661132812,
    407.0783386230469,
    803.6651000976562,
    542.3897705078125
  ],
  "class": 2,
  "confidence": 0.34550562500953674,
  "uncertainty": 0.37189781919983983
}