{
  "image": "data\\raw\\images\\train\\F_2_11_373.jpg",
  "box": [
    333.502685546875,
    373.22369384765625,
    380.3133850097656,
    430.12042236328125
  ],
  "class": 7,
  "confidence": 0.4111270308494568,
  "uncertainty": 0.40104341859128045
}