{
  "image": "data\\raw\\images\\train\\F_2_2_238.jpg",
  "box": [
    212.68844604492188,
    590.4547119140625,
    286.13958740234375,
    708.928466796875
  ],
  "class": 3,
  "confidence": 0.6550509929656982,
  "uncertainty": 0.34080506574514485
}