{
  "image": "data\\raw\\images\\train\\F_2_1_762.jpg",
  "box": [
    905.6632080078125,
    536.7706298828125,
    939.2606201171875,
    577.1836547851562
  ],
  "class": 3,
  "confidence": 0.551966667175293,
  "uncertainty": 0.37398361349262205
}