{
  "image": "data\\raw\\images\\train\\F_2_7_1757.jpg",
  "box": [
    0.5868873596191406,
    718.6212158203125,
    163.7099609375,
    1070.4444580078125
  ],
  "class": 2,
  "confidence": 0.8901168704032898,
  "uncertainty": 0.13765590096240887
}