{
  "image": "data\\raw\\images\\train\\F_2_1_450.jpg",
  "box": [
    861.1702880859375,
    471.46868896484375,
    895.437744140625,
    524.4449462890625
  ],
  "class": 3,
  "confidence": 0.5751960873603821,
  "uncertainty": 0.3640772023836376
}