{
  "image": "data\\raw\\images\\train\\F_2_2_1676.jpg",
  "box": [
    974.004638671875,
    448.8448791503906,
    1461.8800048828125,
    880.673828125
  ],
  "class": 2,
  "confidence": 0.9135943651199341,
  "uncertainty": 0.13554943369338177
}