{
  "image": "data\\raw\\images\\train\\F_2_6_145.jpg",
  "box": [
    0.12185096740722656,
    597.3353271484375,
    48.160457611083984,
    760.390380859375
  ],
  "class": 3,
  "confidence": 0.6696767210960388,
  "uncertainty": 0.3426933594248535
}