{
  "image": "data\\raw\\images\\train\\F_2_2_848.jpg",
  "box": [
    1246.2659912109375,
    574.8353271484375,
    1334.76708984375,
    725.983642578125
  ],
  "class": 3,
  "confidence": 0.7323428988456726,
  "uncertainty": 0.3140255079584262
}