{
  "image": "data\\raw\\images\\train\\F_2_2_784.jpg",
  "box": [
    628.5672607421875,
    499.00164794921875,
    840.0906372070312,
    719.5507202148438
  ],
  "class": 2,
  "confidence": 0.5969139337539673,
  "uncertainty": 0.2774161203128023
}