{
  "image": "data\\raw\\images\\train\\F_2_1_569.jpg",
  "box": [
    1488.344482421875,
    448.51446533203125,
    1590.5224609375,
    527.8974609375
  ],
  "class": 2,
  "confidence": 0.6179065108299255,
  "uncertainty": 0.29000328078011595
}