{
  "image": "data\\raw\\images\\train\\F_2_2_1401.jpg",
  "box": [
    1520.084228515625,
    336.2615661621094,
    1919.39892578125,
    1064.8095703125
  ],
  "class": 2,
  "confidence": 0.6636604070663452,
  "uncertainty": 0.23169237454309577
}