{
  "image": "data\\raw\\images\\train\\F_2_2_1001.jpg",
  "box": [
    1030.65966796875,
    479.40087890625,
    1219.5831298828125,
    640.3397827148438
  ],
  "class": 2,
  "confidence": 0.8480597138404846,
  "uncertainty": 0.1565403081861637
}