{
  "image": "data\\raw\\images\\train\\F_2_5_22.jpg",
  "box": [
    1526.7744140625,
    560.5219116210938,
    1635.5518798828125,
    641.6753540039062
  ],
  "class": 2,
  "confidence": 0.6758362650871277,
  "uncertainty": 0.24067198139254115
}