{
  "image": "data\\raw\\images\\train\\F_2_7_858.jpg",
  "box": [
    183.1287078857422,
    393.6017761230469,
    345.1192932128906,
    564.2052612304688
  ],
  "class": 2,
  "confidence": 0.44163864850997925,
  "uncertainty": 0.3400213359251331
}