{
  "image": "data\\raw\\images\\train\\F_2_3_335.jpg",
  "box": [
    0.36090087890625,
    403.68914794921875,
    128.10867309570312,
    864.7553100585938
  ],
  "class": 2,
  "confidence": 0.879666805267334,
  "uncertainty": 0.2352464881082068
}