{
  "image": "data\\raw\\images\\train\\F_2_1_1080.jpg",
  "box": [
    763.5833740234375,
    481.3290710449219,
    909.44921875,
    631.4561767578125
  ],
  "class": 7,
  "confidence": 0.5195870399475098,
  "uncertainty": 0.3623651281214852
}