{
  "image": "data\\raw\\images\\train\\F_2_6_950.jpg",
  "box": [
    913.3705444335938,
    264.4671630859375,
    1116.531982421875,
    471.4408264160156
  ],
  "class": 5,
  "confidence": 0.5811640620231628,
  "uncertainty": 0.37497253203282815
}