{
  "image": "data\\raw\\images\\train\\F_2_2_346.jpg",
  "box": [
    668.5650024414062,
    541.6847534179688,
    767.4385375976562,
    692.9091796875
  ],
  "class": 3,
  "confidence": 0.757575511932373,
  "uncertainty": 0.291015153964775
}