{
  "image": "data\\raw\\images\\train\\F_2_6_223.jpg",
  "box": [
    0.461700439453125,
    378.0660095214844,
    298.38714599609375,
    830.7091064453125
  ],
  "class": 7,
  "confidence": 0.8918421268463135,
  "uncertainty": 0.20646805546641445
}