{
  "image": "data\\raw\\images\\train\\F_2_2_857.jpg",
  "box": [
    1074.608642578125,
    560.2651977539062,
    1152.0322265625,
    668.2999877929688
  ],
  "class": 3,
  "confidence": 0.7087977528572083,
  "uncertainty": 0.3490375619329517
}