{
  "image": "data\\raw\\images\\train\\F_2_7_1744.jpg",
  "box": [
    639.1484375,
    439.8674011230469,
    702.9743041992188,
    465.4970397949219
  ],
  "class": 2,
  "confidence": 0.2688309848308563,
  "uncertainty": 0.40787513666819064
}