{
  "image": "data\\raw\\images\\train\\F_2_9_2975.jpg",
  "box": [
    1209.509033203125,
    434.6280212402344,
    1248.7672119140625,
    464.9586181640625
  ],
  "class": 2,
  "confidence": 0.5622569918632507,
  "uncertainty": 0.2622866461447551
}