{
  "image": "data\\raw\\images\\train\\F_2_6_471.jpg",
  "box": [
    551.5006103515625,
    497.8077392578125,
    817.1002197265625,
    717.0340576171875
  ],
  "class": 2,
  "confidence": 0.9097540378570557,
  "uncertainty": 0.12062797316303712
}