{
  "image": "data\\raw\\images\\train\\F_2_3_459.jpg",
  "box": [
    821.763427734375,
    430.53717041015625,
    1460.477783203125,
    999.3251953125
  ],
  "class": 2,
  "confidence": 0.9281938076019287,
  "uncertainty": 0.12740150600959116
}