{
  "image": "data\\raw\\images\\train\\F_2_2_195.jpg",
  "box": [
    1856.441162109375,
    502.18792724609375,
    1919.02001953125,
    625.7220458984375
  ],
  "class": 2,
  "confidence": 0.39677485823631287,
  "uncertainty": 0.3215948037057475
}