{
  "image": "data\\raw\\images\\train\\F_2_2_773.jpg",
  "box": [
    1625.62939453125,
    455.06597900390625,
    1745.783935546875,
    632.8695068359375
  ],
  "class": 7,
  "confidence": 0.8360815644264221,
  "uncertainty": 0.22931143115596708
}