{
  "image": "data\\raw\\images\\train\\F_2_8_1576.jpg",
  "box": [
    3.093017578125,
    341.2196960449219,
    1545.3226318359375,
    1067.51611328125
  ],
  "class": 2,
  "confidence": 0.9554338455200195,
  "uncertainty": 0.10869775574342856
}