{
  "image": "data\\raw\\images\\train\\F_2_2_431.jpg",
  "box": [
    1779.619140625,
    445.55987548828125,
    1866.978271484375,
    475.6025390625
  ],
  "class": 2,
  "confidence": 0.2591373324394226,
  "uncertainty": 0.4283643176932568
}