{
  "image": "data\\raw\\images\\train\\F_2_7_449.jpg",
  "box": [
    1189.7003173828125,
    453.5667724609375,
    1918.146240234375,
    1068.083740234375
  ],
  "class": 2,
  "confidence": 0.9356187582015991,
  "uncertainty": 0.12700742618748745
}