{
  "image": "data\\raw\\images\\train\\F_2_7_1812.jpg",
  "box": [
    1380.5364990234375,
    430.93743896484375,
    1603.2696533203125,
    651.3692626953125
  ],
  "class": 2,
  "confidence": 0.7026407122612,
  "uncertainty": 0.2551887440739735
}