{
  "image": "data\\raw\\images\\train\\F_2_2_963.jpg",
  "box": [
    50.66901397705078,
    475.67559814453125,
    317.4443359375,
    634.1004638671875
  ],
  "class": 7,
  "confidence": 0.720407247543335,
  "uncertainty": 0.2886500946358136
}