{
  "image": "data\\raw\\images\\train\\F_2_7_142.jpg",
  "box": [
    1089.85498046875,
    431.7056884765625,
    1290.5782470703125,
    517.3841552734375
  ],
  "class": 2,
  "confidence": 0.6000491976737976,
  "uncertainty": 0.24665796799653816
}