{
  "image": "data\\raw\\images\\train\\F_2_3_197.jpg",
  "box": [
    911.93115234375,
    416.6513671875,
    1604.467529296875,
    964.1629028320312
  ],
  "class": 2,
  "confidence": 0.9299757480621338,
  "uncertainty": 0.12683413425864049
}