{
  "image": "data\\raw\\images\\train\\F_2_2_913.jpg",
  "box": [
    743.7727661132812,
    563.203857421875,
    769.5009155273438,
    616.8863525390625
  ],
  "class": 3,
  "confidence": 0.43608278036117554,
  "uncertainty": 0.40144143688281353
}