{
  "image": "data\\raw\\images\\train\\F_2_6_492.jpg",
  "box": [
    181.65435791015625,
    404.94305419921875,
    447.4280090332031,
    560.9088134765625
  ],
  "class": 3,
  "confidence": 0.29813283681869507,
  "uncertainty": 0.4655550742720955
}