{
  "image": "data\\raw\\images\\train\\F_2_2_648.jpg",
  "box": [
    1475.951171875,
    678.6438598632812,
    1654.960205078125,
    1031.4404296875
  ],
  "class": 3,
  "confidence": 0.6690557599067688,
  "uncertainty": 0.3574023307078975
}