{
  "image": "data\\raw\\images\\train\\F_2_1_191.jpg",
  "box": [
    704.619384765625,
    351.30291748046875,
    1047.1158447265625,
    713.1181030273438
  ],
  "class": 7,
  "confidence": 0.7213049530982971,
  "uncertainty": 0.2983115603644072
}