{
  "image": "data\\raw\\images\\train\\F_2_6_107.jpg",
  "box": [
    350.3622741699219,
    721.927978515625,
    585.6005859375,
    1044.6458740234375
  ],
  "class": 3,
  "confidence": 0.7794158458709717,
  "uncertainty": 0.336174939554977
}