{
  "image": "data\\raw\\images\\train\\F_2_8_932.jpg",
  "box": [
    834.5861206054688,
    511.9779052734375,
    893.9661254882812,
    622.5552978515625
  ],
  "class": 3,
  "confidence": 0.5915696024894714,
  "uncertainty": 0.37617454725620963
}