{
  "image": "data\\raw\\images\\train\\F_2_1_573.jpg",
  "box": [
    529.2763671875,
    518.8096923828125,
    598.7299194335938,
    606.3851318359375
  ],
  "class": 3,
  "confidence": 0.6203997135162354,
  "uncertainty": 0.3775693158596193
}