{
  "image": "data\\raw\\images\\train\\F_2_4_972.jpg",
  "box": [
    896.9133911132812,
    501.4778137207031,
    1003.4776611328125,
    589.9857177734375
  ],
  "class": 2,
  "confidence": 0.6829829216003418,
  "uncertainty": 0.2573663166264333
}