{
  "image": "data\\raw\\images\\train\\F_2_2_1031.jpg",
  "box": [
    742.7696533203125,
    452.6679382324219,
    1011.130859375,
    717.4857788085938
  ],
  "class": 2,
  "confidence": 0.8977031707763672,
  "uncertainty": 0.1481315954858208
}