{
  "image": "data\\raw\\images\\train\\F_2_1_485.jpg",
  "box": [
    130.322021484375,
    374.8338623046875,
    284.4736633300781,
    533.7501831054688
  ],
  "class": 7,
  "confidence": 0.6587952971458435,
  "uncertainty": 0.34985349772429447
}