{
  "image": "data\\raw\\images\\train\\F_2_1_1191.jpg",
  "box": [
    1624.7508544921875,
    513.7421875,
    1693.752685546875,
    609.666015625
  ],
  "class": 3,
  "confidence": 0.5078245401382446,
  "uncertainty": 0.431596194018335
}