{
  "image": "data\\raw\\images\\train\\F_2_6_78.jpg",
  "box": [
    462.15673828125,
    466.19110107421875,
    695.0789794921875,
    650.5015869140625
  ],
  "class": 2,
  "confidence": 0.8906845450401306,
  "uncertainty": 0.1289835816008134
}