{
  "image": "data\\raw\\images\\train\\F_2_8_1796.jpg",
  "box": [
    163.73614501953125,
    398.77423095703125,
    687.326416015625,
    718.2066650390625
  ],
  "class": 2,
  "confidence": 0.7505488395690918,
  "uncertainty": 0.22619511784811638
}