{
  "image": "data\\raw\\images\\train\\F_2_2_1415.jpg",
  "box": [
    0.7655868530273438,
    471.70989990234375,
    234.89556884765625,
    660.4786376953125
  ],
  "class": 2,
  "confidence": 0.9086925387382507,
  "uncertainty": 0.17169478738983845
}