{
  "image": "data\\raw\\images\\train\\F_2_2_840.jpg",
  "box": [
    720.914306640625,
    446.27838134765625,
    769.744873046875,
    528.8142700195312
  ],
  "class": 2,
  "confidence": 0.48487621545791626,
  "uncertainty": 0.31489847810064797
}