{
  "image": "data\\raw\\images\\train\\F_2_1_764.jpg",
  "box": [
    409.3099365234375,
    373.5720520019531,
    525.18310546875,
    556.449951171875
  ],
  "class": 5,
  "confidence": 0.8091368079185486,
  "uncertainty": 0.2536709519748065
}