{
  "image": "data\\raw\\images\\train\\F_2_5_87.jpg",
  "box": [
    0.13428783416748047,
    390.27197265625,
    42.811065673828125,
    500.39862060546875
  ],
  "class": 2,
  "confidence": 0.4702286422252655,
  "uncertainty": 0.32134785710370745
}