{
  "image": "data\\raw\\images\\train\\F_2_3_411.jpg",
  "box": [
    311.70684814453125,
    312.8645324707031,
    631.551513671875,
    551.721435546875
  ],
  "class": 5,
  "confidence": 0.8908643126487732,
  "uncertainty": 0.23216914419371362
}