{
  "image": "data\\raw\\images\\train\\F_2_7_1790.jpg",
  "box": [
    688.6041870117188,
    359.59381103515625,
    754.6126098632812,
    465.28973388671875
  ],
  "class": 2,
  "confidence": 0.583363950252533,
  "uncertainty": 0.34498908845278586
}