{
  "image": "data\\raw\\images\\train\\F_2_2_1002.jpg",
  "box": [
    1041.703125,
    492.70281982421875,
    1218.8126220703125,
    656.9395141601562
  ],
  "class": 2,
  "confidence": 0.8537072539329529,
  "uncertainty": 0.16041199269795284
}