{
  "image": "data\\raw\\images\\train\\F_2_7_1518.jpg",
  "box": [
    295.139404296875,
    593.3602294921875,
    449.02301025390625,
    841.2745971679688
  ],
  "class": 3,
  "confidence": 0.7094628214836121,
  "uncertainty": 0.35416292620877055
}