{
  "image": "data\\raw\\images\\train\\F_2_2_864.jpg",
  "box": [
    380.37200927734375,
    5.406097412109375,
    947.9561767578125,
    731.2091674804688
  ],
  "class": 7,
  "confidence": 0.90511155128479,
  "uncertainty": 0.19346757375497048
}