{
  "image": "data\\raw\\images\\train\\F_2_8_1448.jpg",
  "box": [
    372.2461853027344,
    2.900482177734375,
    1304.2274169921875,
    918.2612915039062
  ],
  "class": 5,
  "confidence": 0.9510577321052551,
  "uncertainty": 0.16583765425335023
}