{
  "image": "data\\raw\\images\\train\\F_2_6_1505.jpg",
  "box": [
    1012.7744140625,
    505.543212890625,
    1094.6983642578125,
    623.1619262695312
  ],
  "class": 3,
  "confidence": 0.762249767780304,
  "uncertainty": 0.2919854533618979
}