{
  "image": "data\\raw\\images\\train\\F_2_8_720.jpg",
  "box": [
    1280.5557861328125,
    541.671875,
    1461.166259765625,
    750.7084350585938
  ],
  "class": 2,
  "confidence": 0.8687496781349182,
  "uncertainty": 0.1358863366804817
}