{
  "image": "data\\raw\\images\\train\\F_2_1_706.jpg",
  "box": [
    637.6224975585938,
    449.4576416015625,
    823.5662841796875,
    653.3238525390625
  ],
  "class": 7,
  "confidence": 0.5693848729133606,
  "uncertainty": 0.35848371151872316
}