{
  "image": "data\\raw\\images\\train\\F_2_2_87.jpg",
  "box": [
    493.48388671875,
    448.23199462890625,
    564.35595703125,
    571.3426513671875
  ],
  "class": 7,
  "confidence": 0.3229178786277771,
  "uncertainty": 0.4335407896196746
}