{
  "image": "data\\raw\\images\\train\\F_2_4_972.jpg",
  "box": [
    1803.484130859375,
    561.381591796875,
    1897.111083984375,
    679.7310791015625
  ],
  "class": 3,
  "confidence": 0.6618569493293762,
  "uncertainty": 0.36803823391491636
}