{
  "image": "data\\raw\\images\\train\\F_2_8_1036.jpg",
  "box": [
    207.63697814941406,
    450.39752197265625,
    275.505126953125,
    533.94140625
  ],
  "class": 7,
  "confidence": 0.2905912399291992,
  "uncertainty": 0.473062695294124
}