{
  "image": "data\\raw\\images\\train\\F_2_2_1435.jpg",
  "box": [
    730.2137451171875,
    452.9442443847656,
    773.6229248046875,
    522.578369140625
  ],
  "class": 3,
  "confidence": 0.40565013885498047,
  "uncertainty": 0.42168069690538523
}