{
  "image": "data\\raw\\images\\train\\F_2_7_2141.jpg",
  "box": [
    780.1300048828125,
    553.1397705078125,
    832.2652587890625,
    657.989990234375
  ],
  "class": 3,
  "confidence": 0.3883887529373169,
  "uncertainty": 0.44318711949458545
}