{
  "image": "data\\raw\\images\\train\\F_2_7_384.jpg",
  "box": [
    1206.8740234375,
    441.91644287109375,
    1608.6405029296875,
    890.4713745117188
  ],
  "class": 2,
  "confidence": 0.7946370244026184,
  "uncertainty": 0.1923496687729392
}