{
  "image": "data\\raw\\images\\train\\F_2_1_701.jpg",
  "box": [
    954.5308227539062,
    449.4771423339844,
    1009.19091796875,
    492.8775329589844
  ],
  "class": 2,
  "confidence": 0.5482091903686523,
  "uncertainty": 0.2618695247700911
}