{
  "image": "data\\raw\\images\\train\\F_2_6_1794.jpg",
  "box": [
    1618.913818359375,
    606.0418701171875,
    1674.229248046875,
    734.7236328125
  ],
  "class": 3,
  "confidence": 0.5942063927650452,
  "uncertainty": 0.3878491742312999
}