{
  "image": "data\\raw\\images\\train\\F_2_7_680.jpg",
  "box": [
    90.1790771484375,
    557.9755859375,
    150.13966369628906,
    650.5069580078125
  ],
  "class": 3,
  "confidence": 0.5635269284248352,
  "uncertainty": 0.3905549042010603
}