{
  "image": "data\\raw\\images\\train\\F_2_2_894.jpg",
  "box": [
    591.6903076171875,
    411.425537109375,
    659.8181762695312,
    482.56512451171875
  ],
  "class": 7,
  "confidence": 0.2828789949417114,
  "uncertainty": 0.48097268458389963
}