{
  "image": "data\\raw\\images\\train\\F_2_5_154.jpg",
  "box": [
    374.80792236328125,
    402.7283935546875,
    475.143310546875,
    539.7423706054688
  ],
  "class": 7,
  "confidence": 0.3458928167819977,
  "uncertainty": 0.4852612052971677
}