{
  "image": "data\\raw\\images\\train\\F_2_9_536.jpg",
  "box": [
    1042.519775390625,
    591.8778076171875,
    1111.5640869140625,
    680.7275390625
  ],
  "class": 3,
  "confidence": 0.6519597172737122,
  "uncertainty": 0.330786194679768
}