{
  "image": "data\\raw\\images\\train\\F_2_1_675.jpg",
  "box": [
    526.700439453125,
    463.27734375,
    641.615966796875,
    582.08642578125
  ],
  "class": 2,
  "confidence": 0.7142451405525208,
  "uncertainty": 0.21105313478905458
}