{
  "image": "data\\raw\\images\\train\\F_2_1_626.jpg",
  "box": [
    0.33336639404296875,
    409.2596740722656,
    140.42884826660156,
    590.8895263671875
  ],
  "class": 7,
  "confidence": 0.7109997868537903,
  "uncertainty": 0.2902138531389589
}