{
  "image": "data\\raw\\images\\train\\F_2_1_418.jpg",
  "box": [
    1211.63720703125,
    496.99591064453125,
    1262.24169921875,
    544.8588256835938
  ],
  "class": 2,
  "confidence": 0.31523633003234863,
  "uncertainty": 0.44375531050967576
}