{
  "image": "data\\raw\\images\\train\\F_2_4_260.jpg",
  "box": [
    861.926513671875,
    473.480712890625,
    1048.612060546875,
    663.7673950195312
  ],
  "class": 2,
  "confidence": 0.6813388466835022,
  "uncertainty": 0.2731351691866363
}