{
  "image": "data\\raw\\images\\train\\F_2_9_230.jpg",
  "box": [
    1102.050048828125,
    496.6423645019531,
    1227.69921875,
    672.565185546875
  ],
  "class": 2,
  "confidence": 0.7251081466674805,
  "uncertainty": 0.2962837380350246
}