{
  "image": "data\\raw\\images\\train\\F_2_1_1127.jpg",
  "box": [
    881.1619262695312,
    438.82781982421875,
    1025.480224609375,
    629.7874145507812
  ],
  "class": 2,
  "confidence": 0.28284531831741333,
  "uncertainty": 0.45418494578014906
}