{
  "image": "data\\raw\\images\\train\\F_2_2_94.jpg",
  "box": [
    0.15483856201171875,
    476.6529235839844,
    93.09028625488281,
    587.99169921875
  ],
  "class": 2,
  "confidence": 0.3885197043418884,
  "uncertainty": 0.3808738732995074
}