{
  "image": "data\\raw\\images\\train\\F_2_7_390.jpg",
  "box": [
    1472.999267578125,
    449.92864990234375,
    1919.3397216796875,
    1061.93408203125
  ],
  "class": 2,
  "confidence": 0.5777822732925415,
  "uncertainty": 0.3039674487083674
}