{
  "image": "data\\raw\\images\\train\\F_2_2_822.jpg",
  "box": [
    1576.81591796875,
    425.97747802734375,
    1919.2431640625,
    1067.762939453125
  ],
  "class": 2,
  "confidence": 0.9297279715538025,
  "uncertainty": 0.1416984688817881
}