{
  "image": "data\\raw\\images\\train\\F_2_7_459.jpg",
  "box": [
    983.236083984375,
    434.0915222167969,
    1116.7078857421875,
    549.4404296875
  ],
  "class": 2,
  "confidence": 0.425246924161911,
  "uncertainty": 0.3656705588494663
}