{
  "image": "data\\raw\\images\\train\\F_2_6_1595.jpg",
  "box": [
    506.5238342285156,
    812.547119140625,
    819.9205322265625,
    1073.469482421875
  ],
  "class": 3,
  "confidence": 0.6273541450500488,
  "uncertainty": 0.34279815770644645
}