{
  "image": "data\\raw\\images\\train\\F_2_2_1238.jpg",
  "box": [
    913.07470703125,
    458.5097351074219,
    1203.103759765625,
    865.8609008789062
  ],
  "class": 2,
  "confidence": 0.7783888578414917,
  "uncertainty": 0.19975461430401353
}