{
  "image": "data\\raw\\images\\train\\F_2_2_878.jpg",
  "box": [
    11.562744140625,
    3.5477371215820312,
    797.995361328125,
    751.2171630859375
  ],
  "class": 7,
  "confidence": 0.9522503018379211,
  "uncertainty": 0.17027953816454366
}