{
  "image": "data\\raw\\images\\train\\F_2_9_332.jpg",
  "box": [
    1180.343505859375,
    387.62091064453125,
    1918.4593505859375,
    1065.739013671875
  ],
  "class": 2,
  "confidence": 0.953304648399353,
  "uncertainty": 0.08733344650193298
}