{
  "image": "data\\raw\\images\\train\\F_2_7_2005.jpg",
  "box": [
    743.1561279296875,
    419.01702880859375,
    821.85400390625,
    550.9141235351562
  ],
  "class": 2,
  "confidence": 0.3988984227180481,
  "uncertainty": 0.3495520646405374
}