{
  "image": "data\\raw\\images\\train\\F_2_1_794.jpg",
  "box": [
    1089.0877685546875,
    419.28790283203125,
    1121.3150634765625,
    466.96710205078125
  ],
  "class": 2,
  "confidence": 0.25193697214126587,
  "uncertainty": 0.3901239148928336
}