{
  "image": "data\\raw\\images\\train\\F_2_3_246.jpg",
  "box": [
    229.9072265625,
    299.3786315917969,
    617.3184814453125,
    786.1455688476562
  ],
  "class": 7,
  "confidence": 0.928540050983429,
  "uncertainty": 0.19057719961985214
}