{
  "image": "data\\raw\\images\\train\\F_2_4_127.jpg",
  "box": [
    1110.416015625,
    506.9592590332031,
    1361.00830078125,
    705.73974609375
  ],
  "class": 2,
  "confidence": 0.8899734020233154,
  "uncertainty": 0.13367881797843997
}