{
  "image": "data\\raw\\images\\train\\F_2_1_730.jpg",
  "box": [
    1160.2904052734375,
    445.0828857421875,
    1278.0308837890625,
    539.3935546875
  ],
  "class": 2,
  "confidence": 0.7578146457672119,
  "uncertainty": 0.18801666501985753
}