{
  "image": "data\\raw\\images\\train\\F_2_2_1011.jpg",
  "box": [
    1444.6112060546875,
    379.6212158203125,
    1525.197265625,
    439.6680908203125
  ],
  "class": 7,
  "confidence": 0.2621234953403473,
  "uncertainty": 0.4993859228710699
}