{
  "image": "data\\raw\\images\\train\\F_2_2_968.jpg",
  "box": [
    1127.3504638671875,
    454.4263000488281,
    1314.3443603515625,
    550.6961669921875
  ],
  "class": 2,
  "confidence": 0.6226108074188232,
  "uncertainty": 0.23797567885546875
}