{
  "image": "data\\raw\\images\\train\\F_2_2_852.jpg",
  "box": [
    245.39991760253906,
    486.4836730957031,
    349.7311706542969,
    635.15234375
  ],
  "class": 2,
  "confidence": 0.37457844614982605,
  "uncertainty": 0.38463483679161914
}