{
  "image": "data\\raw\\images\\train\\F_2_11_337.jpg",
  "box": [
    803.0769653320312,
    467.05810546875,
    877.8310546875,
    555.08642578125
  ],
  "class": 5,
  "confidence": 0.6428481936454773,
  "uncertainty": 0.2967853770421286
}