{
  "image": "data\\raw\\images\\train\\F_2_4_296.jpg",
  "box": [
    523.232177734375,
    606.2396850585938,
    623.7017822265625,
    777.3486328125
  ],
  "class": 3,
  "confidence": 0.7628459930419922,
  "uncertainty": 0.2794381873977471
}