{
  "image": "data\\raw\\images\\train\\F_2_1_423.jpg",
  "box": [
    169.24749755859375,
    386.3984069824219,
    379.67578125,
    560.485595703125
  ],
  "class": 7,
  "confidence": 0.6007305979728699,
  "uncertainty": 0.3548764894173872
}