{
  "image": "data\\raw\\images\\train\\F_2_6_1911.jpg",
  "box": [
    0.0,
    584.548828125,
    249.9315948486328,
    953.2554931640625
  ],
  "class": 3,
  "confidence": 0.26507189869880676,
  "uncertainty": 0.49212750870095406
}