{
  "image": "data\\raw\\images\\train\\F_2_4_296.jpg",
  "box": [
    579.6655883789062,
    339.9656982421875,
    746.732666015625,
    528.130859375
  ],
  "class": 7,
  "confidence": 0.7733561396598816,
  "uncertainty": 0.3087225662046471
}