{
  "image": "data\\raw\\images\\train\\F_2_1_880.jpg",
  "box": [
    987.3447875976562,
    571.5338134765625,
    1078.478271484375,
    715.4664306640625
  ],
  "class": 3,
  "confidence": 0.7168922424316406,
  "uncertainty": 0.3458048114394516
}