{
  "image": "data\\raw\\images\\train\\F_2_7_759.jpg",
  "box": [
    491.63031005859375,
    477.00433349609375,
    620.177001953125,
    556.3871459960938
  ],
  "class": 2,
  "confidence": 0.2935476303100586,
  "uncertainty": 0.4762297776291402
}