{
  "image": "data\\raw\\images\\train\\F_2_2_840.jpg",
  "box": [
    619.5311279296875,
    436.6359558105469,
    743.45654296875,
    542.5870361328125
  ],
  "class": 2,
  "confidence": 0.7607053518295288,
  "uncertainty": 0.35957963847227103
}