{
  "image": "data\\raw\\images\\train\\F_2_3_119.jpg",
  "box": [
    843.6697998046875,
    455.8319091796875,
    1271.2635498046875,
    846.0536499023438
  ],
  "class": 2,
  "confidence": 0.925021767616272,
  "uncertainty": 0.12728106941509645
}