{
  "image": "data\\raw\\images\\train\\F_2_9_3002.jpg",
  "box": [
    963.5830078125,
    402.615234375,
    1058.8740234375,
    509.857177734375
  ],
  "class": 7,
  "confidence": 0.5248163342475891,
  "uncertainty": 0.3616576580775389
}