{
  "image": "data\\raw\\images\\train\\F_2_1_552.jpg",
  "box": [
    1487.7249755859375,
    405.4649963378906,
    1603.40625,
    501.5248718261719
  ],
  "class": 2,
  "confidence": 0.7406445145606995,
  "uncertainty": 0.1992630518466668
}