{
  "image": "data\\raw\\images\\train\\F_2_5_148.jpg",
  "box": [
    1108.275146484375,
    480.0535583496094,
    1328.5814208984375,
    673.4957275390625
  ],
  "class": 2,
  "confidence": 0.8830377459526062,
  "uncertainty": 0.13884104599434388
}