{
  "image": "data\\raw\\images\\train\\F_2_9_2346.jpg",
  "box": [
    927.2852783203125,
    678.4482421875,
    1158.301513671875,
    1012.8279418945312
  ],
  "class": 3,
  "confidence": 0.6993272304534912,
  "uncertainty": 0.36330228343642884
}