{
  "image": "data\\raw\\images\\train\\F_2_1_659.jpg",
  "box": [
    1515.4537353515625,
    486.5013427734375,
    1577.66748046875,
    553.23193359375
  ],
  "class": 7,
  "confidence": 0.32221078872680664,
  "uncertainty": 0.4518345582645714
}