{
  "image": "data\\raw\\images\\train\\F_2_5_328.jpg",
  "box": [
    353.19586181640625,
    433.5868835449219,
    556.444580078125,
    696.5810546875
  ],
  "class": 7,
  "confidence": 0.3399500250816345,
  "uncertainty": 0.44067650445901
}