{
  "image": "data\\raw\\images\\train\\F_2_1_161.jpg",
  "box": [
    408.98834228515625,
    444.5748291015625,
    597.8026733398438,
    668.4535522460938
  ],
  "class": 7,
  "confidence": 0.6498449444770813,
  "uncertainty": 0.31525870974026493
}