{
  "image": "data\\raw\\images\\train\\F_2_7_413.jpg",
  "box": [
    1237.94677734375,
    442.5670166015625,
    1917.9385986328125,
    1067.781982421875
  ],
  "class": 2,
  "confidence": 0.9355410933494568,
  "uncertainty": 0.13708639982159204
}