{
  "image": "data\\raw\\images\\train\\F_2_9_199.jpg",
  "box": [
    202.20208740234375,
    487.4761962890625,
    345.03973388671875,
    656.6705932617188
  ],
  "class": 3,
  "confidence": 0.4015834927558899,
  "uncertainty": 0.4583905703388333
}