{
  "image": "data\\raw\\images\\train\\F_2_2_238.jpg",
  "box": [
    1247.7509765625,
    510.03466796875,
    1284.208740234375,
    546.7509765625
  ],
  "class": 2,
  "confidence": 0.35914263129234314,
  "uncertainty": 0.3236577020851158
}