{
  "image": "data\\raw\\images\\train\\F_2_7_48.jpg",
  "box": [
    1750.68701171875,
    359.2640380859375,
    1919.145751953125,
    530.8856201171875
  ],
  "class": 5,
  "confidence": 0.7441637516021729,
  "uncertainty": 0.2754474066907663
}