{
  "image": "data\\raw\\images\\train\\F_2_8_1618.jpg",
  "box": [
    1.41943359375,
    312.9268493652344,
    1621.423095703125,
    1068.761962890625
  ],
  "class": 2,
  "confidence": 0.9471859931945801,
  "uncertainty": 0.12220194890756363
}