{
  "image": "data\\raw\\images\\train\\F_2_1_829.jpg",
  "box": [
    1413.2890625,
    486.6416015625,
    1485.8741455078125,
    546.8148193359375
  ],
  "class": 2,
  "confidence": 0.27634692192077637,
  "uncertainty": 0.43635375217816763
}