{
  "image": "data\\raw\\images\\train\\F_2_2_1697.jpg",
  "box": [
    1492.1407470703125,
    481.4481201171875,
    1586.2353515625,
    560.033447265625
  ],
  "class": 2,
  "confidence": 0.3478321433067322,
  "uncertainty": 0.4074372678477821
}