{
  "image": "data\\raw\\images\\train\\F_2_5_336.jpg",
  "box": [
    1198.809814453125,
    423.5050964355469,
    1516.4666748046875,
    789.3180541992188
  ],
  "class": 2,
  "confidence": 0.8612271547317505,
  "uncertainty": 0.1425528610146317
}