{
  "image": "data\\raw\\images\\train\\F_2_7_1331.jpg",
  "box": [
    784.4075317382812,
    453.03094482421875,
    861.2777709960938,
    499.03656005859375
  ],
  "class": 2,
  "confidence": 0.3454582095146179,
  "uncertainty": 0.3682094879508232
}