{
  "image": "data\\raw\\images\\train\\F_2_6_1582.jpg",
  "box": [
    112.8489990234375,
    329.1707458496094,
    905.262451171875,
    1068.75634765625
  ],
  "class": 7,
  "confidence": 0.833014965057373,
  "uncertainty": 0.2318803971458282
}