{
  "image": "data\\raw\\images\\train\\F_2_1_790.jpg",
  "box": [
    843.4817504882812,
    520.7107543945312,
    878.2913818359375,
    574.1984252929688
  ],
  "class": 3,
  "confidence": 0.31210213899612427,
  "uncertainty": 0.46111720850550514
}