{
  "image": "data\\raw\\images\\train\\F_2_2_1238.jpg",
  "box": [
    1.497802734375,
    88.96774291992188,
    904.7034912109375,
    1066.1077880859375
  ],
  "class": 2,
  "confidence": 0.37509533762931824,
  "uncertainty": 0.30918425370628894
}