{
  "image": "data\\raw\\images\\train\\F_2_2_238.jpg",
  "box": [
    836.890625,
    473.7958984375,
    1013.422607421875,
    648.8967895507812
  ],
  "class": 7,
  "confidence": 0.5914004445075989,
  "uncertainty": 0.3678023332860249
}