{
  "image": "data\\raw\\images\\train\\F_2_9_2271.jpg",
  "box": [
    560.8384399414062,
    570.0208740234375,
    630.8167114257812,
    721.7574462890625
  ],
  "class": 3,
  "confidence": 0.6569115519523621,
  "uncertainty": 0.33995474561515565
}