{
  "image": "data\\raw\\images\\train\\F_2_1_821.jpg",
  "box": [
    1852.3450927734375,
    300.0988464355469,
    1919.3016357421875,
    644.2012939453125
  ],
  "class": 7,
  "confidence": 0.5383265018463135,
  "uncertainty": 0.476315530121814
}