{
  "image": "data\\raw\\images\\train\\F_2_2_1238.jpg",
  "box": [
    864.3242797851562,
    544.1544189453125,
    988.2760620117188,
    1066.0101318359375
  ],
  "class": 2,
  "confidence": 0.6857852935791016,
  "uncertainty": 0.33111747821734544
}