{
  "image": "data\\raw\\images\\train\\F_2_2_380.jpg",
  "box": [
    520.0927734375,
    536.4150390625,
    595.607666015625,
    629.02880859375
  ],
  "class": 7,
  "confidence": 0.3341434895992279,
  "uncertainty": 0.4327479247259355
}