{
  "image": "data\\raw\\images\\train\\F_2_7_1636.jpg",
  "box": [
    312.4764404296875,
    432.7625427246094,
    777.5183715820312,
    762.2728271484375
  ],
  "class": 2,
  "confidence": 0.9243643283843994,
  "uncertainty": 0.13078374041907753
}