{
  "image": "data\\raw\\images\\train\\F_2_4_42.jpg",
  "box": [
    592.8095703125,
    457.82073974609375,
    654.4889526367188,
    559.32373046875
  ],
  "class": 3,
  "confidence": 0.5955052375793457,
  "uncertainty": 0.40250269309831543
}