{
  "image": "data\\raw\\images\\train\\F_2_1_821.jpg",
  "box": [
    1710.6676025390625,
    504.0412902832031,
    1816.1934814453125,
    569.129638671875
  ],
  "class": 2,
  "confidence": 0.5549309849739075,
  "uncertainty": 0.2755512213805063
}