{
  "image": "data\\raw\\images\\train\\F_2_1_450.jpg",
  "box": [
    1526.8377685546875,
    454.3257751464844,
    1663.2352294921875,
    571.99755859375
  ],
  "class": 2,
  "confidence": 0.8498861193656921,
  "uncertainty": 0.1505225744031789
}