{
  "image": "data\\raw\\images\\train\\F_2_9_579.jpg",
  "box": [
    898.3724365234375,
    422.8536071777344,
    1062.1458740234375,
    577.7901611328125
  ],
  "class": 2,
  "confidence": 0.8711960315704346,
  "uncertainty": 0.1352966643406026
}