{
  "image": "data\\raw\\images\\train\\F_2_1_775.jpg",
  "box": [
    980.2412109375,
    527.4212036132812,
    1044.1680908203125,
    640.77783203125
  ],
  "class": 3,
  "confidence": 0.6465528607368469,
  "uncertainty": 0.33132368546249985
}