{
  "image": "data\\raw\\images\\train\\F_2_9_2975.jpg",
  "box": [
    750.5337524414062,
    287.57904052734375,
    1064.6025390625,
    520.284423828125
  ],
  "class": 7,
  "confidence": 0.8024848103523254,
  "uncertainty": 0.31219353069123934
}