{
  "image": "data\\raw\\images\\train\\F_2_9_781.jpg",
  "box": [
    1175.390380859375,
    536.4557495117188,
    1227.750244140625,
    604.006103515625
  ],
  "class": 3,
  "confidence": 0.6003412008285522,
  "uncertainty": 0.39047689663315327
}