{
  "image": "data\\raw\\images\\train\\F_2_5_37.jpg",
  "box": [
    485.88226318359375,
    306.5309143066406,
    1011.4111328125,
    879.4788208007812
  ],
  "class": 7,
  "confidence": 0.9014676213264465,
  "uncertainty": 0.21701299677980285
}