{
  "image": "data\\raw\\images\\train\\F_2_3_635.jpg",
  "box": [
    1277.5496826171875,
    465.07196044921875,
    1329.2642822265625,
    523.6869506835938
  ],
  "class": 2,
  "confidence": 0.4814528822898865,
  "uncertainty": 0.3084749787964543
}