{
  "image": "data\\raw\\images\\train\\F_2_2_1434.jpg",
  "box": [
    955.8446044921875,
    457.80889892578125,
    1123.064208984375,
    592.4384765625
  ],
  "class": 2,
  "confidence": 0.8924374580383301,
  "uncertainty": 0.13328490147432892
}