{
  "image": "data\\raw\\images\\train\\F_2_7_1993.jpg",
  "box": [
    1302.1263427734375,
    717.1112060546875,
    1561.7508544921875,
    1073.103759765625
  ],
  "class": 3,
  "confidence": 0.745100736618042,
  "uncertainty": 0.4052855880273357
}