{
  "image": "data\\raw\\images\\train\\F_2_2_317.jpg",
  "box": [
    1775.6590576171875,
    383.1650390625,
    1827.8250732421875,
    444.57659912109375
  ],
  "class": 2,
  "confidence": 0.34884658455848694,
  "uncertainty": 0.36095140345439575
}