{
  "image": "data\\raw\\images\\train\\F_2_9_341.jpg",
  "box": [
    43.612205505371094,
    467.6164855957031,
    218.54425048828125,
    522.7344970703125
  ],
  "class": 2,
  "confidence": 0.2913930416107178,
  "uncertainty": 0.4100092906751243
}