{
  "image": "data\\raw\\images\\train\\F_2_8_946.jpg",
  "box": [
    1.312042236328125,
    607.043212890625,
    432.46087646484375,
    1066.8853759765625
  ],
  "class": 3,
  "confidence": 0.6341989040374756,
  "uncertainty": 0.4144429023435668
}