{
  "image": "data\\raw\\images\\train\\F_2_7_437.jpg",
  "box": [
    312.19696044921875,
    472.5319519042969,
    478.77764892578125,
    620.537353515625
  ],
  "class": 2,
  "confidence": 0.27286916971206665,
  "uncertainty": 0.4305747014530453
}