{
  "image": "data\\raw\\images\\train\\F_2_3_119.jpg",
  "box": [
    1490.999755859375,
    459.4622497558594,
    1891.210205078125,
    526.4243774414062
  ],
  "class": 2,
  "confidence": 0.5452339053153992,
  "uncertainty": 0.3939415493702036
}