{
  "image": "data\\raw\\images\\train\\F_2_1_367.jpg",
  "box": [
    959.5858154296875,
    447.35723876953125,
    1005.7135620117188,
    507.6785888671875
  ],
  "class": 7,
  "confidence": 0.771017849445343,
  "uncertainty": 0.24302123159720657
}