{
  "image": "data\\raw\\images\\train\\F_2_7_1654.jpg",
  "box": [
    255.9534912109375,
    460.291259765625,
    792.066162109375,
    820.036376953125
  ],
  "class": 2,
  "confidence": 0.376375287771225,
  "uncertainty": 0.45198070304622934
}