{
  "image": "data\\raw\\images\\train\\F_2_6_531.jpg",
  "box": [
    0.4340057373046875,
    420.6524963378906,
    147.6035614013672,
    729.1766357421875
  ],
  "class": 7,
  "confidence": 0.5756790637969971,
  "uncertainty": 0.36364422095570154
}