{
  "image": "data\\raw\\images\\train\\F_2_7_1989.jpg",
  "box": [
    1293.127197265625,
    745.7080078125,
    1731.17529296875,
    1072.212890625
  ],
  "class": 3,
  "confidence": 0.5323349237442017,
  "uncertainty": 0.4151871094431891
}