{
  "image": "data\\raw\\images\\train\\F_2_7_521.jpg",
  "box": [
    631.6959228515625,
    300.5098571777344,
    1917.390380859375,
    1067.6265869140625
  ],
  "class": 2,
  "confidence": 0.9603127241134644,
  "uncertainty": 0.08907811110128928
}