{
  "image": "data\\raw\\images\\train\\F_2_7_453.jpg",
  "box": [
    1244.89599609375,
    446.17529296875,
    1917.7591552734375,
    1069.9921875
  ],
  "class": 2,
  "confidence": 0.9347800016403198,
  "uncertainty": 0.07381297735536124
}