{
  "image": "data\\raw\\images\\train\\F_2_3_265.jpg",
  "box": [
    1154.277099609375,
    520.5923461914062,
    1248.72021484375,
    656.4306030273438
  ],
  "class": 3,
  "confidence": 0.7574243545532227,
  "uncertainty": 0.3304488785569451
}