{
  "image": "data\\raw\\images\\train\\F_2_2_989.jpg",
  "box": [
    1106.75927734375,
    489.041748046875,
    1182.31884765625,
    581.3583984375
  ],
  "class": 2,
  "confidence": 0.5952336192131042,
  "uncertainty": 0.294487204617677
}