{
  "image": "data\\raw\\images\\train\\F_2_7_154.jpg",
  "box": [
    763.6624755859375,
    292.4745178222656,
    960.6136474609375,
    445.7127685546875
  ],
  "class": 5,
  "confidence": 0.7689300179481506,
  "uncertainty": 0.2893368765961933
}