{
  "image": "data\\raw\\images\\train\\F_2_10_90.jpg",
  "box": [
    379.48590087890625,
    482.09210205078125,
    431.19561767578125,
    531.9861450195312
  ],
  "class": 2,
  "confidence": 0.6651914119720459,
  "uncertainty": 0.22317252297849335
}