{
  "image": "data\\raw\\images\\train\\F_2_3_629.jpg",
  "box": [
    864.6798706054688,
    584.62109375,
    923.1981811523438,
    708.36328125
  ],
  "class": 3,
  "confidence": 0.7353702187538147,
  "uncertainty": 0.30753765168057395
}