{
  "image": "data\\raw\\images\\train\\F_2_1_987.jpg",
  "box": [
    626.5673217773438,
    477.36700439453125,
    711.6875610351562,
    604.44921875
  ],
  "class": 2,
  "confidence": 0.32797133922576904,
  "uncertainty": 0.4334396610484049
}