{
  "image": "data\\raw\\images\\train\\F_2_2_1351.jpg",
  "box": [
    506.01141357421875,
    472.02484130859375,
    603.48681640625,
    601.5262451171875
  ],
  "class": 2,
  "confidence": 0.714716911315918,
  "uncertainty": 0.26325402367286566
}