{
  "image": "data\\raw\\images\\train\\F_2_2_182.jpg",
  "box": [
    1403.811767578125,
    480.6724548339844,
    1437.0684814453125,
    592.8623046875
  ],
  "class": 2,
  "confidence": 0.3035537302494049,
  "uncertainty": 0.4157408733702265
}