{
  "image": "data\\raw\\images\\train\\F_2_2_985.jpg",
  "box": [
    929.464599609375,
    425.5159606933594,
    1076.6162109375,
    545.514892578125
  ],
  "class": 2,
  "confidence": 0.7972540259361267,
  "uncertainty": 0.15904020962477589
}