{
  "image": "data\\raw\\images\\train\\F_2_1_794.jpg",
  "box": [
    972.496337890625,
    420.2890625,
    1013.846435546875,
    444.82989501953125
  ],
  "class": 2,
  "confidence": 0.28522416949272156,
  "uncertainty": 0.38691410684423483
}