{
  "image": "data\\raw\\images\\train\\F_2_7_1790.jpg",
  "box": [
    618.693359375,
    365.61407470703125,
    704.05615234375,
    452.2274169921875
  ],
  "class": 2,
  "confidence": 0.6876252293586731,
  "uncertainty": 0.23443160720312195
}