{
  "image": "data\\raw\\images\\train\\F_2_2_241.jpg",
  "box": [
    618.0963134765625,
    540.6630249023438,
    673.6790771484375,
    622.8321533203125
  ],
  "class": 3,
  "confidence": 0.6839268803596497,
  "uncertainty": 0.31615976926738876
}