{
  "image": "data\\raw\\images\\train\\F_2_1_766.jpg",
  "box": [
    701.5223388671875,
    483.1614074707031,
    734.1036376953125,
    536.93701171875
  ],
  "class": 3,
  "confidence": 0.4791644811630249,
  "uncertainty": 0.4141528377633401
}