{
  "image": "data\\raw\\images\\train\\F_2_8_1258.jpg",
  "box": [
    961.5496826171875,
    511.5621643066406,
    1143.053955078125,
    712.74560546875
  ],
  "class": 2,
  "confidence": 0.8493378162384033,
  "uncertainty": 0.18918000129747142
}