{
  "image": "data\\raw\\images\\train\\F_2_7_686.jpg",
  "box": [
    1432.5784912109375,
    530.6682739257812,
    1750.398193359375,
    703.0274658203125
  ],
  "class": 2,
  "confidence": 0.6766382455825806,
  "uncertainty": 0.2637995476995994
}