{
  "image": "data\\raw\\images\\train\\F_2_8_831.jpg",
  "box": [
    475.78662109375,
    440.49639892578125,
    608.4295654296875,
    647.0458984375
  ],
  "class": 2,
  "confidence": 0.3937542140483856,
  "uncertainty": 0.3549104661194413
}