{
  "image": "data\\raw\\images\\train\\F_2_2_274.jpg",
  "box": [
    1449.563720703125,
    564.6634521484375,
    1821.795654296875,
    999.2301635742188
  ],
  "class": 3,
  "confidence": 0.87349933385849,
  "uncertainty": 0.3921388711453828
}