{
  "image": "data\\raw\\images\\train\\F_2_7_896.jpg",
  "box": [
    553.3797607421875,
    410.13665771484375,
    765.0147705078125,
    601.6133422851562
  ],
  "class": 2,
  "confidence": 0.8371444940567017,
  "uncertainty": 0.166971266315693
}