{
  "image": "data\\raw\\images\\train\\F_2_7_1654.jpg",
  "box": [
    453.2178955078125,
    607.9540405273438,
    754.6746826171875,
    942.9920654296875
  ],
  "class": 3,
  "confidence": 0.6711088418960571,
  "uncertainty": 0.3364155332791551
}