{
  "image": "data\\raw\\images\\train\\F_2_7_695.jpg",
  "box": [
    405.5518798828125,
    585.2884521484375,
    511.0667724609375,
    746.1480102539062
  ],
  "class": 3,
  "confidence": 0.7266029715538025,
  "uncertainty": 0.33852811967515967
}