{
  "image": "data\\raw\\images\\train\\F_2_9_1916.jpg",
  "box": [
    822.01318359375,
    449.95062255859375,
    886.17919921875,
    499.58673095703125
  ],
  "class": 2,
  "confidence": 0.7392494678497314,
  "uncertainty": 0.1839180684032088
}