{
  "image": "data\\raw\\images\\train\\F_2_1_552.jpg",
  "box": [
    1151.5887451171875,
    398.57025146484375,
    1243.455810546875,
    472.86932373046875
  ],
  "class": 2,
  "confidence": 0.6660771369934082,
  "uncertainty": 0.216436237492864
}