{
  "image": "data\\raw\\images\\train\\F_2_1_632.jpg",
  "box": [
    1185.331298828125,
    444.9151611328125,
    1249.71484375,
    512.2197875976562
  ],
  "class": 7,
  "confidence": 0.5513623952865601,
  "uncertainty": 0.35341623594870275
}