{
  "image": "data\\raw\\images\\train\\F_2_6_145.jpg",
  "box": [
    852.4588623046875,
    392.77239990234375,
    994.4476318359375,
    559.8810424804688
  ],
  "class": 5,
  "confidence": 0.764589786529541,
  "uncertainty": 0.26271211683613405
}