{
  "image": "data\\raw\\images\\train\\F_2_7_413.jpg",
  "box": [
    636.7073364257812,
    597.0091552734375,
    742.777099609375,
    747.8875122070312
  ],
  "class": 3,
  "confidence": 0.5464110374450684,
  "uncertainty": 0.4176741718157985
}