{
  "image": "data\\raw\\images\\train\\F_2_11_159.jpg",
  "box": [
    776.9306030273438,
    460.5765380859375,
    868.0991821289062,
    539.3303833007812
  ],
  "class": 2,
  "confidence": 0.37312087416648865,
  "uncertainty": 0.33224018349480333
}