{
  "image": "data\\raw\\images\\train\\F_2_10_213.jpg",
  "box": [
    488.45770263671875,
    518.509765625,
    602.2909545898438,
    639.02587890625
  ],
  "class": 2,
  "confidence": 0.3864861726760864,
  "uncertainty": 0.44200372524186426
}