{
  "image": "data\\raw\\images\\train\\F_2_6_985.jpg",
  "box": [
    1545.5584716796875,
    597.7402954101562,
    1918.7874755859375,
    1071.70947265625
  ],
  "class": 3,
  "confidence": 0.5227336883544922,
  "uncertainty": 0.40706154183634
}