{
  "image": "data\\raw\\images\\train\\F_2_1_369.jpg",
  "box": [
    724.301025390625,
    519.4085693359375,
    785.6724853515625,
    602.1222534179688
  ],
  "class": 3,
  "confidence": 0.5767356753349304,
  "uncertainty": 0.3682452427655532
}