{
  "image": "data\\raw\\images\\train\\F_2_8_934.jpg",
  "box": [
    1186.154052734375,
    468.5950012207031,
    1405.2060546875,
    668.2212524414062
  ],
  "class": 5,
  "confidence": 0.31827405095100403,
  "uncertainty": 0.4811877146750449
}