{
  "image": "data\\raw\\images\\train\\F_2_2_1697.jpg",
  "box": [
    1222.3067626953125,
    472.2492370605469,
    1286.625244140625,
    600.2335205078125
  ],
  "class": 2,
  "confidence": 0.2936613857746124,
  "uncertainty": 0.4485861422602777
}