{
  "image": "data\\raw\\images\\train\\F_2_1_802.jpg",
  "box": [
    588.32421875,
    438.8022766113281,
    723.7490234375,
    572.0263671875
  ],
  "class": 7,
  "confidence": 0.4012663662433624,
  "uncertainty": 0.42190880676925124
}