{
  "image": "data\\raw\\images\\train\\F_2_2_1564.jpg",
  "box": [
    677.6238403320312,
    472.1846923828125,
    1030.518310546875,
    845.637451171875
  ],
  "class": 2,
  "confidence": 0.9126268029212952,
  "uncertainty": 0.23949487523848767
}