{
  "image": "data\\raw\\images\\train\\F_2_2_934.jpg",
  "box": [
    1261.62255859375,
    453.0039367675781,
    1363.994873046875,
    554.7279052734375
  ],
  "class": 2,
  "confidence": 0.5540607571601868,
  "uncertainty": 0.37036816893971164
}