{
  "image": "data\\raw\\images\\train\\F_2_2_1461.jpg",
  "box": [
    518.9327392578125,
    501.7621765136719,
    559.812255859375,
    569.9521484375
  ],
  "class": 3,
  "confidence": 0.622271716594696,
  "uncertainty": 0.34532089284392614
}