{
  "image": "data\\raw\\images\\train\\F_2_7_378.jpg",
  "box": [
    813.580810546875,
    500.61016845703125,
    963.2228393554688,
    655.8759155273438
  ],
  "class": 2,
  "confidence": 0.6173148155212402,
  "uncertainty": 0.2785806331982463
}