{
  "image": "data\\raw\\images\\train\\F_2_1_810.jpg",
  "box": [
    1579.4864501953125,
    287.07379150390625,
    1919.5301513671875,
    701.849609375
  ],
  "class": 7,
  "confidence": 0.9417863488197327,
  "uncertainty": 0.1871295174994269
}