{
  "image": "data\\raw\\images\\train\\F_2_2_446.jpg",
  "box": [
    0.9747848510742188,
    382.4249267578125,
    365.20648193359375,
    895.2046508789062
  ],
  "class": 2,
  "confidence": 0.9113718271255493,
  "uncertainty": 0.13205374602827832
}