{
  "image": "data\\raw\\images\\train\\F_2_2_839.jpg",
  "box": [
    722.5310668945312,
    278.98162841796875,
    1076.5272216796875,
    635.314208984375
  ],
  "class": 5,
  "confidence": 0.912625789642334,
  "uncertainty": 0.2584412513660246
}