{
  "image": "data\\raw\\images\\train\\F_2_9_975.jpg",
  "box": [
    831.5206298828125,
    426.91461181640625,
    933.55712890625,
    494.797119140625
  ],
  "class": 2,
  "confidence": 0.43320831656455994,
  "uncertainty": 0.38926895391692334
}