{
  "image": "data\\raw\\images\\train\\F_2_1_950.jpg",
  "box": [
    384.2908630371094,
    568.577392578125,
    439.94805908203125,
    714.382568359375
  ],
  "class": 3,
  "confidence": 0.44767722487449646,
  "uncertainty": 0.4831106786119362
}