{
  "image": "data\\raw\\images\\train\\F_2_9_3019.jpg",
  "box": [
    1453.18017578125,
    316.2496643066406,
    1643.1683349609375,
    533.808837890625
  ],
  "class": 7,
  "confidence": 0.5733518600463867,
  "uncertainty": 0.407963377944481
}