{
  "image": "data\\raw\\images\\train\\F_2_1_742.jpg",
  "box": [
    1661.9403076171875,
    425.61566162109375,
    1831.8065185546875,
    534.6846313476562
  ],
  "class": 5,
  "confidence": 0.8280342817306519,
  "uncertainty": 0.2583193717208736
}