{
  "image": "data\\raw\\images\\train\\F_2_9_2974.jpg",
  "box": [
    940.8603515625,
    329.9450988769531,
    1213.4619140625,
    538.2242431640625
  ],
  "class": 7,
  "confidence": 0.8599539399147034,
  "uncertainty": 0.3192384833716382
}