{
  "image": "data\\raw\\images\\train\\F_2_1_969.jpg",
  "box": [
    1408.39599609375,
    507.6463623046875,
    1448.825927734375,
    567.3678588867188
  ],
  "class": 3,
  "confidence": 0.6661155223846436,
  "uncertainty": 0.32178282995422564
}