{
  "image": "data\\raw\\images\\train\\F_2_6_286.jpg",
  "box": [
    2.2181167602539062,
    437.24761962890625,
    361.20684814453125,
    814.3133544921875
  ],
  "class": 7,
  "confidence": 0.7275194525718689,
  "uncertainty": 0.2805998376500069
}