{
  "image": "data\\raw\\images\\train\\F_2_9_1409.jpg",
  "box": [
    0.763092041015625,
    355.956298828125,
    206.71994018554688,
    1064.2244873046875
  ],
  "class": 7,
  "confidence": 0.467417448759079,
  "uncertainty": 0.401230485214225
}