{
  "image": "data\\raw\\images\\train\\F_2_11_159.jpg",
  "box": [
    1662.14794921875,
    248.23623657226562,
    1919.009765625,
    821.1860961914062
  ],
  "class": 7,
  "confidence": 0.9396244287490845,
  "uncertainty": 0.21930609289248576
}