{
  "image": "data\\raw\\images\\train\\F_2_1_143.jpg",
  "box": [
    857.7614135742188,
    497.6351623535156,
    908.0454711914062,
    579.9193725585938
  ],
  "class": 3,
  "confidence": 0.6701920628547668,
  "uncertainty": 0.34347065336033583
}