{
  "image": "data\\raw\\images\\train\\F_2_1_695.jpg",
  "box": [
    478.9432067871094,
    585.9073486328125,
    563.8519287109375,
    710.16748046875
  ],
  "class": 3,
  "confidence": 0.7590707540512085,
  "uncertainty": 0.2819014236087339
}