{
  "image": "data\\raw\\images\\train\\F_2_1_741.jpg",
  "box": [
    996.607177734375,
    465.7090759277344,
    1044.996826171875,
    505.7688903808594
  ],
  "class": 2,
  "confidence": 0.42193207144737244,
  "uncertainty": 0.31123243760187635
}