{
  "image": "data\\raw\\images\\train\\F_2_6_489.jpg",
  "box": [
    398.0733947753906,
    450.5302734375,
    567.3382568359375,
    572.4266967773438
  ],
  "class": 2,
  "confidence": 0.4665294289588928,
  "uncertainty": 0.32094630391279627
}