{
  "image": "data\\raw\\images\\train\\F_2_7_1860.jpg",
  "box": [
    191.56549072265625,
    448.2423095703125,
    1878.57080078125,
    1069.05810546875
  ],
  "class": 2,
  "confidence": 0.9483031630516052,
  "uncertainty": 0.12789934008701248
}