{
  "image": "data\\raw\\images\\train\\F_2_11_168.jpg",
  "box": [
    790.0718994140625,
    320.1697082519531,
    982.283203125,
    556.1143798828125
  ],
  "class": 7,
  "confidence": 0.7178731560707092,
  "uncertainty": 0.32876119552748045
}