{
  "image": "data\\raw\\images\\train\\F_2_1_987.jpg",
  "box": [
    1082.27294921875,
    501.9969177246094,
    1137.41064453125,
    582.60693359375
  ],
  "class": 3,
  "confidence": 0.6017284393310547,
  "uncertainty": 0.35939081116026356
}