{
  "image": "data\\raw\\images\\train\\F_2_1_264.jpg",
  "box": [
    694.1947631835938,
    397.529296875,
    974.5660400390625,
    694.41064453125
  ],
  "class": 7,
  "confidence": 0.6943710446357727,
  "uncertainty": 0.30548733015549134
}