{
  "image": "data\\raw\\images\\train\\F_2_11_690.jpg",
  "box": [
    603.9882202148438,
    501.95452880859375,
    644.7205810546875,
    572.14013671875
  ],
  "class": 3,
  "confidence": 0.5626236200332642,
  "uncertainty": 0.3964427262395617
}