{
  "image": "data\\raw\\images\\train\\F_2_9_2932.jpg",
  "box": [
    634.2979736328125,
    593.6270141601562,
    741.9414672851562,
    771.6279296875
  ],
  "class": 3,
  "confidence": 0.6881363391876221,
  "uncertainty": 0.36081284585242734
}