{
  "image": "data\\raw\\images\\train\\F_2_1_351.jpg",
  "box": [
    1243.935302734375,
    501.6368408203125,
    1315.067626953125,
    557.6802978515625
  ],
  "class": 2,
  "confidence": 0.7083481550216675,
  "uncertainty": 0.2057255377742126
}