{
  "image": "data\\raw\\images\\train\\F_2_1_1199.jpg",
  "box": [
    229.61036682128906,
    427.67578125,
    276.3465576171875,
    484.4788513183594
  ],
  "class": 3,
  "confidence": 0.43984389305114746,
  "uncertainty": 0.4389305926933709
}