{
  "image": "data\\raw\\images\\train\\F_2_2_1238.jpg",
  "box": [
    1442.670166015625,
    455.8962707519531,
    1526.5908203125,
    607.5537109375
  ],
  "class": 2,
  "confidence": 0.2866990268230438,
  "uncertainty": 0.4962185969344565
}