{
  "image": "data\\raw\\images\\train\\F_2_4_127.jpg",
  "box": [
    499.81707763671875,
    480.27410888671875,
    1055.061767578125,
    957.62109375
  ],
  "class": 2,
  "confidence": 0.928957998752594,
  "uncertainty": 0.12843442091488336
}