{
  "image": "data\\raw\\images\\train\\F_2_2_412.jpg",
  "box": [
    775.5093383789062,
    412.3272399902344,
    890.350341796875,
    565.2094116210938
  ],
  "class": 2,
  "confidence": 0.8492348790168762,
  "uncertainty": 0.1644654134162456
}