{
  "image": "data\\raw\\images\\train\\F_2_2_1516.jpg",
  "box": [
    61.22991943359375,
    403.99017333984375,
    327.4054870605469,
    699.8363037109375
  ],
  "class": 7,
  "confidence": 0.7862770557403564,
  "uncertainty": 0.26243699557765743
}