{
  "image": "data\\raw\\images\\train\\F_2_10_119.jpg",
  "box": [
    776.9007568359375,
    365.84063720703125,
    955.86181640625,
    567.1282348632812
  ],
  "class": 7,
  "confidence": 0.8496690988540649,
  "uncertainty": 0.24392945596672055
}