{
  "image": "data\\raw\\images\\train\\F_2_2_317.jpg",
  "box": [
    337.12957763671875,
    444.20599365234375,
    413.6331481933594,
    497.45343017578125
  ],
  "class": 2,
  "confidence": 0.42212027311325073,
  "uncertainty": 0.30807762824676194
}