{
  "image": "data\\raw\\images\\train\\F_2_9_341.jpg",
  "box": [
    1261.2095947265625,
    449.84600830078125,
    1622.989990234375,
    737.81103515625
  ],
  "class": 2,
  "confidence": 0.9237971305847168,
  "uncertainty": 0.11775020870458691
}