{
  "image": "data\\raw\\images\\train\\F_2_1_624.jpg",
  "box": [
    1852.0513916015625,
    536.649658203125,
    1919.36279296875,
    643.2764892578125
  ],
  "class": 3,
  "confidence": 0.6085252165794373,
  "uncertainty": 0.34759209427165666
}