{
  "image": "data\\raw\\images\\train\\F_2_1_969.jpg",
  "box": [
    1495.2711181640625,
    472.47882080078125,
    1561.4091796875,
    550.0784301757812
  ],
  "class": 2,
  "confidence": 0.3260813355445862,
  "uncertainty": 0.3458397929064777
}