{
  "image": "data\\raw\\images\\train\\F_2_10_186.jpg",
  "box": [
    1050.4970703125,
    454.1534729003906,
    1090.4886474609375,
    551.5164794921875
  ],
  "class": 2,
  "confidence": 0.6377354860305786,
  "uncertainty": 0.26475555508930004
}