{
  "image": "data\\raw\\images\\train\\F_2_1_940.jpg",
  "box": [
    529.2178955078125,
    416.3119812011719,
    654.7073974609375,
    539.93896484375
  ],
  "class": 7,
  "confidence": 0.25578275322914124,
  "uncertainty": 0.4707789076409597
}