{
  "image": "data\\raw\\images\\train\\F_2_9_1397.jpg",
  "box": [
    396.8345947265625,
    566.426513671875,
    460.0865478515625,
    675.4520263671875
  ],
  "class": 3,
  "confidence": 0.6924647092819214,
  "uncertainty": 0.34420320747688893
}