{
  "image": "data\\raw\\images\\train\\F_2_3_255.jpg",
  "box": [
    567.2473754882812,
    436.3061828613281,
    713.0813598632812,
    611.2891845703125
  ],
  "class": 7,
  "confidence": 0.6490146517753601,
  "uncertainty": 0.35590748673559125
}