{
  "image": "data\\raw\\images\\train\\F_2_1_446.jpg",
  "box": [
    470.38006591796875,
    528.6254272460938,
    526.4561157226562,
    622.7586059570312
  ],
  "class": 3,
  "confidence": 0.6612464189529419,
  "uncertainty": 0.33459379601750683
}