{
  "image": "data\\raw\\images\\train\\F_2_7_1654.jpg",
  "box": [
    837.17041015625,
    476.22064208984375,
    965.7120361328125,
    599.0084228515625
  ],
  "class": 2,
  "confidence": 0.38520026206970215,
  "uncertainty": 0.40683283070180215
}