{
  "image": "data\\raw\\images\\train\\F_2_11_143.jpg",
  "box": [
    812.2327880859375,
    550.0541381835938,
    859.803955078125,
    613.270751953125
  ],
  "class": 3,
  "confidence": 0.25052687525749207,
  "uncertainty": 0.49805184538962416
}