{
  "image": "data\\raw\\images\\train\\F_2_1_939.jpg",
  "box": [
    1708.020751953125,
    434.04412841796875,
    1785.98974609375,
    570.75537109375
  ],
  "class": 7,
  "confidence": 0.40728873014450073,
  "uncertainty": 0.4178424550036515
}