{
  "image": "data\\raw\\images\\train\\F_2_9_3014.jpg",
  "box": [
    1560.813720703125,
    345.7561340332031,
    1654.521240234375,
    533.502197265625
  ],
  "class": 5,
  "confidence": 0.6899522542953491,
  "uncertainty": 0.29440501369807087
}