{
  "image": "data\\raw\\images\\train\\F_2_2_939.jpg",
  "box": [
    1684.2791748046875,
    493.330810546875,
    1880.5323486328125,
    681.4572143554688
  ],
  "class": 2,
  "confidence": 0.866173505783081,
  "uncertainty": 0.1917571417668096
}