{
  "image": "data\\raw\\images\\train\\F_2_7_1804.jpg",
  "box": [
    614.6973876953125,
    387.71044921875,
    718.4580078125,
    520.181396484375
  ],
  "class": 2,
  "confidence": 0.29310324788093567,
  "uncertainty": 0.43238941481926185
}