{
  "image": "data\\raw\\images\\train\\F_2_2_98.jpg",
  "box": [
    936.26611328125,
    443.5020446777344,
    1014.2147216796875,
    573.7154541015625
  ],
  "class": 2,
  "confidence": 0.41636577248573303,
  "uncertainty": 0.38049231087392554
}