{
  "image": "data\\raw\\images\\train\\F_2_1_1199.jpg",
  "box": [
    1133.05859375,
    327.65234375,
    1324.18603515625,
    445.8353576660156
  ],
  "class": 7,
  "confidence": 0.30395832657814026,
  "uncertainty": 0.4703119126880158
}