{
  "image": "data\\raw\\images\\train\\F_2_2_1401.jpg",
  "box": [
    460.7919921875,
    327.1036376953125,
    1225.339111328125,
    1068.426025390625
  ],
  "class": 7,
  "confidence": 0.5713714361190796,
  "uncertainty": 0.3436956698979147
}