{
  "image": "data\\raw\\images\\train\\F_2_9_332.jpg",
  "box": [
    882.4415283203125,
    418.9280090332031,
    957.4783935546875,
    515.079345703125
  ],
  "class": 2,
  "confidence": 0.3414589762687683,
  "uncertainty": 0.38624712017376506
}