{
  "image": "data\\raw\\images\\train\\F_2_6_471.jpg",
  "box": [
    1415.132080078125,
    607.50244140625,
    1533.138427734375,
    738.583251953125
  ],
  "class": 3,
  "confidence": 0.592416524887085,
  "uncertainty": 0.37521806186485335
}