{
  "image": "data\\raw\\images\\train\\F_2_1_1191.jpg",
  "box": [
    1772.904052734375,
    514.7027587890625,
    1858.241455078125,
    631.6779174804688
  ],
  "class": 3,
  "confidence": 0.6735855937004089,
  "uncertainty": 0.3633153831111406
}