{
  "image": "data\\raw\\images\\train\\F_2_2_241.jpg",
  "box": [
    1244.231689453125,
    592.2939453125,
    1337.11669921875,
    732.035400390625
  ],
  "class": 3,
  "confidence": 0.7329565286636353,
  "uncertainty": 0.2927648829740872
}