{
  "image": "data\\raw\\images\\train\\F_2_6_485.jpg",
  "box": [
    1177.302001953125,
    389.9651184082031,
    1510.803466796875,
    791.1117553710938
  ],
  "class": 7,
  "confidence": 0.28523796796798706,
  "uncertainty": 0.46512406849002447
}