{
  "image": "data\\raw\\images\\train\\F_2_11_314.jpg",
  "box": [
    748.9822998046875,
    429.72039794921875,
    792.4315795898438,
    523.1873779296875
  ],
  "class": 2,
  "confidence": 0.43271714448928833,
  "uncertainty": 0.3160262547693427
}