{
  "image": "data\\raw\\images\\train\\F_2_3_433.jpg",
  "box": [
    995.328369140625,
    357.23529052734375,
    1768.0537109375,
    1021.0487060546875
  ],
  "class": 2,
  "confidence": 0.9516203999519348,
  "uncertainty": 0.12327088675595434
}