{
  "image": "data\\raw\\images\\train\\F_2_2_839.jpg",
  "box": [
    160.80465698242188,
    518.5382080078125,
    268.12713623046875,
    651.657470703125
  ],
  "class": 3,
  "confidence": 0.8069047927856445,
  "uncertainty": 0.29756563501827826
}