{
  "image": "data\\raw\\images\\train\\F_2_6_126.jpg",
  "box": [
    1170.2630615234375,
    481.0289611816406,
    1217.530029296875,
    549.0166015625
  ],
  "class": 3,
  "confidence": 0.5376026034355164,
  "uncertainty": 0.40491899643171797
}