{
  "image": "data\\raw\\images\\train\\F_2_5_281.jpg",
  "box": [
    966.4301147460938,
    589.020263671875,
    1067.82470703125,
    752.3486938476562
  ],
  "class": 3,
  "confidence": 0.6902427077293396,
  "uncertainty": 0.3531783228504538
}