{
  "image": "data\\raw\\images\\train\\F_2_1_810.jpg",
  "box": [
    985.7379150390625,
    657.0828857421875,
    1174.1177978515625,
    956.922119140625
  ],
  "class": 3,
  "confidence": 0.6587462425231934,
  "uncertainty": 0.39376789879383456
}