{
  "image": "data\\raw\\images\\train\\F_2_9_3020.jpg",
  "box": [
    1403.45703125,
    436.3098449707031,
    1556.0166015625,
    565.7115478515625
  ],
  "class": 2,
  "confidence": 0.8861327171325684,
  "uncertainty": 0.13279703568657475
}