{
  "image": "data\\raw\\images\\train\\F_2_8_1808.jpg",
  "box": [
    980.069580078125,
    357.10577392578125,
    1201.012451171875,
    525.688232421875
  ],
  "class": 7,
  "confidence": 0.6022226810455322,
  "uncertainty": 0.4598684696264379
}