{
  "image": "data\\raw\\images\\train\\F_2_7_477.jpg",
  "box": [
    771.4478759765625,
    455.5755615234375,
    1051.7822265625,
    774.2606201171875
  ],
  "class": 2,
  "confidence": 0.8319318890571594,
  "uncertainty": 0.20183979478448688
}