{
  "image": "data\\raw\\images\\train\\F_2_8_718.jpg",
  "box": [
    1.8417892456054688,
    50.246795654296875,
    318.8721008300781,
    814.8543701171875
  ],
  "class": 5,
  "confidence": 0.7973840236663818,
  "uncertainty": 0.2920319670308663
}