{
  "image": "data\\raw\\images\\train\\F_2_6_120.jpg",
  "box": [
    729.47607421875,
    349.84222412109375,
    857.6932983398438,
    484.8849792480469
  ],
  "class": 7,
  "confidence": 0.488911509513855,
  "uncertainty": 0.42016165372078995
}