{
  "image": "data\\raw\\images\\train\\F_2_1_987.jpg",
  "box": [
    969.23974609375,
    462.06500244140625,
    1037.97705078125,
    511.9278259277344
  ],
  "class": 2,
  "confidence": 0.38542118668556213,
  "uncertainty": 0.3392956612768805
}