{
  "image": "data\\raw\\images\\train\\F_2_7_413.jpg",
  "box": [
    691.2691650390625,
    854.1326293945312,
    1004.9426879882812,
    1074.8271484375
  ],
  "class": 3,
  "confidence": 0.7422299981117249,
  "uncertainty": 0.31632347525525223
}