{
  "image": "data\\raw\\images\\train\\F_2_2_1458.jpg",
  "box": [
    1270.05322265625,
    444.9437255859375,
    1343.0225830078125,
    643.1625366210938
  ],
  "class": 2,
  "confidence": 0.7555961608886719,
  "uncertainty": 0.20439383027736513
}