{
  "image": "data\\raw\\images\\train\\F_2_8_1838.jpg",
  "box": [
    1544.7646484375,
    461.3273620605469,
    1595.5,
    543.0491943359375
  ],
  "class": 3,
  "confidence": 0.4292971193790436,
  "uncertainty": 0.43308726702652445
}