{
  "image": "data\\raw\\images\\train\\F_2_3_387.jpg",
  "box": [
    1.5137786865234375,
    431.5423278808594,
    503.215087890625,
    980.8284301757812
  ],
  "class": 2,
  "confidence": 0.9354875087738037,
  "uncertainty": 0.12382425141588724
}