{
  "image": "data\\raw\\images\\train\\F_2_1_323.jpg",
  "box": [
    1796.360595703125,
    430.93670654296875,
    1919.379638671875,
    674.6017456054688
  ],
  "class": 7,
  "confidence": 0.6960628032684326,
  "uncertainty": 0.29238065573691674
}