{
  "image": "data\\raw\\images\\train\\F_2_9_2569.jpg",
  "box": [
    1.5139617919921875,
    492.96844482421875,
    435.9537048339844,
    1067.260986328125
  ],
  "class": 2,
  "confidence": 0.9436683058738708,
  "uncertainty": 0.10805432730164281
}