{
  "image": "data\\raw\\images\\train\\F_2_9_862.jpg",
  "box": [
    2.799041748046875,
    536.7969360351562,
    713.6170654296875,
    829.3126831054688
  ],
  "class": 2,
  "confidence": 0.9402629137039185,
  "uncertainty": 0.13936893758439148
}