{
  "image": "data\\raw\\images\\train\\F_2_7_1654.jpg",
  "box": [
    0.94317626953125,
    362.36810302734375,
    387.7610778808594,
    1066.203369140625
  ],
  "class": 2,
  "confidence": 0.792266845703125,
  "uncertainty": 0.19159914584181517
}