{
  "image": "data\\raw\\images\\train\\F_2_6_489.jpg",
  "box": [
    1483.950927734375,
    488.26068115234375,
    1918.6263427734375,
    1007.7890625
  ],
  "class": 2,
  "confidence": 0.9272539615631104,
  "uncertainty": 0.1289942615792339
}