{
  "image": "data\\raw\\images\\train\\F_2_1_1127.jpg",
  "box": [
    1729.845703125,
    463.0435791015625,
    1851.13330078125,
    595.2058715820312
  ],
  "class": 2,
  "confidence": 0.3770633935928345,
  "uncertainty": 0.33376828557888766
}