{
  "image": "data\\raw\\images\\train\\F_2_6_1794.jpg",
  "box": [
    991.5560302734375,
    486.24334716796875,
    1445.3961181640625,
    915.8032836914062
  ],
  "class": 2,
  "confidence": 0.9401484727859497,
  "uncertainty": 0.12047251430431094
}