{
  "image": "data\\raw\\images\\train\\F_2_2_1697.jpg",
  "box": [
    590.2073974609375,
    446.38330078125,
    855.530029296875,
    664.1568603515625
  ],
  "class": 2,
  "confidence": 0.8429015278816223,
  "uncertainty": 0.1567344334541273
}