{
  "image": "data\\raw\\images\\train\\F_2_7_447.jpg",
  "box": [
    808.6638793945312,
    460.9582214355469,
    938.9251098632812,
    567.6763916015625
  ],
  "class": 2,
  "confidence": 0.5312694907188416,
  "uncertainty": 0.3322243476152231
}