{
  "image": "data\\raw\\images\\train\\F_2_9_2940.jpg",
  "box": [
    1619.494873046875,
    1.368896484375,
    1918.710693359375,
    1017.4654541015625
  ],
  "class": 5,
  "confidence": 0.9005058407783508,
  "uncertainty": 0.22918759983332582
}