{
  "image": "data\\raw\\images\\train\\F_2_5_246.jpg",
  "box": [
    775.2020263671875,
    645.7269287109375,
    917.6485595703125,
    925.6056518554688
  ],
  "class": 3,
  "confidence": 0.6526996493339539,
  "uncertainty": 0.36608738224379356
}