{
  "image": "data\\raw\\images\\train\\F_2_1_573.jpg",
  "box": [
    290.27703857421875,
    393.4080810546875,
    518.2927856445312,
    577.0281982421875
  ],
  "class": 7,
  "confidence": 0.7341893315315247,
  "uncertainty": 0.38171630502887227
}