{
  "image": "data\\raw\\images\\train\\F_2_1_974.jpg",
  "box": [
    817.3751220703125,
    405.0841369628906,
    1292.5059814453125,
    842.3773193359375
  ],
  "class": 2,
  "confidence": 0.7328088283538818,
  "uncertainty": 0.20175644325040465
}