{
  "image": "data\\raw\\images\\train\\F_2_7_26.jpg",
  "box": [
    562.3951416015625,
    465.55230712890625,
    718.3380126953125,
    569.3131103515625
  ],
  "class": 2,
  "confidence": 0.5747126936912537,
  "uncertainty": 0.3149546676223669
}