{
  "image": "data\\raw\\images\\train\\F_2_2_845.jpg",
  "box": [
    209.9318389892578,
    698.775146484375,
    285.6863708496094,
    988.8836059570312
  ],
  "class": 3,
  "confidence": 0.5683172941207886,
  "uncertainty": 0.4783277751183948
}