{
  "image": "data\\raw\\images\\train\\F_2_7_892.jpg",
  "box": [
    867.9815673828125,
    391.66357421875,
    992.7080078125,
    467.47381591796875
  ],
  "class": 2,
  "confidence": 0.2863492965698242,
  "uncertainty": 0.43461086273048194
}