{
  "image": "data\\raw\\images\\train\\F_2_1_367.jpg",
  "box": [
    1693.203369140625,
    483.150146484375,
    1919.07421875,
    747.842529296875
  ],
  "class": 2,
  "confidence": 0.8473476767539978,
  "uncertainty": 0.21231512214971823
}