{
  "image": "data\\raw\\images\\train\\F_2_7_1834.jpg",
  "box": [
    203.42706298828125,
    403.865234375,
    338.91668701171875,
    619.1783447265625
  ],
  "class": 5,
  "confidence": 0.3173886835575104,
  "uncertainty": 0.48648181435486876
}