{
  "image": "data\\raw\\images\\train\\F_2_1_1136.jpg",
  "box": [
    1049.259521484375,
    450.49786376953125,
    1234.53369140625,
    617.5398559570312
  ],
  "class": 2,
  "confidence": 0.8579095005989075,
  "uncertainty": 0.15500584613518284
}