{
  "image": "data\\raw\\images\\train\\F_2_9_1600.jpg",
  "box": [
    1351.0673828125,
    339.55975341796875,
    1522.58984375,
    438.62786865234375
  ],
  "class": 5,
  "confidence": 0.49991631507873535,
  "uncertainty": 0.41231112362237804
}