{
  "image": "data\\raw\\images\\train\\F_2_6_1257.jpg",
  "box": [
    256.58258056640625,
    475.9833068847656,
    458.5191650390625,
    563.8638916015625
  ],
  "class": 2,
  "confidence": 0.4789443612098694,
  "uncertainty": 0.4303599087048885
}