{
  "image": "data\\raw\\images\\train\\F_2_10_174.jpg",
  "box": [
    573.2987060546875,
    569.638427734375,
    662.6123046875,
    702.27880859375
  ],
  "class": 3,
  "confidence": 0.7591978907585144,
  "uncertainty": 0.2876587899826316
}