{
  "image": "data\\raw\\images\\train\\F_2_7_892.jpg",
  "box": [
    1036.302978515625,
    390.1896057128906,
    1098.040283203125,
    437.0120544433594
  ],
  "class": 2,
  "confidence": 0.3290555775165558,
  "uncertainty": 0.3543181956604021
}