{
  "image": "data\\raw\\images\\train\\F_2_7_2009.jpg",
  "box": [
    613.1536865234375,
    420.1528015136719,
    727.9293823242188,
    513.0771484375
  ],
  "class": 2,
  "confidence": 0.6141257882118225,
  "uncertainty": 0.30398627180609294
}