{
  "image": "data\\raw\\images\\train\\F_2_2_5.jpg",
  "box": [
    0.4274139404296875,
    442.2631530761719,
    68.240478515625,
    712.2174072265625
  ],
  "class": 2,
  "confidence": 0.7856134176254272,
  "uncertainty": 0.2144359339489078
}