{
  "image": "data\\raw\\images\\train\\F_2_5_195.jpg",
  "box": [
    1239.679443359375,
    3.983184814453125,
    1855.470947265625,
    798.3734130859375
  ],
  "class": 7,
  "confidence": 0.3837853968143463,
  "uncertainty": 0.4226864133168001
}