{
  "image": "data\\raw\\images\\train\\F_2_1_803.jpg",
  "box": [
    446.5982666015625,
    572.6719360351562,
    536.6524658203125,
    720.619140625
  ],
  "class": 3,
  "confidence": 0.7200967073440552,
  "uncertainty": 0.3357867063741224
}