{
  "image": "data\\raw\\images\\train\\F_2_1_377.jpg",
  "box": [
    750.8212280273438,
    453.7204284667969,
    804.0758056640625,
    529.6617431640625
  ],
  "class": 3,
  "confidence": 0.6184222102165222,
  "uncertainty": 0.34012971105650247
}