{
  "image": "data\\raw\\images\\train\\F_2_2_1086.jpg",
  "box": [
    1518.367919921875,
    535.2200927734375,
    1590.458984375,
    633.7735595703125
  ],
  "class": 3,
  "confidence": 0.7227362990379333,
  "uncertainty": 0.29514502351896893
}