{
  "image": "data\\raw\\images\\train\\F_2_11_117.jpg",
  "box": [
    409.7531433105469,
    507.1798095703125,
    477.3914794921875,
    602.091064453125
  ],
  "class": 3,
  "confidence": 0.6969069242477417,
  "uncertainty": 0.3052946712266798
}