{
  "image": "data\\raw\\images\\train\\F_2_3_500.jpg",
  "box": [
    692.0988159179688,
    328.1019287109375,
    950.0679931640625,
    547.3148193359375
  ],
  "class": 5,
  "confidence": 0.8486677408218384,
  "uncertainty": 0.28404383768356434
}