{
  "image": "data\\raw\\images\\train\\F_2_2_1066.jpg",
  "box": [
    236.64413452148438,
    409.78143310546875,
    663.8512573242188,
    934.645751953125
  ],
  "class": 7,
  "confidence": 0.8588091135025024,
  "uncertainty": 0.24285757162510513
}