{
  "image": "data\\raw\\images\\train\\F_2_2_902.jpg",
  "box": [
    281.7324523925781,
    454.0626525878906,
    314.8451232910156,
    600.82373046875
  ],
  "class": 2,
  "confidence": 0.3236148953437805,
  "uncertainty": 0.4263902961895007
}