{
  "image": "data\\raw\\images\\train\\F_2_1_718.jpg",
  "box": [
    247.17604064941406,
    597.9285888671875,
    410.3039245605469,
    824.155517578125
  ],
  "class": 3,
  "confidence": 0.7646756172180176,
  "uncertainty": 0.2928769985225833
}