{
  "image": "data\\raw\\images\\train\\F_2_1_829.jpg",
  "box": [
    294.8922119140625,
    454.2816162109375,
    392.379638671875,
    622.48486328125
  ],
  "class": 2,
  "confidence": 0.7770149111747742,
  "uncertainty": 0.18167800470199774
}