{
  "image": "data\\raw\\images\\train\\F_2_6_521.jpg",
  "box": [
    528.3180541992188,
    582.0042724609375,
    631.446533203125,
    750.2337646484375
  ],
  "class": 3,
  "confidence": 0.44597718119621277,
  "uncertainty": 0.49394988156976133
}