{
  "image": "data\\raw\\images\\train\\F_2_8_1439.jpg",
  "box": [
    2.747772216796875,
    4.5498046875,
    1295.163330078125,
    1048.09814453125
  ],
  "class": 5,
  "confidence": 0.925771176815033,
  "uncertainty": 0.1766791954429898
}