{
  "image": "data\\raw\\images\\train\\F_2_7_1630.jpg",
  "box": [
    1291.919677734375,
    393.079833984375,
    1593.2021484375,
    572.2410278320312
  ],
  "class": 2,
  "confidence": 0.6104884147644043,
  "uncertainty": 0.3727377904511364
}