{
  "image": "data\\raw\\images\\train\\F_2_2_1049.jpg",
  "box": [
    1567.9918212890625,
    458.37066650390625,
    1783.1209716796875,
    582.0906372070312
  ],
  "class": 2,
  "confidence": 0.44354814291000366,
  "uncertainty": 0.35310906348039567
}