{
  "image": "data\\raw\\images\\train\\F_2_5_304.jpg",
  "box": [
    727.3895263671875,
    612.4598388671875,
    851.577880859375,
    835.2518310546875
  ],
  "class": 3,
  "confidence": 0.7683060169219971,
  "uncertainty": 0.33130417318348643
}