{
  "image": "data\\raw\\images\\train\\F_2_1_957.jpg",
  "box": [
    1278.664306640625,
    438.73004150390625,
    1325.7412109375,
    475.32293701171875
  ],
  "class": 2,
  "confidence": 0.6113665699958801,
  "uncertainty": 0.2283688901059294
}