{
  "image": "data\\raw\\images\\train\\F_2_2_96.jpg",
  "box": [
    59.4512939453125,
    433.7298889160156,
    135.5556640625,
    519.630859375
  ],
  "class": 2,
  "confidence": 0.3397148847579956,
  "uncertainty": 0.4528504003190333
}