{
  "image": "data\\raw\\images\\train\\F_2_1_701.jpg",
  "box": [
    564.87451171875,
    532.3300170898438,
    626.4825439453125,
    610.4030151367188
  ],
  "class": 3,
  "confidence": 0.6854574084281921,
  "uncertainty": 0.3131646529428109
}