{
  "image": "data\\raw\\images\\train\\F_2_7_441.jpg",
  "box": [
    274.56329345703125,
    398.6993408203125,
    617.5535278320312,
    813.570556640625
  ],
  "class": 7,
  "confidence": 0.4645751118659973,
  "uncertainty": 0.3930433294981974
}