{
  "image": "data\\raw\\images\\train\\F_2_7_202.jpg",
  "box": [
    1579.3106689453125,
    610.5906982421875,
    1693.4322509765625,
    837.4024658203125
  ],
  "class": 3,
  "confidence": 0.6575921177864075,
  "uncertainty": 0.37984186752979976
}