{
  "image": "data\\raw\\images\\train\\F_2_8_837.jpg",
  "box": [
    17.87450408935547,
    573.3797607421875,
    139.7581787109375,
    784.5005493164062
  ],
  "class": 3,
  "confidence": 0.7982176542282104,
  "uncertainty": 0.31366590937131544
}