{
  "image": "data\\raw\\images\\train\\F_2_7_727.jpg",
  "box": [
    1229.943115234375,
    391.83343505859375,
    1389.78564453125,
    553.4880981445312
  ],
  "class": 2,
  "confidence": 0.3947855234146118,
  "uncertainty": 0.4433902987293342
}