{
  "image": "data\\raw\\images\\train\\F_2_2_1364.jpg",
  "box": [
    406.03656005859375,
    380.5846252441406,
    881.8577880859375,
    964.021240234375
  ],
  "class": 7,
  "confidence": 0.6856812834739685,
  "uncertainty": 0.31870347379568353
}