{
  "image": "data\\raw\\images\\train\\F_2_9_2769.jpg",
  "box": [
    1865.24560546875,
    501.24505615234375,
    1919.302001953125,
    683.287109375
  ],
  "class": 2,
  "confidence": 0.7741912007331848,
  "uncertainty": 0.22014734711823739
}