{
  "image": "data\\raw\\images\\train\\F_2_2_1351.jpg",
  "box": [
    0.05568122863769531,
    563.944091796875,
    93.48663330078125,
    714.1444091796875
  ],
  "class": 3,
  "confidence": 0.788041889667511,
  "uncertainty": 0.29647198460110413
}