{
  "image": "data\\raw\\images\\train\\F_2_3_269.jpg",
  "box": [
    456.196533203125,
    516.70654296875,
    498.83416748046875,
    538.8487548828125
  ],
  "class": 2,
  "confidence": 0.28846728801727295,
  "uncertainty": 0.3892998014466458
}