{
  "image": "data\\raw\\images\\train\\F_2_10_210.jpg",
  "box": [
    1266.06201171875,
    386.354736328125,
    1422.061767578125,
    584.444091796875
  ],
  "class": 5,
  "confidence": 0.5665656924247742,
  "uncertainty": 0.31914393834265353
}