{
  "image": "data\\raw\\images\\train\\F_2_4_56.jpg",
  "box": [
    1271.9547119140625,
    335.72021484375,
    1423.17578125,
    530.6451416015625
  ],
  "class": 7,
  "confidence": 0.4094112515449524,
  "uncertainty": 0.4575539772324
}