{
  "image": "data\\raw\\images\\train\\F_2_11_314.jpg",
  "box": [
    849.963134765625,
    224.79034423828125,
    1211.265625,
    645.78076171875
  ],
  "class": 7,
  "confidence": 0.9434463381767273,
  "uncertainty": 0.20954695669336088
}