{
  "image": "data\\raw\\images\\train\\F_2_6_968.jpg",
  "box": [
    568.1301879882812,
    546.5659790039062,
    643.159912109375,
    687.8860473632812
  ],
  "class": 3,
  "confidence": 0.44536319375038147,
  "uncertainty": 0.45250233213048213
}