{
  "image": "data\\raw\\images\\train\\F_2_5_4.jpg",
  "box": [
    148.3201904296875,
    558.1986083984375,
    185.5283203125,
    633.5157470703125
  ],
  "class": 3,
  "confidence": 0.5504641532897949,
  "uncertainty": 0.4016669538745828
}