{
  "image": "data\\raw\\images\\train\\F_2_2_874.jpg",
  "box": [
    746.2286376953125,
    544.5953369140625,
    783.9402465820312,
    604.9891357421875
  ],
  "class": 3,
  "confidence": 0.5719290971755981,
  "uncertainty": 0.3694101644258119
}