{
  "image": "data\\raw\\images\\train\\F_2_6_51.jpg",
  "box": [
    1165.5869140625,
    414.7356262207031,
    1752.060302734375,
    871.093994140625
  ],
  "class": 2,
  "confidence": 0.9371182322502136,
  "uncertainty": 0.13658565207910606
}