{
  "image": "data\\raw\\images\\train\\F_2_10_186.jpg",
  "box": [
    1705.32666015625,
    313.0712890625,
    1919.1962890625,
    494.5549621582031
  ],
  "class": 7,
  "confidence": 0.6905291080474854,
  "uncertainty": 0.29579562540210075
}