{
  "image": "data\\raw\\images\\train\\F_2_1_116.jpg",
  "box": [
    896.8262329101562,
    454.7295227050781,
    937.3546142578125,
    575.3634033203125
  ],
  "class": 2,
  "confidence": 0.552849292755127,
  "uncertainty": 0.3223933561731619
}