{
  "image": "data\\raw\\images\\train\\F_2_7_890.jpg",
  "box": [
    440.25592041015625,
    510.3057861328125,
    551.0018310546875,
    752.5534057617188
  ],
  "class": 2,
  "confidence": 0.5634689331054688,
  "uncertainty": 0.3788202221417032
}