{
  "image": "data\\raw\\images\\train\\F_2_7_809.jpg",
  "box": [
    0.8073577880859375,
    528.1898193359375,
    200.07205200195312,
    1068.377685546875
  ],
  "class": 2,
  "confidence": 0.9011120796203613,
  "uncertainty": 0.16258745424823773
}