{
  "image": "data\\raw\\images\\train\\F_2_11_390.jpg",
  "box": [
    326.9873046875,
    385.3287353515625,
    627.5623779296875,
    718.6458129882812
  ],
  "class": 7,
  "confidence": 0.4654019773006439,
  "uncertainty": 0.3943964169680998
}