{
  "image": "data\\raw\\images\\train\\F_2_2_839.jpg",
  "box": [
    676.8985595703125,
    561.2806396484375,
    786.297119140625,
    704.903564453125
  ],
  "class": 3,
  "confidence": 0.7432835698127747,
  "uncertainty": 0.3348691850871267
}