{
  "image": "data\\raw\\images\\train\\F_2_1_191.jpg",
  "box": [
    163.3033447265625,
    224.87603759765625,
    537.2968139648438,
    582.6328125
  ],
  "class": 7,
  "confidence": 0.923648476600647,
  "uncertainty": 0.20195935275811389
}