{
  "image": "data\\raw\\images\\train\\F_2_7_1694.jpg",
  "box": [
    467.59332275390625,
    479.80096435546875,
    595.3218383789062,
    750.57275390625
  ],
  "class": 2,
  "confidence": 0.7377955317497253,
  "uncertainty": 0.32625557910466385
}