{
  "image": "data\\raw\\images\\train\\F_2_7_1759.jpg",
  "box": [
    970.0211791992188,
    724.572265625,
    1042.150390625,
    791.8170776367188
  ],
  "class": 2,
  "confidence": 0.7649967074394226,
  "uncertainty": 0.17425071515717078
}