{
  "image": "data\\raw\\images\\train\\F_2_2_1584.jpg",
  "box": [
    520.92041015625,
    394.43255615234375,
    591.1021728515625,
    457.0498046875
  ],
  "class": 7,
  "confidence": 0.36759012937545776,
  "uncertainty": 0.430186615332031
}