{
  "image": "data\\raw\\images\\train\\F_2_9_2755.jpg",
  "box": [
    4.4593505859375,
    6.345062255859375,
    1110.240478515625,
    958.1995239257812
  ],
  "class": 7,
  "confidence": 0.5382893085479736,
  "uncertainty": 0.34047149136164806
}