{
  "image": "data\\raw\\images\\train\\F_2_1_730.jpg",
  "box": [
    256.62872314453125,
    485.8149719238281,
    294.330322265625,
    535.560302734375
  ],
  "class": 3,
  "confidence": 0.5098649263381958,
  "uncertainty": 0.39601851757643886
}