{
  "image": "data\\raw\\images\\train\\F_2_7_384.jpg",
  "box": [
    1310.506103515625,
    422.5443420410156,
    1411.1790771484375,
    448.8011169433594
  ],
  "class": 2,
  "confidence": 0.34503093361854553,
  "uncertainty": 0.36787798821414286
}