{
  "image": "data\\raw\\images\\train\\F_2_9_3023.jpg",
  "box": [
    659.1988525390625,
    427.1197814941406,
    862.1142578125,
    590.1429443359375
  ],
  "class": 2,
  "confidence": 0.8578314781188965,
  "uncertainty": 0.1527014139865558
}