{
  "image": "data\\raw\\images\\train\\F_2_2_1690.jpg",
  "box": [
    562.043701171875,
    434.5858154296875,
    757.9015502929688,
    570.9911499023438
  ],
  "class": 2,
  "confidence": 0.2598821222782135,
  "uncertainty": 0.4895589651762751
}