{
  "image": "data\\raw\\images\\train\\F_2_1_351.jpg",
  "box": [
    1.298492431640625,
    428.00885009765625,
    1012.4517822265625,
    1066.5047607421875
  ],
  "class": 7,
  "confidence": 0.7917078733444214,
  "uncertainty": 0.2491086067401071
}