{
  "image": "data\\raw\\images\\train\\F_2_2_787.jpg",
  "box": [
    1428.108642578125,
    446.32928466796875,
    1487.2728271484375,
    533.328369140625
  ],
  "class": 2,
  "confidence": 0.4459276795387268,
  "uncertainty": 0.3242274054102174
}