{
  "image": "data\\raw\\images\\train\\F_2_2_1308.jpg",
  "box": [
    501.81536865234375,
    382.70953369140625,
    570.9666748046875,
    455.13861083984375
  ],
  "class": 5,
  "confidence": 0.4377225637435913,
  "uncertainty": 0.40721035214003276
}