{
  "image": "data\\raw\\images\\train\\F_2_9_536.jpg",
  "box": [
    906.864990234375,
    512.3280029296875,
    1036.631103515625,
    593.3228759765625
  ],
  "class": 2,
  "confidence": 0.6835409998893738,
  "uncertainty": 0.25641178604256865
}