{
  "image": "data\\raw\\images\\train\\F_2_4_669.jpg",
  "box": [
    816.357177734375,
    465.7158203125,
    949.7982177734375,
    617.6494750976562
  ],
  "class": 2,
  "confidence": 0.7031371593475342,
  "uncertainty": 0.2613053391132593
}