{
  "image": "data\\raw\\images\\train\\F_2_2_317.jpg",
  "box": [
    1.4549789428710938,
    342.472900390625,
    312.99505615234375,
    1063.939697265625
  ],
  "class": 7,
  "confidence": 0.6687752604484558,
  "uncertainty": 0.3139133559071392
}