{
  "image": "data\\raw\\images\\train\\F_2_2_1002.jpg",
  "box": [
    849.7122802734375,
    478.5976867675781,
    908.2890014648438,
    567.7393798828125
  ],
  "class": 2,
  "confidence": 0.34922510385513306,
  "uncertainty": 0.4178752612118007
}