{
  "image": "data\\raw\\images\\train\\F_2_6_1164.jpg",
  "box": [
    992.0740356445312,
    506.96038818359375,
    1048.71044921875,
    636.1442260742188
  ],
  "class": 3,
  "confidence": 0.5176018476486206,
  "uncertainty": 0.42423657667845777
}