{
  "image": "data\\raw\\images\\train\\F_2_7_1654.jpg",
  "box": [
    1648.466796875,
    566.7474365234375,
    1736.50390625,
    703.20361328125
  ],
  "class": 3,
  "confidence": 0.46104830503463745,
  "uncertainty": 0.4434370596646195
}