{
  "image": "data\\raw\\images\\train\\F_2_9_2320.jpg",
  "box": [
    1375.451904296875,
    463.8076171875,
    1399.8626708984375,
    507.249755859375
  ],
  "class": 2,
  "confidence": 0.2801787853240967,
  "uncertainty": 0.3889385893708682
}