{
  "image": "data\\raw\\images\\train\\F_2_11_341.jpg",
  "box": [
    736.2872314453125,
    492.2210998535156,
    772.7940673828125,
    539.2640991210938
  ],
  "class": 3,
  "confidence": 0.5499932765960693,
  "uncertainty": 0.37855817534046926
}