{
  "image": "data\\raw\\images\\train\\F_2_9_134.jpg",
  "box": [
    1652.250732421875,
    478.5579528808594,
    1919.28369140625,
    719.1905517578125
  ],
  "class": 2,
  "confidence": 0.9214311838150024,
  "uncertainty": 0.11611817460280564
}