{
  "image": "data\\raw\\images\\train\\F_2_8_1796.jpg",
  "box": [
    1555.619384765625,
    300.6699523925781,
    1603.374755859375,
    321.37725830078125
  ],
  "class": 2,
  "confidence": 0.34710755944252014,
  "uncertainty": 0.34019815831715805
}