{
  "image": "data\\raw\\images\\train\\F_2_8_1828.jpg",
  "box": [
    1559.3756103515625,
    491.49005126953125,
    1653.3980712890625,
    674.197021484375
  ],
  "class": 3,
  "confidence": 0.5959381461143494,
  "uncertainty": 0.3718128255480389
}