{
  "image": "data\\raw\\images\\train\\F_2_2_367.jpg",
  "box": [
    1054.543212890625,
    457.1584167480469,
    1169.49072265625,
    498.5995788574219
  ],
  "class": 2,
  "confidence": 0.26542800664901733,
  "uncertainty": 0.491530065482264
}