{
  "image": "data\\raw\\images\\train\\F_2_1_880.jpg",
  "box": [
    1464.556396484375,
    475.4287109375,
    1493.6427001953125,
    522.2915649414062
  ],
  "class": 3,
  "confidence": 0.2788108289241791,
  "uncertainty": 0.46834783829003596
}