{
  "image": "data\\raw\\images\\train\\F_2_3_167.jpg",
  "box": [
    1058.38525390625,
    462.8755187988281,
    1436.336669921875,
    589.54052734375
  ],
  "class": 2,
  "confidence": 0.6268043518066406,
  "uncertainty": 0.40130221733510374
}