{
  "image": "data\\raw\\images\\train\\F_2_1_943.jpg",
  "box": [
    1398.1724853515625,
    496.91802978515625,
    1423.370361328125,
    531.5965576171875
  ],
  "class": 3,
  "confidence": 0.5647348165512085,
  "uncertainty": 0.34274857001201037
}