{
  "image": "data\\raw\\images\\train\\F_2_9_2923.jpg",
  "box": [
    354.5599365234375,
    4.87225341796875,
    1427.259521484375,
    1009.3260498046875
  ],
  "class": 7,
  "confidence": 0.43145105242729187,
  "uncertainty": 0.4476250143543833
}