{
  "image": "data\\raw\\images\\train\\F_2_6_1501.jpg",
  "box": [
    474.488037109375,
    367.30487060546875,
    734.9462280273438,
    665.6813354492188
  ],
  "class": 7,
  "confidence": 0.8971610069274902,
  "uncertainty": 0.22363547940417822
}