{
  "image": "data\\raw\\images\\train\\F_2_11_694.jpg",
  "box": [
    1.0134201049804688,
    487.5802917480469,
    326.39422607421875,
    1029.3280029296875
  ],
  "class": 2,
  "confidence": 0.9275223612785339,
  "uncertainty": 0.1263836050503212
}