{
  "image": "data\\raw\\images\\train\\F_2_2_1434.jpg",
  "box": [
    915.671875,
    466.446533203125,
    955.3951416015625,
    524.4295654296875
  ],
  "class": 3,
  "confidence": 0.3785443603992462,
  "uncertainty": 0.44983898670608985
}