{
  "image": "data\\raw\\images\\train\\F_2_5_183.jpg",
  "box": [
    1828.63037109375,
    542.7994995117188,
    1919.212646484375,
    743.694580078125
  ],
  "class": 2,
  "confidence": 0.8360477685928345,
  "uncertainty": 0.19481575213546187
}