{
  "image": "data\\raw\\images\\train\\F_2_11_213.jpg",
  "box": [
    960.146484375,
    245.97354125976562,
    1427.874755859375,
    699.0057373046875
  ],
  "class": 7,
  "confidence": 0.9296127557754517,
  "uncertainty": 0.24044262653456971
}