{
  "image": "data\\raw\\images\\train\\F_2_2_1045.jpg",
  "box": [
    771.1484375,
    403.91192626953125,
    909.075927734375,
    469.45391845703125
  ],
  "class": 7,
  "confidence": 0.2864009439945221,
  "uncertainty": 0.4952324737402031
}