{
  "image": "data\\raw\\images\\train\\F_2_6_950.jpg",
  "box": [
    993.9488525390625,
    388.0758361816406,
    1270.77978515625,
    740.7667236328125
  ],
  "class": 7,
  "confidence": 0.398017019033432,
  "uncertainty": 0.4799219440955876
}