{
  "image": "data\\raw\\images\\train\\F_2_2_238.jpg",
  "box": [
    1447.92724609375,
    450.1004333496094,
    1536.50146484375,
    527.6951904296875
  ],
  "class": 7,
  "confidence": 0.5821120142936707,
  "uncertainty": 0.3611664204022391
}