{
  "image": "data\\raw\\images\\train\\F_2_9_2006.jpg",
  "box": [
    435.8930969238281,
    710.277587890625,
    730.815185546875,
    1073.35791015625
  ],
  "class": 3,
  "confidence": 0.5804858207702637,
  "uncertainty": 0.3724882584139121
}