{
  "image": "data\\raw\\images\\train\\F_2_7_896.jpg",
  "box": [
    741.863037109375,
    407.6380615234375,
    806.0198364257812,
    482.14483642578125
  ],
  "class": 2,
  "confidence": 0.2782062292098999,
  "uncertainty": 0.4046998600007802
}