{
  "image": "data\\raw\\images\\train\\F_2_7_477.jpg",
  "box": [
    968.0765991210938,
    441.0085144042969,
    1918.6900634765625,
    1068.8687744140625
  ],
  "class": 2,
  "confidence": 0.9416936635971069,
  "uncertainty": 0.10937411816776592
}