{
  "image": "data\\raw\\images\\train\\F_2_7_1891.jpg",
  "box": [
    1612.3564453125,
    447.13665771484375,
    1686.544921875,
    515.2002563476562
  ],
  "class": 2,
  "confidence": 0.28806638717651367,
  "uncertainty": 0.42933759848071235
}