{
  "image": "data\\raw\\images\\train\\F_2_7_1497.jpg",
  "box": [
    1403.965087890625,
    357.76416015625,
    1693.34130859375,
    531.512939453125
  ],
  "class": 7,
  "confidence": 0.7163839340209961,
  "uncertainty": 0.33254299918802155
}