{
  "image": "data\\raw\\images\\train\\F_2_3_428.jpg",
  "box": [
    0.14998626708984375,
    568.7113037109375,
    304.91259765625,
    1068.725341796875
  ],
  "class": 3,
  "confidence": 0.643693745136261,
  "uncertainty": 0.35507366189231365
}