{
  "image": "data\\raw\\images\\train\\F_2_1_116.jpg",
  "box": [
    1769.280029296875,
    422.1808776855469,
    1917.598388671875,
    635.770263671875
  ],
  "class": 7,
  "confidence": 0.32744207978248596,
  "uncertainty": 0.465449064282103
}