{
  "image": "data\\raw\\images\\train\\F_2_1_1199.jpg",
  "box": [
    1592.4913330078125,
    429.70654296875,
    1623.3409423828125,
    479.8984375
  ],
  "class": 3,
  "confidence": 0.4449710249900818,
  "uncertainty": 0.4019430489887279
}