{
  "image": "data\\raw\\images\\train\\F_2_5_154.jpg",
  "box": [
    757.3991088867188,
    437.86029052734375,
    839.5447998046875,
    534.3145751953125
  ],
  "class": 2,
  "confidence": 0.5964692234992981,
  "uncertainty": 0.2745220639386507
}