{
  "image": "data\\raw\\images\\train\\F_2_9_2944.jpg",
  "box": [
    994.8594360351562,
    94.33781433105469,
    1341.6220703125,
    587.3842163085938
  ],
  "class": 7,
  "confidence": 0.7619702816009521,
  "uncertainty": 0.31349624800722253
}