{
  "image": "data\\raw\\images\\train\\F_2_8_934.jpg",
  "box": [
    718.955078125,
    635.4805908203125,
    863.734375,
    822.9195556640625
  ],
  "class": 3,
  "confidence": 0.8285385370254517,
  "uncertainty": 0.27565571820846085
}