{
  "image": "data\\raw\\images\\train\\F_2_9_2910.jpg",
  "box": [
    1220.817626953125,
    204.56369018554688,
    1417.29052734375,
    425.46368408203125
  ],
  "class": 7,
  "confidence": 0.40486404299736023,
  "uncertainty": 0.4619370917466155
}