{
  "image": "data\\raw\\images\\train\\F_2_7_801.jpg",
  "box": [
    314.806396484375,
    359.9906005859375,
    677.7039794921875,
    473.188720703125
  ],
  "class": 2,
  "confidence": 0.44467824697494507,
  "uncertainty": 0.3814952564523838
}