{
  "image": "data\\raw\\images\\train\\F_2_6_857.jpg",
  "box": [
    850.0559692382812,
    197.6956329345703,
    1416.707763671875,
    595.5283203125
  ],
  "class": 7,
  "confidence": 0.5680210590362549,
  "uncertainty": 0.3890321351832228
}