{
  "image": "data\\raw\\images\\train\\F_2_1_764.jpg",
  "box": [
    1396.3179931640625,
    520.3699951171875,
    1431.8660888671875,
    562.251953125
  ],
  "class": 3,
  "confidence": 0.41170620918273926,
  "uncertainty": 0.40784121843633353
}