{
  "image": "data\\raw\\images\\train\\F_2_9_407.jpg",
  "box": [
    1870.0184326171875,
    520.711181640625,
    1914.3336181640625,
    584.1307373046875
  ],
  "class": 3,
  "confidence": 0.46934974193573,
  "uncertainty": 0.41949317899377975
}