{
  "image": "data\\raw\\images\\train\\F_2_1_969.jpg",
  "box": [
    332.73345947265625,
    730.70751953125,
    569.8427734375,
    1072.3558349609375
  ],
  "class": 3,
  "confidence": 0.6259728074073792,
  "uncertainty": 0.37457968422534876
}