{
  "image": "data\\raw\\images\\train\\F_2_8_886.jpg",
  "box": [
    981.9303588867188,
    539.6951904296875,
    1050.259765625,
    647.397705078125
  ],
  "class": 3,
  "confidence": 0.6135167479515076,
  "uncertainty": 0.39742906504151415
}