{
  "image": "data\\raw\\images\\train\\F_2_9_2915.jpg",
  "box": [
    1067.044189453125,
    460.65435791015625,
    1109.8662109375,
    506.8219299316406
  ],
  "class": 2,
  "confidence": 0.578652560710907,
  "uncertainty": 0.2416818815430785
}