{
  "image": "data\\raw\\images\\train\\F_2_7_413.jpg",
  "box": [
    791.691650390625,
    371.3267822265625,
    960.4178466796875,
    485.705078125
  ],
  "class": 7,
  "confidence": 0.7024248242378235,
  "uncertainty": 0.2864959498764417
}