{
  "image": "data\\raw\\images\\train\\F_2_4_265.jpg",
  "box": [
    871.9344482421875,
    629.23876953125,
    1006.71875,
    858.16015625
  ],
  "class": 3,
  "confidence": 0.8065796494483948,
  "uncertainty": 0.27406978729856474
}