{
  "image": "data\\raw\\images\\train\\F_2_9_2346.jpg",
  "box": [
    1179.791259765625,
    505.4517517089844,
    1221.2298583984375,
    544.114501953125
  ],
  "class": 2,
  "confidence": 0.3403359353542328,
  "uncertainty": 0.3786632435330183
}