{
  "image": "data\\raw\\images\\train\\F_2_2_94.jpg",
  "box": [
    524.885009765625,
    468.27392578125,
    991.07958984375,
    876.5868530273438
  ],
  "class": 2,
  "confidence": 0.9285222291946411,
  "uncertainty": 0.12674011247212671
}