{
  "image": "data\\raw\\images\\train\\F_2_2_1073.jpg",
  "box": [
    777.045654296875,
    463.4530029296875,
    1008.5201416015625,
    598.9395141601562
  ],
  "class": 2,
  "confidence": 0.5425030589103699,
  "uncertainty": 0.3393741908458652
}