{
  "image": "data\\raw\\images\\train\\F_2_2_856.jpg",
  "box": [
    1.10028076171875,
    316.63018798828125,
    1081.103271484375,
    1066.20947265625
  ],
  "class": 7,
  "confidence": 0.6389932632446289,
  "uncertainty": 0.26655637918493863
}