{
  "image": "data\\raw\\images\\train\\F_2_6_541.jpg",
  "box": [
    867.0728759765625,
    490.6480407714844,
    931.9661865234375,
    558.21337890625
  ],
  "class": 3,
  "confidence": 0.5826934576034546,
  "uncertainty": 0.3702004534466806
}