{
  "image": "data\\raw\\images\\train\\F_2_1_417.jpg",
  "box": [
    1512.7958984375,
    470.9455261230469,
    1574.09375,
    535.939208984375
  ],
  "class": 2,
  "confidence": 0.35763654112815857,
  "uncertainty": 0.42915628875980855
}