{
  "image": "data\\raw\\images\\train\\F_2_2_845.jpg",
  "box": [
    978.6558837890625,
    418.69775390625,
    1022.5118408203125,
    499.72760009765625
  ],
  "class": 5,
  "confidence": 0.27311429381370544,
  "uncertainty": 0.4596272024987104
}