{
  "image": "data\\raw\\images\\train\\F_2_9_2923.jpg",
  "box": [
    473.17291259765625,
    648.0233154296875,
    980.781982421875,
    1063.39990234375
  ],
  "class": 3,
  "confidence": 0.5617536902427673,
  "uncertainty": 0.4520458497728063
}