{
  "image": "data\\raw\\images\\train\\F_2_7_88.jpg",
  "box": [
    1128.25,
    315.978515625,
    1918.17236328125,
    1065.085693359375
  ],
  "class": 7,
  "confidence": 0.8171097636222839,
  "uncertainty": 0.28604552774326975
}