{
  "image": "data\\raw\\images\\train\\F_2_11_430.jpg",
  "box": [
    1118.917724609375,
    270.438232421875,
    1354.78369140625,
    589.2150268554688
  ],
  "class": 7,
  "confidence": 0.9362850785255432,
  "uncertainty": 0.18281168182836796
}