{
  "image": "data\\raw\\images\\train\\F_2_2_966.jpg",
  "box": [
    187.75262451171875,
    421.0400390625,
    311.18194580078125,
    560.8355712890625
  ],
  "class": 2,
  "confidence": 0.5865739583969116,
  "uncertainty": 0.3818409271602465
}