{
  "image": "data\\raw\\images\\train\\F_2_4_165.jpg",
  "box": [
    995.197998046875,
    411.03900146484375,
    1842.134765625,
    994.6627807617188
  ],
  "class": 2,
  "confidence": 0.7698496580123901,
  "uncertainty": 0.19399750249863654
}