{
  "image": "data\\raw\\images\\train\\F_2_1_133.jpg",
  "box": [
    767.2555541992188,
    688.2462158203125,
    1090.297119140625,
    1073.1617431640625
  ],
  "class": 3,
  "confidence": 0.6279904246330261,
  "uncertainty": 0.4018153633823338
}