{
  "image": "data\\raw\\images\\train\\F_2_7_390.jpg",
  "box": [
    1085.8388671875,
    451.4819641113281,
    1918.482421875,
    1060.8524169921875
  ],
  "class": 2,
  "confidence": 0.8059466481208801,
  "uncertainty": 0.20641477763941823
}