{
  "image": "data\\raw\\images\\train\\F_2_2_1358.jpg",
  "box": [
    737.436279296875,
    414.54852294921875,
    865.1504516601562,
    553.0459594726562
  ],
  "class": 2,
  "confidence": 0.5078344941139221,
  "uncertainty": 0.4000148457026063
}