{
  "image": "data\\raw\\images\\train\\F_2_6_566.jpg",
  "box": [
    792.76611328125,
    504.9732971191406,
    851.1331787109375,
    585.28466796875
  ],
  "class": 3,
  "confidence": 0.5152679085731506,
  "uncertainty": 0.40342974549350713
}