{
  "image": "data\\raw\\images\\train\\F_2_2_29.jpg",
  "box": [
    88.45820617675781,
    498.78076171875,
    222.43829345703125,
    601.6356811523438
  ],
  "class": 2,
  "confidence": 0.5244532227516174,
  "uncertainty": 0.3346535511648279
}