{
  "image": "data\\raw\\images\\train\\F_2_7_475.jpg",
  "box": [
    647.66650390625,
    492.1240234375,
    748.69677734375,
    628.4503173828125
  ],
  "class": 2,
  "confidence": 0.29374486207962036,
  "uncertainty": 0.4996143882880322
}