{
  "image": "data\\raw\\images\\train\\F_2_7_727.jpg",
  "box": [
    569.9977416992188,
    532.5059204101562,
    663.8652954101562,
    683.1180419921875
  ],
  "class": 3,
  "confidence": 0.7281585335731506,
  "uncertainty": 0.34492114809658614
}