{
  "image": "data\\raw\\images\\train\\F_2_7_872.jpg",
  "box": [
    1111.486083984375,
    501.7997131347656,
    1295.67626953125,
    705.3375244140625
  ],
  "class": 2,
  "confidence": 0.8969929218292236,
  "uncertainty": 0.1938513936919415
}