{
  "image": "data\\raw\\images\\train\\F_2_6_1732.jpg",
  "box": [
    814.0885620117188,
    408.9443664550781,
    1051.05712890625,
    731.5238037109375
  ],
  "class": 7,
  "confidence": 0.42654648423194885,
  "uncertainty": 0.447461618309889
}