{
  "image": "data\\raw\\images\\train\\F_2_2_1714.jpg",
  "box": [
    618.916259765625,
    443.20977783203125,
    746.2633666992188,
    576.0442504882812
  ],
  "class": 2,
  "confidence": 0.786596417427063,
  "uncertainty": 0.27271175313492185
}