{
  "image": "data\\raw\\images\\train\\F_2_7_898.jpg",
  "box": [
    1092.098876953125,
    401.1011962890625,
    1182.383056640625,
    462.28448486328125
  ],
  "class": 2,
  "confidence": 0.4436940848827362,
  "uncertainty": 0.37733988614486047
}