{
  "image": "data\\raw\\images\\train\\F_2_8_986.jpg",
  "box": [
    761.9796142578125,
    828.8563842773438,
    1101.82568359375,
    1075.3516845703125
  ],
  "class": 3,
  "confidence": 0.48688262701034546,
  "uncertainty": 0.39113804382852013
}