{
  "image": "data\\raw\\images\\train\\F_2_2_1187.jpg",
  "box": [
    1442.3895263671875,
    529.767578125,
    1505.971435546875,
    617.19775390625
  ],
  "class": 2,
  "confidence": 0.584315836429596,
  "uncertainty": 0.3120063432152117
}