{
  "image": "data\\raw\\images\\train\\F_2_1_559.jpg",
  "box": [
    4.597480773925781,
    416.5653991699219,
    135.3126220703125,
    571.5411376953125
  ],
  "class": 7,
  "confidence": 0.6332077980041504,
  "uncertainty": 0.3806618418757298
}