{
  "image": "data\\raw\\images\\train\\F_2_2_822.jpg",
  "box": [
    428.1678771972656,
    486.73114013671875,
    573.5316162109375,
    628.3895874023438
  ],
  "class": 2,
  "confidence": 0.8043610453605652,
  "uncertainty": 0.18797230159143996
}