{
  "image": "data\\raw\\images\\train\\F_2_7_817.jpg",
  "box": [
    1449.926025390625,
    402.434326171875,
    1612.94482421875,
    532.9559326171875
  ],
  "class": 2,
  "confidence": 0.5932760834693909,
  "uncertainty": 0.2616934597470343
}