{
  "image": "data\\raw\\images\\train\\F_2_2_252.jpg",
  "box": [
    761.1094360351562,
    539.3668823242188,
    811.994384765625,
    609.1139526367188
  ],
  "class": 3,
  "confidence": 0.5750539898872375,
  "uncertainty": 0.37508306587261814
}