{
  "image": "data\\raw\\images\\train\\F_2_4_254.jpg",
  "box": [
    554.3084106445312,
    626.4609985351562,
    722.7994384765625,
    908.1357421875
  ],
  "class": 3,
  "confidence": 0.7550670504570007,
  "uncertainty": 0.31841173681948565
}