{
  "image": "data\\raw\\images\\train\\F_2_11_219.jpg",
  "box": [
    475.9203186035156,
    418.6793518066406,
    897.6103515625,
    818.6683959960938
  ],
  "class": 2,
  "confidence": 0.9063228368759155,
  "uncertainty": 0.13688764036360573
}