{
  "image": "data\\raw\\images\\train\\F_2_9_3019.jpg",
  "box": [
    0.964874267578125,
    280.8278503417969,
    291.0058288574219,
    718.1647338867188
  ],
  "class": 7,
  "confidence": 0.8033654689788818,
  "uncertainty": 0.27543004093583473
}