{
  "image": "data\\raw\\images\\train\\F_2_2_274.jpg",
  "box": [
    642.3597412109375,
    477.6281433105469,
    693.4564208984375,
    569.832763671875
  ],
  "class": 2,
  "confidence": 0.40567517280578613,
  "uncertainty": 0.39467280971052293
}