{
  "image": "data\\raw\\images\\train\\F_2_3_629.jpg",
  "box": [
    1078.7926025390625,
    315.7646484375,
    1357.516845703125,
    738.925048828125
  ],
  "class": 7,
  "confidence": 0.9320757389068604,
  "uncertainty": 0.3004289341710729
}