{
  "image": "data\\raw\\images\\train\\F_2_1_439.jpg",
  "box": [
    0.5987548828125,
    279.086669921875,
    251.67723083496094,
    640.672607421875
  ],
  "class": 7,
  "confidence": 0.7244278788566589,
  "uncertainty": 0.3051914957990813
}