{
  "image": "data\\raw\\images\\train\\F_2_7_521.jpg",
  "box": [
    0.7320213317871094,
    452.7147216796875,
    172.64541625976562,
    1063.146728515625
  ],
  "class": 2,
  "confidence": 0.8927600383758545,
  "uncertainty": 0.17370550316686842
}