{
  "image": "data\\raw\\images\\train\\F_2_7_821.jpg",
  "box": [
    1868.171142578125,
    424.1174011230469,
    1919.20361328125,
    519.2857666015625
  ],
  "class": 2,
  "confidence": 0.319065660238266,
  "uncertainty": 0.3439894344781627
}