{
  "image": "data\\raw\\images\\train\\F_2_2_796.jpg",
  "box": [
    906.2288818359375,
    558.4674682617188,
    953.952392578125,
    630.6553344726562
  ],
  "class": 3,
  "confidence": 0.4763213098049164,
  "uncertainty": 0.4001298718569967
}