{
  "image": "data\\raw\\images\\train\\F_2_7_1668.jpg",
  "box": [
    1389.3116455078125,
    401.2810363769531,
    1594.657470703125,
    550.9735107421875
  ],
  "class": 2,
  "confidence": 0.7082228660583496,
  "uncertainty": 0.3675878012081293
}