{
  "image": "data\\raw\\images\\train\\F_2_1_369.jpg",
  "box": [
    349.716064453125,
    501.7746276855469,
    385.314453125,
    560.9114990234375
  ],
  "class": 3,
  "confidence": 0.48160624504089355,
  "uncertainty": 0.40340756724014293
}