{
  "image": "data\\raw\\images\\train\\F_2_1_439.jpg",
  "box": [
    1095.2999267578125,
    448.44354248046875,
    1154.267822265625,
    546.6624145507812
  ],
  "class": 7,
  "confidence": 0.6795794367790222,
  "uncertainty": 0.3289502787021404
}