{
  "image": "data\\raw\\images\\train\\F_2_7_94.jpg",
  "box": [
    465.4609680175781,
    705.363525390625,
    654.511962890625,
    1055.7386474609375
  ],
  "class": 3,
  "confidence": 0.7319723963737488,
  "uncertainty": 0.342107447964282
}