{
  "image": "data\\raw\\images\\train\\F_2_9_2975.jpg",
  "box": [
    1318.085693359375,
    466.894287109375,
    1348.402099609375,
    513.4860229492188
  ],
  "class": 3,
  "confidence": 0.4218207001686096,
  "uncertainty": 0.4269454757181196
}