{
  "image": "data\\raw\\images\\train\\F_2_2_815.jpg",
  "box": [
    744.720703125,
    450.106201171875,
    780.3621826171875,
    501.2384033203125
  ],
  "class": 2,
  "confidence": 0.3429947793483734,
  "uncertainty": 0.33681138616631306
}