{
  "image": "data\\raw\\images\\train\\F_2_3_500.jpg",
  "box": [
    1037.7303466796875,
    439.1434020996094,
    1298.725830078125,
    733.750732421875
  ],
  "class": 2,
  "confidence": 0.8388468027114868,
  "uncertainty": 0.22897485440925883
}