{
  "image": "data\\raw\\images\\train\\F_2_1_339.jpg",
  "box": [
    370.82452392578125,
    412.7767639160156,
    720.59814453125,
    820.1531982421875
  ],
  "class": 7,
  "confidence": 0.44934049248695374,
  "uncertainty": 0.40048673186677985
}