{
  "image": "data\\raw\\images\\train\\F_2_2_1696.jpg",
  "box": [
    1056.5487060546875,
    557.5048828125,
    1145.90673828125,
    679.4467163085938
  ],
  "class": 3,
  "confidence": 0.7084927558898926,
  "uncertainty": 0.32220678051079576
}