{
  "image": "data\\raw\\images\\train\\F_2_1_411.jpg",
  "box": [
    1178.893310546875,
    443.8783264160156,
    1252.19482421875,
    536.6646728515625
  ],
  "class": 7,
  "confidence": 0.5323351621627808,
  "uncertainty": 0.35668705825586117
}