{
  "image": "data\\raw\\images\\train\\F_2_7_186.jpg",
  "box": [
    749.5179443359375,
    367.49462890625,
    873.330078125,
    459.12274169921875
  ],
  "class": 5,
  "confidence": 0.49064508080482483,
  "uncertainty": 0.37986960925441404
}