{
  "image": "data\\raw\\images\\train\\F_2_1_362.jpg",
  "box": [
    608.0086669921875,
    442.18707275390625,
    1017.3440551757812,
    897.7153930664062
  ],
  "class": 7,
  "confidence": 0.8888102173805237,
  "uncertainty": 0.2369278485261772
}