{
  "image": "data\\raw\\images\\train\\F_2_2_846.jpg",
  "box": [
    0.13010787963867188,
    646.0587158203125,
    65.24129486083984,
    900.3367309570312
  ],
  "class": 3,
  "confidence": 0.5558571815490723,
  "uncertainty": 0.42929691847075063
}