{
  "image": "data\\raw\\images\\train\\F_2_1_454.jpg",
  "box": [
    456.90142822265625,
    353.8258056640625,
    642.1885986328125,
    516.8947143554688
  ],
  "class": 7,
  "confidence": 0.8283525109291077,
  "uncertainty": 0.2531513459346339
}