{
  "image": "data\\raw\\images\\train\\F_2_2_1674.jpg",
  "box": [
    21.676437377929688,
    414.7874450683594,
    415.843017578125,
    722.4586181640625
  ],
  "class": 2,
  "confidence": 0.7459154725074768,
  "uncertainty": 0.204568166064236
}