{
  "image": "data\\raw\\images\\train\\F_2_3_641.jpg",
  "box": [
    1612.523193359375,
    491.10699462890625,
    1657.82568359375,
    577.4485473632812
  ],
  "class": 3,
  "confidence": 0.3088736832141876,
  "uncertainty": 0.46482580584964006
}