{
  "image": "data\\raw\\images\\train\\F_2_10_177.jpg",
  "box": [
    500.3013610839844,
    581.6119995117188,
    574.0911254882812,
    702.9693603515625
  ],
  "class": 3,
  "confidence": 0.7178909182548523,
  "uncertainty": 0.3068678908200495
}