{
  "image": "data\\raw\\images\\train\\F_2_1_424.jpg",
  "box": [
    810.7619018554688,
    413.44183349609375,
    858.7157592773438,
    469.63763427734375
  ],
  "class": 7,
  "confidence": 0.4559228718280792,
  "uncertainty": 0.4016203252422699
}