{
  "image": "data\\raw\\images\\train\\F_2_7_403.jpg",
  "box": [
    525.840576171875,
    426.7305908203125,
    674.76953125,
    531.2783203125
  ],
  "class": 2,
  "confidence": 0.2701912820339203,
  "uncertainty": 0.49400739838788127
}