{
  "image": "data\\raw\\images\\train\\F_2_6_1490.jpg",
  "box": [
    97.31080627441406,
    455.1902160644531,
    248.66551208496094,
    620.4486694335938
  ],
  "class": 7,
  "confidence": 0.6428676843643188,
  "uncertainty": 0.30709601378763207
}