{
  "image": "data\\raw\\images\\train\\F_2_4_858.jpg",
  "box": [
    890.3651733398438,
    479.56060791015625,
    1015.9249877929688,
    623.915283203125
  ],
  "class": 2,
  "confidence": 0.46555352210998535,
  "uncertainty": 0.3547512702808992
}