{
  "image": "data\\raw\\images\\train\\F_2_2_1588.jpg",
  "box": [
    1528.2001953125,
    446.4119567871094,
    1798.13330078125,
    691.4965209960938
  ],
  "class": 2,
  "confidence": 0.7739310264587402,
  "uncertainty": 0.2183614758880999
}