{
  "image": "data\\raw\\images\\train\\F_2_1_116.jpg",
  "box": [
    0.5603141784667969,
    416.77716064453125,
    132.6947784423828,
    838.9537353515625
  ],
  "class": 7,
  "confidence": 0.6790001392364502,
  "uncertainty": 0.3048149783257346
}