{
  "image": "data\\raw\\images\\train\\F_2_9_2417.jpg",
  "box": [
    550.4905395507812,
    480.4461669921875,
    594.9826049804688,
    538.5513916015625
  ],
  "class": 3,
  "confidence": 0.2768886983394623,
  "uncertainty": 0.4678052729960293
}