{
  "image": "data\\raw\\images\\train\\F_2_6_78.jpg",
  "box": [
    260.6890869140625,
    361.3700866699219,
    480.5810852050781,
    623.954345703125
  ],
  "class": 7,
  "confidence": 0.5404684543609619,
  "uncertainty": 0.40400535375193014
}