{
  "image": "data\\raw\\images\\train\\F_2_2_773.jpg",
  "box": [
    965.4640502929688,
    147.8017578125,
    1361.85791015625,
    507.6993408203125
  ],
  "class": 7,
  "confidence": 0.5028721690177917,
  "uncertainty": 0.35302874053992434
}