{
  "image": "data\\raw\\images\\train\\F_2_6_145.jpg",
  "box": [
    612.1802978515625,
    464.6769104003906,
    731.1710815429688,
    619.58251953125
  ],
  "class": 2,
  "confidence": 0.5759835243225098,
  "uncertainty": 0.37199447693186377
}