{
  "image": "data\\raw\\images\\train\\F_2_2_166.jpg",
  "box": [
    735.0071411132812,
    513.3125610351562,
    793.67724609375,
    602.474853515625
  ],
  "class": 3,
  "confidence": 0.6040855646133423,
  "uncertainty": 0.37259989657732684
}