{
  "image": "data\\raw\\images\\train\\F_2_7_872.jpg",
  "box": [
    1184.855712890625,
    492.4010925292969,
    1718.44482421875,
    946.603515625
  ],
  "class": 2,
  "confidence": 0.9284180402755737,
  "uncertainty": 0.12216439816072083
}