{
  "image": "data\\raw\\images\\train\\F_2_1_661.jpg",
  "box": [
    474.9714660644531,
    377.29522705078125,
    669.912353515625,
    546.3543701171875
  ],
  "class": 7,
  "confidence": 0.3876436948776245,
  "uncertainty": 0.4940072659859026
}