{
  "image": "data\\raw\\images\\train\\F_2_11_164.jpg",
  "box": [
    1404.3218994140625,
    502.5823974609375,
    1478.9154052734375,
    567.6256713867188
  ],
  "class": 2,
  "confidence": 0.7595778703689575,
  "uncertainty": 0.1922360025662117
}