{
  "image": "data\\raw\\images\\train\\F_2_6_169.jpg",
  "box": [
    1706.724609375,
    773.5691528320312,
    1873.74169921875,
    1068.670166015625
  ],
  "class": 3,
  "confidence": 0.703372597694397,
  "uncertainty": 0.29895083162260894
}