{
  "image": "data\\raw\\images\\train\\F_2_3_88.jpg",
  "box": [
    305.1635437011719,
    603.9768676757812,
    378.88946533203125,
    777.462890625
  ],
  "class": 3,
  "confidence": 0.3292442560195923,
  "uncertainty": 0.4882337973230096
}