{
  "image": "data\\raw\\images\\train\\F_2_7_829.jpg",
  "box": [
    1053.7181396484375,
    531.5239868164062,
    1086.473876953125,
    581.056884765625
  ],
  "class": 3,
  "confidence": 0.5133908987045288,
  "uncertainty": 0.39230622180610875
}