{
  "image": "data\\raw\\images\\train\\F_2_2_1089.jpg",
  "box": [
    828.7705078125,
    424.8955078125,
    918.89794921875,
    500.65576171875
  ],
  "class": 5,
  "confidence": 0.6091418266296387,
  "uncertainty": 0.32479310877147544
}