{
  "image": "data\\raw\\images\\train\\F_2_2_831.jpg",
  "box": [
    592.8421020507812,
    512.1116943359375,
    640.2871704101562,
    603.318115234375
  ],
  "class": 3,
  "confidence": 0.6011224389076233,
  "uncertainty": 0.39959166660319895
}