{
  "image": "data\\raw\\images\\train\\F_2_11_117.jpg",
  "box": [
    1747.01806640625,
    519.5228271484375,
    1919.43017578125,
    754.596435546875
  ],
  "class": 7,
  "confidence": 0.5302626490592957,
  "uncertainty": 0.36568384060277487
}