{
  "image": "data\\raw\\images\\train\\F_2_9_2915.jpg",
  "box": [
    893.7621459960938,
    131.61451721191406,
    1080.24267578125,
    665.0709838867188
  ],
  "class": 7,
  "confidence": 0.6017227172851562,
  "uncertainty": 0.42304563921828325
}