{
  "image": "data\\raw\\images\\train\\F_2_6_66.jpg",
  "box": [
    1418.4622802734375,
    538.22021484375,
    1678.625244140625,
    789.71044921875
  ],
  "class": 3,
  "confidence": 0.8611204028129578,
  "uncertainty": 0.369503297705875
}