{
  "image": "data\\raw\\images\\train\\F_2_1_564.jpg",
  "box": [
    1206.5458984375,
    473.5110168457031,
    1267.17578125,
    550.0296630859375
  ],
  "class": 7,
  "confidence": 0.27100950479507446,
  "uncertainty": 0.4857181984607598
}