{
  "image": "data\\raw\\images\\train\\F_2_3_464.jpg",
  "box": [
    211.53872680664062,
    523.0740356445312,
    312.945556640625,
    615.1776733398438
  ],
  "class": 2,
  "confidence": 0.4978632926940918,
  "uncertainty": 0.33980845125288506
}