{
  "image": "data\\raw\\images\\train\\F_2_4_214.jpg",
  "box": [
    1368.413330078125,
    131.18609619140625,
    1918.147216796875,
    913.9981689453125
  ],
  "class": 7,
  "confidence": 0.8729780316352844,
  "uncertainty": 0.2714371963222944
}