{
  "image": "data\\raw\\images\\train\\F_2_1_325.jpg",
  "box": [
    1861.27587890625,
    539.1970825195312,
    1919.369384765625,
    696.6373901367188
  ],
  "class": 3,
  "confidence": 0.5911024212837219,
  "uncertainty": 0.42115659356990887
}