{
  "image": "data\\raw\\images\\train\\F_2_7_2351.jpg",
  "box": [
    1.1072845458984375,
    438.20928955078125,
    466.4796142578125,
    1056.7635498046875
  ],
  "class": 2,
  "confidence": 0.9254889488220215,
  "uncertainty": 0.12725827684562704
}