{
  "image": "data\\raw\\images\\train\\F_2_4_979.jpg",
  "box": [
    1367.24072265625,
    440.10284423828125,
    1543.64453125,
    544.1327514648438
  ],
  "class": 2,
  "confidence": 0.7253080606460571,
  "uncertainty": 0.1929672248511037
}