{
  "image": "data\\raw\\images\\train\\F_2_8_1904.jpg",
  "box": [
    1890.424072265625,
    569.0413818359375,
    1919.196533203125,
    636.3426513671875
  ],
  "class": 2,
  "confidence": 0.3820047676563263,
  "uncertainty": 0.31186945647815467
}