{
  "image": "data\\raw\\images\\train\\F_2_3_203.jpg",
  "box": [
    857.0233154296875,
    368.05169677734375,
    1064.9710693359375,
    580.1396484375
  ],
  "class": 2,
  "confidence": 0.8922908306121826,
  "uncertainty": 0.19271172951487037
}