{
  "image": "data\\raw\\images\\train\\F_2_8_1469.jpg",
  "box": [
    175.33590698242188,
    440.25494384765625,
    230.22860717773438,
    534.3377685546875
  ],
  "class": 3,
  "confidence": 0.4726516306400299,
  "uncertainty": 0.4068021762977226
}