{
  "image": "data\\raw\\images\\train\\F_2_7_1306.jpg",
  "box": [
    421.8331604003906,
    423.9246826171875,
    477.6850891113281,
    498.08587646484375
  ],
  "class": 3,
  "confidence": 0.6310698390007019,
  "uncertainty": 0.3653546253509595
}