{
  "image": "data\\raw\\images\\train\\F_2_4_165.jpg",
  "box": [
    111.02902221679688,
    523.5072631835938,
    624.7838134765625,
    952.8394775390625
  ],
  "class": 2,
  "confidence": 0.9118349552154541,
  "uncertainty": 0.12999903136551677
}