{
  "image": "data\\raw\\images\\train\\F_2_1_1136.jpg",
  "box": [
    210.1919403076172,
    448.6548156738281,
    354.2342529296875,
    637.5518798828125
  ],
  "class": 7,
  "confidence": 0.3708591163158417,
  "uncertainty": 0.4551349747131223
}