{
  "image": "data\\raw\\images\\train\\F_2_1_411.jpg",
  "box": [
    1339.581298828125,
    494.1866455078125,
    1373.9615478515625,
    551.1229248046875
  ],
  "class": 3,
  "confidence": 0.5669862627983093,
  "uncertainty": 0.3569290123264787
}