{
  "image": "data\\raw\\images\\train\\F_2_7_1726.jpg",
  "box": [
    595.4776611328125,
    514.1442260742188,
    1059.609375,
    840.0079345703125
  ],
  "class": 2,
  "confidence": 0.9263125061988831,
  "uncertainty": 0.13200057985299168
}