{
  "image": "data\\raw\\images\\train\\F_2_6_1545.jpg",
  "box": [
    472.4728088378906,
    531.5330200195312,
    542.61376953125,
    625.1467895507812
  ],
  "class": 3,
  "confidence": 0.4956428110599518,
  "uncertainty": 0.4086379386026447
}