{
  "image": "data\\raw\\images\\train\\F_2_1_641.jpg",
  "box": [
    413.63616943359375,
    491.52618408203125,
    485.14508056640625,
    552.0974731445312
  ],
  "class": 2,
  "confidence": 0.7489136457443237,
  "uncertainty": 0.18188586967989204
}