{
  "image": "data\\raw\\images\\train\\F_2_6_436.jpg",
  "box": [
    715.046875,
    276.594482421875,
    1102.9271240234375,
    703.2769165039062
  ],
  "class": 5,
  "confidence": 0.9163973927497864,
  "uncertainty": 0.1834731543229578
}