{
  "image": "data\\raw\\images\\train\\F_2_2_238.jpg",
  "box": [
    997.3712768554688,
    513.88427734375,
    1027.034423828125,
    540.39453125
  ],
  "class": 2,
  "confidence": 0.42928174138069153,
  "uncertainty": 0.3027447108299338
}