{
  "image": "data\\raw\\images\\train\\F_2_2_787.jpg",
  "box": [
    623.1298217773438,
    474.78955078125,
    1378.7010498046875,
    1065.965087890625
  ],
  "class": 2,
  "confidence": 0.9391176104545593,
  "uncertainty": 0.11055721758566768
}