{
  "image": "data\\raw\\images\\train\\F_2_1_624.jpg",
  "box": [
    959.5149536132812,
    446.20574951171875,
    1063.07568359375,
    543.3590087890625
  ],
  "class": 5,
  "confidence": 0.5669600367546082,
  "uncertainty": 0.4097518876213161
}