{
  "image": "data\\raw\\images\\train\\F_2_8_1760.jpg",
  "box": [
    1136.650146484375,
    263.5875549316406,
    1202.1549072265625,
    314.3245849609375
  ],
  "class": 2,
  "confidence": 0.647794246673584,
  "uncertainty": 0.22347114414639724
}