{
  "image": "data\\raw\\images\\train\\F_2_7_1985.jpg",
  "box": [
    610.5068969726562,
    395.9858093261719,
    1183.56884765625,
    896.5416259765625
  ],
  "class": 2,
  "confidence": 0.7535118460655212,
  "uncertainty": 0.2175957719310135
}