{
  "image": "data\\raw\\images\\train\\F_2_3_167.jpg",
  "box": [
    973.94677734375,
    457.12371826171875,
    1056.3035888671875,
    495.1241455078125
  ],
  "class": 2,
  "confidence": 0.49900171160697937,
  "uncertainty": 0.3043976343570328
}