{
  "image": "data\\raw\\images\\train\\F_2_8_812.jpg",
  "box": [
    1705.920654296875,
    406.6614990234375,
    1919.26123046875,
    742.3269653320312
  ],
  "class": 2,
  "confidence": 0.9241211414337158,
  "uncertainty": 0.08522351328435611
}