{
  "image": "data\\raw\\images\\train\\F_2_2_1086.jpg",
  "box": [
    1781.740234375,
    696.59814453125,
    1918.99462890625,
    1071.51953125
  ],
  "class": 2,
  "confidence": 0.8446966409683228,
  "uncertainty": 0.19240647594067012
}