{
  "image": "data\\raw\\images\\train\\F_2_8_1770.jpg",
  "box": [
    1425.760498046875,
    431.7051086425781,
    1573.7611083984375,
    679.20751953125
  ],
  "class": 3,
  "confidence": 0.8172727227210999,
  "uncertainty": 0.34897263142262286
}