{
  "image": "data\\raw\\images\\train\\F_2_1_325.jpg",
  "box": [
    645.72705078125,
    429.7096252441406,
    709.3452758789062,
    513.9322509765625
  ],
  "class": 7,
  "confidence": 0.7282252311706543,
  "uncertainty": 0.27389818381078446
}