{
  "image": "data\\raw\\images\\train\\F_2_6_1848.jpg",
  "box": [
    1208.981689453125,
    714.3485107421875,
    1336.156494140625,
    971.053466796875
  ],
  "class": 3,
  "confidence": 0.5939586758613586,
  "uncertainty": 0.3982687219198061
}