{
  "image": "data\\raw\\images\\train\\F_2_1_362.jpg",
  "box": [
    995.98828125,
    483.7711181640625,
    1045.8262939453125,
    547.4481201171875
  ],
  "class": 7,
  "confidence": 0.45377784967422485,
  "uncertainty": 0.38096445702513326
}