{
  "image": "data\\raw\\images\\train\\F_2_1_943.jpg",
  "box": [
    1209.573974609375,
    428.3475036621094,
    1278.53515625,
    521.4779052734375
  ],
  "class": 7,
  "confidence": 0.4851587414741516,
  "uncertainty": 0.4223186439231988
}