{
  "image": "data\\raw\\images\\train\\F_2_1_446.jpg",
  "box": [
    4.700889587402344,
    558.6265869140625,
    233.1473388671875,
    863.44482421875
  ],
  "class": 3,
  "confidence": 0.7607113718986511,
  "uncertainty": 0.306178757733558
}