{
  "image": "data\\raw\\images\\train\\F_2_2_1086.jpg",
  "box": [
    1216.230712890625,
    452.60687255859375,
    1505.09228515625,
    685.3899536132812
  ],
  "class": 2,
  "confidence": 0.7635292410850525,
  "uncertainty": 0.25632296355853296
}