{
  "image": "data\\raw\\images\\train\\F_2_1_214.jpg",
  "box": [
    1615.494140625,
    258.59765625,
    1919.0614013671875,
    1069.965576171875
  ],
  "class": 2,
  "confidence": 0.7539745569229126,
  "uncertainty": 0.22829902015596568
}