{
  "image": "data\\raw\\images\\train\\F_2_6_1623.jpg",
  "box": [
    0.0,
    617.7192993164062,
    248.90753173828125,
    1002.62841796875
  ],
  "class": 3,
  "confidence": 0.33167144656181335,
  "uncertainty": 0.4884531360865006
}