{
  "image": "data\\raw\\images\\train\\F_2_2_1415.jpg",
  "box": [
    838.5584106445312,
    533.6633911132812,
    887.6592407226562,
    602.4974975585938
  ],
  "class": 3,
  "confidence": 0.6307200193405151,
  "uncertainty": 0.3228337058031228
}