{
  "image": "data\\raw\\images\\train\\F_2_2_1041.jpg",
  "box": [
    1447.229736328125,
    523.6080322265625,
    1492.7939453125,
    603.8448486328125
  ],
  "class": 3,
  "confidence": 0.46244511008262634,
  "uncertainty": 0.4045635493338846
}