{
  "image": "data\\raw\\images\\train\\F_2_3_191.jpg",
  "box": [
    1553.536376953125,
    403.3609619140625,
    1919.3349609375,
    1068.4326171875
  ],
  "class": 2,
  "confidence": 0.6103343963623047,
  "uncertainty": 0.2661717253633506
}