{
  "image": "data\\raw\\images\\train\\F_2_2_1368.jpg",
  "box": [
    948.4271850585938,
    459.75506591796875,
    1017.9475708007812,
    519.436279296875
  ],
  "class": 2,
  "confidence": 0.25268271565437317,
  "uncertainty": 0.4335150001366912
}