{
  "image": "data\\raw\\images\\train\\F_2_6_968.jpg",
  "box": [
    133.0861358642578,
    359.952392578125,
    574.7508544921875,
    908.9893798828125
  ],
  "class": 7,
  "confidence": 0.6928249001502991,
  "uncertainty": 0.3274303056383397
}