{
  "image": "data\\raw\\images\\train\\F_2_1_682.jpg",
  "box": [
    0.6154747009277344,
    254.302001953125,
    176.22256469726562,
    1044.18115234375
  ],
  "class": 7,
  "confidence": 0.551362156867981,
  "uncertainty": 0.3568861570337956
}