{
  "image": "data\\raw\\images\\train\\F_2_6_541.jpg",
  "box": [
    694.214599609375,
    578.1487426757812,
    814.6275634765625,
    768.8241577148438
  ],
  "class": 3,
  "confidence": 0.749748945236206,
  "uncertainty": 0.3239750020360045
}