{
  "image": "data\\raw\\images\\train\\F_2_1_809.jpg",
  "box": [
    1298.4312744140625,
    339.39581298828125,
    1536.0985107421875,
    588.7462158203125
  ],
  "class": 7,
  "confidence": 0.8987541198730469,
  "uncertainty": 0.2176561390118366
}