{
  "image": "data\\raw\\images\\train\\F_2_6_862.jpg",
  "box": [
    1040.9219970703125,
    468.5386962890625,
    1477.151123046875,
    861.30322265625
  ],
  "class": 2,
  "confidence": 0.9274104833602905,
  "uncertainty": 0.12138351396566258
}