{
  "image": "data\\raw\\images\\train\\F_2_2_1426.jpg",
  "box": [
    1623.9276123046875,
    450.1758728027344,
    1711.0279541015625,
    568.515625
  ],
  "class": 2,
  "confidence": 0.8360536098480225,
  "uncertainty": 0.15330573491295219
}