{
  "image": "data\\raw\\images\\train\\F_2_11_391.jpg",
  "box": [
    1733.205322265625,
    450.319580078125,
    1919.420654296875,
    600.9171142578125
  ],
  "class": 2,
  "confidence": 0.7715880870819092,
  "uncertainty": 0.2759367777795908
}