{
  "image": "data\\raw\\images\\train\\F_2_2_1584.jpg",
  "box": [
    132.09567260742188,
    349.0672607421875,
    269.64013671875,
    461.6943359375
  ],
  "class": 5,
  "confidence": 0.38700684905052185,
  "uncertainty": 0.44279984906745246
}