{
  "image": "data\\raw\\images\\train\\F_2_2_1676.jpg",
  "box": [
    159.678955078125,
    648.5380859375,
    346.50457763671875,
    912.4169311523438
  ],
  "class": 3,
  "confidence": 0.7385648488998413,
  "uncertainty": 0.30160666669310904
}