{
  "image": "data\\raw\\images\\train\\F_2_7_1260.jpg",
  "box": [
    610.3675537109375,
    386.24615478515625,
    1300.39208984375,
    1066.2607421875
  ],
  "class": 2,
  "confidence": 0.8517475128173828,
  "uncertainty": 0.14693484502902512
}