{
  "image": "data\\raw\\images\\train\\F_2_3_335.jpg",
  "box": [
    754.6322631835938,
    402.4107666015625,
    882.8455810546875,
    482.541748046875
  ],
  "class": 2,
  "confidence": 0.3377826511859894,
  "uncertainty": 0.43355284957734735
}