{
  "image": "data\\raw\\images\\train\\F_2_1_788.jpg",
  "box": [
    124.12847900390625,
    626.5697021484375,
    286.0648193359375,
    847.7874755859375
  ],
  "class": 3,
  "confidence": 0.7643525004386902,
  "uncertainty": 0.2933215998435973
}