{
  "image": "data\\raw\\images\\train\\F_2_9_2915.jpg",
  "box": [
    1341.575927734375,
    483.4173889160156,
    1388.185791015625,
    555.251220703125
  ],
  "class": 3,
  "confidence": 0.6749359369277954,
  "uncertainty": 0.3178159840330605
}