{
  "image": "data\\raw\\images\\train\\F_2_9_2769.jpg",
  "box": [
    0.42070770263671875,
    476.253662109375,
    195.7407989501953,
    709.2696533203125
  ],
  "class": 2,
  "confidence": 0.9009659290313721,
  "uncertainty": 0.12882667518462437
}