{
  "image": "data\\raw\\images\\train\\F_2_2_767.jpg",
  "box": [
    1373.087890625,
    452.22894287109375,
    1450.53759765625,
    526.8598022460938
  ],
  "class": 2,
  "confidence": 0.6776648759841919,
  "uncertainty": 0.21735079480473612
}