{
  "image": "data\\raw\\images\\train\\F_2_1_765.jpg",
  "box": [
    642.447509765625,
    515.1469116210938,
    684.2940673828125,
    565.1998901367188
  ],
  "class": 3,
  "confidence": 0.2876743972301483,
  "uncertainty": 0.4896436851962677
}