{
  "image": "data\\raw\\images\\train\\F_2_1_390.jpg",
  "box": [
    1376.4052734375,
    474.4617004394531,
    1437.3848876953125,
    541.8155517578125
  ],
  "class": 7,
  "confidence": 0.6200045943260193,
  "uncertainty": 0.35284852406444317
}