{
  "image": "data\\raw\\images\\train\\F_2_8_900.jpg",
  "box": [
    0.5220565795898438,
    410.7285461425781,
    276.64453125,
    655.463134765625
  ],
  "class": 2,
  "confidence": 0.9289780855178833,
  "uncertainty": 0.1246639844602031
}