{
  "image": "data\\raw\\images\\train\\F_2_8_1717.jpg",
  "box": [
    1823.0263671875,
    781.9905395507812,
    1919.326416015625,
    1072.810791015625
  ],
  "class": 2,
  "confidence": 0.41951489448547363,
  "uncertainty": 0.35233420271306015
}