{
  "image": "data\\raw\\images\\train\\F_2_1_14.jpg",
  "box": [
    957.7018432617188,
    453.8711242675781,
    1280.16552734375,
    793.887451171875
  ],
  "class": 2,
  "confidence": 0.8897769451141357,
  "uncertainty": 0.14330745664666664
}