{
  "image": "data\\raw\\images\\train\\F_2_2_1476.jpg",
  "box": [
    552.5111083984375,
    638.7891845703125,
    703.6737670898438,
    743.077880859375
  ],
  "class": 2,
  "confidence": 0.3621354401111603,
  "uncertainty": 0.3528428344536268
}