{
  "image": "data\\raw\\images\\train\\F_2_1_450.jpg",
  "box": [
    620.016845703125,
    445.5826721191406,
    803.9041748046875,
    588.094970703125
  ],
  "class": 2,
  "confidence": 0.3355661928653717,
  "uncertainty": 0.3799461558431433
}