{
  "image": "data\\raw\\images\\train\\F_2_1_797.jpg",
  "box": [
    1761.93017578125,
    566.8492431640625,
    1816.707275390625,
    656.919677734375
  ],
  "class": 3,
  "confidence": 0.6478140950202942,
  "uncertainty": 0.3360867124230407
}