{
  "image": "data\\raw\\images\\train\\F_2_1_337.jpg",
  "box": [
    1828.9775390625,
    453.2102966308594,
    1919.044189453125,
    711.2608642578125
  ],
  "class": 2,
  "confidence": 0.8236967325210571,
  "uncertainty": 0.19690560104106594
}