{
  "image": "data\\raw\\images\\train\\F_2_9_1902.jpg",
  "box": [
    878.0070190429688,
    493.4378356933594,
    923.1267700195312,
    578.2424926757812
  ],
  "class": 3,
  "confidence": 0.5014951229095459,
  "uncertainty": 0.3850871334352598
}