{
  "image": "data\\raw\\images\\train\\F_2_4_950.jpg",
  "box": [
    1275.8221435546875,
    484.63348388671875,
    1305.7716064453125,
    527.8287963867188
  ],
  "class": 3,
  "confidence": 0.5059775710105896,
  "uncertainty": 0.3830260916130926
}