{
  "image": "data\\raw\\images\\train\\F_2_8_822.jpg",
  "box": [
    914.23388671875,
    353.8848876953125,
    1078.04541015625,
    417.44873046875
  ],
  "class": 2,
  "confidence": 0.8231419920921326,
  "uncertainty": 0.1780261074996092
}