{
  "image": "data\\raw\\images\\train\\F_2_3_153.jpg",
  "box": [
    420.983642578125,
    495.2844543457031,
    630.109130859375,
    720.744873046875
  ],
  "class": 2,
  "confidence": 0.785386860370636,
  "uncertainty": 0.21826716870283192
}