{
  "image": "data\\raw\\images\\train\\F_2_7_892.jpg",
  "box": [
    670.4869995117188,
    867.5520629882812,
    973.0658569335938,
    1073.301513671875
  ],
  "class": 3,
  "confidence": 0.810936689376831,
  "uncertainty": 0.25233711058205
}