{
  "image": "data\\raw\\images\\train\\F_2_6_1732.jpg",
  "box": [
    1576.7493896484375,
    376.4923095703125,
    1850.00390625,
    618.7706909179688
  ],
  "class": 7,
  "confidence": 0.8632773160934448,
  "uncertainty": 0.3051548361397882
}