{
  "image": "data\\raw\\images\\train\\F_2_1_102.jpg",
  "box": [
    944.2948608398438,
    457.1130065917969,
    1088.552001953125,
    578.5814208984375
  ],
  "class": 2,
  "confidence": 0.8128890991210938,
  "uncertainty": 0.16515971751062186
}