{
  "image": "data\\raw\\images\\train\\F_2_7_1650.jpg",
  "box": [
    1460.6427001953125,
    400.434814453125,
    1919.466796875,
    732.372802734375
  ],
  "class": 2,
  "confidence": 0.6587442755699158,
  "uncertainty": 0.34652610564478203
}