{
  "image": "data\\raw\\images\\train\\F_2_9_3013.jpg",
  "box": [
    0.824066162109375,
    387.6909484863281,
    131.76010131835938,
    641.907470703125
  ],
  "class": 2,
  "confidence": 0.40948042273521423,
  "uncertainty": 0.3962041676823352
}