{
  "image": "data\\raw\\images\\train\\F_2_7_856.jpg",
  "box": [
    425.2667541503906,
    626.348388671875,
    479.7816467285156,
    728.31689453125
  ],
  "class": 3,
  "confidence": 0.5766698122024536,
  "uncertainty": 0.3811355207630492
}