{
  "image": "data\\raw\\images\\train\\F_2_9_2265.jpg",
  "box": [
    1136.1326904296875,
    342.735595703125,
    1406.3782958984375,
    445.86871337890625
  ],
  "class": 5,
  "confidence": 0.7645496129989624,
  "uncertainty": 0.292315063843965
}