{
  "image": "data\\raw\\images\\train\\F_2_9_2352.jpg",
  "box": [
    991.8153076171875,
    455.725341796875,
    1097.2628173828125,
    553.7733764648438
  ],
  "class": 2,
  "confidence": 0.8210798501968384,
  "uncertainty": 0.1728352116408586
}