{
  "image": "data\\raw\\images\\train\\F_2_7_1722.jpg",
  "box": [
    486.4831237792969,
    706.1309814453125,
    907.25390625,
    1071.77978515625
  ],
  "class": 3,
  "confidence": 0.8563130497932434,
  "uncertainty": 0.32187085934884224
}