{
  "image": "data\\raw\\images\\train\\F_2_1_974.jpg",
  "box": [
    1517.161865234375,
    454.14752197265625,
    1595.598876953125,
    538.5023803710938
  ],
  "class": 2,
  "confidence": 0.6895520687103271,
  "uncertainty": 0.19998771898193904
}