{
  "image": "data\\raw\\images\\train\\F_2_2_908.jpg",
  "box": [
    0.10893630981445312,
    490.0688781738281,
    166.00216674804688,
    664.985107421875
  ],
  "class": 2,
  "confidence": 0.4532431960105896,
  "uncertainty": 0.2883998665309231
}