{
  "image": "data\\raw\\images\\train\\F_2_1_1066.jpg",
  "box": [
    880.802490234375,
    519.83837890625,
    922.174072265625,
    584.383056640625
  ],
  "class": 3,
  "confidence": 0.6219257712364197,
  "uncertainty": 0.3508657171056864
}