{
  "image": "data\\raw\\images\\train\\F_2_9_2569.jpg",
  "box": [
    853.8614501953125,
    541.9127197265625,
    894.2297973632812,
    597.9674072265625
  ],
  "class": 3,
  "confidence": 0.5150441527366638,
  "uncertainty": 0.3953254379705524
}