{
  "image": "data\\raw\\images\\train\\F_2_9_2974.jpg",
  "box": [
    553.325439453125,
    445.83563232421875,
    621.21044921875,
    537.8197631835938
  ],
  "class": 2,
  "confidence": 0.34053337574005127,
  "uncertainty": 0.3860043497353568
}