{
  "image": "data\\raw\\images\\train\\F_2_1_718.jpg",
  "box": [
    1738.656982421875,
    320.6430358886719,
    1919.043701171875,
    604.7677001953125
  ],
  "class": 7,
  "confidence": 0.9015117883682251,
  "uncertainty": 0.22604275231584392
}