{
  "image": "data\\raw\\images\\train\\F_2_1_940.jpg",
  "box": [
    1016.2044067382812,
    466.721923828125,
    1165.38818359375,
    625.4401245117188
  ],
  "class": 2,
  "confidence": 0.8455054759979248,
  "uncertainty": 0.1674981703232662
}