{
  "image": "data\\raw\\images\\train\\F_2_2_848.jpg",
  "box": [
    452.56402587890625,
    562.4400634765625,
    548.432861328125,
    702.8323364257812
  ],
  "class": 3,
  "confidence": 0.7185570001602173,
  "uncertainty": 0.3373282648487233
}