{
  "image": "data\\raw\\images\\train\\F_2_8_925.jpg",
  "box": [
    761.7297973632812,
    467.36199951171875,
    854.0928955078125,
    543.0826416015625
  ],
  "class": 2,
  "confidence": 0.32186681032180786,
  "uncertainty": 0.4967048015792899
}