{
  "image": "data\\raw\\images\\train\\F_2_1_829.jpg",
  "box": [
    1180.8768310546875,
    477.814453125,
    1255.987060546875,
    520.253173828125
  ],
  "class": 2,
  "confidence": 0.3531508445739746,
  "uncertainty": 0.4528661059822924
}