{
  "image": "data\\raw\\images\\train\\F_2_9_2417.jpg",
  "box": [
    1266.30810546875,
    454.5511474609375,
    1344.858642578125,
    530.2609252929688
  ],
  "class": 2,
  "confidence": 0.3099342882633209,
  "uncertainty": 0.40209777733521224
}