{
  "image": "data\\raw\\images\\train\\F_2_7_821.jpg",
  "box": [
    712.5488891601562,
    397.0335388183594,
    793.4173583984375,
    490.9413757324219
  ],
  "class": 2,
  "confidence": 0.4677242338657379,
  "uncertainty": 0.327388372715345
}