{
  "image": "data\\raw\\images\\train\\F_2_7_1776.jpg",
  "box": [
    1081.9742431640625,
    405.8735046386719,
    1384.0166015625,
    605.7391357421875
  ],
  "class": 2,
  "confidence": 0.8352351188659668,
  "uncertainty": 0.3069936983360315
}