{
  "image": "data\\raw\\images\\train\\F_2_2_839.jpg",
  "box": [
    302.90692138671875,
    458.302001953125,
    506.4575500488281,
    624.1494140625
  ],
  "class": 2,
  "confidence": 0.9002124667167664,
  "uncertainty": 0.13285123123747686
}