{
  "image": "data\\raw\\images\\train\\F_2_7_1518.jpg",
  "box": [
    433.3682556152344,
    380.0891418457031,
    725.2131958007812,
    688.0611572265625
  ],
  "class": 7,
  "confidence": 0.46296432614326477,
  "uncertainty": 0.4031903252888609
}