{
  "image": "data\\raw\\images\\train\\F_2_7_759.jpg",
  "box": [
    418.31854248046875,
    577.60205078125,
    518.5667724609375,
    775.3636474609375
  ],
  "class": 3,
  "confidence": 0.6998535394668579,
  "uncertainty": 0.33367516654724394
}