{
  "image": "data\\raw\\images\\train\\F_2_1_174.jpg",
  "box": [
    821.61962890625,
    402.27587890625,
    1121.9056396484375,
    719.4894409179688
  ],
  "class": 7,
  "confidence": 0.691274106502533,
  "uncertainty": 0.3095813365382074
}