{
  "image": "data\\raw\\images\\train\\F_2_7_384.jpg",
  "box": [
    1628.3880615234375,
    682.9378662109375,
    1853.6136474609375,
    985.7584228515625
  ],
  "class": 3,
  "confidence": 0.463069349527359,
  "uncertainty": 0.4224114972159537
}