{
  "image": "data\\raw\\images\\train\\F_2_2_1714.jpg",
  "box": [
    427.09442138671875,
    450.26953125,
    706.5146484375,
    659.3045654296875
  ],
  "class": 2,
  "confidence": 0.9234567284584045,
  "uncertainty": 0.12071810439287856
}