{
  "image": "data\\raw\\images\\train\\F_2_7_1830.jpg",
  "box": [
    612.608154296875,
    423.7685546875,
    712.2252807617188,
    527.6016235351562
  ],
  "class": 5,
  "confidence": 0.30432528257369995,
  "uncertainty": 0.4575375480395449
}