{
  "image": "data\\raw\\images\\train\\F_2_4_794.jpg",
  "box": [
    1292.31005859375,
    475.51788330078125,
    1362.79833984375,
    559.1717529296875
  ],
  "class": 3,
  "confidence": 0.5269784927368164,
  "uncertainty": 0.3826049683116016
}