{
  "image": "data\\raw\\images\\train\\F_2_1_3.jpg",
  "box": [
    587.026611328125,
    493.34527587890625,
    741.6732788085938,
    620.21044921875
  ],
  "class": 2,
  "confidence": 0.8823967576026917,
  "uncertainty": 0.13786378906820992
}