{
  "image": "data\\raw\\images\\train\\F_2_3_252.jpg",
  "box": [
    807.416259765625,
    450.7266540527344,
    992.0426025390625,
    667.90478515625
  ],
  "class": 7,
  "confidence": 0.8705740571022034,
  "uncertainty": 0.23945363062649133
}