{
  "image": "data\\raw\\images\\train\\F_2_1_323.jpg",
  "box": [
    896.5634765625,
    427.0089111328125,
    987.8265380859375,
    500.16796875
  ],
  "class": 7,
  "confidence": 0.26754775643348694,
  "uncertainty": 0.46742793984700076
}