{
  "image": "data\\raw\\images\\train\\F_2_9_2139.jpg",
  "box": [
    278.23370361328125,
    434.6943054199219,
    341.67681884765625,
    489.13861083984375
  ],
  "class": 2,
  "confidence": 0.3166770935058594,
  "uncertainty": 0.37943122404977786
}