{
  "image": "data\\raw\\images\\train\\F_2_1_56.jpg",
  "box": [
    1608.2933349609375,
    409.61767578125,
    1657.1781005859375,
    434.49029541015625
  ],
  "class": 2,
  "confidence": 0.30248522758483887,
  "uncertainty": 0.3949123976193145
}