{
  "image": "data\\raw\\images\\train\\F_2_7_60.jpg",
  "box": [
    0.24501800537109375,
    611.6112670898438,
    54.75355911254883,
    1019.023681640625
  ],
  "class": 2,
  "confidence": 0.536925196647644,
  "uncertainty": 0.3645026736592478
}