{
  "image": "data\\raw\\images\\train\\F_2_9_341.jpg",
  "box": [
    710.0813598632812,
    533.291015625,
    786.2422485351562,
    634.3428955078125
  ],
  "class": 3,
  "confidence": 0.5522680282592773,
  "uncertainty": 0.37839877435896846
}