{
  "image": "data\\raw\\images\\train\\F_2_9_1397.jpg",
  "box": [
    987.7443237304688,
    439.0341796875,
    1038.1611328125,
    481.62158203125
  ],
  "class": 2,
  "confidence": 0.3343563675880432,
  "uncertainty": 0.34971500567079017
}