{
  "image": "data\\raw\\images\\train\\F_2_1_702.jpg",
  "box": [
    1278.5372314453125,
    491.6434020996094,
    1373.34228515625,
    581.34326171875
  ],
  "class": 2,
  "confidence": 0.7332541346549988,
  "uncertainty": 0.18380004559542204
}