{
  "image": "data\\raw\\images\\train\\F_2_1_44.jpg",
  "box": [
    496.0214538574219,
    513.4632568359375,
    624.6432495117188,
    651.3577880859375
  ],
  "class": 2,
  "confidence": 0.650178849697113,
  "uncertainty": 0.2271008865941987
}