{
  "image": "data\\raw\\images\\train\\F_2_9_343.jpg",
  "box": [
    1514.1646728515625,
    445.9998779296875,
    1558.3780517578125,
    511.975341796875
  ],
  "class": 2,
  "confidence": 0.32703182101249695,
  "uncertainty": 0.36085446956782696
}