{
  "image": "data\\raw\\images\\train\\F_2_1_875.jpg",
  "box": [
    1403.910400390625,
    502.9915771484375,
    1433.1395263671875,
    543.3551025390625
  ],
  "class": 3,
  "confidence": 0.43592026829719543,
  "uncertainty": 0.423707356906785
}