{
  "image": "data\\raw\\images\\train\\F_2_11_737.jpg",
  "box": [
    1149.0860595703125,
    463.8342590332031,
    1217.351806640625,
    526.85546875
  ],
  "class": 2,
  "confidence": 0.8262452483177185,
  "uncertainty": 0.13788560444727344
}