{
  "image": "data\\raw\\images\\train\\F_2_9_343.jpg",
  "box": [
    1192.16162109375,
    830.52734375,
    1412.675537109375,
    1071.733642578125
  ],
  "class": 3,
  "confidence": 0.6837629079818726,
  "uncertainty": 0.33743656141514883
}