{
  "image": "data\\raw\\images\\train\\F_2_7_358.jpg",
  "box": [
    490.47216796875,
    588.940185546875,
    565.8213500976562,
    682.5587768554688
  ],
  "class": 3,
  "confidence": 0.6827654838562012,
  "uncertainty": 0.31626371908330947
}