{
  "image": "data\\raw\\images\\train\\F_2_7_892.jpg",
  "box": [
    1407.917724609375,
    513.6959228515625,
    1489.797607421875,
    601.41748046875
  ],
  "class": 3,
  "confidence": 0.6340820789337158,
  "uncertainty": 0.37842305489518874
}