{
  "image": "data\\raw\\images\\train\\F_2_3_32.jpg",
  "box": [
    339.84515380859375,
    532.9779052734375,
    471.5953369140625,
    701.41162109375
  ],
  "class": 3,
  "confidence": 0.6237930655479431,
  "uncertainty": 0.3609197687556283
}