{
  "image": "data\\raw\\images\\train\\F_2_2_113.jpg",
  "box": [
    2.4227142333984375,
    3.5625,
    668.160888671875,
    1065.325927734375
  ],
  "class": 5,
  "confidence": 0.952269971370697,
  "uncertainty": 0.18900918918532436
}