{
  "image": "data\\raw\\images\\train\\F_2_1_491.jpg",
  "box": [
    1351.7493896484375,
    451.7952575683594,
    1388.168701171875,
    513.08251953125
  ],
  "class": 3,
  "confidence": 0.5185976028442383,
  "uncertainty": 0.38360738791854215
}