{
  "image": "data\\raw\\images\\train\\F_2_6_1496.jpg",
  "box": [
    1107.475830078125,
    442.145751953125,
    1172.9114990234375,
    517.2684326171875
  ],
  "class": 2,
  "confidence": 0.3559187650680542,
  "uncertainty": 0.3788592400891873
}