{
  "image": "data\\raw\\images\\train\\F_2_9_220.jpg",
  "box": [
    922.9293823242188,
    473.56494140625,
    1918.9361572265625,
    1008.1190185546875
  ],
  "class": 2,
  "confidence": 0.9596136808395386,
  "uncertainty": 0.10029768972071947
}