{
  "image": "data\\raw\\images\\train\\F_2_4_940.jpg",
  "box": [
    877.2021484375,
    453.4093017578125,
    1047.0623779296875,
    663.138916015625
  ],
  "class": 7,
  "confidence": 0.658850908279419,
  "uncertainty": 0.3197214888997123
}