{
  "image": "data\\raw\\images\\train\\F_2_1_558.jpg",
  "box": [
    1072.4300537109375,
    465.903076171875,
    1106.548828125,
    503.40179443359375
  ],
  "class": 2,
  "confidence": 0.317911833524704,
  "uncertainty": 0.34553485819668495
}