{
  "image": "data\\raw\\images\\train\\F_2_3_531.jpg",
  "box": [
    575.4063720703125,
    469.82080078125,
    908.1249389648438,
    757.4163818359375
  ],
  "class": 2,
  "confidence": 0.6947125792503357,
  "uncertainty": 0.24944864833778846
}