{
  "image": "data\\raw\\images\\train\\F_2_3_269.jpg",
  "box": [
    1055.38330078125,
    511.63787841796875,
    1227.9320068359375,
    656.7299194335938
  ],
  "class": 2,
  "confidence": 0.875309407711029,
  "uncertainty": 0.2003976160670114
}