{
  "image": "data\\raw\\images\\train\\F_2_1_56.jpg",
  "box": [
    1644.29150390625,
    408.1712951660156,
    1780.9537353515625,
    439.2539978027344
  ],
  "class": 2,
  "confidence": 0.431741863489151,
  "uncertainty": 0.35590036013543996
}