{
  "image": "data\\raw\\images\\train\\F_2_7_1518.jpg",
  "box": [
    64.1810073852539,
    353.633056640625,
    318.2569274902344,
    675.9439697265625
  ],
  "class": 7,
  "confidence": 0.7436020970344543,
  "uncertainty": 0.2767655235682255
}