{
  "image": "data\\raw\\images\\train\\F_2_6_478.jpg",
  "box": [
    741.013671875,
    589.5159912109375,
    796.3314208984375,
    672.423828125
  ],
  "class": 3,
  "confidence": 0.6147870421409607,
  "uncertainty": 0.3792548328958852
}