{
  "image": "data\\raw\\images\\train\\F_2_1_372.jpg",
  "box": [
    1482.408935546875,
    528.077392578125,
    1525.42724609375,
    586.78369140625
  ],
  "class": 3,
  "confidence": 0.6534358263015747,
  "uncertainty": 0.3280884500742076
}