{
  "image": "data\\raw\\images\\train\\F_2_1_762.jpg",
  "box": [
    1327.8526611328125,
    499.8043212890625,
    1393.9903564453125,
    566.369384765625
  ],
  "class": 7,
  "confidence": 0.5745702981948853,
  "uncertainty": 0.3419926055697091
}