{
  "image": "data\\raw\\images\\train\\F_2_3_549.jpg",
  "box": [
    245.87338256835938,
    348.2373046875,
    867.4923706054688,
    1066.93212890625
  ],
  "class": 7,
  "confidence": 0.82862389087677,
  "uncertainty": 0.26808038577103704
}