{
  "image": "data\\raw\\images\\train\\F_2_2_182.jpg",
  "box": [
    1902.729736328125,
    512.6749877929688,
    1919.251953125,
    570.8055419921875
  ],
  "class": 3,
  "confidence": 0.35438525676727295,
  "uncertainty": 0.46113315297347546
}