{
  "image": "data\\raw\\images\\train\\F_2_6_1082.jpg",
  "box": [
    830.6607055664062,
    501.1399841308594,
    1056.5126953125,
    767.5587158203125
  ],
  "class": 2,
  "confidence": 0.8120832443237305,
  "uncertainty": 0.27966881607689675
}