{
  "image": "data\\raw\\images\\train\\F_2_1_1203.jpg",
  "box": [
    0.3397064208984375,
    430.1159362792969,
    104.16602325439453,
    561.223876953125
  ],
  "class": 7,
  "confidence": 0.38825148344039917,
  "uncertainty": 0.4042490145081385
}