{
  "image": "data\\raw\\images\\train\\F_2_9_341.jpg",
  "box": [
    640.0933837890625,
    533.9713134765625,
    710.3292236328125,
    614.4208984375
  ],
  "class": 3,
  "confidence": 0.32385748624801636,
  "uncertainty": 0.4801607385440705
}