{
  "image": "data\\raw\\images\\train\\F_2_6_985.jpg",
  "box": [
    594.0667724609375,
    376.05194091796875,
    1260.341064453125,
    977.2750244140625
  ],
  "class": 2,
  "confidence": 0.903606653213501,
  "uncertainty": 0.13364817939018475
}