{
  "image": "data\\raw\\images\\train\\F_2_2_1466.jpg",
  "box": [
    942.9732666015625,
    762.8865966796875,
    1239.48583984375,
    1069.313232421875
  ],
  "class": 3,
  "confidence": 0.5782583951950073,
  "uncertainty": 0.36777624718909013
}