{
  "image": "data\\raw\\images\\train\\F_2_1_333.jpg",
  "box": [
    926.3311767578125,
    427.2312927246094,
    1029.242919921875,
    549.6190185546875
  ],
  "class": 7,
  "confidence": 0.7134107351303101,
  "uncertainty": 0.2838076776543213
}