{
  "image": "data\\raw\\images\\train\\F_2_9_1658.jpg",
  "box": [
    976.2409057617188,
    454.5984191894531,
    1043.2503662109375,
    633.8563232421875
  ],
  "class": 2,
  "confidence": 0.4742152690887451,
  "uncertainty": 0.34462549538727183
}