{
  "image": "data\\raw\\images\\train\\F_2_10_90.jpg",
  "box": [
    1494.267578125,
    250.15805053710938,
    1913.491943359375,
    683.2105712890625
  ],
  "class": 7,
  "confidence": 0.8521472215652466,
  "uncertainty": 0.28400574698895537
}