{
  "image": "data\\raw\\images\\train\\F_2_4_207.jpg",
  "box": [
    1030.014404296875,
    449.3821105957031,
    1120.7999267578125,
    610.60009765625
  ],
  "class": 2,
  "confidence": 0.6782907247543335,
  "uncertainty": 0.3051362635527911
}