{
  "image": "data\\raw\\images\\train\\F_2_1_969.jpg",
  "box": [
    966.453369140625,
    497.4700012207031,
    1002.3643798828125,
    559.025634765625
  ],
  "class": 3,
  "confidence": 0.4857783317565918,
  "uncertainty": 0.39798445719308
}