{
  "image": "data\\raw\\images\\train\\F_2_9_1916.jpg",
  "box": [
    548.8037109375,
    540.629638671875,
    613.1643676757812,
    639.5399169921875
  ],
  "class": 3,
  "confidence": 0.711566150188446,
  "uncertainty": 0.30864289786511195
}