{
  "image": "data\\raw\\images\\train\\F_2_1_659.jpg",
  "box": [
    689.3505249023438,
    421.77813720703125,
    813.2032470703125,
    554.2962646484375
  ],
  "class": 5,
  "confidence": 0.6715608239173889,
  "uncertainty": 0.33195391900302856
}