{
  "image": "data\\raw\\images\\train\\F_2_7_152.jpg",
  "box": [
    0.3919944763183594,
    399.73828125,
    116.30722045898438,
    946.4159545898438
  ],
  "class": 2,
  "confidence": 0.4484350085258484,
  "uncertainty": 0.29630829169812356
}