{
  "image": "data\\raw\\images\\train\\F_2_2_449.jpg",
  "box": [
    557.4424438476562,
    454.83489990234375,
    744.4824829101562,
    605.8833618164062
  ],
  "class": 2,
  "confidence": 0.8957830667495728,
  "uncertainty": 0.12886697662765137
}