{
  "image": "data\\raw\\images\\train\\F_2_2_970.jpg",
  "box": [
    610.13720703125,
    495.21875,
    788.4156494140625,
    622.7532958984375
  ],
  "class": 2,
  "confidence": 0.8777265548706055,
  "uncertainty": 0.13805247551300245
}