{
  "image": "data\\raw\\images\\train\\F_2_9_536.jpg",
  "box": [
    1337.086181640625,
    554.6085205078125,
    1406.384765625,
    657.279052734375
  ],
  "class": 3,
  "confidence": 0.7724683284759521,
  "uncertainty": 0.3117426006552031
}