{
  "image": "data\\raw\\images\\train\\F_2_7_892.jpg",
  "box": [
    665.993408203125,
    380.079345703125,
    779.751953125,
    425.5770263671875
  ],
  "class": 2,
  "confidence": 0.32296812534332275,
  "uncertainty": 0.37752442348897924
}