{
  "image": "data\\raw\\images\\train\\F_2_11_409.jpg",
  "box": [
    629.693115234375,
    515.7159423828125,
    677.6867065429688,
    588.3748779296875
  ],
  "class": 3,
  "confidence": 0.6628925800323486,
  "uncertainty": 0.3278015245103614
}