{
  "image": "data\\raw\\images\\train\\F_2_6_107.jpg",
  "box": [
    1257.5489501953125,
    378.29315185546875,
    1566.452880859375,
    733.8365478515625
  ],
  "class": 7,
  "confidence": 0.8426529765129089,
  "uncertainty": 0.2552644099784187
}