{
  "image": "data\\raw\\images\\train\\F_2_4_29.jpg",
  "box": [
    0.0,
    447.763916015625,
    154.925048828125,
    595.0916748046875
  ],
  "class": 2,
  "confidence": 0.5561149716377258,
  "uncertainty": 0.3094242425414159
}