{
  "image": "data\\raw\\images\\train\\F_2_7_256.jpg",
  "box": [
    1439.090087890625,
    635.1211547851562,
    1664.046630859375,
    1072.9259033203125
  ],
  "class": 3,
  "confidence": 0.6964319944381714,
  "uncertainty": 0.4280549056902977
}