{
  "image": "data\\raw\\images\\train\\F_2_2_1316.jpg",
  "box": [
    502.0846252441406,
    395.59222412109375,
    632.728759765625,
    563.552001953125
  ],
  "class": 7,
  "confidence": 0.5480790138244629,
  "uncertainty": 0.34313346392652616
}