{
  "image": "data\\raw\\images\\train\\F_2_9_2646.jpg",
  "box": [
    365.4350891113281,
    526.9114990234375,
    427.7142333984375,
    616.7042236328125
  ],
  "class": 3,
  "confidence": 0.7033312320709229,
  "uncertainty": 0.3006693825128435
}