{
  "image": "data\\raw\\images\\train\\F_2_9_433.jpg",
  "box": [
    1295.98583984375,
    568.0486450195312,
    1353.675537109375,
    630.9830932617188
  ],
  "class": 3,
  "confidence": 0.6511519551277161,
  "uncertainty": 0.3322956082025559
}