{
  "image": "data\\raw\\images\\train\\F_2_4_645.jpg",
  "box": [
    495.4462890625,
    426.4336853027344,
    623.7303466796875,
    516.83447265625
  ],
  "class": 7,
  "confidence": 0.45108968019485474,
  "uncertainty": 0.4040168055127405
}