{
  "image": "data\\raw\\images\\train\\F_2_2_29.jpg",
  "box": [
    865.0975341796875,
    470.91796875,
    1105.953369140625,
    747.4381103515625
  ],
  "class": 5,
  "confidence": 0.8543826937675476,
  "uncertainty": 0.22147578354157924
}