{
  "image": "data\\raw\\images\\train\\F_2_1_161.jpg",
  "box": [
    880.5869750976562,
    414.57293701171875,
    1066.506103515625,
    610.5748901367188
  ],
  "class": 2,
  "confidence": 0.4624946117401123,
  "uncertainty": 0.3147311971093403
}