{
  "image": "data\\raw\\images\\train\\F_2_7_346.jpg",
  "box": [
    1525.383544921875,
    615.9500732421875,
    1639.3421630859375,
    756.8824462890625
  ],
  "class": 3,
  "confidence": 0.5635918974876404,
  "uncertainty": 0.37895799711367834
}