{
  "image": "data\\raw\\images\\train\\F_2_9_2626.jpg",
  "box": [
    729.2492065429688,
    490.23358154296875,
    828.9217529296875,
    661.2962036132812
  ],
  "class": 3,
  "confidence": 0.6415412425994873,
  "uncertainty": 0.3593315496297685
}