{
  "image": "data\\raw\\images\\train\\F_2_6_1732.jpg",
  "box": [
    1.22698974609375,
    193.81100463867188,
    756.8857421875,
    1037.0118408203125
  ],
  "class": 7,
  "confidence": 0.9347972869873047,
  "uncertainty": 0.19884917031093616
}