{
  "image": "data\\raw\\images\\train\\F_2_9_2959.jpg",
  "box": [
    830.795654296875,
    157.31570434570312,
    1295.8245849609375,
    742.7536010742188
  ],
  "class": 7,
  "confidence": 0.5879456400871277,
  "uncertainty": 0.33312616278052504
}