{
  "image": "data\\raw\\images\\train\\F_2_1_484.jpg",
  "box": [
    205.9665069580078,
    365.45147705078125,
    341.876953125,
    530.2559204101562
  ],
  "class": 7,
  "confidence": 0.7646052241325378,
  "uncertainty": 0.291098132161656
}