{
  "image": "data\\raw\\images\\train\\F_2_1_932.jpg",
  "box": [
    360.1002197265625,
    414.74371337890625,
    590.9739379882812,
    691.8218383789062
  ],
  "class": 7,
  "confidence": 0.5615215301513672,
  "uncertainty": 0.3461187921605044
}