{
  "image": "data\\raw\\images\\train\\F_2_3_94.jpg",
  "box": [
    669.3323974609375,
    435.6323547363281,
    774.7989501953125,
    707.8695068359375
  ],
  "class": 2,
  "confidence": 0.3497934341430664,
  "uncertainty": 0.3841722844090474
}