{
  "image": "data\\raw\\images\\train\\F_2_1_1084.jpg",
  "box": [
    331.2783508300781,
    439.351806640625,
    434.8770446777344,
    566.412109375
  ],
  "class": 2,
  "confidence": 0.3339585065841675,
  "uncertainty": 0.39750088544325524
}