{
  "image": "data\\raw\\images\\train\\F_2_9_583.jpg",
  "box": [
    810.2841796875,
    479.23297119140625,
    869.89453125,
    565.5465087890625
  ],
  "class": 2,
  "confidence": 0.6096183061599731,
  "uncertainty": 0.26145062746503434
}