{
  "image": "data\\raw\\images\\train\\F_2_6_545.jpg",
  "box": [
    1014.97607421875,
    610.0543212890625,
    1139.6654052734375,
    853.59765625
  ],
  "class": 3,
  "confidence": 0.596692681312561,
  "uncertainty": 0.4040320241372651
}