{
  "image": "data\\raw\\images\\train\\F_2_6_223.jpg",
  "box": [
    799.336669921875,
    478.42401123046875,
    850.177734375,
    537.0408325195312
  ],
  "class": 3,
  "confidence": 0.3229466378688812,
  "uncertainty": 0.4449186913713287
}