{
  "image": "data\\raw\\images\\train\\F_2_1_803.jpg",
  "box": [
    1210.1962890625,
    476.9257507324219,
    1343.015869140625,
    577.0570068359375
  ],
  "class": 2,
  "confidence": 0.8668511509895325,
  "uncertainty": 0.14496462193058102
}