{
  "image": "data\\raw\\images\\train\\F_2_11_376.jpg",
  "box": [
    780.2536010742188,
    346.0037536621094,
    935.4655151367188,
    462.8203125
  ],
  "class": 7,
  "confidence": 0.8418967723846436,
  "uncertainty": 0.2525457629331283
}