{
  "image": "data\\raw\\images\\train\\F_2_1_399.jpg",
  "box": [
    1382.6065673828125,
    460.20648193359375,
    1480.2298583984375,
    544.2028198242188
  ],
  "class": 7,
  "confidence": 0.5336870551109314,
  "uncertainty": 0.37543144399774037
}