{
  "image": "data\\raw\\images\\train\\F_2_1_310.jpg",
  "box": [
    1658.833984375,
    317.4420471191406,
    1918.230712890625,
    568.363037109375
  ],
  "class": 7,
  "confidence": 0.918283998966217,
  "uncertainty": 0.2051374855732734
}