{
  "image": "data\\raw\\images\\train\\F_2_2_837.jpg",
  "box": [
    531.7075805664062,
    175.73098754882812,
    1156.4853515625,
    717.2598876953125
  ],
  "class": 5,
  "confidence": 0.9437338709831238,
  "uncertainty": 0.23366290822023153
}