{
  "image": "data\\raw\\images\\train\\F_2_7_771.jpg",
  "box": [
    373.27032470703125,
    622.2936401367188,
    462.8006286621094,
    762.8087768554688
  ],
  "class": 3,
  "confidence": 0.6670085191726685,
  "uncertainty": 0.3708761809644954
}