{
  "image": "data\\raw\\images\\train\\F_2_9_335.jpg",
  "box": [
    254.3441619873047,
    534.6132202148438,
    378.1697998046875,
    767.2572021484375
  ],
  "class": 3,
  "confidence": 0.7128285765647888,
  "uncertainty": 0.3573107038869394
}