{
  "image": "data\\raw\\images\\train\\F_2_9_1427.jpg",
  "box": [
    622.4178466796875,
    543.5831298828125,
    675.8442993164062,
    633.4132080078125
  ],
  "class": 3,
  "confidence": 0.6394040584564209,
  "uncertainty": 0.34135811634846897
}