{
  "image": "data\\raw\\images\\train\\F_2_7_18.jpg",
  "box": [
    0.502899169921875,
    707.7286376953125,
    142.35108947753906,
    1071.68212890625
  ],
  "class": 2,
  "confidence": 0.8461543321609497,
  "uncertainty": 0.16821712309352657
}