{
  "image": "data\\raw\\images\\train\\F_2_2_98.jpg",
  "box": [
    1319.61279296875,
    422.89727783203125,
    1919.31689453125,
    994.8790283203125
  ],
  "class": 2,
  "confidence": 0.9014608263969421,
  "uncertainty": 0.13396180488941442
}