{
  "image": "data\\raw\\images\\train\\F_2_1_415.jpg",
  "box": [
    1144.259521484375,
    454.8514709472656,
    1178.01318359375,
    487.2591247558594
  ],
  "class": 2,
  "confidence": 0.5615041255950928,
  "uncertainty": 0.24428755714180977
}