{
  "image": "data\\raw\\images\\train\\F_2_4_56.jpg",
  "box": [
    1475.72509765625,
    398.61370849609375,
    1725.8310546875,
    684.8579711914062
  ],
  "class": 7,
  "confidence": 0.39831387996673584,
  "uncertainty": 0.41272703085933715
}