{
  "image": "data\\raw\\images\\train\\F_2_7_210.jpg",
  "box": [
    967.3679809570312,
    445.88763427734375,
    1057.237548828125,
    538.1748046875
  ],
  "class": 2,
  "confidence": 0.38173824548721313,
  "uncertainty": 0.40178126563651617
}