{
  "image": "data\\raw\\images\\train\\F_2_1_829.jpg",
  "box": [
    794.29248046875,
    473.89239501953125,
    823.6435546875,
    503.2301025390625
  ],
  "class": 2,
  "confidence": 0.302996963262558,
  "uncertainty": 0.36388253919592006
}