{
  "image": "data\\raw\\images\\train\\F_2_4_274.jpg",
  "box": [
    0.11073875427246094,
    481.5084228515625,
    51.515350341796875,
    548.5065307617188
  ],
  "class": 2,
  "confidence": 0.3051520884037018,
  "uncertainty": 0.3895754241363142
}