{
  "image": "data\\raw\\images\\train\\F_2_3_380.jpg",
  "box": [
    0.023712158203125,
    570.4077758789062,
    62.32803726196289,
    679.0801391601562
  ],
  "class": 3,
  "confidence": 0.693824291229248,
  "uncertainty": 0.29528177903437935
}