{
  "image": "data\\raw\\images\\train\\F_2_9_332.jpg",
  "box": [
    163.14407348632812,
    424.37164306640625,
    358.2123107910156,
    585.9768676757812
  ],
  "class": 2,
  "confidence": 0.7746483683586121,
  "uncertainty": 0.20275072987062492
}