{
  "image": "data\\raw\\images\\train\\F_2_9_1607.jpg",
  "box": [
    1195.248046875,
    304.56158447265625,
    1390.569580078125,
    457.35858154296875
  ],
  "class": 5,
  "confidence": 0.5593610405921936,
  "uncertainty": 0.41981637473898986
}