{
  "image": "data\\raw\\images\\train\\F_2_2_420.jpg",
  "box": [
    1.0930023193359375,
    542.6633911132812,
    244.45669555664062,
    1068.885498046875
  ],
  "class": 2,
  "confidence": 0.92134028673172,
  "uncertainty": 0.1425405478312191
}