{
  "image": "data\\raw\\images\\train\\F_2_5_160.jpg",
  "box": [
    510.267333984375,
    574.989501953125,
    589.7579956054688,
    683.2435302734375
  ],
  "class": 3,
  "confidence": 0.6297534704208374,
  "uncertainty": 0.36797365066479937
}