{
  "image": "data\\raw\\images\\train\\F_2_9_2470.jpg",
  "box": [
    1461.984619140625,
    475.6689147949219,
    1597.1083984375,
    579.4210205078125
  ],
  "class": 2,
  "confidence": 0.7607423067092896,
  "uncertainty": 0.20967840271310725
}