{
  "image": "data\\raw\\images\\train\\F_2_1_443.jpg",
  "box": [
    1497.1849365234375,
    489.3970642089844,
    1628.625,
    615.7587890625
  ],
  "class": 7,
  "confidence": 0.6184645295143127,
  "uncertainty": 0.32452287539091995
}