{
  "image": "data\\raw\\images\\train\\F_2_7_1759.jpg",
  "box": [
    767.51416015625,
    709.8485107421875,
    832.4690551757812,
    819.1044921875
  ],
  "class": 3,
  "confidence": 0.5616015791893005,
  "uncertainty": 0.4196666364128612
}