{
  "image": "data\\raw\\images\\train\\F_2_2_773.jpg",
  "box": [
    133.27374267578125,
    484.82501220703125,
    381.9842529296875,
    840.4916381835938
  ],
  "class": 2,
  "confidence": 0.7753698825836182,
  "uncertainty": 0.24113882003248385
}