{
  "image": "data\\raw\\images\\train\\F_2_9_818.jpg",
  "box": [
    808.2054443359375,
    455.68707275390625,
    1080.3433837890625,
    753.3978881835938
  ],
  "class": 2,
  "confidence": 0.8270622491836548,
  "uncertainty": 0.1909563018740192
}