{
  "image": "data\\raw\\images\\train\\F_2_2_1006.jpg",
  "box": [
    1596.8009033203125,
    433.7588195800781,
    1666.0968017578125,
    489.7341613769531
  ],
  "class": 2,
  "confidence": 0.7134548425674438,
  "uncertainty": 0.2356055699994245
}