{
  "image": "data\\raw\\images\\train\\F_2_11_392.jpg",
  "box": [
    956.765625,
    478.65618896484375,
    1057.1773681640625,
    563.220703125
  ],
  "class": 2,
  "confidence": 0.8513554334640503,
  "uncertainty": 0.14323390035083428
}