{
  "image": "data\\raw\\images\\train\\F_2_6_1498.jpg",
  "box": [
    0.6492118835449219,
    490.4413146972656,
    173.03536987304688,
    816.81494140625
  ],
  "class": 2,
  "confidence": 0.9214610457420349,
  "uncertainty": 0.1514024862870505
}