{
  "image": "data\\raw\\images\\train\\F_2_1_328.jpg",
  "box": [
    756.6751708984375,
    445.6879577636719,
    852.818359375,
    552.5194091796875
  ],
  "class": 7,
  "confidence": 0.606445848941803,
  "uncertainty": 0.3359899047722407
}