{
  "image": "data\\raw\\images\\train\\F_2_8_1931.jpg",
  "box": [
    628.9993286132812,
    466.5964050292969,
    741.50537109375,
    580.8912963867188
  ],
  "class": 2,
  "confidence": 0.7516431212425232,
  "uncertainty": 0.2988393697575037
}