{
  "image": "data\\raw\\images\\train\\F_2_1_620.jpg",
  "box": [
    1791.159423828125,
    546.770751953125,
    1857.25830078125,
    641.9127197265625
  ],
  "class": 3,
  "confidence": 0.6630792617797852,
  "uncertainty": 0.33378558461043234
}