{
  "image": "data\\raw\\images\\train\\F_2_8_745.jpg",
  "box": [
    30.186058044433594,
    401.43988037109375,
    222.2210693359375,
    605.6248779296875
  ],
  "class": 7,
  "confidence": 0.5212774276733398,
  "uncertainty": 0.36239681666215895
}