{
  "image": "data\\raw\\images\\train\\F_2_8_1748.jpg",
  "box": [
    1174.7467041015625,
    257.2817687988281,
    1204.28515625,
    282.10015869140625
  ],
  "class": 2,
  "confidence": 0.466989666223526,
  "uncertainty": 0.2891526719641581
}