{
  "image": "data\\raw\\images\\train\\F_2_1_960.jpg",
  "box": [
    1241.708251953125,
    436.95477294921875,
    1282.840087890625,
    495.508544921875
  ],
  "class": 3,
  "confidence": 0.6203141808509827,
  "uncertainty": 0.33955599297621786
}