{
  "image": "data\\raw\\images\\train\\F_2_2_1439.jpg",
  "box": [
    1067.90185546875,
    423.9827880859375,
    1242.7298583984375,
    568.3198852539062
  ],
  "class": 2,
  "confidence": 0.8752936720848083,
  "uncertainty": 0.13931738782497172
}