{
  "image": "data\\raw\\images\\train\\F_2_9_1667.jpg",
  "box": [
    1.0124359130859375,
    475.6474914550781,
    404.37066650390625,
    763.611572265625
  ],
  "class": 2,
  "confidence": 0.9021152257919312,
  "uncertainty": 0.1512783012932903
}