{
  "image": "data\\raw\\images\\train\\F_2_9_3039.jpg",
  "box": [
    824.6378173828125,
    4.0597686767578125,
    1698.4508056640625,
    521.9969482421875
  ],
  "class": 7,
  "confidence": 0.8814578056335449,
  "uncertainty": 0.22865117901280962
}