{
  "image": "data\\raw\\images\\train\\F_2_1_893.jpg",
  "box": [
    825.9417114257812,
    621.061767578125,
    1012.1969604492188,
    895.1893310546875
  ],
  "class": 3,
  "confidence": 0.7144128680229187,
  "uncertainty": 0.3902465845843105
}