{
  "image": "data\\raw\\images\\train\\F_2_2_274.jpg",
  "box": [
    743.94091796875,
    531.4898071289062,
    792.9344482421875,
    586.1504516601562
  ],
  "class": 3,
  "confidence": 0.3668639361858368,
  "uncertainty": 0.4471531990335584
}