{
  "image": "data\\raw\\images\\train\\F_2_2_978.jpg",
  "box": [
    1093.30908203125,
    383.8394775390625,
    1199.15966796875,
    443.60955810546875
  ],
  "class": 7,
  "confidence": 0.4438101351261139,
  "uncertainty": 0.40862029166499453
}