{
  "image": "data\\raw\\images\\train\\F_2_6_471.jpg",
  "box": [
    0.801910400390625,
    301.5348815917969,
    141.443115234375,
    1063.630126953125
  ],
  "class": 5,
  "confidence": 0.6710715889930725,
  "uncertainty": 0.32525468188748774
}