{
  "image": "data\\raw\\images\\train\\F_2_4_260.jpg",
  "box": [
    690.3225708007812,
    803.6017456054688,
    932.8575439453125,
    1070.0833740234375
  ],
  "class": 3,
  "confidence": 0.5916382074356079,
  "uncertainty": 0.39744280950051486
}