{
  "image": "data\\raw\\images\\train\\F_2_4_858.jpg",
  "box": [
    1041.2032470703125,
    477.474609375,
    1121.164794921875,
    604.5177612304688
  ],
  "class": 2,
  "confidence": 0.723500669002533,
  "uncertainty": 0.24832117756782818
}