{
  "image": "data\\raw\\images\\train\\F_2_8_1432.jpg",
  "box": [
    0.8094863891601562,
    600.897216796875,
    217.76861572265625,
    928.64794921875
  ],
  "class": 3,
  "confidence": 0.2819773554801941,
  "uncertainty": 0.46626877989412624
}