{
  "image": "data\\raw\\images\\train\\F_2_7_1822.jpg",
  "box": [
    1534.138427734375,
    648.8870849609375,
    1653.667724609375,
    855.4759521484375
  ],
  "class": 3,
  "confidence": 0.6147003769874573,
  "uncertainty": 0.3760704301602342
}