{
  "image": "data\\raw\\images\\train\\F_2_2_272.jpg",
  "box": [
    1708.6571044921875,
    478.7181701660156,
    1919.4832763671875,
    737.9342041015625
  ],
  "class": 3,
  "confidence": 0.868097722530365,
  "uncertainty": 0.39519805627783106
}