{
  "image": "data\\raw\\images\\train\\F_2_9_341.jpg",
  "box": [
    963.802001953125,
    832.3572998046875,
    1164.69482421875,
    1074.302001953125
  ],
  "class": 3,
  "confidence": 0.6154941916465759,
  "uncertainty": 0.3557444255037879
}