{
  "image": "data\\raw\\images\\train\\F_2_1_1206.jpg",
  "box": [
    607.974365234375,
    426.3948669433594,
    732.40869140625,
    538.7828369140625
  ],
  "class": 7,
  "confidence": 0.35712116956710815,
  "uncertainty": 0.46294281075480725
}