{
  "image": "data\\raw\\images\\train\\F_2_2_256.jpg",
  "box": [
    782.4732055664062,
    501.3225402832031,
    819.5260620117188,
    552.067138671875
  ],
  "class": 3,
  "confidence": 0.5701775550842285,
  "uncertainty": 0.34671695700408517
}