{
  "image": "data\\raw\\images\\train\\F_2_6_1545.jpg",
  "box": [
    1.77227783203125,
    93.58712768554688,
    287.9547119140625,
    1064.31298828125
  ],
  "class": 7,
  "confidence": 0.8493879437446594,
  "uncertainty": 0.2771371373146746
}