{
  "image": "data\\raw\\images\\train\\F_2_9_2974.jpg",
  "box": [
    1372.869140625,
    452.9096374511719,
    1409.804443359375,
    483.453369140625
  ],
  "class": 2,
  "confidence": 0.4290468990802765,
  "uncertainty": 0.31685035659381766
}