{
  "image": "data\\raw\\images\\train\\F_2_9_1486.jpg",
  "box": [
    158.2991943359375,
    408.61541748046875,
    270.53912353515625,
    438.0086975097656
  ],
  "class": 2,
  "confidence": 0.2748430073261261,
  "uncertainty": 0.4035429803906053
}