{
  "image": "data\\raw\\images\\train\\F_2_2_831.jpg",
  "box": [
    157.142578125,
    455.6185302734375,
    463.65576171875,
    712.0072021484375
  ],
  "class": 2,
  "confidence": 0.9221763014793396,
  "uncertainty": 0.1288362304156107
}