{
  "image": "data\\raw\\images\\train\\F_2_6_1735.jpg",
  "box": [
    1778.4071044921875,
    436.45367431640625,
    1837.3223876953125,
    536.5303344726562
  ],
  "class": 2,
  "confidence": 0.39150136709213257,
  "uncertainty": 0.3813164039099329
}