{
  "image": "data\\raw\\images\\train\\F_2_6_1257.jpg",
  "box": [
    1218.5806884765625,
    584.8467407226562,
    1415.0062255859375,
    801.8999633789062
  ],
  "class": 3,
  "confidence": 0.6880188584327698,
  "uncertainty": 0.4273179797235779
}