{
  "image": "data\\raw\\images\\train\\F_2_2_970.jpg",
  "box": [
    603.10791015625,
    477.8407287597656,
    676.070556640625,
    529.2222900390625
  ],
  "class": 2,
  "confidence": 0.42637312412261963,
  "uncertainty": 0.3778817127508799
}