{
  "image": "data\\raw\\images\\train\\F_2_7_686.jpg",
  "box": [
    281.68743896484375,
    484.1253662109375,
    371.0669860839844,
    579.5614013671875
  ],
  "class": 7,
  "confidence": 0.34436291456222534,
  "uncertainty": 0.48661013258131
}