{
  "image": "data\\raw\\images\\train\\F_2_7_108.jpg",
  "box": [
    149.74310302734375,
    441.8408203125,
    1114.13623046875,
    1067.733154296875
  ],
  "class": 2,
  "confidence": 0.9146232604980469,
  "uncertainty": 0.07031541955162512
}