{
  "image": "data\\raw\\images\\train\\F_2_9_552.jpg",
  "box": [
    768.9971923828125,
    472.8470764160156,
    955.45751953125,
    629.1817626953125
  ],
  "class": 2,
  "confidence": 0.8880032300949097,
  "uncertainty": 0.12967712052307248
}