{
  "image": "data\\raw\\images\\train\\F_2_1_323.jpg",
  "box": [
    614.6885375976562,
    463.95977783203125,
    680.0191040039062,
    546.1803588867188
  ],
  "class": 7,
  "confidence": 0.7594944834709167,
  "uncertainty": 0.265507752634444
}