{
  "image": "data\\raw\\images\\train\\F_2_2_328.jpg",
  "box": [
    966.208740234375,
    440.09747314453125,
    1015.1782836914062,
    509.7301025390625
  ],
  "class": 2,
  "confidence": 0.5349593758583069,
  "uncertainty": 0.2950599814421063
}