{
  "image": "data\\raw\\images\\train\\F_2_4_25.jpg",
  "box": [
    904.1566772460938,
    544.6139526367188,
    1462.129638671875,
    973.7413330078125
  ],
  "class": 3,
  "confidence": 0.8914691805839539,
  "uncertainty": 0.2858533809783132
}