{
  "image": "data\\raw\\images\\train\\F_2_1_1127.jpg",
  "box": [
    201.3771514892578,
    428.5135498046875,
    433.3843994140625,
    700.627197265625
  ],
  "class": 7,
  "confidence": 0.7296467423439026,
  "uncertainty": 0.2810668434684262
}