{
  "image": "data\\raw\\images\\train\\F_2_2_784.jpg",
  "box": [
    818.5155029296875,
    440.0841064453125,
    982.8515625,
    510.72930908203125
  ],
  "class": 7,
  "confidence": 0.4569942355155945,
  "uncertainty": 0.4054614965345884
}