{
  "image": "data\\raw\\images\\train\\F_2_2_412.jpg",
  "box": [
    197.49403381347656,
    329.60296630859375,
    318.056640625,
    433.1492614746094
  ],
  "class": 7,
  "confidence": 0.6125857830047607,
  "uncertainty": 0.31370630428992125
}