{
  "image": "data\\raw\\images\\train\\F_2_9_583.jpg",
  "box": [
    1095.7763671875,
    505.9389953613281,
    1130.074462890625,
    556.5423583984375
  ],
  "class": 3,
  "confidence": 0.4323231279850006,
  "uncertainty": 0.4297528331676924
}