{
  "image": "data\\raw\\images\\train\\F_2_8_930.jpg",
  "box": [
    1318.9610595703125,
    200.98486328125,
    1452.4918212890625,
    278.9873962402344
  ],
  "class": 7,
  "confidence": 0.35582560300827026,
  "uncertainty": 0.4301625080809573
}