{
  "image": "data\\raw\\images\\train\\F_2_1_1199.jpg",
  "box": [
    1675.491943359375,
    394.7921447753906,
    1729.4794921875,
    455.6531066894531
  ],
  "class": 2,
  "confidence": 0.45521894097328186,
  "uncertainty": 0.34610194520020504
}