{
  "image": "data\\raw\\images\\train\\F_2_8_956.jpg",
  "box": [
    679.2012939453125,
    442.3472900390625,
    807.628662109375,
    543.814453125
  ],
  "class": 2,
  "confidence": 0.4982872009277344,
  "uncertainty": 0.32059721212129944
}