{
  "image": "data\\raw\\images\\train\\F_2_9_1600.jpg",
  "box": [
    713.05859375,
    307.373291015625,
    920.3436279296875,
    350.5688781738281
  ],
  "class": 5,
  "confidence": 0.3078399896621704,
  "uncertainty": 0.47389447780169197
}