{
  "image": "data\\raw\\images\\train\\F_2_8_720.jpg",
  "box": [
    1804.998779296875,
    566.175048828125,
    1876.921875,
    677.8948974609375
  ],
  "class": 2,
  "confidence": 0.29823142290115356,
  "uncertainty": 0.4014682244553326
}