{
  "image": "data\\raw\\images\\train\\F_2_7_1790.jpg",
  "box": [
    269.34564208984375,
    230.6216583251953,
    599.685546875,
    689.1779174804688
  ],
  "class": 7,
  "confidence": 0.8022825121879578,
  "uncertainty": 0.2663427579854399
}