{
  "image": "data\\raw\\images\\train\\F_2_11_390.jpg",
  "box": [
    326.24261474609375,
    386.08447265625,
    628.021240234375,
    718.3793334960938
  ],
  "class": 2,
  "confidence": 0.3774684965610504,
  "uncertainty": 0.33961843075604087
}