{
  "image": "data\\raw\\images\\train\\F_2_2_868.jpg",
  "box": [
    1368.263916015625,
    84.8052978515625,
    1917.751220703125,
    1060.791259765625
  ],
  "class": 7,
  "confidence": 0.9109358787536621,
  "uncertainty": 0.2132599454219282
}