{
  "image": "data\\raw\\images\\train\\F_2_11_646.jpg",
  "box": [
    997.1417236328125,
    509.4375915527344,
    1133.98193359375,
    627.4974365234375
  ],
  "class": 7,
  "confidence": 0.5526875257492065,
  "uncertainty": 0.3580639819589368
}