{
  "image": "data\\raw\\images\\train\\F_2_2_1066.jpg",
  "box": [
    1006.5523681640625,
    546.0115966796875,
    1114.9775390625,
    733.8990478515625
  ],
  "class": 3,
  "confidence": 0.7505878806114197,
  "uncertainty": 0.33308308297219047
}