{
  "image": "data\\raw\\images\\train\\F_2_1_715.jpg",
  "box": [
    455.76141357421875,
    488.55560302734375,
    496.218017578125,
    550.7490234375
  ],
  "class": 3,
  "confidence": 0.5253464579582214,
  "uncertainty": 0.3830857107797161
}