{
  "image": "data\\raw\\images\\train\\F_2_1_849.jpg",
  "box": [
    493.6566162109375,
    511.9595947265625,
    574.5912475585938,
    618.8292846679688
  ],
  "class": 3,
  "confidence": 0.32806992530822754,
  "uncertainty": 0.4766185325037394
}