{
  "image": "data\\raw\\images\\train\\F_2_1_934.jpg",
  "box": [
    1611.369140625,
    453.4853210449219,
    1880.00244140625,
    649.9349365234375
  ],
  "class": 2,
  "confidence": 0.9162577390670776,
  "uncertainty": 0.1254577349767712
}