{
  "image": "data\\raw\\images\\train\\F_2_2_934.jpg",
  "box": [
    1285.6871337890625,
    451.3311767578125,
    1557.670166015625,
    566.8921508789062
  ],
  "class": 2,
  "confidence": 0.3763435184955597,
  "uncertainty": 0.4035203975695445
}