{
  "image": "data\\raw\\images\\train\\F_2_1_393.jpg",
  "box": [
    286.6402587890625,
    569.822998046875,
    365.3548278808594,
    682.4576416015625
  ],
  "class": 3,
  "confidence": 0.6384319067001343,
  "uncertainty": 0.35263704249353245
}