{
  "image": "data\\raw\\images\\train\\F_2_1_958.jpg",
  "box": [
    776.5175170898438,
    397.4678649902344,
    845.0619506835938,
    463.2322082519531
  ],
  "class": 2,
  "confidence": 0.4370799958705902,
  "uncertainty": 0.3416567802477076
}