{
  "image": "data\\raw\\images\\train\\F_2_2_1476.jpg",
  "box": [
    1450.022705078125,
    343.70050048828125,
    1919.3206787109375,
    1066.884521484375
  ],
  "class": 7,
  "confidence": 0.6539364457130432,
  "uncertainty": 0.2607439530032559
}