{
  "image": "data\\raw\\images\\train\\F_2_1_794.jpg",
  "box": [
    1011.7506103515625,
    434.9550476074219,
    1040.259765625,
    490.7273254394531
  ],
  "class": 3,
  "confidence": 0.3058125078678131,
  "uncertainty": 0.45484279351419604
}