{
  "image": "data\\raw\\images\\train\\F_2_5_306.jpg",
  "box": [
    509.77166748046875,
    413.65576171875,
    784.0914916992188,
    751.7342529296875
  ],
  "class": 7,
  "confidence": 0.2819337248802185,
  "uncertainty": 0.4548912643146458
}