{
  "image": "data\\raw\\images\\train\\F_2_2_1694.jpg",
  "box": [
    207.29649353027344,
    489.5744934082031,
    274.54534912109375,
    580.82470703125
  ],
  "class": 3,
  "confidence": 0.561065673828125,
  "uncertainty": 0.3644060661025049
}