{
  "image": "data\\raw\\images\\train\\F_2_2_1673.jpg",
  "box": [
    354.9797058105469,
    662.6965942382812,
    527.6889038085938,
    918.8250732421875
  ],
  "class": 3,
  "confidence": 0.7282095551490784,
  "uncertainty": 0.31467410196198253
}