{
  "image": "data\\raw\\images\\train\\F_2_10_92.jpg",
  "box": [
    1653.029296875,
    520.8466186523438,
    1846.76220703125,
    679.5430297851562
  ],
  "class": 2,
  "confidence": 0.6164935231208801,
  "uncertainty": 0.2480808919682142
}