{
  "image": "data\\raw\\images\\train\\F_2_2_274.jpg",
  "box": [
    664.828369140625,
    475.6513671875,
    707.74755859375,
    550.15185546875
  ],
  "class": 2,
  "confidence": 0.38909852504730225,
  "uncertainty": 0.40587213513170783
}