{
  "image": "data\\raw\\images\\train\\F_2_1_632.jpg",
  "box": [
    1254.8367919921875,
    459.5917053222656,
    1328.9468994140625,
    521.0098876953125
  ],
  "class": 2,
  "confidence": 0.614788830280304,
  "uncertainty": 0.29023689767138616
}