{
  "image": "data\\raw\\images\\train\\F_2_8_754.jpg",
  "box": [
    1353.72216796875,
    463.9221496582031,
    1585.3721923828125,
    665.6649169921875
  ],
  "class": 2,
  "confidence": 0.8983255624771118,
  "uncertainty": 0.14556694055046882
}