{
  "image": "data\\raw\\images\\train\\F_2_6_551.jpg",
  "box": [
    1194.3870849609375,
    629.2008056640625,
    1306.1033935546875,
    840.9036254882812
  ],
  "class": 3,
  "confidence": 0.6641455888748169,
  "uncertainty": 0.3444254701429899
}