{
  "image": "data\\raw\\images\\train\\F_2_8_188.jpg",
  "box": [
    525.038818359375,
    894.1118774414062,
    844.522705078125,
    1074.2822265625
  ],
  "class": 3,
  "confidence": 0.3563825488090515,
  "uncertainty": 0.450846350182973
}