{
  "image": "data\\raw\\images\\train\\F_2_2_846.jpg",
  "box": [
    576.9340209960938,
    407.1786804199219,
    1018.1156616210938,
    943.60986328125
  ],
  "class": 7,
  "confidence": 0.6816446185112,
  "uncertainty": 0.30089694592214344
}