{
  "image": "data\\raw\\images\\train\\F_2_2_1146.jpg",
  "box": [
    1237.679931640625,
    703.5221557617188,
    1446.7860107421875,
    1010.2549438476562
  ],
  "class": 3,
  "confidence": 0.6267006993293762,
  "uncertainty": 0.45081063293126383
}