{
  "image": "data\\raw\\images\\train\\F_2_8_822.jpg",
  "box": [
    1678.068603515625,
    766.2083129882812,
    1919.2203369140625,
    1073.188232421875
  ],
  "class": 2,
  "confidence": 0.8872331976890564,
  "uncertainty": 0.14467199089250224
}