{
  "image": "data\\raw\\images\\train\\F_2_4_278.jpg",
  "box": [
    856.0869140625,
    348.58575439453125,
    1403.237548828125,
    931.294189453125
  ],
  "class": 2,
  "confidence": 0.675001859664917,
  "uncertainty": 0.21789349251628376
}