{
  "image": "data\\raw\\images\\train\\F_2_2_5.jpg",
  "box": [
    169.86936950683594,
    391.4891052246094,
    401.83984375,
    653.98974609375
  ],
  "class": 2,
  "confidence": 0.5972422361373901,
  "uncertainty": 0.24719712843469338
}