{
  "image": "data\\raw\\images\\train\\F_2_7_1329.jpg",
  "box": [
    548.314453125,
    530.786376953125,
    599.1439819335938,
    646.4969482421875
  ],
  "class": 2,
  "confidence": 0.31318503618240356,
  "uncertainty": 0.44918115404945225
}