{
  "image": "data\\raw\\images\\train\\F_2_2_1212.jpg",
  "box": [
    814.0490112304688,
    371.6923828125,
    1251.60888671875,
    933.2169799804688
  ],
  "class": 7,
  "confidence": 0.8844040632247925,
  "uncertainty": 0.22919861806528374
}