{
  "image": "data\\raw\\images\\train\\F_2_2_825.jpg",
  "box": [
    529.0980224609375,
    436.94915771484375,
    585.4100341796875,
    471.19537353515625
  ],
  "class": 2,
  "confidence": 0.39678993821144104,
  "uncertainty": 0.3486478638375661
}