{
  "image": "data\\raw\\images\\train\\F_2_1_1084.jpg",
  "box": [
    233.8597412109375,
    569.553466796875,
    349.08319091796875,
    726.687255859375
  ],
  "class": 3,
  "confidence": 0.7033320069313049,
  "uncertainty": 0.35458252516648453
}