{
  "image": "data\\raw\\images\\train\\F_2_1_775.jpg",
  "box": [
    1600.60546875,
    305.85894775390625,
    1913.32177734375,
    655.6544189453125
  ],
  "class": 5,
  "confidence": 0.9364359378814697,
  "uncertainty": 0.19004305556358686
}