{
  "image": "data\\raw\\images\\train\\F_2_9_1909.jpg",
  "box": [
    752.5335083007812,
    505.7778625488281,
    798.9847412109375,
    574.6414794921875
  ],
  "class": 3,
  "confidence": 0.5698807239532471,
  "uncertainty": 0.3644773532600175
}