{
  "image": "data\\raw\\images\\train\\F_2_9_2417.jpg",
  "box": [
    678.3422241210938,
    434.18939208984375,
    826.73583984375,
    506.8568115234375
  ],
  "class": 2,
  "confidence": 0.25104203820228577,
  "uncertainty": 0.4901454554801282
}