{
  "image": "data\\raw\\images\\train\\F_2_1_880.jpg",
  "box": [
    642.9629516601562,
    504.7808532714844,
    671.5761108398438,
    546.9197998046875
  ],
  "class": 3,
  "confidence": 0.2852597236633301,
  "uncertainty": 0.4645697399068961
}