{
  "image": "data\\raw\\images\\train\\F_2_5_103.jpg",
  "box": [
    478.25445556640625,
    525.7255859375,
    550.4064331054688,
    604.449951171875
  ],
  "class": 2,
  "confidence": 0.6863290071487427,
  "uncertainty": 0.22937925807723486
}