{
  "image": "data\\raw\\images\\train\\F_2_1_484.jpg",
  "box": [
    774.5114135742188,
    410.94903564453125,
    857.4655151367188,
    497.2288818359375
  ],
  "class": 7,
  "confidence": 0.5532342791557312,
  "uncertainty": 0.36937553403667506
}