{
  "image": "data\\raw\\images\\train\\F_2_10_210.jpg",
  "box": [
    1815.04541015625,
    458.79803466796875,
    1918.77978515625,
    484.7265930175781
  ],
  "class": 2,
  "confidence": 0.505579948425293,
  "uncertainty": 0.30250282736413914
}