{
  "image": "data\\raw\\images\\train\\F_2_8_807.jpg",
  "box": [
    1645.18310546875,
    439.134521484375,
    1871.658203125,
    615.84423828125
  ],
  "class": 2,
  "confidence": 0.27918434143066406,
  "uncertainty": 0.4477733354218167
}