{
  "image": "data\\raw\\images\\train\\F_2_3_428.jpg",
  "box": [
    1167.54736328125,
    409.29302978515625,
    1235.812744140625,
    442.06744384765625
  ],
  "class": 2,
  "confidence": 0.35182762145996094,
  "uncertainty": 0.347916304193933
}