{
  "image": "data\\raw\\images\\train\\F_2_2_1221.jpg",
  "box": [
    0.30915069580078125,
    419.0487060546875,
    97.19297790527344,
    563.0578002929688
  ],
  "class": 2,
  "confidence": 0.40504443645477295,
  "uncertainty": 0.43191687567913245
}