{
  "image": "data\\raw\\images\\train\\F_2_1_422.jpg",
  "box": [
    460.330078125,
    375.5241394042969,
    607.0865478515625,
    508.969482421875
  ],
  "class": 7,
  "confidence": 0.5520541667938232,
  "uncertainty": 0.3999179872955243
}