{
  "image": "data\\raw\\images\\train\\F_2_2_29.jpg",
  "box": [
    216.39573669433594,
    428.41461181640625,
    335.1839904785156,
    598.171142578125
  ],
  "class": 7,
  "confidence": 0.8682891130447388,
  "uncertainty": 0.2064582032281958
}