{
  "image": "data\\raw\\images\\train\\F_2_7_110.jpg",
  "box": [
    1589.022216796875,
    839.83251953125,
    1919.064697265625,
    1075.4949951171875
  ],
  "class": 3,
  "confidence": 0.477125883102417,
  "uncertainty": 0.4379536878486116
}