{
  "image": "data\\raw\\images\\train\\F_2_7_1656.jpg",
  "box": [
    1753.90771484375,
    448.2307434082031,
    1881.143310546875,
    530.2138671875
  ],
  "class": 2,
  "confidence": 0.2995310127735138,
  "uncertainty": 0.4702622204085051
}