{
  "image": "data\\raw\\images\\train\\F_2_7_1329.jpg",
  "box": [
    652.9613037109375,
    491.61968994140625,
    914.010009765625,
    734.6687622070312
  ],
  "class": 2,
  "confidence": 0.8993523120880127,
  "uncertainty": 0.16735697704433988
}