{
  "image": "data\\raw\\images\\train\\F_2_11_577.jpg",
  "box": [
    709.4549560546875,
    509.00921630859375,
    748.311767578125,
    577.7107543945312
  ],
  "class": 3,
  "confidence": 0.5074092745780945,
  "uncertainty": 0.39168979811964577
}