{
  "image": "data\\raw\\images\\train\\F_2_1_561.jpg",
  "box": [
    522.4674072265625,
    447.2196350097656,
    667.1602783203125,
    600.9501953125
  ],
  "class": 5,
  "confidence": 0.6441540718078613,
  "uncertainty": 0.34542802491615837
}