{
  "image": "data\\raw\\images\\train\\F_2_4_29.jpg",
  "box": [
    0.22459030151367188,
    581.7533569335938,
    66.32356262207031,
    748.2540893554688
  ],
  "class": 3,
  "confidence": 0.6883571743965149,
  "uncertainty": 0.3869471307194108
}