{
  "image": "data\\raw\\images\\train\\F_2_6_167.jpg",
  "box": [
    1.26763916015625,
    2.955413818359375,
    630.6948852539062,
    399.7660217285156
  ],
  "class": 5,
  "confidence": 0.7615584135055542,
  "uncertainty": 0.294075278715158
}