{
  "image": "data\\raw\\images\\train\\F_2_6_950.jpg",
  "box": [
    1421.18798828125,
    357.3463439941406,
    1920.0,
    1033.1895751953125
  ],
  "class": 7,
  "confidence": 0.6753451228141785,
  "uncertainty": 0.4158582608365741
}