{
  "image": "data\\raw\\images\\train\\F_2_6_531.jpg",
  "box": [
    213.23831176757812,
    498.1864929199219,
    283.0231018066406,
    631.5350341796875
  ],
  "class": 3,
  "confidence": 0.6020064949989319,
  "uncertainty": 0.36762121433507905
}