{
  "image": "data\\raw\\images\\train\\F_2_9_2991.jpg",
  "box": [
    235.8538055419922,
    416.4796142578125,
    453.55487060546875,
    561.7051391601562
  ],
  "class": 2,
  "confidence": 0.8236591815948486,
  "uncertainty": 0.23475035155228877
}