{
  "image": "data\\raw\\images\\train\\F_2_1_462.jpg",
  "box": [
    0.32993316650390625,
    491.4458312988281,
    83.11289978027344,
    574.9005126953125
  ],
  "class": 3,
  "confidence": 0.45270514488220215,
  "uncertainty": 0.41994795887284075
}