{
  "image": "data\\raw\\images\\train\\F_2_1_794.jpg",
  "box": [
    1256.0733642578125,
    431.601806640625,
    1280.46875,
    480.50030517578125
  ],
  "class": 3,
  "confidence": 0.5511988997459412,
  "uncertainty": 0.36702384277270667
}