{
  "image": "data\\raw\\images\\train\\F_2_1_641.jpg",
  "box": [
    1024.13427734375,
    543.739501953125,
    1061.6796875,
    599.625
  ],
  "class": 3,
  "confidence": 0.642677366733551,
  "uncertainty": 0.32967645974177634
}