{
  "image": "data\\raw\\images\\train\\F_2_2_907.jpg",
  "box": [
    194.20870971679688,
    498.49456787109375,
    332.3326721191406,
    638.4600830078125
  ],
  "class": 7,
  "confidence": 0.6172844767570496,
  "uncertainty": 0.31566903128686524
}