{
  "image": "data\\raw\\images\\train\\F_2_6_534.jpg",
  "box": [
    977.3120727539062,
    601.5972290039062,
    1395.904296875,
    1071.1043701171875
  ],
  "class": 3,
  "confidence": 0.828947901725769,
  "uncertainty": 0.3102445860014963
}