{
  "image": "data\\raw\\images\\train\\F_2_7_1802.jpg",
  "box": [
    70.70350646972656,
    410.1451416015625,
    230.12533569335938,
    614.0704956054688
  ],
  "class": 2,
  "confidence": 0.3652764558792114,
  "uncertainty": 0.4476023422970874
}