{
  "image": "data\\raw\\images\\train\\F_2_9_3023.jpg",
  "box": [
    674.39990234375,
    277.4200134277344,
    914.55419921875,
    554.3688354492188
  ],
  "class": 7,
  "confidence": 0.4510093629360199,
  "uncertainty": 0.4425546263535525
}