{
  "image": "data\\raw\\images\\train\\F_2_5_103.jpg",
  "box": [
    1.05340576171875,
    349.82208251953125,
    237.91603088378906,
    1064.593505859375
  ],
  "class": 7,
  "confidence": 0.6421932578086853,
  "uncertainty": 0.2798505896646426
}