{
  "image": "data\\raw\\images\\train\\F_2_1_641.jpg",
  "box": [
    822.5374755859375,
    539.461181640625,
    851.38818359375,
    579.4193725585938
  ],
  "class": 3,
  "confidence": 0.48455893993377686,
  "uncertainty": 0.38593408368575505
}