{
  "image": "data\\raw\\images\\train\\F_2_4_127.jpg",
  "box": [
    472.8571472167969,
    490.43609619140625,
    552.1436767578125,
    628.2105712890625
  ],
  "class": 2,
  "confidence": 0.3528524339199066,
  "uncertainty": 0.3386217092923065
}