{
  "image": "data\\raw\\images\\train\\F_2_2_412.jpg",
  "box": [
    332.0680847167969,
    313.6702880859375,
    446.82586669921875,
    435.8991394042969
  ],
  "class": 7,
  "confidence": 0.3702213764190674,
  "uncertainty": 0.4094096519560317
}