{
  "image": "data\\raw\\images\\train\\F_2_9_2940.jpg",
  "box": [
    1221.6280517578125,
    566.6148681640625,
    1310.2283935546875,
    710.4337158203125
  ],
  "class": 3,
  "confidence": 0.6514179110527039,
  "uncertainty": 0.37947995967195053
}