{
  "image": "data\\raw\\images\\train\\F_2_1_788.jpg",
  "box": [
    802.4608154296875,
    491.3094482421875,
    839.3016357421875,
    544.878173828125
  ],
  "class": 3,
  "confidence": 0.6565518379211426,
  "uncertainty": 0.32591760203018344
}