{
  "image": "data\\raw\\images\\train\\F_2_5_4.jpg",
  "box": [
    481.9122619628906,
    642.298583984375,
    623.798828125,
    876.335693359375
  ],
  "class": 3,
  "confidence": 0.7792109251022339,
  "uncertainty": 0.31788931626918876
}