{
  "image": "data\\raw\\images\\train\\F_2_8_1258.jpg",
  "box": [
    1688.1851806640625,
    583.4628295898438,
    1821.252685546875,
    697.2474365234375
  ],
  "class": 2,
  "confidence": 0.8466282486915588,
  "uncertainty": 0.1493039535670347
}