{
  "image": "data\\raw\\images\\train\\F_2_2_1364.jpg",
  "box": [
    1095.5888671875,
    486.41455078125,
    1172.2650146484375,
    584.1192626953125
  ],
  "class": 2,
  "confidence": 0.6215507388114929,
  "uncertainty": 0.33439006446330183
}