{
  "image": "data\\raw\\images\\train\\F_2_1_702.jpg",
  "box": [
    1210.318115234375,
    489.2016906738281,
    1232.295654296875,
    523.6448974609375
  ],
  "class": 3,
  "confidence": 0.31750521063804626,
  "uncertainty": 0.4603674304854136
}