{
  "image": "data\\raw\\images\\train\\F_2_6_1090.jpg",
  "box": [
    690.6838989257812,
    415.7936096191406,
    769.9685668945312,
    519.5860595703125
  ],
  "class": 7,
  "confidence": 0.28133463859558105,
  "uncertainty": 0.4546579148264856
}