{
  "image": "data\\raw\\images\\train\\F_2_1_397.jpg",
  "box": [
    878.607666015625,
    467.7891540527344,
    937.3309326171875,
    509.16448974609375
  ],
  "class": 2,
  "confidence": 0.6062571406364441,
  "uncertainty": 0.2527467269431738
}