{
  "image": "data\\raw\\images\\train\\F_2_6_478.jpg",
  "box": [
    525.0650024414062,
    600.421142578125,
    683.7916259765625,
    821.9783935546875
  ],
  "class": 3,
  "confidence": 0.33208298683166504,
  "uncertainty": 0.4955770230653094
}