{
  "image": "data\\raw\\images\\train\\F_2_9_1607.jpg",
  "box": [
    1145.012451171875,
    412.71038818359375,
    1919.17822265625,
    1060.14306640625
  ],
  "class": 2,
  "confidence": 0.26900067925453186,
  "uncertainty": 0.4189691358349861
}