{
  "image": "data\\raw\\images\\train\\F_2_9_2893.jpg",
  "box": [
    1015.4481811523438,
    4.69171142578125,
    1917.345703125,
    1062.1453857421875
  ],
  "class": 7,
  "confidence": 0.6429024338722229,
  "uncertainty": 0.29067899141697934
}