{
  "image": "data\\raw\\images\\train\\F_2_3_224.jpg",
  "box": [
    109.82647705078125,
    205.37673950195312,
    592.1904296875,
    824.0595703125
  ],
  "class": 7,
  "confidence": 0.9238821864128113,
  "uncertainty": 0.19645033548482532
}