{
  "image": "data\\raw\\images\\train\\F_2_1_418.jpg",
  "box": [
    886.64111328125,
    473.4403381347656,
    1004.3055419921875,
    583.83935546875
  ],
  "class": 2,
  "confidence": 0.7903266549110413,
  "uncertainty": 0.1679619981829108
}