{
  "image": "data\\raw\\images\\train\\F_2_1_691.jpg",
  "box": [
    1120.00732421875,
    477.70513916015625,
    1183.775634765625,
    528.94580078125
  ],
  "class": 2,
  "confidence": 0.6803404092788696,
  "uncertainty": 0.2178377207105508
}