{
  "image": "data\\raw\\images\\train\\F_2_1_682.jpg",
  "box": [
    768.503173828125,
    641.4736328125,
    904.8079833984375,
    927.8057861328125
  ],
  "class": 3,
  "confidence": 0.5341649651527405,
  "uncertainty": 0.48781641584911517
}