{
  "image": "data\\raw\\images\\train\\F_2_2_380.jpg",
  "box": [
    0.5300216674804688,
    511.6519775390625,
    159.26016235351562,
    721.9689331054688
  ],
  "class": 7,
  "confidence": 0.7972326874732971,
  "uncertainty": 0.24048324190117415
}