{
  "image": "data\\raw\\images\\train\\F_2_1_462.jpg",
  "box": [
    1065.95166015625,
    440.59722900390625,
    1131.53515625,
    509.80450439453125
  ],
  "class": 2,
  "confidence": 0.7499335408210754,
  "uncertainty": 0.19399686767059895
}