{
  "image": "data\\raw\\images\\train\\F_2_2_795.jpg",
  "box": [
    66.82974243164062,
    527.0670166015625,
    880.1939697265625,
    1066.3074951171875
  ],
  "class": 2,
  "confidence": 0.9481240510940552,
  "uncertainty": 0.0968600228607962
}