{
  "image": "data\\raw\\images\\train\\F_2_1_843.jpg",
  "box": [
    855.0056762695312,
    426.2259521484375,
    930.5440063476562,
    508.1334228515625
  ],
  "class": 2,
  "confidence": 0.6259136199951172,
  "uncertainty": 0.2511379827099046
}