{
  "image": "data\\raw\\images\\train\\F_2_1_880.jpg",
  "box": [
    817.825439453125,
    496.2737731933594,
    839.9228515625,
    525.3179931640625
  ],
  "class": 3,
  "confidence": 0.3393512964248657,
  "uncertainty": 0.4499261077105523
}