{
  "image": "data\\raw\\images\\train\\F_2_1_443.jpg",
  "box": [
    37.72491455078125,
    490.30328369140625,
    186.08218383789062,
    589.9431762695312
  ],
  "class": 7,
  "confidence": 0.39962467551231384,
  "uncertainty": 0.4233652662673377
}