{
  "image": "data\\raw\\images\\train\\F_2_2_840.jpg",
  "box": [
    1266.899169921875,
    459.6463623046875,
    1918.489990234375,
    1067.29638671875
  ],
  "class": 2,
  "confidence": 0.9472551345825195,
  "uncertainty": 0.13149664000173764
}