{
  "image": "data\\raw\\images\\train\\F_2_1_951.jpg",
  "box": [
    1644.509033203125,
    467.5207214355469,
    1813.08837890625,
    603.48974609375
  ],
  "class": 2,
  "confidence": 0.7967851758003235,
  "uncertainty": 0.17781147317778842
}