{
  "image": "data\\raw\\images\\train\\F_2_9_1812.jpg",
  "box": [
    1449.2969970703125,
    553.7561645507812,
    1522.538330078125,
    748.7373046875
  ],
  "class": 3,
  "confidence": 0.38328978419303894,
  "uncertainty": 0.4902327433957668
}