{
  "image": "data\\raw\\images\\train\\F_2_10_122.jpg",
  "box": [
    643.2510986328125,
    545.2092895507812,
    720.1053466796875,
    660.0064697265625
  ],
  "class": 3,
  "confidence": 0.7408666610717773,
  "uncertainty": 0.29473164168607663
}