{
  "image": "data\\raw\\images\\train\\F_2_1_682.jpg",
  "box": [
    1719.123779296875,
    485.764892578125,
    1746.4010009765625,
    535.2542724609375
  ],
  "class": 3,
  "confidence": 0.4954768717288971,
  "uncertainty": 0.3897050971081743
}