{
  "image": "data\\raw\\images\\train\\F_2_1_766.jpg",
  "box": [
    1339.37353515625,
    465.76385498046875,
    1391.1119384765625,
    523.5098266601562
  ],
  "class": 2,
  "confidence": 0.6464495658874512,
  "uncertainty": 0.2359986198217109
}