{
  "image": "data\\raw\\images\\train\\F_2_1_415.jpg",
  "box": [
    963.9891357421875,
    414.4170227050781,
    1026.6112060546875,
    499.2704772949219
  ],
  "class": 7,
  "confidence": 0.7935740947723389,
  "uncertainty": 0.24796696798120482
}