{
  "image": "data\\raw\\images\\train\\F_2_7_58.jpg",
  "box": [
    0.5380725860595703,
    640.97998046875,
    58.782257080078125,
    971.2449951171875
  ],
  "class": 2,
  "confidence": 0.7641842365264893,
  "uncertainty": 0.25421227946741015
}