{
  "image": "data\\raw\\images\\train\\F_2_7_759.jpg",
  "box": [
    51.319610595703125,
    636.0320434570312,
    387.900146484375,
    1072.5765380859375
  ],
  "class": 3,
  "confidence": 0.42462682723999023,
  "uncertainty": 0.43972265702658114
}