{
  "image": "data\\raw\\images\\train\\F_2_9_139.jpg",
  "box": [
    0.741485595703125,
    395.47943115234375,
    665.3636474609375,
    907.4835205078125
  ],
  "class": 7,
  "confidence": 0.6793322563171387,
  "uncertainty": 0.3517545577295657
}