{
  "image": "data\\raw\\images\\train\\F_2_1_313.jpg",
  "box": [
    1030.8680419921875,
    445.7333679199219,
    1070.8743896484375,
    507.2480163574219
  ],
  "class": 7,
  "confidence": 0.3180992305278778,
  "uncertainty": 0.42746319051718035
}