{
  "image": "data\\raw\\images\\train\\F_2_9_3026.jpg",
  "box": [
    434.006103515625,
    222.13385009765625,
    803.511962890625,
    670.7738037109375
  ],
  "class": 7,
  "confidence": 0.8355092406272888,
  "uncertainty": 0.2585804822103974
}