{
  "image": "data\\raw\\images\\train\\F_2_8_1748.jpg",
  "box": [
    1177.613037109375,
    324.58197021484375,
    1203.01953125,
    363.2694091796875
  ],
  "class": 3,
  "confidence": 0.41889864206314087,
  "uncertainty": 0.4165127992015473
}