{
  "image": "data\\raw\\images\\train\\F_2_2_1041.jpg",
  "box": [
    894.6575317382812,
    476.0083923339844,
    1238.06689453125,
    812.175048828125
  ],
  "class": 2,
  "confidence": 0.9199817776679993,
  "uncertainty": 0.13550453038818874
}