{
  "image": "data\\raw\\images\\train\\F_2_6_1732.jpg",
  "box": [
    1441.625,
    426.8236999511719,
    1536.30224609375,
    507.9774169921875
  ],
  "class": 2,
  "confidence": 0.2917416989803314,
  "uncertainty": 0.4233695865416431
}