{
  "image": "data\\raw\\images\\train\\F_2_9_2569.jpg",
  "box": [
    1138.0006103515625,
    422.5403137207031,
    1384.430908203125,
    606.9805908203125
  ],
  "class": 5,
  "confidence": 0.8677504062652588,
  "uncertainty": 0.20294668790882459
}