{
  "image": "data\\raw\\images\\train\\F_2_2_1433.jpg",
  "box": [
    1650.0955810546875,
    425.58197021484375,
    1831.41796875,
    654.573486328125
  ],
  "class": 2,
  "confidence": 0.5259842276573181,
  "uncertainty": 0.3155530507298388
}