{
  "image": "data\\raw\\images\\train\\F_2_1_443.jpg",
  "box": [
    1720.51904296875,
    459.989501953125,
    1838.2060546875,
    576.712646484375
  ],
  "class": 7,
  "confidence": 0.4716968536376953,
  "uncertainty": 0.39021485141372464
}