{
  "image": "data\\raw\\images\\train\\F_2_6_107.jpg",
  "box": [
    1177.8359375,
    412.55364990234375,
    1273.684814453125,
    509.7198486328125
  ],
  "class": 2,
  "confidence": 0.43731045722961426,
  "uncertainty": 0.3331367190361907
}