{
  "image": "data\\raw\\images\\train\\F_2_2_1288.jpg",
  "box": [
    1015.300048828125,
    451.9111633300781,
    1369.363525390625,
    818.338134765625
  ],
  "class": 2,
  "confidence": 0.8947385549545288,
  "uncertainty": 0.21489067968067266
}