{
  "image": "data\\raw\\images\\train\\F_2_2_800.jpg",
  "box": [
    423.2412414550781,
    397.94927978515625,
    647.4988403320312,
    477.8890380859375
  ],
  "class": 7,
  "confidence": 0.341321736574173,
  "uncertainty": 0.4558485227941221
}