{
  "image": "data\\raw\\images\\train\\F_2_4_127.jpg",
  "box": [
    87.13784790039062,
    583.1160278320312,
    171.5703125,
    695.466064453125
  ],
  "class": 3,
  "confidence": 0.7418031692504883,
  "uncertainty": 0.3043561939547699
}