{
  "image": "data\\raw\\images\\train\\F_2_7_779.jpg",
  "box": [
    435.8024597167969,
    491.0609436035156,
    628.583740234375,
    689.4752197265625
  ],
  "class": 3,
  "confidence": 0.8521851301193237,
  "uncertainty": 0.32086430773164387
}