{
  "image": "data\\raw\\images\\train\\F_2_7_1733.jpg",
  "box": [
    120.02581787109375,
    394.3999328613281,
    531.787353515625,
    711.0340576171875
  ],
  "class": 2,
  "confidence": 0.9117805361747742,
  "uncertainty": 0.15027443147997432
}