{
  "image": "data\\raw\\images\\train\\F_2_10_119.jpg",
  "box": [
    595.874755859375,
    537.304931640625,
    660.3087158203125,
    629.248046875
  ],
  "class": 3,
  "confidence": 0.7051417827606201,
  "uncertainty": 0.3138404354656689
}