{
  "image": "data\\raw\\images\\train\\F_2_11_690.jpg",
  "box": [
    1414.0579833984375,
    508.9496154785156,
    1449.7796630859375,
    571.4573974609375
  ],
  "class": 3,
  "confidence": 0.5091740489006042,
  "uncertainty": 0.382031006111543
}