{
  "image": "data\\raw\\images\\train\\F_2_1_484.jpg",
  "box": [
    459.7298583984375,
    445.4026794433594,
    640.76611328125,
    655.769287109375
  ],
  "class": 7,
  "confidence": 0.44833922386169434,
  "uncertainty": 0.3827514101977817
}