{
  "image": "data\\raw\\images\\train\\F_2_3_167.jpg",
  "box": [
    625.7015991210938,
    461.62646484375,
    808.1795654296875,
    567.873046875
  ],
  "class": 2,
  "confidence": 0.8014441132545471,
  "uncertainty": 0.2548657586459992
}