{
  "image": "data\\raw\\images\\train\\F_2_2_1073.jpg",
  "box": [
    992.3384399414062,
    419.471923828125,
    1061.722412109375,
    491.6202392578125
  ],
  "class": 7,
  "confidence": 0.34977149963378906,
  "uncertainty": 0.466416017882218
}