{
  "image": "data\\raw\\images\\train\\F_2_9_3009.jpg",
  "box": [
    1606.3502197265625,
    286.9278869628906,
    1882.2667236328125,
    599.7191162109375
  ],
  "class": 7,
  "confidence": 0.795991837978363,
  "uncertainty": 0.25917705765541915
}