{
  "image": "data\\raw\\images\\train\\F_2_4_921.jpg",
  "box": [
    953.249267578125,
    594.5238647460938,
    1076.5286865234375,
    835.2757568359375
  ],
  "class": 3,
  "confidence": 0.7426742315292358,
  "uncertainty": 0.3254406634770586
}