{
  "image": "data\\raw\\images\\train\\F_2_1_715.jpg",
  "box": [
    1720.00634765625,
    509.550048828125,
    1759.2337646484375,
    573.7374267578125
  ],
  "class": 3,
  "confidence": 0.5465506911277771,
  "uncertainty": 0.3814009100344949
}