{
  "image": "data\\raw\\images\\train\\F_2_3_502.jpg",
  "box": [
    812.4576416015625,
    546.4119873046875,
    898.9105224609375,
    666.8399047851562
  ],
  "class": 3,
  "confidence": 0.39209678769111633,
  "uncertainty": 0.4772654604192768
}