{
  "image": "data\\raw\\images\\train\\F_2_7_2343.jpg",
  "box": [
    707.6239013671875,
    413.6854248046875,
    1541.909423828125,
    1068.9422607421875
  ],
  "class": 2,
  "confidence": 0.9133014678955078,
  "uncertainty": 0.11370481279406419
}