{
  "image": "data\\raw\\images\\train\\F_2_7_501.jpg",
  "box": [
    859.7532348632812,
    514.7847900390625,
    926.5369262695312,
    622.907958984375
  ],
  "class": 3,
  "confidence": 0.4289555251598358,
  "uncertainty": 0.42862633270823597
}