{
  "image": "data\\raw\\images\\train\\F_2_6_554.jpg",
  "box": [
    851.5695190429688,
    478.34454345703125,
    897.7670288085938,
    536.452880859375
  ],
  "class": 2,
  "confidence": 0.2818435728549957,
  "uncertainty": 0.40475267830603506
}