{
  "image": "data\\raw\\images\\train\\F_2_2_978.jpg",
  "box": [
    355.40484619140625,
    527.461669921875,
    426.09185791015625,
    626.1685180664062
  ],
  "class": 3,
  "confidence": 0.717437744140625,
  "uncertainty": 0.3091616315281813
}