{
  "image": "data\\raw\\images\\train\\F_2_2_485.jpg",
  "box": [
    460.71002197265625,
    377.4493408203125,
    639.7393798828125,
    480.38427734375
  ],
  "class": 5,
  "confidence": 0.4093717932701111,
  "uncertainty": 0.42069096998910743
}