{
  "image": "data\\raw\\images\\train\\F_2_7_727.jpg",
  "box": [
    1.248687744140625,
    443.4385070800781,
    599.34765625,
    1053.1239013671875
  ],
  "class": 2,
  "confidence": 0.9318631887435913,
  "uncertainty": 0.12060007195034889
}