{
  "image": "data\\raw\\images\\train\\F_2_1_829.jpg",
  "box": [
    834.2808837890625,
    475.35821533203125,
    888.6859130859375,
    521.720458984375
  ],
  "class": 2,
  "confidence": 0.6884019374847412,
  "uncertainty": 0.20101277528734654
}