{
  "image": "data\\raw\\images\\train\\F_2_2_1554.jpg",
  "box": [
    847.2804565429688,
    456.96466064453125,
    1919.812255859375,
    1069.4176025390625
  ],
  "class": 2,
  "confidence": 0.9220765233039856,
  "uncertainty": 0.11873744951011936
}