{
  "image": "data\\raw\\images\\train\\F_2_8_1561.jpg",
  "box": [
    0.680419921875,
    343.2463073730469,
    1418.126708984375,
    1066.3800048828125
  ],
  "class": 2,
  "confidence": 0.9507467746734619,
  "uncertainty": 0.05780938412129269
}