{
  "image": "data\\raw\\images\\train\\F_2_9_3002.jpg",
  "box": [
    1089.17822265625,
    468.03656005859375,
    1156.19287109375,
    526.9207153320312
  ],
  "class": 2,
  "confidence": 0.6940501928329468,
  "uncertainty": 0.217864959849046
}