{
  "image": "data\\raw\\images\\train\\F_2_1_411.jpg",
  "box": [
    1267.5224609375,
    463.17218017578125,
    1321.908203125,
    519.098388671875
  ],
  "class": 2,
  "confidence": 0.47519952058792114,
  "uncertainty": 0.28082533047487224
}