{
  "image": "data\\raw\\images\\train\\F_2_2_1049.jpg",
  "box": [
    574.9290771484375,
    580.8087158203125,
    714.419189453125,
    843.5949096679688
  ],
  "class": 3,
  "confidence": 0.6756277084350586,
  "uncertainty": 0.3774520620557762
}