{
  "image": "data\\raw\\images\\train\\F_2_2_12.jpg",
  "box": [
    1498.810546875,
    388.9734191894531,
    1919.1943359375,
    758.083251953125
  ],
  "class": 7,
  "confidence": 0.5374380350112915,
  "uncertainty": 0.38539999021818244
}