{
  "image": "data\\raw\\images\\train\\F_2_1_950.jpg",
  "box": [
    1404.880126953125,
    464.96319580078125,
    1469.712646484375,
    538.9323120117188
  ],
  "class": 7,
  "confidence": 0.3540489077568054,
  "uncertainty": 0.44634928173863203
}