{
  "image": "data\\raw\\images\\train\\F_2_1_958.jpg",
  "box": [
    555.7805786132812,
    492.04693603515625,
    640.8863525390625,
    627.2769775390625
  ],
  "class": 3,
  "confidence": 0.6781225800514221,
  "uncertainty": 0.3386121979069589
}