{
  "image": "data\\raw\\images\\train\\F_2_5_281.jpg",
  "box": [
    7.929553985595703,
    466.3265075683594,
    139.06222534179688,
    599.0318603515625
  ],
  "class": 2,
  "confidence": 0.46828028559684753,
  "uncertainty": 0.3684205625153119
}