{
  "image": "data\\raw\\images\\train\\F_2_8_822.jpg",
  "box": [
    1331.75439453125,
    182.34420776367188,
    1800.0662841796875,
    625.1083374023438
  ],
  "class": 5,
  "confidence": 0.9410811066627502,
  "uncertainty": 0.17383052782022168
}