{
  "image": "data\\raw\\images\\train\\F_2_1_569.jpg",
  "box": [
    274.7257385253906,
    515.7454833984375,
    517.5481567382812,
    796.4559326171875
  ],
  "class": 3,
  "confidence": 0.39683079719543457,
  "uncertainty": 0.4968559831770089
}