{
  "image": "data\\raw\\images\\train\\F_2_2_767.jpg",
  "box": [
    452.6736145019531,
    415.79522705078125,
    600.2763671875,
    490.6689453125
  ],
  "class": 2,
  "confidence": 0.6106314659118652,
  "uncertainty": 0.31613561974421395
}