{
  "image": "data\\raw\\images\\train\\F_2_7_1668.jpg",
  "box": [
    1138.277587890625,
    409.2227783203125,
    1276.678955078125,
    529.5060424804688
  ],
  "class": 2,
  "confidence": 0.7184244394302368,
  "uncertainty": 0.26110857609786237
}