{
  "image": "data\\raw\\images\\train\\F_2_7_58.jpg",
  "box": [
    536.4933471679688,
    436.9560241699219,
    807.9424438476562,
    746.0386962890625
  ],
  "class": 2,
  "confidence": 0.3542124927043915,
  "uncertainty": 0.4411836047595898
}