{
  "image": "data\\raw\\images\\train\\F_2_1_44.jpg",
  "box": [
    303.7096252441406,
    532.6257934570312,
    333.0389099121094,
    557.7683715820312
  ],
  "class": 2,
  "confidence": 0.4164542853832245,
  "uncertainty": 0.29543859343798284
}