{
  "image": "data\\raw\\images\\train\\F_2_9_2971.jpg",
  "box": [
    584.7620849609375,
    499.9626159667969,
    644.0205688476562,
    573.6337890625
  ],
  "class": 3,
  "confidence": 0.6628947257995605,
  "uncertainty": 0.3337702776785163
}