{
  "image": "data\\raw\\images\\train\\F_2_1_318.jpg",
  "box": [
    1331.3221435546875,
    422.31793212890625,
    1369.078125,
    484.73052978515625
  ],
  "class": 3,
  "confidence": 0.48902854323387146,
  "uncertainty": 0.39842745921106576
}