{
  "image": "data\\raw\\images\\train\\F_2_2_1550.jpg",
  "box": [
    1653.6075439453125,
    407.6699523925781,
    1919.7330322265625,
    730.525146484375
  ],
  "class": 2,
  "confidence": 0.7528463006019592,
  "uncertainty": 0.24960405158234755
}