{
  "image": "data\\raw\\images\\train\\F_2_9_2527.jpg",
  "box": [
    1207.1597900390625,
    397.3358459472656,
    1405.8079833984375,
    498.1808166503906
  ],
  "class": 5,
  "confidence": 0.504670262336731,
  "uncertainty": 0.3806303904450998
}