{
  "image": "data\\raw\\images\\train\\F_2_9_536.jpg",
  "box": [
    1241.05712890625,
    493.3135070800781,
    1362.068359375,
    639.338134765625
  ],
  "class": 2,
  "confidence": 0.5669068694114685,
  "uncertainty": 0.29829955156522847
}