{
  "image": "data\\raw\\images\\train\\F_2_6_523.jpg",
  "box": [
    1734.908203125,
    579.0203857421875,
    1918.76513671875,
    859.40234375
  ],
  "class": 3,
  "confidence": 0.8153696656227112,
  "uncertainty": 0.3270772093890069
}