{
  "image": "data\\raw\\images\\train\\F_2_1_734.jpg",
  "box": [
    953.7320556640625,
    379.6754150390625,
    993.212890625,
    468.12322998046875
  ],
  "class": 5,
  "confidence": 0.26047009229660034,
  "uncertainty": 0.445068944890037
}