{
  "image": "data\\raw\\images\\train\\F_2_9_2569.jpg",
  "box": [
    1098.0020751953125,
    512.8309936523438,
    1138.09033203125,
    570.0353393554688
  ],
  "class": 2,
  "confidence": 0.6892561912536621,
  "uncertainty": 0.21637351758320822
}