{
  "image": "data\\raw\\images\\train\\F_2_2_401.jpg",
  "box": [
    1529.481689453125,
    381.8887023925781,
    1625.9783935546875,
    547.8341064453125
  ],
  "class": 7,
  "confidence": 0.4968428909778595,
  "uncertainty": 0.3709755865079372
}