{
  "image": "data\\raw\\images\\train\\F_2_1_318.jpg",
  "box": [
    341.5437927246094,
    393.8572082519531,
    1014.0347900390625,
    930.9925537109375
  ],
  "class": 2,
  "confidence": 0.9096551537513733,
  "uncertainty": 0.13793742866206643
}