{
  "image": "data\\raw\\images\\train\\F_2_7_2310.jpg",
  "box": [
    293.4888610839844,
    352.29345703125,
    1472.8489990234375,
    1063.3018798828125
  ],
  "class": 2,
  "confidence": 0.9119607210159302,
  "uncertainty": 0.11814073879230036
}