{
  "image": "data\\raw\\images\\train\\F_2_6_1505.jpg",
  "box": [
    1146.92333984375,
    303.1762390136719,
    1919.1748046875,
    1064.500732421875
  ],
  "class": 2,
  "confidence": 0.4386809170246124,
  "uncertainty": 0.31256356965433835
}