{
  "image": "data\\raw\\images\\train\\F_2_1_450.jpg",
  "box": [
    1376.94921875,
    467.6763916015625,
    1491.0816650390625,
    571.0902709960938
  ],
  "class": 2,
  "confidence": 0.7986305356025696,
  "uncertainty": 0.16633784369250681
}