{
  "image": "data\\raw\\images\\train\\F_2_2_979.jpg",
  "box": [
    894.4055786132812,
    374.20794677734375,
    1014.6448974609375,
    482.72930908203125
  ],
  "class": 2,
  "confidence": 0.8175250887870789,
  "uncertainty": 0.15867260079063136
}