{
  "image": "data\\raw\\images\\train\\F_2_7_92.jpg",
  "box": [
    856.059326171875,
    328.40576171875,
    1007.3603515625,
    435.1174621582031
  ],
  "class": 5,
  "confidence": 0.4383719265460968,
  "uncertainty": 0.39989486729630874
}