{
  "image": "data\\raw\\images\\train\\F_2_9_339.jpg",
  "box": [
    1586.718017578125,
    474.6574401855469,
    1857.1453857421875,
    678.3148193359375
  ],
  "class": 2,
  "confidence": 0.9090757369995117,
  "uncertainty": 0.13619102562159816
}