{
  "image": "data\\raw\\images\\train\\F_2_1_517.jpg",
  "box": [
    722.431884765625,
    501.7646484375,
    830.06494140625,
    607.0988159179688
  ],
  "class": 3,
  "confidence": 0.8161675333976746,
  "uncertainty": 0.3400243562701282
}