{
  "image": "data\\raw\\images\\train\\F_2_9_1213.jpg",
  "box": [
    0.1449737548828125,
    489.3999938964844,
    40.69505310058594,
    566.9442138671875
  ],
  "class": 2,
  "confidence": 0.3278675079345703,
  "uncertainty": 0.40991670508434286
}