{
  "image": "data\\raw\\images\\train\\F_2_2_1550.jpg",
  "box": [
    773.6575927734375,
    448.0895690917969,
    1752.466796875,
    1068.9951171875
  ],
  "class": 2,
  "confidence": 0.9352062344551086,
  "uncertainty": 0.11000101385019617
}