{
  "image": "data\\raw\\images\\train\\F_2_11_467.jpg",
  "box": [
    699.0032958984375,
    512.8289794921875,
    738.3310546875,
    574.5327758789062
  ],
  "class": 3,
  "confidence": 0.3795458972454071,
  "uncertainty": 0.4269761035027841
}