{
  "image": "data\\raw\\images\\train\\F_2_2_1146.jpg",
  "box": [
    1207.25537109375,
    507.5880432128906,
    1325.5927734375,
    631.4046630859375
  ],
  "class": 2,
  "confidence": 0.7935901284217834,
  "uncertainty": 0.2118478598274166
}