{
  "image": "data\\raw\\images\\train\\F_2_8_720.jpg",
  "box": [
    256.35784912109375,
    521.7808227539062,
    390.73419189453125,
    749.1029663085938
  ],
  "class": 7,
  "confidence": 0.6501866579055786,
  "uncertainty": 0.35419962962179313
}