{
  "image": "data\\raw\\images\\train\\F_2_1_564.jpg",
  "box": [
    752.276123046875,
    533.689697265625,
    789.7725219726562,
    580.3848266601562
  ],
  "class": 3,
  "confidence": 0.511401355266571,
  "uncertainty": 0.39791804931702796
}