{
  "image": "data\\raw\\images\\train\\F_2_8_983.jpg",
  "box": [
    1716.897705078125,
    471.7810363769531,
    1805.926513671875,
    611.43212890625
  ],
  "class": 3,
  "confidence": 0.7391010522842407,
  "uncertainty": 0.32353161873262826
}