{
  "image": "data\\raw\\images\\train\\F_2_9_341.jpg",
  "box": [
    1204.984619140625,
    446.6831359863281,
    1289.29052734375,
    552.034912109375
  ],
  "class": 7,
  "confidence": 0.28181135654449463,
  "uncertainty": 0.4794613674804872
}