{
  "image": "data\\raw\\images\\train\\F_2_9_2352.jpg",
  "box": [
    1377.49951171875,
    454.2671813964844,
    1516.60400390625,
    567.0089111328125
  ],
  "class": 7,
  "confidence": 0.46687430143356323,
  "uncertainty": 0.41040186047128746
}