{
  "image": "data\\raw\\images\\train\\F_2_9_341.jpg",
  "box": [
    1176.0047607421875,
    440.82391357421875,
    1243.109619140625,
    520.214599609375
  ],
  "class": 2,
  "confidence": 0.2543736398220062,
  "uncertainty": 0.46890300968235066
}