{
  "image": "data\\raw\\images\\train\\F_2_1_764.jpg",
  "box": [
    367.44403076171875,
    502.5164794921875,
    408.8145446777344,
    579.7332763671875
  ],
  "class": 3,
  "confidence": 0.4579343795776367,
  "uncertainty": 0.39605406195783033
}