{
  "image": "data\\raw\\images\\train\\F_2_8_1019.jpg",
  "box": [
    1580.113037109375,
    480.66217041015625,
    1762.50732421875,
    668.2464599609375
  ],
  "class": 2,
  "confidence": 0.8799877166748047,
  "uncertainty": 0.17428434465607498
}