{
  "image": "data\\raw\\images\\train\\F_2_1_741.jpg",
  "box": [
    148.25332641601562,
    512.42236328125,
    216.2918243408203,
    604.21630859375
  ],
  "class": 3,
  "confidence": 0.5287995934486389,
  "uncertainty": 0.45721295436521453
}