{
  "image": "data\\raw\\images\\train\\F_2_8_1770.jpg",
  "box": [
    1829.6904296875,
    340.1598815917969,
    1919.2421875,
    530.343505859375
  ],
  "class": 2,
  "confidence": 0.7878792881965637,
  "uncertainty": 0.20742629195545753
}