{
  "image": "data\\raw\\images\\train\\F_2_9_134.jpg",
  "box": [
    2.48126220703125,
    320.5714416503906,
    1127.581298828125,
    1066.478271484375
  ],
  "class": 2,
  "confidence": 0.9430345296859741,
  "uncertainty": 0.10566596251818872
}