{
  "image": "data\\raw\\images\\train\\F_2_1_762.jpg",
  "box": [
    1022.247802734375,
    506.251708984375,
    1057.09130859375,
    546.793701171875
  ],
  "class": 2,
  "confidence": 0.3652147650718689,
  "uncertainty": 0.37705656615626587
}