{
  "image": "data\\raw\\images\\train\\F_2_1_675.jpg",
  "box": [
    1489.957763671875,
    488.64276123046875,
    1565.006591796875,
    552.6143188476562
  ],
  "class": 2,
  "confidence": 0.7990366816520691,
  "uncertainty": 0.17248588553227506
}