{
  "image": "data\\raw\\images\\train\\F_2_9_2348.jpg",
  "box": [
    1202.83447265625,
    514.0892944335938,
    1295.4832763671875,
    568.3372802734375
  ],
  "class": 2,
  "confidence": 0.2734830379486084,
  "uncertainty": 0.3805891721308833
}