{
  "image": "data\\raw\\images\\train\\F_2_3_383.jpg",
  "box": [
    682.9132690429688,
    442.1368103027344,
    841.70556640625,
    675.8175048828125
  ],
  "class": 2,
  "confidence": 0.8165203332901001,
  "uncertainty": 0.19048403922635454
}