{
  "image": "data\\raw\\images\\train\\F_2_4_858.jpg",
  "box": [
    1646.3704833984375,
    485.5968017578125,
    1877.830078125,
    622.5150146484375
  ],
  "class": 2,
  "confidence": 0.5118645429611206,
  "uncertainty": 0.30068342958213756
}