{
  "image": "data\\raw\\images\\train\\F_2_8_930.jpg",
  "box": [
    598.460205078125,
    520.02880859375,
    670.5064697265625,
    653.6690673828125
  ],
  "class": 3,
  "confidence": 0.5275287628173828,
  "uncertainty": 0.40297987346532455
}