{
  "image": "data\\raw\\images\\train\\F_2_8_911.jpg",
  "box": [
    85.757080078125,
    450.0000915527344,
    209.87088012695312,
    546.2540283203125
  ],
  "class": 3,
  "confidence": 0.49970173835754395,
  "uncertainty": 0.38907977063841936
}