{
  "image": "data\\raw\\images\\train\\F_2_1_624.jpg",
  "box": [
    820.6177368164062,
    475.9486999511719,
    840.517822265625,
    514.9539184570312
  ],
  "class": 3,
  "confidence": 0.257515549659729,
  "uncertainty": 0.4678302895783823
}