{
  "image": "data\\raw\\images\\train\\F_2_3_635.jpg",
  "box": [
    15.064590454101562,
    463.9834899902344,
    490.16241455078125,
    801.0411987304688
  ],
  "class": 2,
  "confidence": 0.9049828052520752,
  "uncertainty": 0.13472273284293396
}