{
  "image": "data\\raw\\images\\train\\F_2_7_2018.jpg",
  "box": [
    176.9561004638672,
    408.63116455078125,
    695.7263793945312,
    901.3804931640625
  ],
  "class": 2,
  "confidence": 0.9153150320053101,
  "uncertainty": 0.1349510600045931
}