{
  "image": "data\\raw\\images\\train\\F_2_4_950.jpg",
  "box": [
    1422.04833984375,
    457.643310546875,
    1486.51171875,
    481.16278076171875
  ],
  "class": 2,
  "confidence": 0.5173851251602173,
  "uncertainty": 0.297473043272527
}