{
  "image": "data\\raw\\images\\train\\F_2_5_6.jpg",
  "box": [
    1400.003662109375,
    523.041259765625,
    1438.315185546875,
    570.865966796875
  ],
  "class": 3,
  "confidence": 0.4462946057319641,
  "uncertainty": 0.4094325030223808
}