{
  "image": "data\\raw\\images\\train\\F_2_2_1212.jpg",
  "box": [
    612.7806396484375,
    414.4587707519531,
    676.3329467773438,
    442.51446533203125
  ],
  "class": 2,
  "confidence": 0.3378189504146576,
  "uncertainty": 0.37806340619561785
}