{
  "image": "data\\raw\\images\\train\\F_2_7_358.jpg",
  "box": [
    231.56472778320312,
    583.47265625,
    330.250244140625,
    684.5833129882812
  ],
  "class": 3,
  "confidence": 0.6486958861351013,
  "uncertainty": 0.35856929962845724
}