{
  "image": "data\\raw\\images\\train\\F_2_9_3009.jpg",
  "box": [
    1092.22412109375,
    417.6756591796875,
    1158.945068359375,
    596.5724487304688
  ],
  "class": 2,
  "confidence": 0.2718491554260254,
  "uncertainty": 0.4161791807597854
}