{
  "image": "data\\raw\\images\\train\\F_2_8_886.jpg",
  "box": [
    1122.589111328125,
    529.5587158203125,
    1174.898681640625,
    610.19189453125
  ],
  "class": 3,
  "confidence": 0.6166073679924011,
  "uncertainty": 0.3691913380635281
}