{
  "image": "data\\raw\\images\\train\\F_2_1_164.jpg",
  "box": [
    460.6205749511719,
    520.0135498046875,
    534.55322265625,
    630.6157836914062
  ],
  "class": 3,
  "confidence": 0.7717987895011902,
  "uncertainty": 0.29432970489900656
}