{
  "image": "data\\raw\\images\\train\\F_2_2_1221.jpg",
  "box": [
    0.4443168640136719,
    592.10205078125,
    152.96243286132812,
    1060.525390625
  ],
  "class": 2,
  "confidence": 0.8823140859603882,
  "uncertainty": 0.1597799429798667
}