{
  "image": "data\\raw\\images\\train\\F_2_9_343.jpg",
  "box": [
    1611.908203125,
    433.1630859375,
    1695.79541015625,
    513.139892578125
  ],
  "class": 7,
  "confidence": 0.39165428280830383,
  "uncertainty": 0.429533979377979
}