{
  "image": "data\\raw\\images\\train\\F_2_7_453.jpg",
  "box": [
    1065.280517578125,
    390.49969482421875,
    1662.9810791015625,
    1031.87353515625
  ],
  "class": 2,
  "confidence": 0.8986514210700989,
  "uncertainty": 0.23177763196447493
}