{
  "image": "data\\raw\\images\\train\\F_2_1_170.jpg",
  "box": [
    761.1101684570312,
    523.9259033203125,
    798.9986572265625,
    600.5760498046875
  ],
  "class": 3,
  "confidence": 0.39626094698905945,
  "uncertainty": 0.45969117374031143
}