{
  "image": "data\\raw\\images\\train\\F_2_2_311.jpg",
  "box": [
    0.290130615234375,
    515.7924194335938,
    70.28518676757812,
    1069.19384765625
  ],
  "class": 2,
  "confidence": 0.5368083119392395,
  "uncertainty": 0.3614306064795266
}