{
  "image": "data\\raw\\images\\train\\F_2_1_624.jpg",
  "box": [
    1001.5693359375,
    450.2457275390625,
    1062.09375,
    543.7210693359375
  ],
  "class": 5,
  "confidence": 0.2604440152645111,
  "uncertainty": 0.4535383242023048
}