{
  "image": "data\\raw\\images\\train\\F_2_8_1731.jpg",
  "box": [
    1123.4036865234375,
    588.6567993164062,
    1172.82958984375,
    631.9317626953125
  ],
  "class": 2,
  "confidence": 0.3698534667491913,
  "uncertainty": 0.35385152936654624
}