{
  "image": "data\\raw\\images\\train\\F_2_5_4.jpg",
  "box": [
    1261.541259765625,
    530.9071044921875,
    1343.10986328125,
    597.9945068359375
  ],
  "class": 2,
  "confidence": 0.765231728553772,
  "uncertainty": 0.17414233356337652
}