{
  "image": "data\\raw\\images\\train\\F_2_9_2320.jpg",
  "box": [
    1610.83984375,
    443.94342041015625,
    1687.09521484375,
    575.7555541992188
  ],
  "class": 7,
  "confidence": 0.34371787309646606,
  "uncertainty": 0.4487399327797455
}