{
  "image": "data\\raw\\images\\train\\F_2_3_224.jpg",
  "box": [
    1159.93603515625,
    449.16412353515625,
    1252.11572265625,
    547.26708984375
  ],
  "class": 2,
  "confidence": 0.6471066474914551,
  "uncertainty": 0.28362988289034874
}