{
  "image": "data\\raw\\images\\train\\F_2_2_1461.jpg",
  "box": [
    645.65869140625,
    367.24859619140625,
    1333.8994140625,
    1065.52099609375
  ],
  "class": 7,
  "confidence": 0.49269700050354004,
  "uncertainty": 0.365030226206111
}