{
  "image": "data\\raw\\images\\train\\F_2_7_1726.jpg",
  "box": [
    1351.7406005859375,
    428.4501953125,
    1481.78125,
    486.5689697265625
  ],
  "class": 2,
  "confidence": 0.6945608854293823,
  "uncertainty": 0.21291979504526554
}