{
  "image": "data\\raw\\images\\train\\F_2_7_1786.jpg",
  "box": [
    955.2476806640625,
    339.49725341796875,
    1129.5618896484375,
    404.5622863769531
  ],
  "class": 2,
  "confidence": 0.8008365035057068,
  "uncertainty": 0.18300319019163563
}