{
  "image": "data\\raw\\images\\train\\F_2_9_2527.jpg",
  "box": [
    1409.3475341796875,
    443.69952392578125,
    1439.5218505859375,
    471.6299743652344
  ],
  "class": 2,
  "confidence": 0.36559468507766724,
  "uncertainty": 0.3651878513997517
}