{
  "image": "data\\raw\\images\\train\\F_2_7_1652.jpg",
  "box": [
    1885.8193359375,
    532.3857421875,
    1919.21923828125,
    673.842041015625
  ],
  "class": 2,
  "confidence": 0.25784626603126526,
  "uncertainty": 0.4227859201083353
}