{
  "image": "data\\raw\\images\\train\\F_2_7_1985.jpg",
  "box": [
    279.71160888671875,
    439.8278503417969,
    654.2921142578125,
    787.2166748046875
  ],
  "class": 2,
  "confidence": 0.8935574293136597,
  "uncertainty": 0.14649712082134422
}