{
  "image": "data\\raw\\images\\train\\F_2_9_433.jpg",
  "box": [
    1091.268310546875,
    545.500732421875,
    1119.75048828125,
    601.1851806640625
  ],
  "class": 2,
  "confidence": 0.2703022360801697,
  "uncertainty": 0.3695203442173328
}