{
  "image": "data\\raw\\images\\train\\F_2_2_1217.jpg",
  "box": [
    355.2578125,
    439.83453369140625,
    475.4049072265625,
    608.7879638671875
  ],
  "class": 2,
  "confidence": 0.7786020040512085,
  "uncertainty": 0.24511230136810347
}