{
  "image": "data\\raw\\images\\train\\F_2_7_152.jpg",
  "box": [
    527.2071533203125,
    503.73211669921875,
    1917.7862548828125,
    1065.211181640625
  ],
  "class": 2,
  "confidence": 0.9525066614151001,
  "uncertainty": 0.10398432272845476
}