{
  "image": "data\\raw\\images\\train\\F_2_2_1368.jpg",
  "box": [
    897.4632568359375,
    538.8807373046875,
    971.93115234375,
    662.0252685546875
  ],
  "class": 3,
  "confidence": 0.6089872121810913,
  "uncertainty": 0.36791750906870646
}