{
  "image": "data\\raw\\images\\train\\F_2_8_956.jpg",
  "box": [
    982.3562622070312,
    447.584716796875,
    1058.44384765625,
    528.679931640625
  ],
  "class": 2,
  "confidence": 0.5007402896881104,
  "uncertainty": 0.34564501471005715
}