{
  "image": "data\\raw\\images\\train\\F_2_2_1045.jpg",
  "box": [
    190.7127685546875,
    472.29876708984375,
    534.13330078125,
    821.3867797851562
  ],
  "class": 2,
  "confidence": 0.8912436366081238,
  "uncertainty": 0.15874177445875748
}