{
  "image": "data\\raw\\images\\train\\F_2_6_1625.jpg",
  "box": [
    173.1199951171875,
    824.4204711914062,
    510.4373474121094,
    1075.05322265625
  ],
  "class": 3,
  "confidence": 0.7943262457847595,
  "uncertainty": 0.24101858667860404
}