{
  "image": "data\\raw\\images\\train\\F_2_3_428.jpg",
  "box": [
    462.30120849609375,
    415.3226623535156,
    584.2025756835938,
    535.6612548828125
  ],
  "class": 2,
  "confidence": 0.6843093037605286,
  "uncertainty": 0.21808958087042676
}