{
  "image": "data\\raw\\images\\train\\F_2_3_610.jpg",
  "box": [
    1175.660400390625,
    530.8734741210938,
    1251.67626953125,
    662.3155517578125
  ],
  "class": 3,
  "confidence": 0.7211620807647705,
  "uncertainty": 0.34949384859943017
}