{
  "image": "data\\raw\\images\\train\\F_2_2_1107.jpg",
  "box": [
    1134.848388671875,
    454.2492370605469,
    1206.307861328125,
    579.2769775390625
  ],
  "class": 2,
  "confidence": 0.30895835161209106,
  "uncertainty": 0.41978245266523073
}