{
  "image": "data\\raw\\images\\train\\F_2_1_369.jpg",
  "box": [
    545.4292602539062,
    457.4328918457031,
    600.0009155273438,
    509.54132080078125
  ],
  "class": 2,
  "confidence": 0.45105329155921936,
  "uncertainty": 0.2993412291397603
}