{
  "image": "data\\raw\\images\\train\\F_2_5_293.jpg",
  "box": [
    1671.9942626953125,
    377.1459045410156,
    1919.0906982421875,
    774.45068359375
  ],
  "class": 7,
  "confidence": 0.8732391595840454,
  "uncertainty": 0.2208173225714396
}