{
  "image": "data\\raw\\images\\train\\F_2_1_37.jpg",
  "box": [
    393.62066650390625,
    570.8868408203125,
    491.51104736328125,
    722.5792846679688
  ],
  "class": 3,
  "confidence": 0.7821733355522156,
  "uncertainty": 0.3267094157726756
}