{
  "image": "data\\raw\\images\\train\\F_2_1_539.jpg",
  "box": [
    1428.0662841796875,
    441.4556579589844,
    1586.85400390625,
    557.2146606445312
  ],
  "class": 2,
  "confidence": 0.6074128150939941,
  "uncertainty": 0.24796012920609792
}