{
  "image": "data\\raw\\images\\train\\F_2_3_255.jpg",
  "box": [
    1113.509033203125,
    487.2038269042969,
    1483.1510009765625,
    801.89013671875
  ],
  "class": 2,
  "confidence": 0.9290849566459656,
  "uncertainty": 0.13534247413129544
}