{
  "image": "data\\raw\\images\\train\\F_2_2_1458.jpg",
  "box": [
    875.22509765625,
    389.25421142578125,
    1308.10693359375,
    908.6700439453125
  ],
  "class": 7,
  "confidence": 0.4901319444179535,
  "uncertainty": 0.3861756001645791
}