{
  "image": "data\\raw\\images\\train\\F_2_6_229.jpg",
  "box": [
    827.24853515625,
    489.33929443359375,
    909.478271484375,
    557.311767578125
  ],
  "class": 2,
  "confidence": 0.4068550765514374,
  "uncertainty": 0.3186651100813233
}