{
  "image": "data\\raw\\images\\train\\F_2_3_303.jpg",
  "box": [
    222.6445770263672,
    534.042724609375,
    307.02471923828125,
    653.4879150390625
  ],
  "class": 3,
  "confidence": 0.599518358707428,
  "uncertainty": 0.37852625046646315
}