{
  "image": "data\\raw\\images\\train\\F_2_1_362.jpg",
  "box": [
    484.4856262207031,
    495.6961669921875,
    557.818115234375,
    554.0618896484375
  ],
  "class": 2,
  "confidence": 0.4184991419315338,
  "uncertainty": 0.3339776143527514
}