{
  "image": "data\\raw\\images\\train\\F_2_9_2265.jpg",
  "box": [
    487.23614501953125,
    294.3879089355469,
    843.5244140625,
    576.3773193359375
  ],
  "class": 5,
  "confidence": 0.9126948714256287,
  "uncertainty": 0.267272749673899
}