{
  "image": "data\\raw\\images\\train\\F_2_11_219.jpg",
  "box": [
    0.42388916015625,
    551.7913818359375,
    194.0665740966797,
    1018.9052734375
  ],
  "class": 3,
  "confidence": 0.7787347435951233,
  "uncertainty": 0.3066843232922316
}