{
  "image": "data\\raw\\images\\train\\F_2_1_657.jpg",
  "box": [
    1542.405029296875,
    467.37701416015625,
    1621.3798828125,
    585.6145629882812
  ],
  "class": 2,
  "confidence": 0.445382297039032,
  "uncertainty": 0.4027507931968384
}