{
  "image": "data\\raw\\images\\train\\F_2_2_1035.jpg",
  "box": [
    726.770751953125,
    396.0303955078125,
    852.030517578125,
    462.2559814453125
  ],
  "class": 7,
  "confidence": 0.3493126928806305,
  "uncertainty": 0.4275171256293634
}