{
  "image": "data\\raw\\images\\train\\F_2_1_888.jpg",
  "box": [
    1259.36865234375,
    431.9682312011719,
    1309.71826171875,
    482.27325439453125
  ],
  "class": 7,
  "confidence": 0.408220112323761,
  "uncertainty": 0.41110504037822687
}