{
  "image": "data\\raw\\images\\train\\F_2_11_341.jpg",
  "box": [
    801.6403198242188,
    451.0459899902344,
    883.4445190429688,
    549.9024658203125
  ],
  "class": 7,
  "confidence": 0.6500699520111084,
  "uncertainty": 0.31468300699509144
}