{
  "image": "data\\raw\\images\\train\\F_2_9_2417.jpg",
  "box": [
    1037.985595703125,
    418.66845703125,
    1170.101318359375,
    530.109619140625
  ],
  "class": 7,
  "confidence": 0.7308157086372375,
  "uncertainty": 0.3056825758514927
}