{
  "image": "data\\raw\\images\\train\\F_2_1_454.jpg",
  "box": [
    777.242431640625,
    403.72503662109375,
    870.8653564453125,
    488.75115966796875
  ],
  "class": 7,
  "confidence": 0.6521313190460205,
  "uncertainty": 0.33466087370339603
}