{
  "image": "data\\raw\\images\\train\\F_2_5_16.jpg",
  "box": [
    1405.2296142578125,
    502.541015625,
    1495.8873291015625,
    576.2896728515625
  ],
  "class": 2,
  "confidence": 0.8192046284675598,
  "uncertainty": 0.1637227683203572
}