{
  "image": "data\\raw\\images\\train\\F_2_9_1423.jpg",
  "box": [
    703.6419677734375,
    462.0273742675781,
    1018.225830078125,
    754.552001953125
  ],
  "class": 2,
  "confidence": 0.8888260722160339,
  "uncertainty": 0.14531384332230143
}