{
  "image": "data\\raw\\images\\train\\F_2_4_29.jpg",
  "box": [
    350.0675354003906,
    635.8987426757812,
    496.7212829589844,
    836.1976318359375
  ],
  "class": 3,
  "confidence": 0.5058722496032715,
  "uncertainty": 0.41387468441104447
}