{
  "image": "data\\raw\\images\\train\\F_2_2_380.jpg",
  "box": [
    354.2501525878906,
    517.8640747070312,
    470.72021484375,
    697.00439453125
  ],
  "class": 2,
  "confidence": 0.7965815663337708,
  "uncertainty": 0.2522138923957104
}