{
  "image": "data\\raw\\images\\train\\F_2_1_1191.jpg",
  "box": [
    703.4635009765625,
    440.67626953125,
    767.853271484375,
    492.9495849609375
  ],
  "class": 2,
  "confidence": 0.7003665566444397,
  "uncertainty": 0.20365523255898207
}