{
  "image": "data\\raw\\images\\train\\F_2_2_1461.jpg",
  "box": [
    570.721923828125,
    471.9507751464844,
    627.7786865234375,
    558.776611328125
  ],
  "class": 2,
  "confidence": 0.6876906156539917,
  "uncertainty": 0.2567873320466524
}