{
  "image": "data\\raw\\images\\train\\F_2_11_159.jpg",
  "box": [
    295.9071350097656,
    729.3896484375,
    518.6867065429688,
    1072.2425537109375
  ],
  "class": 3,
  "confidence": 0.6576331257820129,
  "uncertainty": 0.35258532293382094
}