{
  "image": "data\\raw\\images\\train\\F_2_7_1529.jpg",
  "box": [
    341.9110107421875,
    449.6838684082031,
    712.4215087890625,
    921.9970703125
  ],
  "class": 7,
  "confidence": 0.8590147495269775,
  "uncertainty": 0.22583031103358148
}