{
  "image": "data\\raw\\images\\train\\F_2_9_2006.jpg",
  "box": [
    1656.7379150390625,
    431.00341796875,
    1791.1541748046875,
    554.1317749023438
  ],
  "class": 2,
  "confidence": 0.3559165298938751,
  "uncertainty": 0.3408888409526938
}