{
  "image": "data\\raw\\images\\train\\F_2_2_1476.jpg",
  "box": [
    963.8827514648438,
    407.65576171875,
    1136.160888671875,
    484.09918212890625
  ],
  "class": 2,
  "confidence": 0.5382750630378723,
  "uncertainty": 0.36882021028981754
}