{
  "image": "data\\raw\\images\\train\\F_2_7_1331.jpg",
  "box": [
    283.1084899902344,
    484.1018371582031,
    726.5377807617188,
    866.701904296875
  ],
  "class": 2,
  "confidence": 0.9152414798736572,
  "uncertainty": 0.13569027892477925
}