{
  "image": "data\\raw\\images\\train\\F_2_9_3023.jpg",
  "box": [
    908.484130859375,
    247.42779541015625,
    1249.0738525390625,
    648.1246337890625
  ],
  "class": 7,
  "confidence": 0.8312312364578247,
  "uncertainty": 0.24664129288787334
}