{
  "image": "data\\raw\\images\\train\\F_2_2_767.jpg",
  "box": [
    1762.8028564453125,
    462.5928955078125,
    1852.4468994140625,
    536.77685546875
  ],
  "class": 2,
  "confidence": 0.8107216358184814,
  "uncertainty": 0.15312544106990833
}