{
  "image": "data\\raw\\images\\train\\F_2_2_1676.jpg",
  "box": [
    12.218032836914062,
    425.8194580078125,
    211.172607421875,
    783.8637084960938
  ],
  "class": 2,
  "confidence": 0.7676129341125488,
  "uncertainty": 0.22187000536164866
}