{
  "image": "data\\raw\\images\\train\\F_2_3_281.jpg",
  "box": [
    653.972412109375,
    504.71160888671875,
    708.8515625,
    590.4434204101562
  ],
  "class": 3,
  "confidence": 0.647217869758606,
  "uncertainty": 0.3321417090244377
}