{
  "image": "data\\raw\\images\\train\\F_2_5_95.jpg",
  "box": [
    503.92803955078125,
    372.9342041015625,
    1442.07470703125,
    1066.5509033203125
  ],
  "class": 2,
  "confidence": 0.9383484721183777,
  "uncertainty": 0.10050707933784091
}