{
  "image": "data\\raw\\images\\train\\F_2_1_298.jpg",
  "box": [
    587.5684814453125,
    367.197265625,
    659.5806274414062,
    452.7547607421875
  ],
  "class": 7,
  "confidence": 0.4944295883178711,
  "uncertainty": 0.36686521440850794
}