{
  "image": "data\\raw\\images\\train\\F_2_7_809.jpg",
  "box": [
    810.2085571289062,
    476.8556213378906,
    1350.2449951171875,
    937.5477294921875
  ],
  "class": 2,
  "confidence": 0.8634015917778015,
  "uncertainty": 0.1514247074341106
}