{
  "image": "data\\raw\\images\\train\\F_2_9_2214.jpg",
  "box": [
    718.806640625,
    446.3092346191406,
    821.61083984375,
    577.0113525390625
  ],
  "class": 7,
  "confidence": 0.4498974680900574,
  "uncertainty": 0.40230713564492404
}