{
  "image": "data\\raw\\images\\train\\F_2_7_134.jpg",
  "box": [
    6.599761962890625,
    439.505126953125,
    592.134521484375,
    762.3592529296875
  ],
  "class": 2,
  "confidence": 0.5119000673294067,
  "uncertainty": 0.3489608275571447
}