{
  "image": "data\\raw\\images\\train\\F_2_2_1476.jpg",
  "box": [
    456.0570373535156,
    646.9839477539062,
    592.288818359375,
    738.2081909179688
  ],
  "class": 2,
  "confidence": 0.31491610407829285,
  "uncertainty": 0.40191162566332195
}