{
  "image": "data\\raw\\images\\train\\F_2_7_958.jpg",
  "box": [
    3.13531494140625,
    407.3343505859375,
    1363.147216796875,
    1066.70556640625
  ],
  "class": 2,
  "confidence": 0.9356178045272827,
  "uncertainty": 0.1074530430040272
}