{
  "image": "data\\raw\\images\\train\\F_2_7_1306.jpg",
  "box": [
    479.0433654785156,
    365.6589660644531,
    661.063720703125,
    516.684326171875
  ],
  "class": 2,
  "confidence": 0.7737907767295837,
  "uncertainty": 0.17880099883177492
}