{
  "image": "data\\raw\\images\\train\\F_2_7_60.jpg",
  "box": [
    380.5133056640625,
    425.14459228515625,
    495.9196472167969,
    496.30670166015625
  ],
  "class": 2,
  "confidence": 0.3882392644882202,
  "uncertainty": 0.40872090648880033
}