{
  "image": "data\\raw\\images\\train\\F_2_9_2348.jpg",
  "box": [
    1519.71142578125,
    555.6868896484375,
    1563.302978515625,
    622.6943359375
  ],
  "class": 3,
  "confidence": 0.5436323285102844,
  "uncertainty": 0.3708961280751594
}