{
  "image": "data\\raw\\images\\train\\F_2_3_411.jpg",
  "box": [
    1871.231689453125,
    644.3761596679688,
    1919.0906982421875,
    772.88232421875
  ],
  "class": 3,
  "confidence": 0.26345762610435486,
  "uncertainty": 0.4873999046860777
}