{
  "image": "data\\raw\\images\\train\\F_2_8_410.jpg",
  "box": [
    614.9771118164062,
    378.5810852050781,
    844.3383178710938,
    703.205322265625
  ],
  "class": 2,
  "confidence": 0.6511146426200867,
  "uncertainty": 0.34103615527416614
}