{
  "image": "data\\raw\\images\\train\\F_2_1_700.jpg",
  "box": [
    933.169189453125,
    481.8582458496094,
    964.4485473632812,
    513.8897094726562
  ],
  "class": 2,
  "confidence": 0.42735937237739563,
  "uncertainty": 0.2910350377360524
}