{
  "image": "data\\raw\\images\\train\\F_2_1_559.jpg",
  "box": [
    818.852783203125,
    430.42266845703125,
    964.3467407226562,
    609.2838745117188
  ],
  "class": 7,
  "confidence": 0.7743009924888611,
  "uncertainty": 0.2683264332796321
}