{
  "image": "data\\raw\\images\\train\\F_2_1_191.jpg",
  "box": [
    704.8181762695312,
    351.60369873046875,
    1047.605224609375,
    713.0164794921875
  ],
  "class": 2,
  "confidence": 0.40851545333862305,
  "uncertainty": 0.3334273602598965
}