{
  "image": "data\\raw\\images\\train\\F_2_1_762.jpg",
  "box": [
    1183.7734375,
    527.4713134765625,
    1209.572998046875,
    560.7943115234375
  ],
  "class": 3,
  "confidence": 0.3099275529384613,
  "uncertainty": 0.47775130934034415
}