{
  "image": "data\\raw\\images\\train\\F_2_7_70.jpg",
  "box": [
    359.2845764160156,
    421.3083801269531,
    530.5123901367188,
    465.3375549316406
  ],
  "class": 2,
  "confidence": 0.25566548109054565,
  "uncertainty": 0.4497061272253726
}