{
  "image": "data\\raw\\images\\train\\F_2_1_987.jpg",
  "box": [
    831.1631469726562,
    565.0211791992188,
    894.8644409179688,
    704.6455078125
  ],
  "class": 3,
  "confidence": 0.5898670554161072,
  "uncertainty": 0.3682203671016135
}