{
  "image": "data\\raw\\images\\train\\F_2_3_383.jpg",
  "box": [
    1294.52001953125,
    346.9256286621094,
    1482.6513671875,
    474.8930969238281
  ],
  "class": 7,
  "confidence": 0.4061627686023712,
  "uncertainty": 0.4395217840262086
}