{
  "image": "data\\raw\\images\\train\\F_2_1_439.jpg",
  "box": [
    234.0025634765625,
    471.19793701171875,
    856.1209716796875,
    955.3209228515625
  ],
  "class": 2,
  "confidence": 0.937687873840332,
  "uncertainty": 0.12434203637345248
}