{
  "image": "data\\raw\\images\\train\\F_2_10_186.jpg",
  "box": [
    1076.121826171875,
    194.54095458984375,
    1434.36328125,
    643.29150390625
  ],
  "class": 7,
  "confidence": 0.9337559938430786,
  "uncertainty": 0.19088101768296212
}