{
  "image": "data\\raw\\images\\train\\F_2_1_351.jpg",
  "box": [
    1068.532470703125,
    475.310791015625,
    1130.631103515625,
    559.9283447265625
  ],
  "class": 7,
  "confidence": 0.7741119861602783,
  "uncertainty": 0.24570329483577347
}