{
  "image": "data\\raw\\images\\train\\F_2_2_1238.jpg",
  "box": [
    1467.701171875,
    411.4333190917969,
    1919.468505859375,
    989.5574340820312
  ],
  "class": 2,
  "confidence": 0.899610698223114,
  "uncertainty": 0.23090979221779012
}