{
  "image": "data\\raw\\images\\train\\F_2_7_1786.jpg",
  "box": [
    882.2254028320312,
    211.16949462890625,
    1021.1654663085938,
    333.513427734375
  ],
  "class": 7,
  "confidence": 0.35986027121543884,
  "uncertainty": 0.41833170630966565
}