{
  "image": "data\\raw\\images\\train\\F_2_1_537.jpg",
  "box": [
    1117.9947509765625,
    481.7276611328125,
    1145.4404296875,
    516.4945068359375
  ],
  "class": 2,
  "confidence": 0.43756693601608276,
  "uncertainty": 0.31435624893092495
}