{
  "image": "data\\raw\\images\\train\\F_2_1_418.jpg",
  "box": [
    573.0772705078125,
    437.6999816894531,
    726.9964599609375,
    529.772705078125
  ],
  "class": 7,
  "confidence": 0.6392763257026672,
  "uncertainty": 0.3028978034584694
}