{
  "image": "data\\raw\\images\\train\\F_2_11_51.jpg",
  "box": [
    771.7056884765625,
    3.79229736328125,
    1639.437744140625,
    948.87890625
  ],
  "class": 7,
  "confidence": 0.9403389096260071,
  "uncertainty": 0.20128954725350676
}