{
  "image": "data\\raw\\images\\train\\F_2_9_2975.jpg",
  "box": [
    815.0520629882812,
    475.99090576171875,
    870.4905395507812,
    543.7705078125
  ],
  "class": 3,
  "confidence": 0.554134726524353,
  "uncertainty": 0.3927112094360519
}