{
  "image": "data\\raw\\images\\train\\F_2_6_854.jpg",
  "box": [
    377.0873107910156,
    378.6177978515625,
    842.2274780273438,
    952.4602661132812
  ],
  "class": 7,
  "confidence": 0.7633921504020691,
  "uncertainty": 0.28573228938078016
}