{
  "image": "data\\raw\\images\\train\\F_2_7_42.jpg",
  "box": [
    91.26724243164062,
    431.9654541015625,
    306.166015625,
    598.6632080078125
  ],
  "class": 2,
  "confidence": 0.6032742261886597,
  "uncertainty": 0.29566335546980416
}