{
  "image": "data\\raw\\images\\train\\F_2_2_306.jpg",
  "box": [
    1706.1273193359375,
    480.4642639160156,
    1777.7530517578125,
    601.5242919921875
  ],
  "class": 2,
  "confidence": 0.4890025556087494,
  "uncertainty": 0.34506716815965144
}