{
  "image": "data\\raw\\images\\train\\F_2_9_2965.jpg",
  "box": [
    789.6557006835938,
    523.5963134765625,
    827.3792724609375,
    561.9847412109375
  ],
  "class": 3,
  "confidence": 0.39798203110694885,
  "uncertainty": 0.42773007215850556
}