{
  "image": "data\\raw\\images\\train\\F_2_4_265.jpg",
  "box": [
    853.8268432617188,
    441.908203125,
    1114.5400390625,
    654.6450805664062
  ],
  "class": 2,
  "confidence": 0.5959135890007019,
  "uncertainty": 0.3118917914987499
}