{
  "image": "data\\raw\\images\\train\\F_2_2_929.jpg",
  "box": [
    1082.525146484375,
    455.1085205078125,
    1174.140380859375,
    508.522216796875
  ],
  "class": 2,
  "confidence": 0.5453907251358032,
  "uncertainty": 0.25742588137844175
}