{
  "image": "data\\raw\\images\\train\\F_2_1_22.jpg",
  "box": [
    1079.457763671875,
    442.94915771484375,
    1126.2529296875,
    489.4716796875
  ],
  "class": 2,
  "confidence": 0.6638640761375427,
  "uncertainty": 0.24395260408173294
}