{
  "image": "data\\raw\\images\\train\\F_2_2_963.jpg",
  "box": [
    759.666259765625,
    491.51751708984375,
    922.9780883789062,
    627.38525390625
  ],
  "class": 2,
  "confidence": 0.7905268669128418,
  "uncertainty": 0.17123259955690626
}