{
  "image": "data\\raw\\images\\train\\F_2_7_475.jpg",
  "box": [
    753.5133056640625,
    476.9768371582031,
    1024.019287109375,
    772.39794921875
  ],
  "class": 2,
  "confidence": 0.8735266327857971,
  "uncertainty": 0.17162400846435633
}