{
  "image": "data\\raw\\images\\train\\F_2_1_485.jpg",
  "box": [
    691.7447509765625,
    483.4171142578125,
    769.5234375,
    574.965087890625
  ],
  "class": 7,
  "confidence": 0.5129296779632568,
  "uncertainty": 0.3749069460278091
}