{
  "image": "data\\raw\\images\\train\\F_2_7_1616.jpg",
  "box": [
    487.39617919921875,
    479.8658447265625,
    1834.0220947265625,
    1068.790771484375
  ],
  "class": 2,
  "confidence": 0.9435738921165466,
  "uncertainty": 0.11416169685420788
}