{
  "image": "data\\raw\\images\\train\\F_2_6_1430.jpg",
  "box": [
    1304.690185546875,
    523.0354614257812,
    1678.005615234375,
    1038.2442626953125
  ],
  "class": 2,
  "confidence": 0.893132746219635,
  "uncertainty": 0.26701810554030947
}