{
  "image": "data\\raw\\images\\train\\F_2_1_182.jpg",
  "box": [
    0.9982452392578125,
    369.10308837890625,
    254.22796630859375,
    792.921875
  ],
  "class": 2,
  "confidence": 0.4202280342578888,
  "uncertainty": 0.3206919273146844
}