{
  "image": "data\\raw\\images\\train\\F_2_2_120.jpg",
  "box": [
    888.4213256835938,
    461.1607666015625,
    961.1716918945312,
    501.37451171875
  ],
  "class": 5,
  "confidence": 0.3198140859603882,
  "uncertainty": 0.4555803334744538
}