{
  "image": "data\\raw\\images\\train\\F_2_8_1760.jpg",
  "box": [
    1286.8507080078125,
    416.1006774902344,
    1394.4761962890625,
    611.0882568359375
  ],
  "class": 3,
  "confidence": 0.7245839238166809,
  "uncertainty": 0.34910492336134225
}