{
  "image": "data\\raw\\images\\train\\F_2_7_154.jpg",
  "box": [
    729.0625,
    406.3604736328125,
    937.8817138671875,
    556.3906860351562
  ],
  "class": 2,
  "confidence": 0.5210763216018677,
  "uncertainty": 0.3165323435113954
}