{
  "image": "data\\raw\\images\\train\\F_2_6_1833.jpg",
  "box": [
    1655.4942626953125,
    451.172607421875,
    1808.4752197265625,
    704.9798583984375
  ],
  "class": 2,
  "confidence": 0.6077311635017395,
  "uncertainty": 0.28790917264147936
}