{
  "image": "data\\raw\\images\\train\\F_2_2_1292.jpg",
  "box": [
    1558.6593017578125,
    882.0418701171875,
    1913.6407470703125,
    1076.6446533203125
  ],
  "class": 3,
  "confidence": 0.6558224558830261,
  "uncertainty": 0.3387135898014272
}