{
  "image": "data\\raw\\images\\train\\F_2_2_979.jpg",
  "box": [
    340.33544921875,
    479.0666198730469,
    419.60430908203125,
    587.10400390625
  ],
  "class": 3,
  "confidence": 0.7727857828140259,
  "uncertainty": 0.286309893283584
}