{
  "image": "data\\raw\\images\\train\\F_2_7_521.jpg",
  "box": [
    183.38442993164062,
    425.8056335449219,
    668.9404296875,
    618.560791015625
  ],
  "class": 2,
  "confidence": 0.2744271457195282,
  "uncertainty": 0.4363910130168155
}