{
  "image": "data\\raw\\images\\train\\F_2_1_415.jpg",
  "box": [
    1880.6884765625,
    536.15771484375,
    1919.2197265625,
    800.4695434570312
  ],
  "class": 2,
  "confidence": 0.6955446600914001,
  "uncertainty": 0.27535919284996485
}