{
  "image": "data\\raw\\images\\train\\F_2_5_22.jpg",
  "box": [
    1623.9697265625,
    480.0834045410156,
    1919.332763671875,
    643.619873046875
  ],
  "class": 5,
  "confidence": 0.7555956244468689,
  "uncertainty": 0.3425727903975707
}