{
  "image": "data\\raw\\images\\train\\F_2_7_501.jpg",
  "box": [
    14.109878540039062,
    393.60406494140625,
    254.82156372070312,
    519.7412109375
  ],
  "class": 2,
  "confidence": 0.476846307516098,
  "uncertainty": 0.4232572522088106
}