{
  "image": "data\\raw\\images\\train\\F_2_2_815.jpg",
  "box": [
    468.2252197265625,
    450.42181396484375,
    682.3170166015625,
    622.32763671875
  ],
  "class": 2,
  "confidence": 0.9077084064483643,
  "uncertainty": 0.1267215858066469
}