{
  "image": "data\\raw\\images\\train\\F_2_7_2324.jpg",
  "box": [
    358.5008239746094,
    338.69549560546875,
    699.128662109375,
    725.5808715820312
  ],
  "class": 5,
  "confidence": 0.8719525933265686,
  "uncertainty": 0.2972212796054025
}