{
  "image": "data\\raw\\images\\train\\F_2_9_786.jpg",
  "box": [
    1482.36181640625,
    489.42626953125,
    1512.5537109375,
    524.5475463867188
  ],
  "class": 3,
  "confidence": 0.30055731534957886,
  "uncertainty": 0.45414351925614366
}