{
  "image": "data\\raw\\images\\train\\F_2_1_383.jpg",
  "box": [
    127.84890747070312,
    333.5780029296875,
    392.7279052734375,
    532.22119140625
  ],
  "class": 5,
  "confidence": 0.6771480441093445,
  "uncertainty": 0.292652192709952
}