{
  "image": "data\\raw\\images\\train\\F_2_7_403.jpg",
  "box": [
    741.403076171875,
    455.3350524902344,
    900.091796875,
    674.7762451171875
  ],
  "class": 2,
  "confidence": 0.5952120423316956,
  "uncertainty": 0.30974304644843237
}