{
  "image": "data\\raw\\images\\train\\F_2_6_534.jpg",
  "box": [
    952.889892578125,
    494.0981140136719,
    1005.1055908203125,
    565.76416015625
  ],
  "class": 3,
  "confidence": 0.5473917722702026,
  "uncertainty": 0.3836856444899878
}