{
  "image": "data\\raw\\images\\train\\F_2_9_1907.jpg",
  "box": [
    748.1761474609375,
    496.51446533203125,
    797.9090576171875,
    584.1941528320312
  ],
  "class": 3,
  "confidence": 0.5818328857421875,
  "uncertainty": 0.37937023782434715
}