{
  "image": "data\\raw\\images\\train\\F_2_2_1212.jpg",
  "box": [
    1452.46630859375,
    584.7054443359375,
    1725.4375,
    924.5941772460938
  ],
  "class": 3,
  "confidence": 0.6637306809425354,
  "uncertainty": 0.404336922510184
}