{
  "image": "data\\raw\\images\\train\\F_2_3_652.jpg",
  "box": [
    1855.170166015625,
    392.3116149902344,
    1919.279541015625,
    638.2508544921875
  ],
  "class": 7,
  "confidence": 0.3938186466693878,
  "uncertainty": 0.43585007546112414
}