{
  "image": "data\\raw\\images\\train\\F_2_6_145.jpg",
  "box": [
    53.12530517578125,
    813.9918823242188,
    283.80859375,
    1073.9619140625
  ],
  "class": 3,
  "confidence": 0.7276075482368469,
  "uncertainty": 0.28789595650667815
}