{
  "image": "data\\raw\\images\\train\\F_2_1_969.jpg",
  "box": [
    339.677490234375,
    467.431640625,
    413.20806884765625,
    552.697265625
  ],
  "class": 2,
  "confidence": 0.505626916885376,
  "uncertainty": 0.31336537314936186
}