{
  "image": "data\\raw\\images\\train\\F_2_7_475.jpg",
  "box": [
    684.175048828125,
    431.7210388183594,
    833.1798706054688,
    551.160888671875
  ],
  "class": 2,
  "confidence": 0.4936262369155884,
  "uncertainty": 0.3752075141406839
}