{
  "image": "data\\raw\\images\\train\\F_2_1_349.jpg",
  "box": [
    1589.200927734375,
    448.2071228027344,
    1851.321533203125,
    554.20068359375
  ],
  "class": 2,
  "confidence": 0.8310028314590454,
  "uncertainty": 0.19518642358146457
}