{
  "image": "data\\raw\\images\\train\\F_2_5_308.jpg",
  "box": [
    72.390380859375,
    527.0745849609375,
    123.4013442993164,
    633.221435546875
  ],
  "class": 3,
  "confidence": 0.5564311146736145,
  "uncertainty": 0.3687417194837613
}