{
  "image": "data\\raw\\images\\train\\F_2_8_188.jpg",
  "box": [
    841.115234375,
    420.3974304199219,
    927.4886474609375,
    456.4607849121094
  ],
  "class": 2,
  "confidence": 0.31564489006996155,
  "uncertainty": 0.3827287005613381
}