{
  "image": "data\\raw\\images\\train\\F_2_9_324.jpg",
  "box": [
    1137.4705810546875,
    480.73883056640625,
    1878.0732421875,
    1053.7174072265625
  ],
  "class": 2,
  "confidence": 0.9473642110824585,
  "uncertainty": 0.11064442401545745
}