{
  "image": "data\\raw\\images\\train\\F_2_9_2785.jpg",
  "box": [
    1717.4571533203125,
    531.3773803710938,
    1755.9656982421875,
    600.2074584960938
  ],
  "class": 3,
  "confidence": 0.4721914827823639,
  "uncertainty": 0.4083115331722911
}