{
  "image": "data\\raw\\images\\train\\F_2_7_620.jpg",
  "box": [
    759.515625,
    457.2081298828125,
    833.0511474609375,
    554.26171875
  ],
  "class": 3,
  "confidence": 0.7295225858688354,
  "uncertainty": 0.32909922516353596
}