{
  "image": "data\\raw\\images\\train\\F_2_1_888.jpg",
  "box": [
    210.49159240722656,
    483.4338684082031,
    660.6470336914062,
    839.94091796875
  ],
  "class": 2,
  "confidence": 0.9324843883514404,
  "uncertainty": 0.12557019256349475
}