{
  "image": "data\\raw\\images\\train\\F_2_9_1527.jpg",
  "box": [
    627.1378173828125,
    402.4990539550781,
    823.7107543945312,
    537.966064453125
  ],
  "class": 2,
  "confidence": 0.6573427319526672,
  "uncertainty": 0.32086213892599147
}