{
  "image": "data\\raw\\images\\train\\F_2_1_22.jpg",
  "box": [
    790.3370361328125,
    439.43719482421875,
    936.2645874023438,
    596.6929321289062
  ],
  "class": 2,
  "confidence": 0.8197507858276367,
  "uncertainty": 0.15896886786364028
}