{
  "image": "data\\raw\\images\\train\\F_2_7_1812.jpg",
  "box": [
    699.848876953125,
    451.8913879394531,
    906.5000610351562,
    788.5435791015625
  ],
  "class": 2,
  "confidence": 0.48304611444473267,
  "uncertainty": 0.44724633150712123
}