{
  "image": "data\\raw\\images\\train\\F_2_6_229.jpg",
  "box": [
    1078.2005615234375,
    536.7998657226562,
    1137.423583984375,
    622.6788940429688
  ],
  "class": 3,
  "confidence": 0.501758337020874,
  "uncertainty": 0.4075910989896705
}