{
  "image": "data\\raw\\images\\train\\F_2_8_1544.jpg",
  "box": [
    1282.814453125,
    465.62713623046875,
    1373.678955078125,
    586.0870971679688
  ],
  "class": 2,
  "confidence": 0.5933628678321838,
  "uncertainty": 0.3029543704877332
}