{
  "image": "data\\raw\\images\\train\\F_2_2_1733.jpg",
  "box": [
    320.1979064941406,
    447.24481201171875,
    405.6512451171875,
    624.1301879882812
  ],
  "class": 2,
  "confidence": 0.717735230922699,
  "uncertainty": 0.2085108266419206
}