{
  "image": "data\\raw\\images\\train\\F_2_10_177.jpg",
  "box": [
    75.873779296875,
    657.208251953125,
    241.9317626953125,
    884.3651733398438
  ],
  "class": 3,
  "confidence": 0.7906926274299622,
  "uncertainty": 0.28228951153732196
}