{
  "image": "data\\raw\\images\\train\\F_2_1_341.jpg",
  "box": [
    1805.8802490234375,
    390.3624267578125,
    1902.1549072265625,
    513.7861938476562
  ],
  "class": 7,
  "confidence": 0.5440170764923096,
  "uncertainty": 0.35663972707311914
}