{
  "image": "data\\raw\\images\\train\\F_2_7_1993.jpg",
  "box": [
    182.74072265625,
    352.2528076171875,
    957.9197998046875,
    1038.2113037109375
  ],
  "class": 2,
  "confidence": 0.914650559425354,
  "uncertainty": 0.13371055529197978
}