{
  "image": "data\\raw\\images\\train\\F_2_3_191.jpg",
  "box": [
    1554.02197265625,
    403.35546875,
    1919.26611328125,
    1068.631591796875
  ],
  "class": 7,
  "confidence": 0.6653258800506592,
  "uncertainty": 0.33378807992527815
}