{
  "image": "data\\raw\\images\\train\\F_2_8_837.jpg",
  "box": [
    147.27645874023438,
    403.34075927734375,
    220.12472534179688,
    449.7940673828125
  ],
  "class": 7,
  "confidence": 0.3350870907306671,
  "uncertainty": 0.42528875408495653
}