{
  "image": "data\\raw\\images\\train\\F_2_4_25.jpg",
  "box": [
    788.7139892578125,
    420.4558410644531,
    994.5289306640625,
    638.4102783203125
  ],
  "class": 2,
  "confidence": 0.8322813510894775,
  "uncertainty": 0.12386452624323178
}