{
  "image": "data\\raw\\images\\train\\F_2_8_745.jpg",
  "box": [
    937.3474731445312,
    391.0188903808594,
    1176.737060546875,
    694.45654296875
  ],
  "class": 7,
  "confidence": 0.5893152356147766,
  "uncertainty": 0.34723962542991843
}