{
  "image": "data\\raw\\images\\train\\F_2_11_344.jpg",
  "box": [
    858.42919921875,
    478.1880798339844,
    891.673095703125,
    523.5767822265625
  ],
  "class": 2,
  "confidence": 0.4134773910045624,
  "uncertainty": 0.2938682690602712
}