{
  "image": "data\\raw\\images\\train\\F_2_9_350.jpg",
  "box": [
    618.7890625,
    351.9004211425781,
    646.2987060546875,
    398.1845397949219
  ],
  "class": 3,
  "confidence": 0.4994235038757324,
  "uncertainty": 0.4062488222692194
}