{
  "image": "data\\raw\\images\\train\\F_2_5_95.jpg",
  "box": [
    0.0,
    508.1988830566406,
    27.650087356567383,
    552.2652587890625
  ],
  "class": 2,
  "confidence": 0.25455132126808167,
  "uncertainty": 0.39760892446175183
}