{
  "image": "data\\raw\\images\\train\\F_2_1_60.jpg",
  "box": [
    394.7734680175781,
    608.64013671875,
    518.116943359375,
    818.4114990234375
  ],
  "class": 3,
  "confidence": 0.7781276106834412,
  "uncertainty": 0.3148893185359663
}