{
  "image": "data\\raw\\images\\train\\F_2_1_934.jpg",
  "box": [
    700.8157958984375,
    443.7618713378906,
    772.39990234375,
    537.6802368164062
  ],
  "class": 7,
  "confidence": 0.2527318596839905,
  "uncertainty": 0.49332925957058266
}