{
  "image": "data\\raw\\images\\train\\F_2_1_987.jpg",
  "box": [
    1519.2198486328125,
    432.5155334472656,
    1679.3485107421875,
    546.289794921875
  ],
  "class": 2,
  "confidence": 0.7737411856651306,
  "uncertainty": 0.17949106821834493
}