{
  "image": "data\\raw\\images\\train\\F_2_1_450.jpg",
  "box": [
    748.3412475585938,
    422.6604309082031,
    816.1572875976562,
    486.3056945800781
  ],
  "class": 7,
  "confidence": 0.3791186511516571,
  "uncertainty": 0.48056396740064483
}