{
  "image": "data\\raw\\images\\train\\F_2_3_94.jpg",
  "box": [
    0.841552734375,
    462.872314453125,
    506.1180725097656,
    872.2647705078125
  ],
  "class": 2,
  "confidence": 0.8963778614997864,
  "uncertainty": 0.13942619190463168
}