{
  "image": "data\\raw\\images\\train\\F_2_9_2006.jpg",
  "box": [
    1205.36328125,
    429.77874755859375,
    1292.235595703125,
    520.1356201171875
  ],
  "class": 2,
  "confidence": 0.6192812919616699,
  "uncertainty": 0.24886593416192798
}