{
  "image": "data\\raw\\images\\train\\F_2_1_821.jpg",
  "box": [
    1116.206298828125,
    598.1243896484375,
    1227.63525390625,
    752.7808837890625
  ],
  "class": 3,
  "confidence": 0.8101934194564819,
  "uncertainty": 0.2615189316846921
}