{
  "image": "data\\raw\\images\\train\\F_2_1_706.jpg",
  "box": [
    1030.07470703125,
    521.4373779296875,
    1071.0626220703125,
    586.8267822265625
  ],
  "class": 3,
  "confidence": 0.4820574223995209,
  "uncertainty": 0.42083850104918424
}