{
  "image": "data\\raw\\images\\train\\F_2_4_278.jpg",
  "box": [
    619.0364990234375,
    502.9129943847656,
    670.7891845703125,
    607.47265625
  ],
  "class": 3,
  "confidence": 0.5849675536155701,
  "uncertainty": 0.37972202166464286
}