{
  "image": "data\\raw\\images\\train\\F_2_1_765.jpg",
  "box": [
    1422.228271484375,
    484.8745422363281,
    1593.846923828125,
    613.1958618164062
  ],
  "class": 2,
  "confidence": 0.8077380061149597,
  "uncertainty": 0.16710702678854877
}