{
  "image": "data\\raw\\images\\train\\F_2_9_2527.jpg",
  "box": [
    879.3204345703125,
    457.78564453125,
    1156.962158203125,
    695.0531616210938
  ],
  "class": 2,
  "confidence": 0.9216892123222351,
  "uncertainty": 0.13113711863563637
}