{
  "image": "data\\raw\\images\\train\\F_2_1_939.jpg",
  "box": [
    938.4219360351562,
    596.027099609375,
    1065.776123046875,
    779.2933349609375
  ],
  "class": 3,
  "confidence": 0.7494099140167236,
  "uncertainty": 0.3433159220113133
}