{
  "image": "data\\raw\\images\\train\\F_2_1_454.jpg",
  "box": [
    1050.8726806640625,
    436.6311950683594,
    1074.8876953125,
    471.5102233886719
  ],
  "class": 2,
  "confidence": 0.28300338983535767,
  "uncertainty": 0.3827746960842838
}