{
  "image": "data\\raw\\images\\train\\F_2_1_569.jpg",
  "box": [
    1698.6024169921875,
    467.7056884765625,
    1754.5869140625,
    534.1004638671875
  ],
  "class": 2,
  "confidence": 0.5432165861129761,
  "uncertainty": 0.27274485759276684
}