{
  "image": "data\\raw\\images\\train\\F_2_8_822.jpg",
  "box": [
    665.6197509765625,
    355.7395935058594,
    712.10693359375,
    403.40313720703125
  ],
  "class": 2,
  "confidence": 0.38306644558906555,
  "uncertainty": 0.3345161944136249
}