{
  "image": "data\\raw\\images\\train\\F_2_6_534.jpg",
  "box": [
    498.15362548828125,
    449.7275390625,
    594.1675415039062,
    534.2909545898438
  ],
  "class": 2,
  "confidence": 0.6826819777488708,
  "uncertainty": 0.2174480803260531
}