{
  "image": "data\\raw\\images\\train\\F_2_1_790.jpg",
  "box": [
    0.4825286865234375,
    436.9608154296875,
    278.14801025390625,
    590.8462524414062
  ],
  "class": 7,
  "confidence": 0.6753019690513611,
  "uncertainty": 0.33511163271175015
}