{
  "image": "data\\raw\\images\\train\\F_2_8_925.jpg",
  "box": [
    1489.970458984375,
    372.0599670410156,
    1555.901611328125,
    427.8589782714844
  ],
  "class": 2,
  "confidence": 0.7528724074363708,
  "uncertainty": 0.17848433192271615
}