{
  "image": "data\\raw\\images\\train\\F_2_6_977.jpg",
  "box": [
    1358.4515380859375,
    678.0489501953125,
    1435.6793212890625,
    781.7685546875
  ],
  "class": 3,
  "confidence": 0.7183861136436462,
  "uncertainty": 0.28962792976661117
}