{
  "image": "data\\raw\\images\\train\\F_2_9_1377.jpg",
  "box": [
    379.99786376953125,
    545.8428344726562,
    463.5831298828125,
    731.7789306640625
  ],
  "class": 3,
  "confidence": 0.6251338124275208,
  "uncertainty": 0.3571465057391652
}