{
  "image": "data\\raw\\images\\train\\F_2_6_1082.jpg",
  "box": [
    1065.526611328125,
    490.9598693847656,
    1269.439697265625,
    708.0147705078125
  ],
  "class": 7,
  "confidence": 0.8332929015159607,
  "uncertainty": 0.2383429029688549
}