{
  "image": "data\\raw\\images\\train\\F_2_1_333.jpg",
  "box": [
    1803.963134765625,
    440.51397705078125,
    1845.11572265625,
    532.2853393554688
  ],
  "class": 2,
  "confidence": 0.3247203528881073,
  "uncertainty": 0.36029509915454727
}