{
  "image": "data\\raw\\images\\train\\F_2_7_461.jpg",
  "box": [
    361.91766357421875,
    477.3185119628906,
    876.6346435546875,
    897.953857421875
  ],
  "class": 2,
  "confidence": 0.735441267490387,
  "uncertainty": 0.3766547735796998
}