{
  "image": "data\\raw\\images\\train\\F_2_1_829.jpg",
  "box": [
    22.2403564453125,
    549.4255981445312,
    245.4363555908203,
    958.0689697265625
  ],
  "class": 3,
  "confidence": 0.7965015769004822,
  "uncertainty": 0.2852260331839507
}