{
  "image": "data\\raw\\images\\train\\F_2_9_2271.jpg",
  "box": [
    1450.9373779296875,
    491.42047119140625,
    1717.975341796875,
    690.4645385742188
  ],
  "class": 2,
  "confidence": 0.9111655354499817,
  "uncertainty": 0.13547045018593867
}