{
  "image": "data\\raw\\images\\train\\F_2_2_747.jpg",
  "box": [
    0.300933837890625,
    499.57012939453125,
    126.36158752441406,
    917.020751953125
  ],
  "class": 2,
  "confidence": 0.7615185379981995,
  "uncertainty": 0.25794591993536997
}