{
  "image": "data\\raw\\images\\train\\F_2_8_1110.jpg",
  "box": [
    561.4715576171875,
    433.30712890625,
    842.7032470703125,
    685.299072265625
  ],
  "class": 2,
  "confidence": 0.3376867175102234,
  "uncertainty": 0.47458192364683016
}