{
  "image": "data\\raw\\images\\train\\F_2_2_1008.jpg",
  "box": [
    1661.03466796875,
    410.7596740722656,
    1737.239501953125,
    484.19622802734375
  ],
  "class": 2,
  "confidence": 0.591615617275238,
  "uncertainty": 0.25677346208184804
}