{
  "image": "data\\raw\\images\\train\\F_2_1_341.jpg",
  "box": [
    1591.675048828125,
    410.76904296875,
    1667.10791015625,
    532.1142578125
  ],
  "class": 2,
  "confidence": 0.30225670337677,
  "uncertainty": 0.4307595647231642
}