{
  "image": "data\\raw\\images\\train\\F_2_1_551.jpg",
  "box": [
    95.8201904296875,
    412.7712707519531,
    347.80224609375,
    619.0130615234375
  ],
  "class": 7,
  "confidence": 0.8183931708335876,
  "uncertainty": 0.27113874585130643
}