{
  "image": "data\\raw\\images\\train\\F_2_4_25.jpg",
  "box": [
    880.087646484375,
    343.3017578125,
    980.978759765625,
    427.4671325683594
  ],
  "class": 5,
  "confidence": 0.49292758107185364,
  "uncertainty": 0.41398323702436224
}