{
  "image": "data\\raw\\images\\train\\F_2_2_1182.jpg",
  "box": [
    196.25491333007812,
    569.144287109375,
    285.5929870605469,
    694.1066284179688
  ],
  "class": 3,
  "confidence": 0.7325778007507324,
  "uncertainty": 0.33152691982008314
}