{
  "image": "data\\raw\\images\\train\\F_2_2_966.jpg",
  "box": [
    0.3751487731933594,
    449.5584411621094,
    68.946044921875,
    625.003173828125
  ],
  "class": 2,
  "confidence": 0.7834734320640564,
  "uncertainty": 0.19363364719900214
}