{
  "image": "data\\raw\\images\\train\\F_2_2_946.jpg",
  "box": [
    713.0369873046875,
    506.4223937988281,
    770.5453491210938,
    559.28515625
  ],
  "class": 2,
  "confidence": 0.6900457143783569,
  "uncertainty": 0.20570719539799442
}