{
  "image": "data\\raw\\images\\train\\F_2_8_1796.jpg",
  "box": [
    1103.673583984375,
    371.05865478515625,
    1147.665283203125,
    445.75469970703125
  ],
  "class": 3,
  "confidence": 0.6412964463233948,
  "uncertainty": 0.3480791005654797
}