{
  "image": "data\\raw\\images\\train\\F_2_8_767.jpg",
  "box": [
    1725.7705078125,
    442.6652526855469,
    1919.165771484375,
    650.4295654296875
  ],
  "class": 2,
  "confidence": 0.8990803956985474,
  "uncertainty": 0.12065945962116513
}