{
  "image": "data\\raw\\images\\train\\F_2_7_1733.jpg",
  "box": [
    1766.946533203125,
    421.385498046875,
    1919.0379638671875,
    515.6095581054688
  ],
  "class": 2,
  "confidence": 0.38459745049476624,
  "uncertainty": 0.428819566196052
}