{
  "image": "data\\raw\\images\\train\\F_2_7_382.jpg",
  "box": [
    174.61056518554688,
    654.31494140625,
    349.6817626953125,
    904.3502197265625
  ],
  "class": 3,
  "confidence": 0.8710117340087891,
  "uncertainty": 0.246933775568226
}