{
  "image": "data\\raw\\images\\train\\F_2_2_773.jpg",
  "box": [
    290.170166015625,
    468.685302734375,
    1643.171630859375,
    1067.941650390625
  ],
  "class": 2,
  "confidence": 0.9513105750083923,
  "uncertainty": 0.11319324194410296
}