{
  "image": "data\\raw\\images\\train\\F_2_2_256.jpg",
  "box": [
    1680.754150390625,
    449.47119140625,
    1879.020751953125,
    588.7034912109375
  ],
  "class": 2,
  "confidence": 0.8142598867416382,
  "uncertainty": 0.1537154374194232
}