{
  "image": "data\\raw\\images\\train\\F_2_2_274.jpg",
  "box": [
    460.7186279296875,
    536.635009765625,
    528.4676513671875,
    637.0526123046875
  ],
  "class": 3,
  "confidence": 0.6130334138870239,
  "uncertainty": 0.4019767493216368
}