{
  "image": "data\\raw\\images\\train\\F_2_7_445.jpg",
  "box": [
    378.686767578125,
    698.358642578125,
    775.7957763671875,
    1071.2890625
  ],
  "class": 3,
  "confidence": 0.653583288192749,
  "uncertainty": 0.44340979297810595
}