{
  "image": "data\\raw\\images\\train\\F_2_6_1710.jpg",
  "box": [
    1401.600830078125,
    284.43896484375,
    1918.8665771484375,
    1066.655517578125
  ],
  "class": 7,
  "confidence": 0.4863901138305664,
  "uncertainty": 0.3651477765043249
}