{
  "image": "data\\raw\\images\\train\\F_2_1_60.jpg",
  "box": [
    1354.561767578125,
    489.386962890625,
    1393.989013671875,
    547.8809204101562
  ],
  "class": 3,
  "confidence": 0.48885124921798706,
  "uncertainty": 0.4127392194895641
}