{
  "image": "data\\raw\\images\\train\\F_2_7_533.jpg",
  "box": [
    1.55364990234375,
    257.4586486816406,
    1727.7646484375,
    1069.892578125
  ],
  "class": 2,
  "confidence": 0.8686131238937378,
  "uncertainty": 0.1339521729740115
}