{
  "image": "data\\raw\\images\\train\\F_2_7_1622.jpg",
  "box": [
    123.5921859741211,
    495.0160217285156,
    220.449462890625,
    653.1893310546875
  ],
  "class": 2,
  "confidence": 0.5745010375976562,
  "uncertainty": 0.31089597349910636
}