{
  "image": "data\\raw\\images\\train\\F_2_1_797.jpg",
  "box": [
    1247.149169921875,
    492.858154296875,
    1366.1495361328125,
    604.6491088867188
  ],
  "class": 2,
  "confidence": 0.35686326026916504,
  "uncertainty": 0.33896701443062227
}