{
  "image": "data\\raw\\images\\train\\F_2_9_3026.jpg",
  "box": [
    945.5185546875,
    364.66534423828125,
    1124.571533203125,
    547.4214477539062
  ],
  "class": 7,
  "confidence": 0.5394725203514099,
  "uncertainty": 0.41771068407417306
}