{
  "image": "data\\raw\\images\\train\\F_2_1_411.jpg",
  "box": [
    69.57547760009766,
    424.8150329589844,
    203.84783935546875,
    500.2962341308594
  ],
  "class": 2,
  "confidence": 0.8261257410049438,
  "uncertainty": 0.19764610741139393
}