{
  "image": "data\\raw\\images\\train\\F_2_1_406.jpg",
  "box": [
    747.2655029296875,
    467.8515930175781,
    842.3446655273438,
    574.759765625
  ],
  "class": 7,
  "confidence": 0.36631718277931213,
  "uncertainty": 0.45344318230196384
}