{
  "image": "data\\raw\\images\\train\\F_2_9_2883.jpg",
  "box": [
    600.961181640625,
    591.08837890625,
    719.3524169921875,
    759.9185791015625
  ],
  "class": 3,
  "confidence": 0.7954302430152893,
  "uncertainty": 0.281853689487227
}