{
  "image": "data\\raw\\images\\train\\F_2_2_765.jpg",
  "box": [
    376.10223388671875,
    474.8601379394531,
    584.0357055664062,
    645.704833984375
  ],
  "class": 2,
  "confidence": 0.7429254651069641,
  "uncertainty": 0.30218506172400716
}