{
  "image": "data\\raw\\images\\train\\F_2_9_332.jpg",
  "box": [
    0.10905075073242188,
    470.6849670410156,
    117.32223510742188,
    665.9500732421875
  ],
  "class": 3,
  "confidence": 0.6176439523696899,
  "uncertainty": 0.38563428074888917
}