{
  "image": "data\\raw\\images\\train\\F_2_7_1241.jpg",
  "box": [
    465.44219970703125,
    498.7001037597656,
    595.6083984375,
    613.1888427734375
  ],
  "class": 2,
  "confidence": 0.7786962985992432,
  "uncertainty": 0.18420557370294713
}