{
  "image": "data\\raw\\images\\train\\F_2_1_341.jpg",
  "box": [
    1439.75927734375,
    383.7379150390625,
    1572.44287109375,
    518.8380126953125
  ],
  "class": 2,
  "confidence": 0.42535459995269775,
  "uncertainty": 0.31652173111128457
}