{
  "image": "data\\raw\\images\\train\\F_2_9_2352.jpg",
  "box": [
    0.13328933715820312,
    517.792236328125,
    117.0941162109375,
    571.0374755859375
  ],
  "class": 2,
  "confidence": 0.46477773785591125,
  "uncertainty": 0.38555531959519335
}