{
  "image": "data\\raw\\images\\train\\F_2_1_3.jpg",
  "box": [
    1162.1842041015625,
    497.15972900390625,
    1456.252197265625,
    816.4801025390625
  ],
  "class": 2,
  "confidence": 0.9210658073425293,
  "uncertainty": 0.1289135345796731
}