{
  "image": "data\\raw\\images\\train\\F_2_7_152.jpg",
  "box": [
    176.49658203125,
    400.998046875,
    811.7088623046875,
    1003.136962890625
  ],
  "class": 2,
  "confidence": 0.9024163484573364,
  "uncertainty": 0.15349325677434844
}