{
  "image": "data\\raw\\images\\train\\F_2_5_85.jpg",
  "box": [
    1885.6614990234375,
    468.724853515625,
    1919.2239990234375,
    628.961669921875
  ],
  "class": 2,
  "confidence": 0.3797186613082886,
  "uncertainty": 0.36493287276387
}