{
  "image": "data\\raw\\images\\train\\F_2_3_14.jpg",
  "box": [
    610.6673583984375,
    420.326416015625,
    828.3678588867188,
    640.708984375
  ],
  "class": 2,
  "confidence": 0.8060161471366882,
  "uncertainty": 0.20219862870871316
}