{
  "image": "data\\raw\\images\\train\\F_2_2_1066.jpg",
  "box": [
    1287.06494140625,
    556.74560546875,
    1373.3538818359375,
    685.5271606445312
  ],
  "class": 3,
  "confidence": 0.7416011691093445,
  "uncertainty": 0.2945278130763309
}