{
  "image": "data\\raw\\images\\train\\F_2_6_223.jpg",
  "box": [
    1375.77099609375,
    516.548828125,
    1503.386962890625,
    696.2030029296875
  ],
  "class": 3,
  "confidence": 0.6745797395706177,
  "uncertainty": 0.3347476347446006
}