{
  "image": "data\\raw\\images\\train\\F_2_7_441.jpg",
  "box": [
    840.8629150390625,
    422.691650390625,
    992.3599853515625,
    464.7645263671875
  ],
  "class": 2,
  "confidence": 0.4956921339035034,
  "uncertainty": 0.318359964516876
}