{
  "image": "data\\raw\\images\\train\\F_2_7_1317.jpg",
  "box": [
    1873.912353515625,
    594.3990478515625,
    1919.2847900390625,
    659.7160034179688
  ],
  "class": 2,
  "confidence": 0.5552904009819031,
  "uncertainty": 0.27511921453377525
}