{
  "image": "data\\raw\\images\\train\\F_2_8_1931.jpg",
  "box": [
    563.3900146484375,
    477.60980224609375,
    701.122314453125,
    608.5740356445312
  ],
  "class": 2,
  "confidence": 0.692898154258728,
  "uncertainty": 0.24490744620731292
}