{
  "image": "data\\raw\\images\\train\\F_2_1_1190.jpg",
  "box": [
    879.8865966796875,
    456.3551330566406,
    1083.779052734375,
    634.573486328125
  ],
  "class": 2,
  "confidence": 0.821648895740509,
  "uncertainty": 0.16219347678614116
}