{
  "image": "data\\raw\\images\\train\\F_2_7_443.jpg",
  "box": [
    983.8917846679688,
    429.91644287109375,
    1074.23388671875,
    532.1141967773438
  ],
  "class": 2,
  "confidence": 0.48429766297340393,
  "uncertainty": 0.3398726536644369
}