{
  "image": "data\\raw\\images\\train\\F_2_5_195.jpg",
  "box": [
    1006.9925537109375,
    490.3490295410156,
    1054.1884765625,
    556.3975830078125
  ],
  "class": 3,
  "confidence": 0.3073568046092987,
  "uncertainty": 0.4720401244549463
}