{
  "image": "data\\raw\\images\\train\\F_2_7_210.jpg",
  "box": [
    995.7982177734375,
    367.16119384765625,
    1084.73876953125,
    466.4010009765625
  ],
  "class": 5,
  "confidence": 0.2852274775505066,
  "uncertainty": 0.45692899908489654
}