{
  "image": "data\\raw\\images\\train\\F_2_1_383.jpg",
  "box": [
    1291.1258544921875,
    431.7680969238281,
    1345.5616455078125,
    502.3490295410156
  ],
  "class": 7,
  "confidence": 0.5620988011360168,
  "uncertainty": 0.32168253286091647
}