{
  "image": "data\\raw\\images\\train\\F_2_7_2277.jpg",
  "box": [
    0.2698173522949219,
    473.51824951171875,
    163.00006103515625,
    720.5233154296875
  ],
  "class": 3,
  "confidence": 0.6222719550132751,
  "uncertainty": 0.41248513438744705
}