{
  "image": "data\\raw\\images\\train\\F_2_7_378.jpg",
  "box": [
    980.76171875,
    440.4150695800781,
    1082.4251708984375,
    519.7528076171875
  ],
  "class": 7,
  "confidence": 0.4881942570209503,
  "uncertainty": 0.41510196789902504
}