{
  "image": "data\\raw\\images\\train\\F_2_6_1833.jpg",
  "box": [
    550.1456909179688,
    562.6008911132812,
    685.5267333984375,
    743.4724731445312
  ],
  "class": 3,
  "confidence": 0.6678520441055298,
  "uncertainty": 0.35041962917804503
}