{
  "image": "data\\raw\\images\\train\\F_2_1_957.jpg",
  "box": [
    1589.239013671875,
    465.4521484375,
    1741.8460693359375,
    575.3035278320312
  ],
  "class": 7,
  "confidence": 0.36583518981933594,
  "uncertainty": 0.44816860263206354
}