{
  "image": "data\\raw\\images\\train\\F_2_1_849.jpg",
  "box": [
    168.7786102294922,
    426.430419921875,
    401.07763671875,
    527.5686645507812
  ],
  "class": 2,
  "confidence": 0.6115627288818359,
  "uncertainty": 0.36641123910359247
}