{
  "image": "data\\raw\\images\\train\\F_2_2_989.jpg",
  "box": [
    1068.5123291015625,
    458.8560791015625,
    1632.2860107421875,
    933.8994140625
  ],
  "class": 2,
  "confidence": 0.9097873568534851,
  "uncertainty": 0.1375637455530724
}