{
  "image": "data\\raw\\images\\train\\F_2_4_25.jpg",
  "box": [
    1297.8402099609375,
    422.2123718261719,
    1400.2291259765625,
    519.051025390625
  ],
  "class": 2,
  "confidence": 0.6757957339286804,
  "uncertainty": 0.2701257712169608
}