{
  "image": "data\\raw\\images\\train\\F_2_2_795.jpg",
  "box": [
    894.7787475585938,
    564.00439453125,
    955.1392822265625,
    653.2095336914062
  ],
  "class": 2,
  "confidence": 0.6254255771636963,
  "uncertainty": 0.233328524607429
}