{
  "image": "data\\raw\\images\\train\\F_2_1_950.jpg",
  "box": [
    910.749755859375,
    450.9364929199219,
    930.834228515625,
    488.7959289550781
  ],
  "class": 3,
  "confidence": 0.2801789939403534,
  "uncertainty": 0.4554265423607421
}