{
  "image": "data\\raw\\images\\train\\F_2_11_1203.jpg",
  "box": [
    242.4917449951172,
    199.59329223632812,
    1734.992431640625,
    1070.030029296875
  ],
  "class": 7,
  "confidence": 0.380832701921463,
  "uncertainty": 0.4146502039322135
}