{
  "image": "data\\raw\\images\\train\\F_2_2_380.jpg",
  "box": [
    936.95361328125,
    486.21258544921875,
    1182.515625,
    718.929931640625
  ],
  "class": 2,
  "confidence": 0.8851835131645203,
  "uncertainty": 0.14665745393600968
}