{
  "image": "data\\raw\\images\\train\\F_2_3_248.jpg",
  "box": [
    877.735107421875,
    427.34783935546875,
    1365.8873291015625,
    885.188720703125
  ],
  "class": 2,
  "confidence": 0.904305100440979,
  "uncertainty": 0.09317840744343418
}