{
  "image": "data\\raw\\images\\train\\F_2_9_343.jpg",
  "box": [
    1320.14990234375,
    440.0369567871094,
    1406.0439453125,
    531.102783203125
  ],
  "class": 2,
  "confidence": 0.43215370178222656,
  "uncertainty": 0.38273599461381325
}