{
  "image": "data\\raw\\images\\train\\F_2_11_164.jpg",
  "box": [
    1815.381591796875,
    515.4628295898438,
    1918.931396484375,
    620.064453125
  ],
  "class": 2,
  "confidence": 0.7443953156471252,
  "uncertainty": 0.18342730823908232
}