{
  "image": "data\\raw\\images\\train\\F_2_10_468.jpg",
  "box": [
    847.639892578125,
    339.031982421875,
    1057.3326416015625,
    482.67547607421875
  ],
  "class": 5,
  "confidence": 0.8266038298606873,
  "uncertainty": 0.2980985712546471
}