{
  "image": "data\\raw\\images\\train\\F_2_6_439.jpg",
  "box": [
    437.8999328613281,
    544.05712890625,
    522.068115234375,
    664.7630615234375
  ],
  "class": 3,
  "confidence": 0.2665151357650757,
  "uncertainty": 0.49548692856848897
}