{
  "image": "data\\raw\\images\\train\\F_2_1_766.jpg",
  "box": [
    0.06845855712890625,
    430.78802490234375,
    55.03337860107422,
    587.8046264648438
  ],
  "class": 5,
  "confidence": 0.5474607348442078,
  "uncertainty": 0.3680046819669259
}