{
  "image": "data\\raw\\images\\train\\F_2_9_2569.jpg",
  "box": [
    569.6942749023438,
    435.87872314453125,
    674.2617797851562,
    559.12841796875
  ],
  "class": 7,
  "confidence": 0.31345751881599426,
  "uncertainty": 0.4932408198518094
}