{
  "image": "data\\raw\\images\\train\\F_2_2_1238.jpg",
  "box": [
    1545.911865234375,
    547.124267578125,
    1919.0343017578125,
    1067.878662109375
  ],
  "class": 2,
  "confidence": 0.9114764928817749,
  "uncertainty": 0.16965032264802843
}