{
  "image": "data\\raw\\images\\train\\F_2_2_485.jpg",
  "box": [
    1112.0556640625,
    469.08837890625,
    1242.691162109375,
    634.8583374023438
  ],
  "class": 2,
  "confidence": 0.8124909996986389,
  "uncertainty": 0.20849055588452153
}