{
  "image": "data\\raw\\images\\train\\F_2_1_893.jpg",
  "box": [
    1494.7532958984375,
    469.97003173828125,
    1536.56689453125,
    536.3663330078125
  ],
  "class": 3,
  "confidence": 0.47197064757347107,
  "uncertainty": 0.40599598182425634
}