{
  "image": "data\\raw\\images\\train\\F_2_7_1804.jpg",
  "box": [
    593.2150268554688,
    444.9617614746094,
    1330.266357421875,
    1048.6077880859375
  ],
  "class": 2,
  "confidence": 0.9200113415718079,
  "uncertainty": 0.13701587490274206
}