{
  "image": "data\\raw\\images\\train\\F_2_1_354.jpg",
  "box": [
    1202.187744140625,
    485.8267822265625,
    1284.17138671875,
    552.615234375
  ],
  "class": 2,
  "confidence": 0.40579134225845337,
  "uncertainty": 0.45025227839360893
}