{
  "image": "data\\raw\\images\\train\\F_2_7_882.jpg",
  "box": [
    578.5003051757812,
    439.83673095703125,
    690.6016845703125,
    585.774658203125
  ],
  "class": 7,
  "confidence": 0.43143677711486816,
  "uncertainty": 0.472942530599937
}