{
  "image": "data\\raw\\images\\train\\F_2_11_467.jpg",
  "box": [
    1006.239501953125,
    464.62738037109375,
    1054.6048583984375,
    495.5708312988281
  ],
  "class": 2,
  "confidence": 0.4730270206928253,
  "uncertainty": 0.2859576254947816
}