{
  "image": "data\\raw\\images\\train\\F_2_8_1068.jpg",
  "box": [
    972.5934448242188,
    504.60882568359375,
    1225.8486328125,
    720.8009033203125
  ],
  "class": 2,
  "confidence": 0.9159324765205383,
  "uncertainty": 0.1363953315205337
}