{
  "image": "data\\raw\\images\\train\\F_2_8_886.jpg",
  "box": [
    807.457763671875,
    534.3543701171875,
    881.3485107421875,
    604.736328125
  ],
  "class": 5,
  "confidence": 0.6977130770683289,
  "uncertainty": 0.2655274742392699
}