{
  "image": "data\\raw\\images\\train\\F_2_1_174.jpg",
  "box": [
    708.514404296875,
    521.1447143554688,
    745.970703125,
    570.236572265625
  ],
  "class": 3,
  "confidence": 0.6586427092552185,
  "uncertainty": 0.3240566206962074
}