{
  "image": "data\\raw\\images\\train\\F_2_1_561.jpg",
  "box": [
    1347.01416015625,
    544.9759521484375,
    1403.30078125,
    592.6097412109375
  ],
  "class": 2,
  "confidence": 0.4230068325996399,
  "uncertainty": 0.3246289870381041
}