{
  "image": "data\\raw\\images\\train\\F_2_3_201.jpg",
  "box": [
    991.1530151367188,
    366.7447814941406,
    1038.00244140625,
    405.5911560058594
  ],
  "class": 2,
  "confidence": 0.41704681515693665,
  "uncertainty": 0.34107055662561586
}