{
  "image": "data\\raw\\images\\train\\F_2_8_837.jpg",
  "box": [
    1510.41748046875,
    543.7999877929688,
    1621.4124755859375,
    658.338134765625
  ],
  "class": 3,
  "confidence": 0.651177704334259,
  "uncertainty": 0.33701450075083217
}