{
  "image": "data\\raw\\images\\train\\F_2_6_36.jpg",
  "box": [
    1208.9725341796875,
    596.930419921875,
    1284.774169921875,
    704.4180908203125
  ],
  "class": 3,
  "confidence": 0.7192378640174866,
  "uncertainty": 0.30188011173232376
}