{
  "image": "data\\raw\\images\\train\\F_2_3_433.jpg",
  "box": [
    785.1611938476562,
    36.57225036621094,
    1418.2525634765625,
    702.0465698242188
  ],
  "class": 5,
  "confidence": 0.9272347092628479,
  "uncertainty": 0.23619350977235276
}