{
  "image": "data\\raw\\images\\train\\F_2_9_3026.jpg",
  "box": [
    898.5961303710938,
    469.2857666015625,
    993.4971313476562,
    553.2756958007812
  ],
  "class": 2,
  "confidence": 0.7728127241134644,
  "uncertainty": 0.17354129595260268
}