{
  "image": "data\\raw\\images\\train\\F_2_2_787.jpg",
  "box": [
    695.7156982421875,
    460.5912780761719,
    980.0744018554688,
    619.84228515625
  ],
  "class": 2,
  "confidence": 0.7444813251495361,
  "uncertainty": 0.44295758401618546
}