{
  "image": "data\\raw\\images\\train\\F_2_1_627.jpg",
  "box": [
    1107.858154296875,
    457.4936828613281,
    1208.25927734375,
    580.7825927734375
  ],
  "class": 2,
  "confidence": 0.2698639929294586,
  "uncertainty": 0.3803533522838225
}