{
  "image": "data\\raw\\images\\train\\F_2_4_42.jpg",
  "box": [
    215.927490234375,
    397.38116455078125,
    346.4691467285156,
    496.88818359375
  ],
  "class": 5,
  "confidence": 0.5694734454154968,
  "uncertainty": 0.435707769970842
}