{
  "image": "data\\raw\\images\\train\\F_2_7_150.jpg",
  "box": [
    0.32915496826171875,
    377.6186828613281,
    202.13226318359375,
    876.158935546875
  ],
  "class": 2,
  "confidence": 0.5670075416564941,
  "uncertainty": 0.2533668856134261
}