{
  "image": "data\\raw\\images\\train\\F_2_1_29.jpg",
  "box": [
    0.23632049560546875,
    304.32958984375,
    132.50216674804688,
    554.7312622070312
  ],
  "class": 7,
  "confidence": 0.8463996052742004,
  "uncertainty": 0.250419411663068
}