{
  "image": "data\\raw\\images\\train\\F_2_7_142.jpg",
  "box": [
    1271.5477294921875,
    397.6910705566406,
    1751.641845703125,
    554.4744873046875
  ],
  "class": 2,
  "confidence": 0.7644569277763367,
  "uncertainty": 0.20182524411674962
}