{
  "image": "data\\raw\\images\\train\\F_2_2_1187.jpg",
  "box": [
    657.5908203125,
    523.6287841796875,
    987.7105712890625,
    863.582763671875
  ],
  "class": 2,
  "confidence": 0.9081436395645142,
  "uncertainty": 0.1699685502785418
}