{
  "image": "data\\raw\\images\\train\\F_2_1_1199.jpg",
  "box": [
    220.7574005126953,
    376.8029479980469,
    337.07720947265625,
    465.9540710449219
  ],
  "class": 7,
  "confidence": 0.47960883378982544,
  "uncertainty": 0.45138767644712113
}