{
  "image": "data\\raw\\images\\train\\F_2_2_773.jpg",
  "box": [
    1388.585693359375,
    528.510498046875,
    1459.527587890625,
    615.5555419921875
  ],
  "class": 2,
  "confidence": 0.6424344182014465,
  "uncertainty": 0.3314984580229459
}