{
  "image": "data\\raw\\images\\train\\F_2_11_467.jpg",
  "box": [
    1479.7481689453125,
    481.2521667480469,
    1537.9617919921875,
    539.0655517578125
  ],
  "class": 2,
  "confidence": 0.48670411109924316,
  "uncertainty": 0.2837789163812897
}