{
  "image": "data\\raw\\images\\train\\F_2_11_341.jpg",
  "box": [
    198.42672729492188,
    569.9659423828125,
    306.1299133300781,
    725.4314575195312
  ],
  "class": 3,
  "confidence": 0.7234745025634766,
  "uncertainty": 0.32633586850531776
}