{
  "image": "data\\raw\\images\\train\\F_2_1_620.jpg",
  "box": [
    1758.0472412109375,
    522.2445068359375,
    1808.6846923828125,
    592.421630859375
  ],
  "class": 2,
  "confidence": 0.46517300605773926,
  "uncertainty": 0.33203145079560403
}