{
  "image": "data\\raw\\images\\train\\F_2_9_761.jpg",
  "box": [
    548.15625,
    509.7602233886719,
    593.6337890625,
    571.9854736328125
  ],
  "class": 3,
  "confidence": 0.5837259888648987,
  "uncertainty": 0.35331127926384753
}