{
  "image": "data\\raw\\images\\train\\F_2_1_627.jpg",
  "box": [
    826.5238037109375,
    477.6060791015625,
    855.3374633789062,
    525.22412109375
  ],
  "class": 3,
  "confidence": 0.6210663318634033,
  "uncertainty": 0.3356330562597957
}