{
  "image": "data\\raw\\images\\train\\F_2_7_378.jpg",
  "box": [
    744.1861572265625,
    594.9984741210938,
    837.7022705078125,
    722.8203735351562
  ],
  "class": 3,
  "confidence": 0.7980002164840698,
  "uncertainty": 0.2779496088939193
}