{
  "image": "data\\raw\\images\\train\\F_2_7_346.jpg",
  "box": [
    997.546875,
    519.601806640625,
    1052.8597412109375,
    620.142578125
  ],
  "class": 3,
  "confidence": 0.4471658170223236,
  "uncertainty": 0.4518923926759116
}