{
  "image": "data\\raw\\images\\train\\F_2_1_632.jpg",
  "box": [
    841.290771484375,
    571.5598754882812,
    948.5560302734375,
    738.3151245117188
  ],
  "class": 3,
  "confidence": 0.5380629301071167,
  "uncertainty": 0.41840930080533095
}