{
  "image": "data\\raw\\images\\train\\F_2_8_946.jpg",
  "box": [
    926.6971435546875,
    597.3243408203125,
    1033.3681640625,
    800.5596313476562
  ],
  "class": 3,
  "confidence": 0.6606106162071228,
  "uncertainty": 0.35589744387945677
}