{
  "image": "data\\raw\\images\\train\\F_2_10_110.jpg",
  "box": [
    673.6221313476562,
    496.68896484375,
    721.2335815429688,
    571.271484375
  ],
  "class": 3,
  "confidence": 0.6533234715461731,
  "uncertainty": 0.3501120261716418
}