{
  "image": "data\\raw\\images\\train\\F_2_4_645.jpg",
  "box": [
    1671.796875,
    440.013427734375,
    1919.37890625,
    772.90576171875
  ],
  "class": 2,
  "confidence": 0.8116026520729065,
  "uncertainty": 0.18009169200596695
}