{
  "image": "data\\raw\\images\\train\\F_2_9_21.jpg",
  "box": [
    414.1903381347656,
    346.26422119140625,
    1487.1322021484375,
    1068.277099609375
  ],
  "class": 2,
  "confidence": 0.9417350888252258,
  "uncertainty": 0.09911858816619895
}