{
  "image": "data\\raw\\images\\train\\F_2_9_2718.jpg",
  "box": [
    690.2547607421875,
    466.6817321777344,
    810.504638671875,
    606.2374267578125
  ],
  "class": 7,
  "confidence": 0.5687365531921387,
  "uncertainty": 0.3481985237096463
}