{
  "image": "data\\raw\\images\\train\\F_2_7_1512.jpg",
  "box": [
    698.5732421875,
    288.06866455078125,
    799.842529296875,
    378.4822082519531
  ],
  "class": 2,
  "confidence": 0.39339253306388855,
  "uncertainty": 0.3590430588534536
}