{
  "image": "data\\raw\\images\\train\\F_2_3_635.jpg",
  "box": [
    1221.9212646484375,
    563.69580078125,
    1287.7388916015625,
    683.0074462890625
  ],
  "class": 3,
  "confidence": 0.5970653891563416,
  "uncertainty": 0.3703852330349319
}