{
  "image": "data\\raw\\images\\train\\F_2_7_164.jpg",
  "box": [
    653.5418701171875,
    404.7734069824219,
    829.144775390625,
    554.6094360351562
  ],
  "class": 2,
  "confidence": 0.6849040389060974,
  "uncertainty": 0.2617368996899959
}