{
  "image": "data\\raw\\images\\train\\F_2_5_247.jpg",
  "box": [
    1268.6953125,
    54.2728271484375,
    1765.01025390625,
    731.7973022460938
  ],
  "class": 7,
  "confidence": 0.2960151135921478,
  "uncertainty": 0.4736145191329391
}