{
  "image": "data\\raw\\images\\train\\F_2_6_330.jpg",
  "box": [
    1049.49658203125,
    439.00469970703125,
    1131.10302734375,
    616.471923828125
  ],
  "class": 2,
  "confidence": 0.7415511608123779,
  "uncertainty": 0.20148192049811886
}