{
  "image": "data\\raw\\images\\train\\F_2_1_632.jpg",
  "box": [
    965.7401733398438,
    437.8647766113281,
    1063.830078125,
    561.8912353515625
  ],
  "class": 7,
  "confidence": 0.626218318939209,
  "uncertainty": 0.31799072128510913
}