{
  "image": "data\\raw\\images\\train\\F_2_2_784.jpg",
  "box": [
    793.5069580078125,
    494.18902587890625,
    1093.9306640625,
    670.4291381835938
  ],
  "class": 2,
  "confidence": 0.7453755736351013,
  "uncertainty": 0.37488502068890023
}