{
  "image": "data\\raw\\images\\train\\F_2_1_794.jpg",
  "box": [
    1622.706298828125,
    379.14447021484375,
    1919.343017578125,
    646.7142944335938
  ],
  "class": 2,
  "confidence": 0.9328222870826721,
  "uncertainty": 0.10307502613918254
}