{
  "image": "data\\raw\\images\\train\\F_2_1_325.jpg",
  "box": [
    415.00689697265625,
    355.2975769042969,
    562.241455078125,
    498.6749267578125
  ],
  "class": 7,
  "confidence": 0.7104103565216064,
  "uncertainty": 0.31553032730331304
}