{
  "image": "data\\raw\\images\\train\\F_2_5_206.jpg",
  "box": [
    502.79571533203125,
    403.0525817871094,
    883.87646484375,
    616.72900390625
  ],
  "class": 7,
  "confidence": 0.5206196308135986,
  "uncertainty": 0.3981144830541156
}