{
  "image": "data\\raw\\images\\train\\F_2_11_143.jpg",
  "box": [
    470.414794921875,
    297.7413024902344,
    714.1541748046875,
    623.4498291015625
  ],
  "class": 7,
  "confidence": 0.8513702154159546,
  "uncertainty": 0.28939360219929183
}