{
  "image": "data\\raw\\images\\train\\F_2_7_886.jpg",
  "box": [
    0.2978668212890625,
    415.9997863769531,
    681.665283203125,
    985.918701171875
  ],
  "class": 2,
  "confidence": 0.724308431148529,
  "uncertainty": 0.20979090038867318
}