{
  "image": "data\\raw\\images\\train\\F_2_3_90.jpg",
  "box": [
    1566.633544921875,
    498.1907043457031,
    1919.394287109375,
    834.5674438476562
  ],
  "class": 2,
  "confidence": 0.9113709330558777,
  "uncertainty": 0.12495510914003255
}