{
  "image": "data\\raw\\images\\train\\F_2_7_1814.jpg",
  "box": [
    951.9228515625,
    298.6939697265625,
    1520.208984375,
    537.4205322265625
  ],
  "class": 5,
  "confidence": 0.9010130167007446,
  "uncertainty": 0.27924547446021164
}