{
  "image": "data\\raw\\images\\train\\F_2_6_1561.jpg",
  "box": [
    0.41159820556640625,
    437.0234069824219,
    124.3337173461914,
    886.6046142578125
  ],
  "class": 2,
  "confidence": 0.7478001117706299,
  "uncertainty": 0.19338052529784286
}