{
  "image": "data\\raw\\images\\train\\F_2_9_343.jpg",
  "box": [
    1496.163330078125,
    506.3876953125,
    1710.640625,
    677.9042358398438
  ],
  "class": 3,
  "confidence": 0.8505406975746155,
  "uncertainty": 0.36564255769761494
}