{
  "image": "data\\raw\\images\\train\\F_2_2_878.jpg",
  "box": [
    890.4798583984375,
    474.18658447265625,
    925.650634765625,
    527.4179077148438
  ],
  "class": 3,
  "confidence": 0.35311728715896606,
  "uncertainty": 0.44853688008434084
}