{
  "image": "data\\raw\\images\\train\\F_2_1_855.jpg",
  "box": [
    768.4315795898438,
    515.9837036132812,
    830.5398559570312,
    593.2225341796875
  ],
  "class": 3,
  "confidence": 0.6561983823776245,
  "uncertainty": 0.3591814042896263
}