{
  "image": "data\\raw\\images\\train\\F_2_2_1182.jpg",
  "box": [
    951.645751953125,
    461.16668701171875,
    1113.716796875,
    711.9380493164062
  ],
  "class": 2,
  "confidence": 0.8330889940261841,
  "uncertainty": 0.239974779849065
}