{
  "image": "data\\raw\\images\\train\\F_2_1_730.jpg",
  "box": [
    1772.1031494140625,
    424.55865478515625,
    1919.3221435546875,
    636.7577514648438
  ],
  "class": 5,
  "confidence": 0.516800045967102,
  "uncertainty": 0.34231226994774494
}