{
  "image": "data\\raw\\images\\train\\F_2_8_932.jpg",
  "box": [
    712.7382202148438,
    553.2760620117188,
    829.7056274414062,
    701.6035766601562
  ],
  "class": 3,
  "confidence": 0.7507258653640747,
  "uncertainty": 0.30097901864638466
}