{
  "image": "data\\raw\\images\\train\\F_2_2_87.jpg",
  "box": [
    560.1656494140625,
    461.15606689453125,
    607.83544921875,
    522.4187622070312
  ],
  "class": 2,
  "confidence": 0.41965189576148987,
  "uncertainty": 0.3096654677743589
}