{
  "image": "data\\raw\\images\\train\\F_2_9_407.jpg",
  "box": [
    1722.872314453125,
    479.92742919921875,
    1775.22802734375,
    558.7069091796875
  ],
  "class": 2,
  "confidence": 0.34200620651245117,
  "uncertainty": 0.4065828201064605
}