{
  "image": "data\\raw\\images\\train\\F_2_1_349.jpg",
  "box": [
    795.945556640625,
    478.4266662597656,
    845.0570068359375,
    515.220458984375
  ],
  "class": 2,
  "confidence": 0.7462616562843323,
  "uncertainty": 0.18576375653535226
}