{
  "image": "data\\raw\\images\\train\\F_2_2_1292.jpg",
  "box": [
    1362.70703125,
    471.62188720703125,
    1918.4306640625,
    1065.5745849609375
  ],
  "class": 2,
  "confidence": 0.540256679058075,
  "uncertainty": 0.2943929785927407
}