{
  "image": "data\\raw\\images\\train\\F_2_1_775.jpg",
  "box": [
    1347.51904296875,
    468.1063232421875,
    1473.3994140625,
    577.7799072265625
  ],
  "class": 2,
  "confidence": 0.6708336472511292,
  "uncertainty": 0.21772669636405537
}