{
  "image": "data\\raw\\images\\train\\F_2_3_494.jpg",
  "box": [
    804.6959838867188,
    386.0203857421875,
    882.861328125,
    485.952392578125
  ],
  "class": 2,
  "confidence": 0.44846636056900024,
  "uncertainty": 0.32985965003085005
}