{
  "image": "data\\raw\\images\\train\\F_2_2_1584.jpg",
  "box": [
    517.250244140625,
    469.0981750488281,
    728.8306274414062,
    654.2140502929688
  ],
  "class": 2,
  "confidence": 0.8471331596374512,
  "uncertainty": 0.17106714431579137
}