{
  "image": "data\\raw\\images\\train\\F_2_2_367.jpg",
  "box": [
    95.30941772460938,
    436.10211181640625,
    339.598388671875,
    557.0128784179688
  ],
  "class": 5,
  "confidence": 0.5103833079338074,
  "uncertainty": 0.42954983098594274
}