{
  "image": "data\\raw\\images\\train\\F_2_1_715.jpg",
  "box": [
    1822.874755859375,
    499.9390869140625,
    1857.8388671875,
    554.1903076171875
  ],
  "class": 3,
  "confidence": 0.5038754343986511,
  "uncertainty": 0.3771012661510259
}