{
  "image": "data\\raw\\images\\train\\F_2_1_659.jpg",
  "box": [
    1153.68505859375,
    653.3323974609375,
    1343.470947265625,
    918.5744018554688
  ],
  "class": 3,
  "confidence": 0.5771067142486572,
  "uncertainty": 0.4250842303840581
}