{
  "image": "data\\raw\\images\\train\\F_2_8_1733.jpg",
  "box": [
    1064.3865966796875,
    488.49822998046875,
    1088.2327880859375,
    518.1510620117188
  ],
  "class": 3,
  "confidence": 0.38489747047424316,
  "uncertainty": 0.43185609867802127
}