{
  "image": "data\\raw\\images\\train\\F_2_1_829.jpg",
  "box": [
    110.96642303466797,
    414.9100341796875,
    237.77474975585938,
    546.2900390625
  ],
  "class": 5,
  "confidence": 0.5760923027992249,
  "uncertainty": 0.35065107078092134
}