{
  "image": "data\\raw\\images\\train\\F_2_9_310.jpg",
  "box": [
    543.2257080078125,
    517.2294921875,
    738.26416015625,
    666.121337890625
  ],
  "class": 2,
  "confidence": 0.8840420842170715,
  "uncertainty": 0.1372348688951086
}