{
  "image": "data\\raw\\images\\train\\F_2_1_383.jpg",
  "box": [
    761.7031860351562,
    497.31982421875,
    814.5558471679688,
    571.1073608398438
  ],
  "class": 3,
  "confidence": 0.6857250928878784,
  "uncertainty": 0.33072352081811773
}