{
  "image": "data\\raw\\images\\train\\F_2_3_224.jpg",
  "box": [
    1235.791015625,
    265.306396484375,
    1730.818603515625,
    821.705810546875
  ],
  "class": 7,
  "confidence": 0.8551806211471558,
  "uncertainty": 0.2628397418530766
}