{
  "image": "data\\raw\\images\\train\\F_2_9_2991.jpg",
  "box": [
    524.2138671875,
    409.9595031738281,
    793.70166015625,
    471.046875
  ],
  "class": 2,
  "confidence": 0.5194441676139832,
  "uncertainty": 0.32518590653186713
}