{
  "image": "data\\raw\\images\\train\\F_2_2_241.jpg",
  "box": [
    685.4287109375,
    521.0472412109375,
    721.0020751953125,
    567.25244140625
  ],
  "class": 3,
  "confidence": 0.6235463619232178,
  "uncertainty": 0.3313397674636188
}