{
  "image": "data\\raw\\images\\train\\F_2_9_1486.jpg",
  "box": [
    0.0,
    427.9448547363281,
    902.268310546875,
    1067.4119873046875
  ],
  "class": 2,
  "confidence": 0.9476331472396851,
  "uncertainty": 0.09723748175773007
}