{
  "image": "data\\raw\\images\\train\\F_2_2_1564.jpg",
  "box": [
    1464.38037109375,
    481.03076171875,
    1749.8719482421875,
    684.6949462890625
  ],
  "class": 2,
  "confidence": 0.8026922941207886,
  "uncertainty": 0.2316858612360237
}