{
  "image": "data\\raw\\images\\train\\F_2_6_523.jpg",
  "box": [
    1416.1798095703125,
    536.4217529296875,
    1473.4053955078125,
    616.5611572265625
  ],
  "class": 3,
  "confidence": 0.5009632110595703,
  "uncertainty": 0.41148645961282515
}