{
  "image": "data\\raw\\images\\train\\F_2_6_126.jpg",
  "box": [
    565.05322265625,
    652.5321044921875,
    749.2890014648438,
    964.97265625
  ],
  "class": 3,
  "confidence": 0.6352471709251404,
  "uncertainty": 0.37710962966985934
}