{
  "image": "data\\raw\\images\\train\\F_2_2_964.jpg",
  "box": [
    255.91644287109375,
    516.80517578125,
    413.20318603515625,
    642.6453857421875
  ],
  "class": 2,
  "confidence": 0.8465696573257446,
  "uncertainty": 0.15012057206257912
}