{
  "image": "data\\raw\\images\\train\\F_2_1_450.jpg",
  "box": [
    1087.2235107421875,
    450.0029296875,
    1202.2423095703125,
    516.7197875976562
  ],
  "class": 2,
  "confidence": 0.45999112725257874,
  "uncertainty": 0.31462930055336147
}