{
  "image": "data\\raw\\images\\train\\F_2_7_1804.jpg",
  "box": [
    624.6534423828125,
    402.4347839355469,
    832.3035278320312,
    590.399658203125
  ],
  "class": 2,
  "confidence": 0.8359121084213257,
  "uncertainty": 0.23177347374472906
}