{
  "image": "data\\raw\\images\\train\\F_2_7_192.jpg",
  "box": [
    232.5175323486328,
    472.83038330078125,
    1353.9375,
    1068.717041015625
  ],
  "class": 2,
  "confidence": 0.942041277885437,
  "uncertainty": 0.11037954484513501
}