{
  "image": "data\\raw\\images\\train\\F_2_2_317.jpg",
  "box": [
    835.4401245117188,
    307.2476806640625,
    1356.026123046875,
    941.1484375
  ],
  "class": 2,
  "confidence": 0.6013779640197754,
  "uncertainty": 0.24056622788590973
}