{
  "image": "data\\raw\\images\\train\\F_2_10_177.jpg",
  "box": [
    1038.086181640625,
    373.6622314453125,
    1218.52197265625,
    586.8740844726562
  ],
  "class": 7,
  "confidence": 0.6819090843200684,
  "uncertainty": 0.38263358580874
}