{
  "image": "data\\raw\\images\\train\\F_2_2_759.jpg",
  "box": [
    0.32283782958984375,
    478.4215087890625,
    137.04415893554688,
    994.6213989257812
  ],
  "class": 2,
  "confidence": 0.8595362305641174,
  "uncertainty": 0.26275909901321465
}