{
  "image": "data\\raw\\images\\train\\F_2_11_390.jpg",
  "box": [
    1346.364990234375,
    415.3393249511719,
    1405.424560546875,
    472.1003723144531
  ],
  "class": 2,
  "confidence": 0.2500172555446625,
  "uncertainty": 0.40901178571211894
}