{
  "image": "data\\raw\\images\\train\\F_2_8_925.jpg",
  "box": [
    1371.8184814453125,
    371.5748291015625,
    1420.064208984375,
    422.60723876953125
  ],
  "class": 2,
  "confidence": 0.44984832406044006,
  "uncertainty": 0.3094469862483003
}