{
  "image": "data\\raw\\images\\train\\F_2_3_459.jpg",
  "box": [
    488.4943542480469,
    449.7651672363281,
    667.9134521484375,
    541.952392578125
  ],
  "class": 2,
  "confidence": 0.6085143089294434,
  "uncertainty": 0.3710636941213089
}