{
  "image": "data\\raw\\images\\train\\F_2_2_1415.jpg",
  "box": [
    901.727783203125,
    479.8111267089844,
    969.39404296875,
    559.4400634765625
  ],
  "class": 2,
  "confidence": 0.4727010726928711,
  "uncertainty": 0.37470603106919753
}