{
  "image": "data\\raw\\images\\train\\F_2_1_759.jpg",
  "box": [
    1124.7576904296875,
    535.2607421875,
    1191.612060546875,
    594.4616088867188
  ],
  "class": 7,
  "confidence": 0.634326159954071,
  "uncertainty": 0.3367942003441922
}