{
  "image": "data\\raw\\images\\train\\F_2_6_1848.jpg",
  "box": [
    1813.656494140625,
    758.5660400390625,
    1919.344970703125,
    1063.3524169921875
  ],
  "class": 3,
  "confidence": 0.5968124866485596,
  "uncertainty": 0.389136335326093
}