{
  "image": "data\\raw\\images\\train\\F_2_1_701.jpg",
  "box": [
    1811.8363037109375,
    484.96954345703125,
    1918.521240234375,
    592.52099609375
  ],
  "class": 7,
  "confidence": 0.6020426154136658,
  "uncertainty": 0.3251218025933585
}