{
  "image": "data\\raw\\images\\train\\F_2_7_256.jpg",
  "box": [
    0.3721961975097656,
    379.1436767578125,
    155.33950805664062,
    991.0120239257812
  ],
  "class": 7,
  "confidence": 0.274997353553772,
  "uncertainty": 0.46692302109944894
}