{
  "image": "data\\raw\\images\\train\\F_2_10_210.jpg",
  "box": [
    988.5736083984375,
    251.15081787109375,
    1288.814208984375,
    634.994140625
  ],
  "class": 7,
  "confidence": 0.9259433746337891,
  "uncertainty": 0.21643593537825545
}