{
  "image": "data\\raw\\images\\train\\F_2_7_501.jpg",
  "box": [
    424.7035217285156,
    394.35552978515625,
    673.563232421875,
    458.67425537109375
  ],
  "class": 2,
  "confidence": 0.2952900230884552,
  "uncertainty": 0.4103879607366403
}