{
  "image": "data\\raw\\images\\train\\F_2_8_1780.jpg",
  "box": [
    619.635986328125,
    350.2335205078125,
    769.901123046875,
    547.4430541992188
  ],
  "class": 7,
  "confidence": 0.4917643070220947,
  "uncertainty": 0.41767292637928294
}