{
  "image": "data\\raw\\images\\train\\F_2_7_1573.jpg",
  "box": [
    485.9852294921875,
    436.0902099609375,
    718.6192626953125,
    669.6136474609375
  ],
  "class": 2,
  "confidence": 0.5927107930183411,
  "uncertainty": 0.34400917340445053
}