{
  "image": "data\\raw\\images\\train\\F_2_1_734.jpg",
  "box": [
    791.5076904296875,
    420.1529846191406,
    869.1080322265625,
    488.2306823730469
  ],
  "class": 2,
  "confidence": 0.4884316325187683,
  "uncertainty": 0.28867701297402465
}