{
  "image": "data\\raw\\images\\train\\F_2_1_443.jpg",
  "box": [
    1242.80517578125,
    409.26068115234375,
    1383.16650390625,
    598.9594116210938
  ],
  "class": 5,
  "confidence": 0.7616415619850159,
  "uncertainty": 0.2514699278734286
}