{
  "image": "data\\raw\\images\\train\\F_2_1_951.jpg",
  "box": [
    938.8628540039062,
    451.1091613769531,
    962.2058715820312,
    483.0865173339844
  ],
  "class": 3,
  "confidence": 0.26544418931007385,
  "uncertainty": 0.48869277273930006
}