{
  "image": "data\\raw\\images\\train\\F_2_1_559.jpg",
  "box": [
    261.6666259765625,
    570.8461303710938,
    450.7522888183594,
    728.9756469726562
  ],
  "class": 3,
  "confidence": 0.782929539680481,
  "uncertainty": 0.3069185563659435
}