{
  "image": "data\\raw\\images\\train\\F_2_2_87.jpg",
  "box": [
    492.4508056640625,
    447.6448974609375,
    564.263427734375,
    571.34033203125
  ],
  "class": 2,
  "confidence": 0.27834776043891907,
  "uncertainty": 0.36511031921202763
}