{
  "image": "data\\raw\\images\\train\\F_2_2_1101.jpg",
  "box": [
    0.5599365234375,
    395.1361083984375,
    273.988525390625,
    720.0785522460938
  ],
  "class": 5,
  "confidence": 0.4256007969379425,
  "uncertainty": 0.3811426298620484
}