{
  "image": "data\\raw\\images\\train\\F_2_5_206.jpg",
  "box": [
    1784.3177490234375,
    562.5708618164062,
    1919.1595458984375,
    736.1760864257812
  ],
  "class": 3,
  "confidence": 0.7295401096343994,
  "uncertainty": 0.32736059035452797
}