{
  "image": "data\\raw\\images\\train\\F_2_9_2974.jpg",
  "box": [
    579.4443359375,
    571.5677490234375,
    689.4420166015625,
    731.2265625
  ],
  "class": 3,
  "confidence": 0.7844061255455017,
  "uncertainty": 0.27392214031405726
}