{
  "image": "data\\raw\\images\\train\\F_2_9_2932.jpg",
  "box": [
    768.6834716796875,
    326.7527160644531,
    958.6260986328125,
    547.6843872070312
  ],
  "class": 7,
  "confidence": 0.8204299807548523,
  "uncertainty": 0.23026136826642252
}