{
  "image": "data\\raw\\images\\train\\F_2_6_854.jpg",
  "box": [
    1174.369873046875,
    343.70013427734375,
    1748.827392578125,
    757.1546630859375
  ],
  "class": 7,
  "confidence": 0.5091635584831238,
  "uncertainty": 0.4953907676528759
}