{
  "image": "data\\raw\\images\\train\\F_2_9_2967.jpg",
  "box": [
    859.8392333984375,
    488.4009704589844,
    909.87841796875,
    540.955322265625
  ],
  "class": 2,
  "confidence": 0.49896717071533203,
  "uncertainty": 0.2786719894819818
}