{
  "image": "data\\raw\\images\\train\\F_2_1_1131.jpg",
  "box": [
    668.2505493164062,
    416.4322814941406,
    884.9243774414062,
    685.1797485351562
  ],
  "class": 7,
  "confidence": 0.6576442718505859,
  "uncertainty": 0.32882955742060616
}