{
  "image": "data\\raw\\images\\train\\F_2_1_424.jpg",
  "box": [
    0.7291717529296875,
    331.624267578125,
    269.8257751464844,
    541.88427734375
  ],
  "class": 7,
  "confidence": 0.5983412861824036,
  "uncertainty": 0.346732303558571
}