{
  "image": "data\\raw\\images\\train\\F_2_1_377.jpg",
  "box": [
    947.2124633789062,
    398.80377197265625,
    983.3600463867188,
    433.46368408203125
  ],
  "class": 2,
  "confidence": 0.4970934987068176,
  "uncertainty": 0.27528233918424766
}