{
  "image": "data\\raw\\images\\train\\F_2_1_351.jpg",
  "box": [
    1303.491455078125,
    506.0908203125,
    1386.272216796875,
    575.00146484375
  ],
  "class": 2,
  "confidence": 0.7414499521255493,
  "uncertainty": 0.2053395762827809
}