{
  "image": "data\\raw\\images\\train\\F_2_2_1588.jpg",
  "box": [
    365.843017578125,
    439.09698486328125,
    599.442138671875,
    647.2117309570312
  ],
  "class": 2,
  "confidence": 0.8474680185317993,
  "uncertainty": 0.1445786166676395
}