{
  "image": "data\\raw\\images\\train\\F_2_1_362.jpg",
  "box": [
    301.0404968261719,
    496.18597412109375,
    403.74957275390625,
    571.0743408203125
  ],
  "class": 2,
  "confidence": 0.7877156734466553,
  "uncertainty": 0.16193972991414693
}