{
  "image": "data\\raw\\images\\train\\F_2_1_932.jpg",
  "box": [
    835.9546508789062,
    468.9465637207031,
    862.3104858398438,
    506.7957458496094
  ],
  "class": 3,
  "confidence": 0.3827241361141205,
  "uncertainty": 0.45043954363188893
}