{
  "image": "data\\raw\\images\\train\\F_2_9_2259.jpg",
  "box": [
    75.91177368164062,
    363.3196105957031,
    388.7498474121094,
    739.072998046875
  ],
  "class": 7,
  "confidence": 0.7750594615936279,
  "uncertainty": 0.26453788453049876
}