{
  "image": "data\\raw\\images\\train\\F_2_6_523.jpg",
  "box": [
    470.999267578125,
    531.0839233398438,
    534.154052734375,
    630.2822265625
  ],
  "class": 3,
  "confidence": 0.5492897629737854,
  "uncertainty": 0.4038867147834785
}