{
  "image": "data\\raw\\images\\train\\F_2_5_16.jpg",
  "box": [
    1101.708984375,
    579.5630493164062,
    1186.613525390625,
    692.1143188476562
  ],
  "class": 3,
  "confidence": 0.7536230087280273,
  "uncertainty": 0.2810922198636882
}