{
  "image": "data\\raw\\images\\train\\F_2_7_1278.jpg",
  "box": [
    943.9830322265625,
    341.8076477050781,
    1010.4378662109375,
    383.5330810546875
  ],
  "class": 2,
  "confidence": 0.5347354412078857,
  "uncertainty": 0.27368803645501755
}