{
  "image": "data\\raw\\images\\train\\F_2_9_552.jpg",
  "box": [
    411.06463623046875,
    484.3204650878906,
    543.23388671875,
    542.353759765625
  ],
  "class": 2,
  "confidence": 0.3380538821220398,
  "uncertainty": 0.40883645480587383
}