{
  "image": "data\\raw\\images\\train\\F_2_1_632.jpg",
  "box": [
    1648.2901611328125,
    500.7008056640625,
    1682.7601318359375,
    565.939697265625
  ],
  "class": 3,
  "confidence": 0.38746851682662964,
  "uncertainty": 0.4396649221193333
}