{
  "image": "data\\raw\\images\\train\\F_2_2_772.jpg",
  "box": [
    258.73052978515625,
    590.6253662109375,
    307.64642333984375,
    846.7828369140625
  ],
  "class": 2,
  "confidence": 0.3485569953918457,
  "uncertainty": 0.4569797453903368
}