{
  "image": "data\\raw\\images\\train\\F_2_2_1034.jpg",
  "box": [
    386.0738525390625,
    426.8978576660156,
    643.5913696289062,
    474.1407165527344
  ],
  "class": 2,
  "confidence": 0.6418839693069458,
  "uncertainty": 0.3108874637760113
}