{
  "image": "data\\raw\\images\\train\\F_2_8_935.jpg",
  "box": [
    1118.692626953125,
    513.5715942382812,
    1166.62890625,
    612.01513671875
  ],
  "class": 3,
  "confidence": 0.3003399968147278,
  "uncertainty": 0.48408004384579184
}