{
  "image": "data\\raw\\images\\train\\F_2_2_241.jpg",
  "box": [
    900.5819091796875,
    487.4215393066406,
    945.3995361328125,
    568.1112060546875
  ],
  "class": 2,
  "confidence": 0.6700295805931091,
  "uncertainty": 0.2239112734002972
}