{
  "image": "data\\raw\\images\\train\\F_2_7_1830.jpg",
  "box": [
    612.1224365234375,
    423.25653076171875,
    711.9407958984375,
    527.9738159179688
  ],
  "class": 7,
  "confidence": 0.38180914521217346,
  "uncertainty": 0.4351474237239657
}