{
  "image": "data\\raw\\images\\train\\F_2_1_714.jpg",
  "box": [
    1602.701171875,
    511.3847351074219,
    1760.147216796875,
    638.740966796875
  ],
  "class": 2,
  "confidence": 0.8655432462692261,
  "uncertainty": 0.14520259715401168
}