{
  "image": "data\\raw\\images\\train\\F_2_1_730.jpg",
  "box": [
    1296.2652587890625,
    447.2545166015625,
    1333.6685791015625,
    493.8350830078125
  ],
  "class": 2,
  "confidence": 0.6033045649528503,
  "uncertainty": 0.2188471842397869
}