{
  "image": "data\\raw\\images\\train\\F_2_9_2834.jpg",
  "box": [
    561.4546508789062,
    462.3970642089844,
    615.9281616210938,
    564.549072265625
  ],
  "class": 3,
  "confidence": 0.3660663962364197,
  "uncertainty": 0.44545911888467155
}