{
  "image": "data\\raw\\images\\train\\F_2_6_550.jpg",
  "box": [
    809.6189575195312,
    573.6220703125,
    860.8174438476562,
    657.138916015625
  ],
  "class": 3,
  "confidence": 0.6165452003479004,
  "uncertainty": 0.3521485298862346
}