{
  "image": "data\\raw\\images\\train\\F_2_6_567.jpg",
  "box": [
    197.58901977539062,
    416.2817687988281,
    417.3302307128906,
    714.4761962890625
  ],
  "class": 2,
  "confidence": 0.7505861520767212,
  "uncertainty": 0.2255095580025464
}