{
  "image": "data\\raw\\images\\train\\F_2_7_1744.jpg",
  "box": [
    692.2027587890625,
    453.84869384765625,
    765.506103515625,
    534.1529541015625
  ],
  "class": 2,
  "confidence": 0.7381667494773865,
  "uncertainty": 0.20948660523103946
}