{
  "image": "data\\raw\\images\\train\\F_2_3_641.jpg",
  "box": [
    1277.484619140625,
    437.48040771484375,
    1356.891845703125,
    563.9539794921875
  ],
  "class": 7,
  "confidence": 0.6387146711349487,
  "uncertainty": 0.3558086079406795
}