{
  "image": "data\\raw\\images\\train\\F_2_2_1676.jpg",
  "box": [
    457.35076904296875,
    613.5759887695312,
    600.7095336914062,
    834.8851318359375
  ],
  "class": 3,
  "confidence": 0.7809838652610779,
  "uncertainty": 0.291687205349509
}