{
  "image": "data\\raw\\images\\train\\F_2_1_323.jpg",
  "box": [
    773.5087280273438,
    474.8987731933594,
    856.6906127929688,
    576.20849609375
  ],
  "class": 7,
  "confidence": 0.515763521194458,
  "uncertainty": 0.41030119586171365
}