{
  "image": "data\\raw\\images\\train\\F_2_9_2785.jpg",
  "box": [
    383.96929931640625,
    526.3717651367188,
    626.7546997070312,
    717.5384521484375
  ],
  "class": 3,
  "confidence": 0.7575024366378784,
  "uncertainty": 0.3003759993029663
}