{
  "image": "data\\raw\\images\\train\\F_2_3_201.jpg",
  "box": [
    1681.700439453125,
    613.5443115234375,
    1919.27587890625,
    1068.13671875
  ],
  "class": 2,
  "confidence": 0.9152652025222778,
  "uncertainty": 0.15774436363628264
}