{
  "image": "data\\raw\\images\\train\\F_2_7_1830.jpg",
  "box": [
    1.4836349487304688,
    3.49932861328125,
    318.5892639160156,
    811.3569946289062
  ],
  "class": 5,
  "confidence": 0.7358604073524475,
  "uncertainty": 0.3545728904915918
}