{
  "image": "data\\raw\\images\\train\\F_2_7_222.jpg",
  "box": [
    1027.4912109375,
    493.4486389160156,
    1918.790283203125,
    1068.4205322265625
  ],
  "class": 2,
  "confidence": 0.9530417919158936,
  "uncertainty": 0.10949510860088757
}