{
  "image": "data\\raw\\images\\train\\F_2_2_1053.jpg",
  "box": [
    805.7938842773438,
    464.6166687011719,
    939.8223266601562,
    506.864501953125
  ],
  "class": 2,
  "confidence": 0.3059435188770294,
  "uncertainty": 0.4347427771754291
}