{
  "image": "data\\raw\\images\\train\\F_2_8_900.jpg",
  "box": [
    123.76106262207031,
    397.4783020019531,
    401.7805480957031,
    528.6568603515625
  ],
  "class": 2,
  "confidence": 0.7298088669776917,
  "uncertainty": 0.2530820398272036
}