{
  "image": "data\\raw\\images\\train\\F_2_9_2573.jpg",
  "box": [
    403.2481384277344,
    451.96905517578125,
    481.7959899902344,
    544.5687866210938
  ],
  "class": 7,
  "confidence": 0.4229353964328766,
  "uncertainty": 0.4099031265220498
}