{
  "image": "data\\raw\\images\\train\\F_2_6_1164.jpg",
  "box": [
    1049.7021484375,
    563.947998046875,
    1176.977294921875,
    725.1876220703125
  ],
  "class": 3,
  "confidence": 0.7876389026641846,
  "uncertainty": 0.2953054103839583
}