{
  "image": "data\\raw\\images\\train\\F_2_9_2881.jpg",
  "box": [
    1560.7763671875,
    415.1690673828125,
    1906.98193359375,
    672.3983764648438
  ],
  "class": 2,
  "confidence": 0.8903339505195618,
  "uncertainty": 0.1303192050488583
}