{
  "image": "data\\raw\\images\\train\\F_2_1_682.jpg",
  "box": [
    1174.6336669921875,
    530.1329345703125,
    1219.3326416015625,
    591.4876708984375
  ],
  "class": 3,
  "confidence": 0.321878045797348,
  "uncertainty": 0.45719246359107857
}