{
  "image": "data\\raw\\images\\train\\F_2_9_3025.jpg",
  "box": [
    374.1501770019531,
    437.1570739746094,
    582.3402099609375,
    602.7317504882812
  ],
  "class": 2,
  "confidence": 0.8011636734008789,
  "uncertainty": 0.17405045607285677
}