{
  "image": "data\\raw\\images\\train\\F_2_1_957.jpg",
  "box": [
    701.0391845703125,
    415.57666015625,
    761.7529296875,
    472.62164306640625
  ],
  "class": 2,
  "confidence": 0.2830413281917572,
  "uncertainty": 0.4565617565274667
}