{
  "image": "data\\raw\\images\\train\\F_2_7_547.jpg",
  "box": [
    1.5164794921875,
    256.1721496582031,
    1705.8511962890625,
    1069.908447265625
  ],
  "class": 2,
  "confidence": 0.915549099445343,
  "uncertainty": 0.11214243320149987
}