{
  "image": "data\\raw\\images\\train\\F_2_2_1653.jpg",
  "box": [
    833.83740234375,
    483.9906921386719,
    906.14208984375,
    587.66259765625
  ],
  "class": 2,
  "confidence": 0.27442580461502075,
  "uncertainty": 0.49980452117608476
}