{
  "image": "data\\raw\\images\\train\\F_2_2_1292.jpg",
  "box": [
    0.7018890380859375,
    423.5687255859375,
    202.18222045898438,
    890.133056640625
  ],
  "class": 7,
  "confidence": 0.758163332939148,
  "uncertainty": 0.2780751903543098
}