{
  "image": "data\\raw\\images\\train\\F_2_1_821.jpg",
  "box": [
    1044.76318359375,
    521.05908203125,
    1088.4481201171875,
    587.1993408203125
  ],
  "class": 3,
  "confidence": 0.616611659526825,
  "uncertainty": 0.34854094338971925
}