{
  "image": "data\\raw\\images\\train\\F_2_2_437.jpg",
  "box": [
    0.38470458984375,
    711.47021484375,
    119.90364074707031,
    1071.96630859375
  ],
  "class": 3,
  "confidence": 0.7306798696517944,
  "uncertainty": 0.3484300746958458
}