{
  "image": "data\\raw\\images\\train\\F_2_2_241.jpg",
  "box": [
    1446.180419921875,
    489.8465881347656,
    1585.561767578125,
    618.0459594726562
  ],
  "class": 2,
  "confidence": 0.8394034504890442,
  "uncertainty": 0.1494566245793743
}