{
  "image": "data\\raw\\images\\train\\F_2_2_1011.jpg",
  "box": [
    1155.273681640625,
    453.17962646484375,
    1799.993408203125,
    1029.34375
  ],
  "class": 2,
  "confidence": 0.9326706528663635,
  "uncertainty": 0.12234311370518294
}