{
  "image": "data\\raw\\images\\train\\F_2_6_925.jpg",
  "box": [
    510.49566650390625,
    445.653564453125,
    556.373291015625,
    487.071044921875
  ],
  "class": 2,
  "confidence": 0.2679905295372009,
  "uncertainty": 0.37369880490695995
}