{
  "image": "data\\raw\\images\\train\\F_2_1_950.jpg",
  "box": [
    993.18115234375,
    454.2596740722656,
    1227.197265625,
    679.5880126953125
  ],
  "class": 2,
  "confidence": 0.8911552429199219,
  "uncertainty": 0.17252157253491196
}