{
  "image": "data\\raw\\images\\train\\F_2_6_857.jpg",
  "box": [
    358.81500244140625,
    493.0811767578125,
    420.11505126953125,
    575.24658203125
  ],
  "class": 2,
  "confidence": 0.26657798886299133,
  "uncertainty": 0.49152035248974274
}