{
  "image": "data\\raw\\images\\train\\F_2_2_431.jpg",
  "box": [
    532.6209716796875,
    467.83831787109375,
    593.00439453125,
    529.69482421875
  ],
  "class": 2,
  "confidence": 0.7417017817497253,
  "uncertainty": 0.18785445129807546
}