{
  "image": "data\\raw\\images\\train\\F_2_2_252.jpg",
  "box": [
    925.7107543945312,
    545.60791015625,
    976.458984375,
    619.5579833984375
  ],
  "class": 3,
  "confidence": 0.6048154830932617,
  "uncertainty": 0.34615817573724145
}