{
  "image": "data\\raw\\images\\train\\F_2_5_304.jpg",
  "box": [
    1546.96435546875,
    479.3064880371094,
    1684.927734375,
    596.11572265625
  ],
  "class": 2,
  "confidence": 0.3302260637283325,
  "uncertainty": 0.3422616450205128
}