{
  "image": "data\\raw\\images\\train\\F_2_2_771.jpg",
  "box": [
    1866.2435302734375,
    426.0412902832031,
    1919.2694091796875,
    510.4172058105469
  ],
  "class": 5,
  "confidence": 0.4025813341140747,
  "uncertainty": 0.394681781615739
}