{
  "image": "data\\raw\\images\\train\\F_2_9_2573.jpg",
  "box": [
    1769.8212890625,
    454.9514465332031,
    1916.5843505859375,
    545.95556640625
  ],
  "class": 7,
  "confidence": 0.2905902564525604,
  "uncertainty": 0.4626056411892126
}