{
  "image": "data\\raw\\images\\train\\F_2_2_871.jpg",
  "box": [
    194.81582641601562,
    506.2418518066406,
    242.67477416992188,
    596.6358642578125
  ],
  "class": 3,
  "confidence": 0.6328046321868896,
  "uncertainty": 0.34602777439623006
}