{
  "image": "data\\raw\\images\\train\\F_2_2_1476.jpg",
  "box": [
    1180.038818359375,
    459.21820068359375,
    1228.279296875,
    507.6356201171875
  ],
  "class": 2,
  "confidence": 0.26533207297325134,
  "uncertainty": 0.44669625828419274
}