{
  "image": "data\\raw\\images\\train\\F_2_9_3023.jpg",
  "box": [
    1527.119140625,
    457.8123779296875,
    1621.0880126953125,
    545.1447143554688
  ],
  "class": 2,
  "confidence": 0.4122731685638428,
  "uncertainty": 0.34396468981438527
}