{
  "image": "data\\raw\\images\\train\\F_2_1_766.jpg",
  "box": [
    834.4013671875,
    517.5761108398438,
    917.6277465820312,
    670.3944091796875
  ],
  "class": 3,
  "confidence": 0.6597788333892822,
  "uncertainty": 0.342523339628309
}