{
  "image": "data\\raw\\images\\train\\F_2_9_3037.jpg",
  "box": [
    1751.239013671875,
    427.49432373046875,
    1919.40234375,
    586.486083984375
  ],
  "class": 2,
  "confidence": 0.8966729044914246,
  "uncertainty": 0.12803661222684287
}