{
  "image": "data\\raw\\images\\train\\F_2_6_120.jpg",
  "box": [
    760.9055786132812,
    465.73480224609375,
    801.2462768554688,
    530.2127685546875
  ],
  "class": 3,
  "confidence": 0.5952012538909912,
  "uncertainty": 0.381934328645827
}