{
  "image": "data\\raw\\images\\train\\F_2_3_203.jpg",
  "box": [
    1257.5548095703125,
    390.7497253417969,
    1496.828369140625,
    598.59423828125
  ],
  "class": 2,
  "confidence": 0.9183236360549927,
  "uncertainty": 0.12433995338608292
}