{
  "image": "data\\raw\\images\\train\\F_2_1_702.jpg",
  "box": [
    1027.4298095703125,
    549.9677734375,
    1105.387451171875,
    663.3089599609375
  ],
  "class": 3,
  "confidence": 0.6916576623916626,
  "uncertainty": 0.3439757184015356
}