{
  "image": "data\\raw\\images\\train\\F_2_1_775.jpg",
  "box": [
    202.28297424316406,
    500.7244873046875,
    349.36773681640625,
    599.7120971679688
  ],
  "class": 2,
  "confidence": 0.25711897015571594,
  "uncertainty": 0.42198067177407456
}