{
  "image": "data\\raw\\images\\train\\F_2_6_330.jpg",
  "box": [
    1160.36865234375,
    628.7781982421875,
    1317.791748046875,
    824.4813232421875
  ],
  "class": 3,
  "confidence": 0.6952400803565979,
  "uncertainty": 0.3227591741639224
}