{
  "image": "data\\raw\\images\\train\\F_2_8_935.jpg",
  "box": [
    1092.9853515625,
    452.86322021484375,
    1131.276611328125,
    488.4884033203125
  ],
  "class": 2,
  "confidence": 0.3567149341106415,
  "uncertainty": 0.32628784882474066
}