{
  "image": "data\\raw\\images\\train\\F_2_1_843.jpg",
  "box": [
    691.4326171875,
    467.2213439941406,
    742.0387573242188,
    550.00146484375
  ],
  "class": 3,
  "confidence": 0.647567093372345,
  "uncertainty": 0.35609058898953116
}