{
  "image": "data\\raw\\images\\train\\F_2_10_110.jpg",
  "box": [
    960.0715942382812,
    391.7419738769531,
    1024.1488037109375,
    473.3791809082031
  ],
  "class": 7,
  "confidence": 0.3318983316421509,
  "uncertainty": 0.48824216925661884
}