{
  "image": "data\\raw\\images\\train\\F_2_1_960.jpg",
  "box": [
    1723.271484375,
    434.19329833984375,
    1774.3363037109375,
    471.26434326171875
  ],
  "class": 2,
  "confidence": 0.6669778227806091,
  "uncertainty": 0.1954383317703146
}