{
  "image": "data\\raw\\images\\train\\F_2_7_658.jpg",
  "box": [
    614.3460693359375,
    490.93817138671875,
    1004.7926025390625,
    843.7584228515625
  ],
  "class": 2,
  "confidence": 0.9265641570091248,
  "uncertainty": 0.12753580737703513
}