{
  "image": "data\\raw\\images\\train\\F_2_5_103.jpg",
  "box": [
    173.27783203125,
    437.0576477050781,
    458.6335144042969,
    757.75
  ],
  "class": 2,
  "confidence": 0.768494725227356,
  "uncertainty": 0.1527676229573171
}