{
  "image": "data\\raw\\images\\train\\F_2_7_1618.jpg",
  "box": [
    611.0980224609375,
    479.6822204589844,
    1920.0,
    1068.7088623046875
  ],
  "class": 2,
  "confidence": 0.9538283944129944,
  "uncertainty": 0.10625213209357551
}