{
  "image": "data\\raw\\images\\train\\F_2_7_898.jpg",
  "box": [
    1163.431396484375,
    406.0751953125,
    1299.397216796875,
    543.2767333984375
  ],
  "class": 2,
  "confidence": 0.7847709059715271,
  "uncertainty": 0.213070783126579
}