{
  "image": "data\\raw\\images\\train\\F_2_9_2259.jpg",
  "box": [
    800.2974243164062,
    420.50885009765625,
    1343.235107421875,
    910.2802734375
  ],
  "class": 2,
  "confidence": 0.8972781896591187,
  "uncertainty": 0.14658146297460006
}