{
  "image": "data\\raw\\images\\train\\F_2_9_3013.jpg",
  "box": [
    485.27813720703125,
    401.9321594238281,
    595.4622192382812,
    641.13818359375
  ],
  "class": 2,
  "confidence": 0.551087498664856,
  "uncertainty": 0.29993911334212253
}