{
  "image": "data\\raw\\images\\train\\F_2_7_1741.jpg",
  "box": [
    472.3929443359375,
    487.3752136230469,
    570.5579833984375,
    580.4302978515625
  ],
  "class": 2,
  "confidence": 0.8415096998214722,
  "uncertainty": 0.13971513155003584
}