{
  "image": "data\\raw\\images\\train\\F_2_9_1524.jpg",
  "box": [
    678.3121337890625,
    362.8076477050781,
    1086.54150390625,
    925.9813232421875
  ],
  "class": 5,
  "confidence": 0.7896015048027039,
  "uncertainty": 0.38370030595695664
}