{
  "image": "data\\raw\\images\\train\\F_2_2_765.jpg",
  "box": [
    1318.965576171875,
    502.893310546875,
    1400.014404296875,
    576.2457275390625
  ],
  "class": 2,
  "confidence": 0.7388519048690796,
  "uncertainty": 0.20699128595154093
}