{
  "image": "data\\raw\\images\\train\\F_2_5_336.jpg",
  "box": [
    545.3067626953125,
    621.43115234375,
    616.9583129882812,
    799.5693969726562
  ],
  "class": 2,
  "confidence": 0.25176194310188293,
  "uncertainty": 0.4205663348906183
}