{
  "image": "data\\raw\\images\\train\\F_2_1_1206.jpg",
  "box": [
    1202.43603515625,
    409.97607421875,
    1369.7054443359375,
    588.3477172851562
  ],
  "class": 7,
  "confidence": 0.45248156785964966,
  "uncertainty": 0.44525063633121803
}