{
  "image": "data\\raw\\images\\train\\F_2_9_2785.jpg",
  "box": [
    1773.19189453125,
    486.86572265625,
    1871.025146484375,
    575.5960693359375
  ],
  "class": 7,
  "confidence": 0.3022424280643463,
  "uncertainty": 0.48052334447728723
}