{
  "image": "data\\raw\\images\\train\\F_2_7_431.jpg",
  "box": [
    1184.2906494140625,
    448.1031188964844,
    1918.273681640625,
    1067.7852783203125
  ],
  "class": 2,
  "confidence": 0.9392938613891602,
  "uncertainty": 0.1298757158088514
}