{
  "image": "data\\raw\\images\\train\\F_2_7_759.jpg",
  "box": [
    264.7672119140625,
    541.9442138671875,
    311.0731201171875,
    613.1321411132812
  ],
  "class": 3,
  "confidence": 0.4417501389980316,
  "uncertainty": 0.42814674584070705
}