{
  "image": "data\\raw\\images\\train\\F_2_9_3002.jpg",
  "box": [
    599.9407958984375,
    368.5250244140625,
    775.8968505859375,
    519.759033203125
  ],
  "class": 7,
  "confidence": 0.4046781361103058,
  "uncertainty": 0.4923500696099805
}