{
  "image": "data\\raw\\images\\train\\F_2_1_950.jpg",
  "box": [
    88.64616394042969,
    455.3921813964844,
    340.9801025390625,
    540.0975952148438
  ],
  "class": 2,
  "confidence": 0.7850530743598938,
  "uncertainty": 0.24974650890630887
}