{
  "image": "data\\raw\\images\\train\\F_2_3_222.jpg",
  "box": [
    716.1966552734375,
    518.7813720703125,
    775.883056640625,
    583.3778686523438
  ],
  "class": 3,
  "confidence": 0.3753674328327179,
  "uncertainty": 0.44327733490605703
}