{
  "image": "data\\raw\\images\\train\\F_2_1_627.jpg",
  "box": [
    937.564697265625,
    564.5439453125,
    1044.355712890625,
    703.0086669921875
  ],
  "class": 3,
  "confidence": 0.6559278964996338,
  "uncertainty": 0.3296715337099185
}