{
  "image": "data\\raw\\images\\train\\F_2_7_475.jpg",
  "box": [
    744.8656005859375,
    439.08648681640625,
    1018.2596435546875,
    584.939697265625
  ],
  "class": 2,
  "confidence": 0.7246594429016113,
  "uncertainty": 0.3360637924381029
}