{
  "image": "data\\raw\\images\\train\\F_2_6_1082.jpg",
  "box": [
    1354.724853515625,
    514.6602783203125,
    1425.1640625,
    614.30615234375
  ],
  "class": 2,
  "confidence": 0.30919337272644043,
  "uncertainty": 0.4117104135623542
}