{
  "image": "data\\raw\\images\\train\\F_2_5_247.jpg",
  "box": [
    1000.2954711914062,
    407.9352722167969,
    1386.24560546875,
    771.5403442382812
  ],
  "class": 7,
  "confidence": 0.8939889073371887,
  "uncertainty": 0.2474835175986435
}