{
  "image": "data\\raw\\images\\train\\F_2_1_251.jpg",
  "box": [
    84.77513122558594,
    182.76608276367188,
    602.31640625,
    678.8168334960938
  ],
  "class": 7,
  "confidence": 0.950184166431427,
  "uncertainty": 0.18381829992385879
}