{
  "image": "data\\raw\\images\\train\\F_2_1_390.jpg",
  "box": [
    1265.568359375,
    519.2137451171875,
    1291.18994140625,
    564.4290161132812
  ],
  "class": 3,
  "confidence": 0.46388158202171326,
  "uncertainty": 0.3955816256842292
}