{
  "image": "data\\raw\\images\\train\\F_2_2_1292.jpg",
  "box": [
    1864.489013671875,
    452.2035827636719,
    1919.299072265625,
    491.2861633300781
  ],
  "class": 2,
  "confidence": 0.355191707611084,
  "uncertainty": 0.3703150370065623
}