{
  "image": "data\\raw\\images\\train\\F_2_2_1377.jpg",
  "box": [
    613.7190551757812,
    743.9133911132812,
    935.3067626953125,
    1074.616455078125
  ],
  "class": 3,
  "confidence": 0.5810967087745667,
  "uncertainty": 0.3645374640084966
}