{
  "image": "data\\raw\\images\\train\\F_2_6_1498.jpg",
  "box": [
    1537.380859375,
    435.19061279296875,
    1596.388427734375,
    497.8626708984375
  ],
  "class": 2,
  "confidence": 0.3631357252597809,
  "uncertainty": 0.4446534098162018
}