{
  "image": "data\\raw\\images\\train\\F_2_2_252.jpg",
  "box": [
    1298.742919921875,
    438.9854736328125,
    1532.94873046875,
    684.9274291992188
  ],
  "class": 7,
  "confidence": 0.7084832787513733,
  "uncertainty": 0.292228991324466
}