{
  "image": "data\\raw\\images\\train\\F_2_6_1625.jpg",
  "box": [
    1783.562255859375,
    617.9444580078125,
    1919.464599609375,
    849.0704345703125
  ],
  "class": 3,
  "confidence": 0.8148255348205566,
  "uncertainty": 0.26757857980761746
}