{
  "image": "data\\raw\\images\\train\\F_2_8_1826.jpg",
  "box": [
    1782.1915283203125,
    326.29541015625,
    1818.2750244140625,
    357.9408874511719
  ],
  "class": 2,
  "confidence": 0.47252798080444336,
  "uncertainty": 0.335615656153593
}