{
  "image": "data\\raw\\images\\train\\F_2_1_415.jpg",
  "box": [
    671.4611206054688,
    413.4769287109375,
    776.1494750976562,
    490.23126220703125
  ],
  "class": 7,
  "confidence": 0.37018847465515137,
  "uncertainty": 0.4113442721333351
}