{
  "image": "data\\raw\\images\\train\\F_2_2_1107.jpg",
  "box": [
    1359.96826171875,
    666.138916015625,
    1552.3828125,
    989.9653930664062
  ],
  "class": 3,
  "confidence": 0.7744379639625549,
  "uncertainty": 0.325562569233454
}