{
  "image": "data\\raw\\images\\train\\F_2_1_702.jpg",
  "box": [
    232.76165771484375,
    575.0272216796875,
    323.524169921875,
    704.513916015625
  ],
  "class": 3,
  "confidence": 0.8063494563102722,
  "uncertainty": 0.2626844674154124
}