{
  "image": "data\\raw\\images\\train\\F_2_2_1011.jpg",
  "box": [
    506.5009460449219,
    440.11767578125,
    638.8955078125,
    578.8649291992188
  ],
  "class": 7,
  "confidence": 0.2548583447933197,
  "uncertainty": 0.4728443867882039
}