{
  "image": "data\\raw\\images\\train\\F_2_8_188.jpg",
  "box": [
    1016.1099243164062,
    431.37103271484375,
    1512.892333984375,
    1012.1475219726562
  ],
  "class": 7,
  "confidence": 0.6004253625869751,
  "uncertainty": 0.35083305276804
}