{
  "image": "data\\raw\\images\\train\\F_2_8_1719.jpg",
  "box": [
    431.904541015625,
    387.7543029785156,
    578.8982543945312,
    539.4765625
  ],
  "class": 7,
  "confidence": 0.743939220905304,
  "uncertainty": 0.26589905459337543
}