{
  "image": "data\\raw\\images\\train\\F_2_2_767.jpg",
  "box": [
    0.3380584716796875,
    545.9493408203125,
    193.14935302734375,
    857.921630859375
  ],
  "class": 3,
  "confidence": 0.7657321691513062,
  "uncertainty": 0.36150701960192344
}