{
  "image": "data\\raw\\images\\train\\F_2_1_588.jpg",
  "box": [
    1570.4718017578125,
    481.9371643066406,
    1635.0252685546875,
    549.624755859375
  ],
  "class": 3,
  "confidence": 0.5385507345199585,
  "uncertainty": 0.409976122188753
}