{
  "image": "data\\raw\\images\\train\\F_2_2_1466.jpg",
  "box": [
    1197.362548828125,
    703.297607421875,
    1394.2840576171875,
    1003.911376953125
  ],
  "class": 3,
  "confidence": 0.5374318957328796,
  "uncertainty": 0.405726322643927
}