{
  "image": "data\\raw\\images\\train\\F_2_1_741.jpg",
  "box": [
    837.854248046875,
    460.6608581542969,
    890.3966064453125,
    532.7489013671875
  ],
  "class": 7,
  "confidence": 0.258491575717926,
  "uncertainty": 0.4437750830865788
}