{
  "image": "data\\raw\\images\\train\\F_2_8_893.jpg",
  "box": [
    466.1544189453125,
    564.0389404296875,
    579.1138305664062,
    691.5770263671875
  ],
  "class": 3,
  "confidence": 0.5484366416931152,
  "uncertainty": 0.40400782647882816
}