{
  "image": "data\\raw\\images\\train\\F_2_1_86.jpg",
  "box": [
    1274.881591796875,
    329.3087158203125,
    1455.2196044921875,
    492.99127197265625
  ],
  "class": 7,
  "confidence": 0.6079609990119934,
  "uncertainty": 0.3616458627661217
}