{
  "image": "data\\raw\\images\\train\\F_2_4_266.jpg",
  "box": [
    864.032470703125,
    604.4540405273438,
    996.6165771484375,
    824.5036010742188
  ],
  "class": 3,
  "confidence": 0.7520197033882141,
  "uncertainty": 0.3051568840413629
}