{
  "image": "data\\raw\\images\\train\\F_2_7_92.jpg",
  "box": [
    1678.2652587890625,
    719.451416015625,
    1919.3148193359375,
    1073.36474609375
  ],
  "class": 3,
  "confidence": 0.531902015209198,
  "uncertainty": 0.44768065427963716
}