{
  "image": "data\\raw\\images\\train\\F_2_3_515.jpg",
  "box": [
    1103.59033203125,
    381.72344970703125,
    1752.6357421875,
    1063.824462890625
  ],
  "class": 7,
  "confidence": 0.7767589092254639,
  "uncertainty": 0.2610217966362735
}