{
  "image": "data\\raw\\images\\train\\F_2_5_85.jpg",
  "box": [
    1495.117919921875,
    428.480712890625,
    1575.941650390625,
    540.7263793945312
  ],
  "class": 5,
  "confidence": 0.6502785682678223,
  "uncertainty": 0.3005792622297187
}