{
  "image": "data\\raw\\images\\train\\F_2_2_1187.jpg",
  "box": [
    1527.05224609375,
    587.291748046875,
    1576.0206298828125,
    649.6279907226562
  ],
  "class": 3,
  "confidence": 0.693361222743988,
  "uncertainty": 0.3043196385646277
}