{
  "image": "data\\raw\\images\\train\\F_2_10_43.jpg",
  "box": [
    660.8740234375,
    504.96844482421875,
    689.6002197265625,
    563.7845458984375
  ],
  "class": 2,
  "confidence": 0.38848069310188293,
  "uncertainty": 0.35602511026441036
}