{
  "image": "data\\raw\\images\\train\\F_2_6_492.jpg",
  "box": [
    1299.1988525390625,
    826.27734375,
    1603.200439453125,
    1071.443115234375
  ],
  "class": 3,
  "confidence": 0.809075117111206,
  "uncertainty": 0.2572497764703721
}