{
  "image": "data\\raw\\images\\train\\F_2_2_929.jpg",
  "box": [
    909.5231323242188,
    441.84765625,
    975.8604125976562,
    504.10870361328125
  ],
  "class": 2,
  "confidence": 0.442122220993042,
  "uncertainty": 0.32207652920297397
}