{
  "image": "data\\raw\\images\\train\\F_2_2_431.jpg",
  "box": [
    110.17449188232422,
    607.847412109375,
    261.0580139160156,
    833.02783203125
  ],
  "class": 3,
  "confidence": 0.8411331176757812,
  "uncertainty": 0.2652856712421325
}