{
  "image": "data\\raw\\images\\train\\F_2_2_1690.jpg",
  "box": [
    770.3040161132812,
    636.2982788085938,
    936.88623046875,
    872.7225952148438
  ],
  "class": 3,
  "confidence": 0.8405178189277649,
  "uncertainty": 0.2553174372461329
}