{
  "image": "data\\raw\\images\\train\\F_2_11_738.jpg",
  "box": [
    1082.881591796875,
    510.2698059082031,
    1121.312255859375,
    544.1380615234375
  ],
  "class": 3,
  "confidence": 0.5087195038795471,
  "uncertainty": 0.3878155487606203
}