{
  "image": "data\\raw\\images\\train\\F_2_1_495.jpg",
  "box": [
    1847.4451904296875,
    456.334716796875,
    1919.0159912109375,
    638.8831787109375
  ],
  "class": 2,
  "confidence": 0.8146311640739441,
  "uncertainty": 0.17062989837138398
}