{
  "image": "data\\raw\\images\\train\\F_2_8_1733.jpg",
  "box": [
    650.2459106445312,
    519.8194580078125,
    695.7003784179688,
    579.2247314453125
  ],
  "class": 3,
  "confidence": 0.3652609586715698,
  "uncertainty": 0.4414158064451314
}