{
  "image": "data\\raw\\images\\train\\F_2_1_573.jpg",
  "box": [
    969.6661376953125,
    441.6318359375,
    1073.37451171875,
    572.3224487304688
  ],
  "class": 7,
  "confidence": 0.7958952188491821,
  "uncertainty": 0.256485522929858
}