{
  "image": "data\\raw\\images\\train\\F_2_1_809.jpg",
  "box": [
    494.1059875488281,
    571.8114013671875,
    594.4268188476562,
    756.7745361328125
  ],
  "class": 3,
  "confidence": 0.7120110392570496,
  "uncertainty": 0.32878633655297557
}