{
  "image": "data\\raw\\images\\train\\F_2_2_96.jpg",
  "box": [
    155.94627380371094,
    430.9829406738281,
    349.875,
    661.45947265625
  ],
  "class": 2,
  "confidence": 0.5333428382873535,
  "uncertainty": 0.2673957852477148
}