{
  "image": "data\\raw\\images\\train\\F_2_5_22.jpg",
  "box": [
    901.5072021484375,
    520.9454956054688,
    955.837158203125,
    622.7997436523438
  ],
  "class": 3,
  "confidence": 0.5375968813896179,
  "uncertainty": 0.4637579475054245
}