{
  "image": "data\\raw\\images\\train\\F_2_8_1814.jpg",
  "box": [
    899.6434936523438,
    498.655517578125,
    1198.940185546875,
    685.250244140625
  ],
  "class": 2,
  "confidence": 0.5790998935699463,
  "uncertainty": 0.2644092541604898
}