{
  "image": "data\\raw\\images\\train\\F_2_2_246.jpg",
  "box": [
    506.41937255859375,
    420.2247619628906,
    651.618408203125,
    520.8846435546875
  ],
  "class": 7,
  "confidence": 0.38664355874061584,
  "uncertainty": 0.47837654588482187
}