{
  "image": "data\\raw\\images\\train\\F_2_9_3013.jpg",
  "box": [
    0.886962890625,
    271.8569641113281,
    501.230712890625,
    688.5313110351562
  ],
  "class": 7,
  "confidence": 0.8391233682632446,
  "uncertainty": 0.3153888675703281
}