{
  "image": "data\\raw\\images\\train\\F_2_7_459.jpg",
  "box": [
    1016.2578735351562,
    370.50238037109375,
    1739.97314453125,
    1062.633056640625
  ],
  "class": 2,
  "confidence": 0.9213581085205078,
  "uncertainty": 0.20052544496415453
}