{
  "image": "data\\raw\\images\\train\\F_2_1_399.jpg",
  "box": [
    689.637451171875,
    515.6019287109375,
    748.3031616210938,
    603.0850830078125
  ],
  "class": 3,
  "confidence": 0.63158118724823,
  "uncertainty": 0.3605348101756216
}