{
  "image": "data\\raw\\images\\train\\F_2_9_2139.jpg",
  "box": [
    522.6055297851562,
    454.8794860839844,
    584.3726806640625,
    512.8621826171875
  ],
  "class": 2,
  "confidence": 0.41469353437423706,
  "uncertainty": 0.3251329061323007
}