{
  "image": "data\\raw\\images\\train\\F_2_1_491.jpg",
  "box": [
    770.3355712890625,
    424.03729248046875,
    871.2705078125,
    540.14208984375
  ],
  "class": 7,
  "confidence": 0.5436779856681824,
  "uncertainty": 0.3656931503479041
}