{
  "image": "data\\raw\\images\\train\\F_2_11_213.jpg",
  "box": [
    659.1571655273438,
    449.25347900390625,
    952.9634399414062,
    720.59326171875
  ],
  "class": 2,
  "confidence": 0.9099793434143066,
  "uncertainty": 0.1296981832165162
}