{
  "image": "data\\raw\\images\\train\\F_2_2_1433.jpg",
  "box": [
    1087.9896240234375,
    293.65582275390625,
    1268.2247314453125,
    561.9739990234375
  ],
  "class": 7,
  "confidence": 0.8272758722305298,
  "uncertainty": 0.2808346323663124
}