{
  "image": "data\\raw\\images\\train\\F_2_7_2005.jpg",
  "box": [
    0.0,
    648.61376953125,
    119.83978271484375,
    962.236083984375
  ],
  "class": 3,
  "confidence": 0.6195122003555298,
  "uncertainty": 0.3505340164792792
}