{
  "image": "data\\raw\\images\\train\\F_2_1_349.jpg",
  "box": [
    922.4602661132812,
    449.5657653808594,
    1041.82421875,
    571.47705078125
  ],
  "class": 7,
  "confidence": 0.5275539755821228,
  "uncertainty": 0.3617867726921463
}