{
  "image": "data\\raw\\images\\train\\F_2_9_2348.jpg",
  "box": [
    0.8482818603515625,
    525.7872314453125,
    218.75216674804688,
    1068.2593994140625
  ],
  "class": 3,
  "confidence": 0.6076108813285828,
  "uncertainty": 0.3901740153224317
}