{
  "image": "data\\raw\\images\\train\\F_2_1_730.jpg",
  "box": [
    344.58441162109375,
    447.88201904296875,
    400.21923828125,
    483.02764892578125
  ],
  "class": 2,
  "confidence": 0.5450400114059448,
  "uncertainty": 0.25680610971550527
}