{
  "image": "data\\raw\\images\\train\\F_2_10_460.jpg",
  "box": [
    976.156005859375,
    451.34295654296875,
    1082.88916015625,
    548.8173217773438
  ],
  "class": 7,
  "confidence": 0.45505788922309875,
  "uncertainty": 0.4265135700820947
}