{
  "image": "data\\raw\\images\\train\\F_2_2_426.jpg",
  "box": [
    432.6424255371094,
    511.76348876953125,
    499.677978515625,
    604.884521484375
  ],
  "class": 3,
  "confidence": 0.7054617404937744,
  "uncertainty": 0.3419503916740026
}