{
  "image": "data\\raw\\images\\train\\F_2_6_567.jpg",
  "box": [
    466.17950439453125,
    611.6669311523438,
    611.275390625,
    849.1752319335938
  ],
  "class": 3,
  "confidence": 0.7238117456436157,
  "uncertainty": 0.3404212934373393
}