{
  "image": "data\\raw\\images\\train\\F_2_10_87.jpg",
  "box": [
    1506.936767578125,
    448.0613708496094,
    1648.2374267578125,
    575.158935546875
  ],
  "class": 2,
  "confidence": 0.7452484965324402,
  "uncertainty": 0.19380450296205937
}