{
  "image": "data\\raw\\images\\train\\F_2_6_985.jpg",
  "box": [
    1189.606201171875,
    510.7559509277344,
    1287.8291015625,
    680.1229248046875
  ],
  "class": 3,
  "confidence": 0.4026964604854584,
  "uncertainty": 0.4872811840701651
}