{
  "image": "data\\raw\\images\\train\\F_2_9_2573.jpg",
  "box": [
    1136.0732421875,
    560.9976806640625,
    1193.75048828125,
    658.8896484375
  ],
  "class": 3,
  "confidence": 0.6462057828903198,
  "uncertainty": 0.3546015170139752
}