{
  "image": "data\\raw\\images\\train\\F_2_1_829.jpg",
  "box": [
    0.16989898681640625,
    488.75726318359375,
    66.94242858886719,
    568.1558227539062
  ],
  "class": 2,
  "confidence": 0.6760104894638062,
  "uncertainty": 0.2317012218948474
}