{
  "image": "data\\raw\\images\\train\\F_2_7_390.jpg",
  "box": [
    571.3916015625,
    411.60736083984375,
    808.8059692382812,
    723.6626586914062
  ],
  "class": 7,
  "confidence": 0.548674464225769,
  "uncertainty": 0.4159320956826389
}