{
  "image": "data\\raw\\images\\train\\F_2_7_152.jpg",
  "box": [
    1198.7706298828125,
    388.28265380859375,
    1589.3375244140625,
    509.6004638671875
  ],
  "class": 2,
  "confidence": 0.5192379951477051,
  "uncertainty": 0.3125508092066707
}