{
  "image": "data\\raw\\images\\train\\F_2_2_1217.jpg",
  "box": [
    1036.1458740234375,
    433.9441223144531,
    1185.512939453125,
    576.4122314453125
  ],
  "class": 2,
  "confidence": 0.6967191696166992,
  "uncertainty": 0.20094616540123791
}