{
  "image": "data\\raw\\images\\train\\F_2_6_1735.jpg",
  "box": [
    1639.0404052734375,
    431.79888916015625,
    1801.0264892578125,
    538.6844482421875
  ],
  "class": 2,
  "confidence": 0.6144322156906128,
  "uncertainty": 0.26790599020525246
}