{
  "image": "data\\raw\\images\\train\\F_2_1_875.jpg",
  "box": [
    1271.922119140625,
    475.85980224609375,
    1347.1474609375,
    540.3235473632812
  ],
  "class": 2,
  "confidence": 0.7422498464584351,
  "uncertainty": 0.1946836232824381
}