{
  "image": "data\\raw\\images\\train\\F_2_2_1554.jpg",
  "box": [
    1236.220703125,
    400.3620300292969,
    1556.560302734375,
    489.6330871582031
  ],
  "class": 2,
  "confidence": 0.49327582120895386,
  "uncertainty": 0.33649561451748444
}