{
  "image": "data\\raw\\images\\train\\F_2_4_207.jpg",
  "box": [
    498.99371337890625,
    561.5068359375,
    806.0721435546875,
    1018.064208984375
  ],
  "class": 3,
  "confidence": 0.7289367914199829,
  "uncertainty": 0.37167266608625715
}