{
  "image": "data\\raw\\images\\train\\F_2_1_397.jpg",
  "box": [
    1728.22265625,
    515.7947387695312,
    1794.002197265625,
    610.5888061523438
  ],
  "class": 3,
  "confidence": 0.6795144081115723,
  "uncertainty": 0.3647758240008801
}