{
  "image": "data\\raw\\images\\train\\F_2_7_809.jpg",
  "box": [
    74.72266387939453,
    587.38818359375,
    205.95587158203125,
    739.0618286132812
  ],
  "class": 3,
  "confidence": 0.5482733845710754,
  "uncertainty": 0.4492708080487767
}