{
  "image": "data\\raw\\images\\train\\F_2_7_2141.jpg",
  "box": [
    889.794189453125,
    476.8448181152344,
    951.3291015625,
    579.64111328125
  ],
  "class": 2,
  "confidence": 0.6197673082351685,
  "uncertainty": 0.3230016292092771
}