{
  "image": "data\\raw\\images\\train\\F_2_1_788.jpg",
  "box": [
    1632.1929931640625,
    506.50250244140625,
    1668.444580078125,
    563.2615356445312
  ],
  "class": 3,
  "confidence": 0.6368706822395325,
  "uncertainty": 0.32557938835245326
}