{
  "image": "data\\raw\\images\\train\\F_2_2_979.jpg",
  "box": [
    868.5262451171875,
    392.4101257324219,
    911.2783203125,
    461.8243103027344
  ],
  "class": 2,
  "confidence": 0.5890867114067078,
  "uncertainty": 0.28480705224145175
}