{
  "image": "data\\raw\\images\\train\\F_2_7_230.jpg",
  "box": [
    758.0864868164062,
    439.27825927734375,
    827.911376953125,
    478.7838134765625
  ],
  "class": 2,
  "confidence": 0.26048627495765686,
  "uncertainty": 0.42338555181380816
}