{
  "image": "data\\raw\\images\\train\\F_2_1_622.jpg",
  "box": [
    840.3858032226562,
    478.24444580078125,
    904.6397094726562,
    562.5958862304688
  ],
  "class": 7,
  "confidence": 0.6677560806274414,
  "uncertainty": 0.3007521639042716
}