{
  "image": "data\\raw\\images\\train\\F_2_10_90.jpg",
  "box": [
    245.67333984375,
    365.0882263183594,
    390.96514892578125,
    553.36767578125
  ],
  "class": 7,
  "confidence": 0.8385242223739624,
  "uncertainty": 0.22940229341406343
}