{
  "image": "data\\raw\\images\\train\\F_2_2_761.jpg",
  "box": [
    59.66716003417969,
    442.2648010253906,
    631.0562744140625,
    952.5341796875
  ],
  "class": 2,
  "confidence": 0.8853530883789062,
  "uncertainty": 0.3107377656528907
}