{
  "image": "data\\raw\\images\\train\\F_2_7_1622.jpg",
  "box": [
    180.63267517089844,
    472.47052001953125,
    507.273193359375,
    734.8211669921875
  ],
  "class": 2,
  "confidence": 0.7908869981765747,
  "uncertainty": 0.17069603570429406
}