{
  "image": "data\\raw\\images\\train\\F_2_1_788.jpg",
  "box": [
    1373.590576171875,
    466.546142578125,
    1412.608154296875,
    517.72705078125
  ],
  "class": 7,
  "confidence": 0.3048821985721588,
  "uncertainty": 0.43229369942962514
}