{
  "image": "data\\raw\\images\\train\\F_2_8_1469.jpg",
  "box": [
    318.07501220703125,
    397.98394775390625,
    413.81475830078125,
    515.1608276367188
  ],
  "class": 2,
  "confidence": 0.8254870772361755,
  "uncertainty": 0.15405825359370967
}