{
  "image": "data\\raw\\images\\train\\F_2_1_180.jpg",
  "box": [
    711.6832275390625,
    475.2235107421875,
    774.70556640625,
    628.726318359375
  ],
  "class": 2,
  "confidence": 0.8020917773246765,
  "uncertainty": 0.22088537370904215
}