{
  "image": "data\\raw\\images\\train\\F_2_1_734.jpg",
  "box": [
    688.2489013671875,
    559.9739990234375,
    818.0007934570312,
    769.7606201171875
  ],
  "class": 3,
  "confidence": 0.7030075192451477,
  "uncertainty": 0.3621219939112002
}