{
  "image": "data\\raw\\images\\train\\F_2_2_823.jpg",
  "box": [
    1194.8671875,
    447.8929443359375,
    1275.88916015625,
    498.53253173828125
  ],
  "class": 2,
  "confidence": 0.42510008811950684,
  "uncertainty": 0.3655850349728444
}