{
  "image": "data\\raw\\images\\train\\F_2_10_92.jpg",
  "box": [
    515.3801879882812,
    376.5993347167969,
    681.5203857421875,
    583.034423828125
  ],
  "class": 7,
  "confidence": 0.6840985417366028,
  "uncertainty": 0.30300726347989976
}