{
  "image": "data\\raw\\images\\train\\F_2_5_20.jpg",
  "box": [
    1092.546142578125,
    455.90972900390625,
    1373.67138671875,
    656.4180908203125
  ],
  "class": 2,
  "confidence": 0.9091973900794983,
  "uncertainty": 0.12443821857857415
}