{
  "image": "data\\raw\\images\\train\\F_2_2_91.jpg",
  "box": [
    759.4114379882812,
    467.47723388671875,
    833.221435546875,
    558.1115112304688
  ],
  "class": 2,
  "confidence": 0.5248798727989197,
  "uncertainty": 0.3495186213511482
}