{
  "image": "data\\raw\\images\\train\\F_2_8_1717.jpg",
  "box": [
    0.0,
    444.7354431152344,
    1435.4337158203125,
    1069.1380615234375
  ],
  "class": 2,
  "confidence": 0.9395749568939209,
  "uncertainty": 0.123186308807951
}