{
  "image": "data\\raw\\images\\train\\F_2_2_964.jpg",
  "box": [
    391.7568054199219,
    516.2815551757812,
    536.7215576171875,
    670.9614868164062
  ],
  "class": 2,
  "confidence": 0.7052431106567383,
  "uncertainty": 0.30542080670144856
}