{
  "image": "data\\raw\\images\\train\\F_2_1_439.jpg",
  "box": [
    1254.14892578125,
    514.2763671875,
    1275.83984375,
    559.214111328125
  ],
  "class": 3,
  "confidence": 0.2542002201080322,
  "uncertainty": 0.49572375742440833
}