{
  "image": "data\\raw\\images\\train\\F_2_7_391.jpg",
  "box": [
    853.8131103515625,
    362.33624267578125,
    1014.337646484375,
    472.9200439453125
  ],
  "class": 7,
  "confidence": 0.32555678486824036,
  "uncertainty": 0.4628385207951062
}