{
  "image": "data\\raw\\images\\train\\F_2_1_351.jpg",
  "box": [
    1016.5087280273438,
    512.28173828125,
    1058.7373046875,
    563.076904296875
  ],
  "class": 2,
  "confidence": 0.7042590975761414,
  "uncertainty": 0.22111746313270408
}