{
  "image": "data\\raw\\images\\train\\F_2_6_126.jpg",
  "box": [
    1091.39453125,
    431.2502746582031,
    1152.7724609375,
    505.7447204589844
  ],
  "class": 2,
  "confidence": 0.4518043100833893,
  "uncertainty": 0.309481160049565
}