{
  "image": "data\\raw\\images\\train\\F_2_1_958.jpg",
  "box": [
    259.70001220703125,
    382.87152099609375,
    465.34765625,
    560.9100952148438
  ],
  "class": 2,
  "confidence": 0.5460408926010132,
  "uncertainty": 0.27926021179954175
}