{
  "image": "data\\raw\\images\\train\\F_2_8_1902.jpg",
  "box": [
    1893.0615234375,
    544.5743408203125,
    1919.337158203125,
    629.5631103515625
  ],
  "class": 2,
  "confidence": 0.3599916398525238,
  "uncertainty": 0.3645093546212257
}