{
  "image": "data\\raw\\images\\train\\F_2_2_1733.jpg",
  "box": [
    186.91232299804688,
    442.8380126953125,
    312.7744445800781,
    588.7197875976562
  ],
  "class": 2,
  "confidence": 0.6521940231323242,
  "uncertainty": 0.22103843821016156
}