{
  "image": "data\\raw\\images\\train\\F_2_1_390.jpg",
  "box": [
    669.502685546875,
    552.7584228515625,
    724.776611328125,
    638.5332641601562
  ],
  "class": 3,
  "confidence": 0.603971004486084,
  "uncertainty": 0.33059083799773903
}