{
  "image": "data\\raw\\images\\train\\F_2_1_657.jpg",
  "box": [
    879.782958984375,
    444.7964172363281,
    1094.45458984375,
    633.333740234375
  ],
  "class": 2,
  "confidence": 0.8861665725708008,
  "uncertainty": 0.13421450931416729
}