{
  "image": "data\\raw\\images\\train\\F_2_7_68.jpg",
  "box": [
    544.2777099609375,
    414.71905517578125,
    873.2911376953125,
    519.1864013671875
  ],
  "class": 2,
  "confidence": 0.5937367081642151,
  "uncertainty": 0.2660107282344628
}