{
  "image": "data\\raw\\images\\train\\F_2_8_837.jpg",
  "box": [
    354.9557189941406,
    425.3000793457031,
    461.06890869140625,
    487.06622314453125
  ],
  "class": 2,
  "confidence": 0.4049554765224457,
  "uncertainty": 0.32109007488877284
}