{
  "image": "data\\raw\\images\\train\\F_2_7_1822.jpg",
  "box": [
    687.747314453125,
    591.79736328125,
    753.1119384765625,
    685.03955078125
  ],
  "class": 3,
  "confidence": 0.6045427918434143,
  "uncertainty": 0.36440302135468317
}