{
  "image": "data\\raw\\images\\train\\F_2_7_1774.jpg",
  "box": [
    1020.9781494140625,
    505.8760986328125,
    1269.53173828125,
    751.1577758789062
  ],
  "class": 2,
  "confidence": 0.81268709897995,
  "uncertainty": 0.1620476185221142
}