{
  "image": "data\\raw\\images\\train\\F_2_2_1025.jpg",
  "box": [
    1038.192138671875,
    418.9771728515625,
    1269.455078125,
    636.7794799804688
  ],
  "class": 2,
  "confidence": 0.8347529768943787,
  "uncertainty": 0.17381457858023092
}