{
  "image": "data\\raw\\images\\train\\F_2_11_51.jpg",
  "box": [
    752.4479370117188,
    498.5704650878906,
    798.0935668945312,
    565.322265625
  ],
  "class": 3,
  "confidence": 0.4072161912918091,
  "uncertainty": 0.4390823672608292
}