{
  "image": "data\\raw\\images\\train\\F_2_11_373.jpg",
  "box": [
    626.9693603515625,
    292.0055847167969,
    779.2374267578125,
    410.08538818359375
  ],
  "class": 7,
  "confidence": 0.5108144283294678,
  "uncertainty": 0.3963698346511023
}