{
  "image": "data\\raw\\images\\train\\F_2_1_393.jpg",
  "box": [
    1672.5333251953125,
    434.2167663574219,
    1833.5863037109375,
    585.3759765625
  ],
  "class": 7,
  "confidence": 0.775631844997406,
  "uncertainty": 0.287801482545986
}