{
  "image": "data\\raw\\images\\train\\F_2_11_430.jpg",
  "box": [
    939.61083984375,
    461.6540222167969,
    969.22119140625,
    489.3335266113281
  ],
  "class": 3,
  "confidence": 0.4873688817024231,
  "uncertainty": 0.3909825230982636
}