{
  "image": "data\\raw\\images\\train\\F_2_1_741.jpg",
  "box": [
    1130.01513671875,
    503.3349609375,
    1169.371826171875,
    560.32470703125
  ],
  "class": 3,
  "confidence": 0.5805431604385376,
  "uncertainty": 0.3767362041530513
}