{
  "image": "data\\raw\\images\\train\\F_2_6_566.jpg",
  "box": [
    894.48193359375,
    542.6765747070312,
    999.7393798828125,
    729.1231079101562
  ],
  "class": 3,
  "confidence": 0.6633093357086182,
  "uncertainty": 0.3756874987281066
}