{
  "image": "data\\raw\\images\\train\\F_2_1_695.jpg",
  "box": [
    146.320556640625,
    363.4216003417969,
    315.4941711425781,
    514.0072631835938
  ],
  "class": 5,
  "confidence": 0.5829219222068787,
  "uncertainty": 0.33928449502415325
}