{
  "image": "data\\raw\\images\\train\\F_2_7_378.jpg",
  "box": [
    712.423583984375,
    490.39764404296875,
    963.575927734375,
    653.68017578125
  ],
  "class": 2,
  "confidence": 0.41952672600746155,
  "uncertainty": 0.37818814687282987
}