{
  "image": "data\\raw\\images\\train\\F_2_6_1833.jpg",
  "box": [
    1166.044677734375,
    665.1719970703125,
    1384.303466796875,
    962.466796875
  ],
  "class": 3,
  "confidence": 0.7213274240493774,
  "uncertainty": 0.3624050914088775
}