{
  "image": "data\\raw\\images\\train\\F_2_1_157.jpg",
  "box": [
    615.0467529296875,
    390.34442138671875,
    692.1614990234375,
    473.51971435546875
  ],
  "class": 7,
  "confidence": 0.4769124686717987,
  "uncertainty": 0.4260839956168819
}