{
  "image": "data\\raw\\images\\train\\F_2_2_815.jpg",
  "box": [
    434.1070861816406,
    433.4595947265625,
    544.875244140625,
    585.0819091796875
  ],
  "class": 2,
  "confidence": 0.4730585813522339,
  "uncertainty": 0.4003063999325843
}