{
  "image": "data\\raw\\images\\train\\F_2_7_1802.jpg",
  "box": [
    0.4525909423828125,
    399.6486511230469,
    346.294921875,
    1067.9312744140625
  ],
  "class": 2,
  "confidence": 0.911615252494812,
  "uncertainty": 0.14407277024201637
}