{
  "image": "data\\raw\\images\\train\\F_2_3_246.jpg",
  "box": [
    1383.26904296875,
    679.278076171875,
    1752.745361328125,
    1070.3492431640625
  ],
  "class": 3,
  "confidence": 0.7238818407058716,
  "uncertainty": 0.3251963298680327
}