{
  "image": "data\\raw\\images\\train\\F_2_7_2009.jpg",
  "box": [
    689.928955078125,
    343.7691650390625,
    832.4785766601562,
    484.3653259277344
  ],
  "class": 5,
  "confidence": 0.7483330965042114,
  "uncertainty": 0.33314579888899504
}