{
  "image": "data\\raw\\images\\train\\F_2_1_950.jpg",
  "box": [
    663.4801025390625,
    435.39019775390625,
    804.181640625,
    592.1231689453125
  ],
  "class": 7,
  "confidence": 0.49253037571907043,
  "uncertainty": 0.3968252362949612
}