{
  "image": "data\\raw\\images\\train\\F_2_1_733.jpg",
  "box": [
    1505.757080078125,
    372.0255432128906,
    1685.8458251953125,
    489.4496154785156
  ],
  "class": 7,
  "confidence": 0.479642391204834,
  "uncertainty": 0.4007527100191532
}