{
  "image": "data\\raw\\images\\train\\F_2_6_126.jpg",
  "box": [
    220.42776489257812,
    550.7141723632812,
    311.654296875,
    695.4931030273438
  ],
  "class": 3,
  "confidence": 0.5959643125534058,
  "uncertainty": 0.36303833135345986
}