{
  "image": "data\\raw\\images\\train\\F_2_6_893.jpg",
  "box": [
    131.57763671875,
    517.2412109375,
    199.06893920898438,
    648.774169921875
  ],
  "class": 3,
  "confidence": 0.5647382736206055,
  "uncertainty": 0.3968192661697166
}