{
  "image": "data\\raw\\images\\train\\F_2_6_898.jpg",
  "box": [
    0.3201713562011719,
    320.2427673339844,
    122.78043365478516,
    739.98486328125
  ],
  "class": 7,
  "confidence": 0.3620116412639618,
  "uncertainty": 0.46997291942459163
}