{
  "image": "data\\raw\\images\\train\\F_2_9_2202.jpg",
  "box": [
    405.31842041015625,
    455.28662109375,
    1014.678955078125,
    1014.2252197265625
  ],
  "class": 2,
  "confidence": 0.865435004234314,
  "uncertainty": 0.16365403581178822
}