{
  "image": "data\\raw\\images\\train\\F_2_9_2265.jpg",
  "box": [
    1517.107177734375,
    426.21661376953125,
    1776.3087158203125,
    637.5146484375
  ],
  "class": 2,
  "confidence": 0.7739986777305603,
  "uncertainty": 0.2086999846564863
}