{
  "image": "data\\raw\\images\\train\\F_2_2_272.jpg",
  "box": [
    299.74810791015625,
    383.61029052734375,
    476.8446350097656,
    560.6654052734375
  ],
  "class": 2,
  "confidence": 0.7343499064445496,
  "uncertainty": 0.19303596239929205
}