{
  "image": "data\\raw\\images\\train\\F_2_11_511.jpg",
  "box": [
    761.437255859375,
    439.1672058105469,
    809.2315673828125,
    488.6954040527344
  ],
  "class": 2,
  "confidence": 0.4288693964481354,
  "uncertainty": 0.29731719323208616
}