{
  "image": "data\\raw\\images\\train\\F_2_1_157.jpg",
  "box": [
    1.358367919921875,
    332.04638671875,
    460.2110595703125,
    832.34814453125
  ],
  "class": 7,
  "confidence": 0.6725617051124573,
  "uncertainty": 0.3072222522357968
}