{
  "image": "data\\raw\\images\\train\\F_2_8_754.jpg",
  "box": [
    1055.96142578125,
    447.48907470703125,
    1209.6923828125,
    643.9985961914062
  ],
  "class": 7,
  "confidence": 0.6820648312568665,
  "uncertainty": 0.3086485919092974
}