{
  "image": "data\\raw\\images\\train\\F_2_1_383.jpg",
  "box": [
    347.4678955078125,
    439.55474853515625,
    448.6689147949219,
    551.6859741210938
  ],
  "class": 2,
  "confidence": 0.3622429668903351,
  "uncertainty": 0.3340803394222805
}