{
  "image": "data\\raw\\images\\train\\F_2_5_160.jpg",
  "box": [
    413.02349853515625,
    600.1744995117188,
    482.11376953125,
    733.10205078125
  ],
  "class": 3,
  "confidence": 0.5988852977752686,
  "uncertainty": 0.38607204111205207
}