{
  "image": "data\\raw\\images\\train\\F_2_7_819.jpg",
  "box": [
    1805.956298828125,
    442.8589782714844,
    1919.259765625,
    530.245361328125
  ],
  "class": 2,
  "confidence": 0.8419190049171448,
  "uncertainty": 0.14781211095293464
}