{
  "image": "data\\raw\\images\\train\\F_2_2_431.jpg",
  "box": [
    627.7900390625,
    439.6183776855469,
    672.738525390625,
    497.6241760253906
  ],
  "class": 2,
  "confidence": 0.30420252680778503,
  "uncertainty": 0.40820607554249
}