{
  "image": "data\\raw\\images\\train\\F_2_8_1898.jpg",
  "box": [
    1861.3597412109375,
    254.43411254882812,
    1919.3082275390625,
    679.1572265625
  ],
  "class": 7,
  "confidence": 0.3264414966106415,
  "uncertainty": 0.46501354045624166
}