{
  "image": "data\\raw\\images\\train\\F_2_2_1002.jpg",
  "box": [
    197.06533813476562,
    453.8273620605469,
    407.7871398925781,
    618.056640625
  ],
  "class": 7,
  "confidence": 0.6478040814399719,
  "uncertainty": 0.3161862213611325
}