{
  "image": "data\\raw\\images\\train\\F_2_7_242.jpg",
  "box": [
    0.8304061889648438,
    372.7702331542969,
    278.7685241699219,
    1067.39697265625
  ],
  "class": 2,
  "confidence": 0.9116775989532471,
  "uncertainty": 0.15416628415821954
}