{
  "image": "data\\raw\\images\\train\\F_2_1_943.jpg",
  "box": [
    837.7293701171875,
    500.55975341796875,
    875.500732421875,
    544.6202392578125
  ],
  "class": 3,
  "confidence": 0.6720913052558899,
  "uncertainty": 0.3220543047147529
}