{
  "image": "data\\raw\\images\\train\\F_2_2_197.jpg",
  "box": [
    783.3469848632812,
    493.6324768066406,
    868.7894897460938,
    598.461669921875
  ],
  "class": 7,
  "confidence": 0.6609398126602173,
  "uncertainty": 0.3075081053638579
}