{
  "image": "data\\raw\\images\\train\\F_2_2_1067.jpg",
  "box": [
    0.9217987060546875,
    550.9190673828125,
    374.50213623046875,
    1067.502197265625
  ],
  "class": 2,
  "confidence": 0.9252062439918518,
  "uncertainty": 0.16626989696058253
}