{
  "image": "data\\raw\\images\\train\\F_2_1_969.jpg",
  "box": [
    1074.82373046875,
    526.250732421875,
    1132.870361328125,
    618.0994873046875
  ],
  "class": 3,
  "confidence": 0.6123194098472595,
  "uncertainty": 0.3797628982209782
}