{
  "image": "data\\raw\\images\\train\\F_2_1_641.jpg",
  "box": [
    491.5346374511719,
    450.5160827636719,
    683.710693359375,
    678.1796875
  ],
  "class": 7,
  "confidence": 0.7730074524879456,
  "uncertainty": 0.2611788316861852
}