{
  "image": "data\\raw\\images\\train\\F_2_6_262.jpg",
  "box": [
    789.312744140625,
    584.384765625,
    935.107177734375,
    866.4564208984375
  ],
  "class": 3,
  "confidence": 0.6608840823173523,
  "uncertainty": 0.43889824674815586
}