{
  "image": "data\\raw\\images\\train\\F_2_6_1164.jpg",
  "box": [
    710.6998901367188,
    435.4660949707031,
    893.8463745117188,
    657.296875
  ],
  "class": 2,
  "confidence": 0.7952197194099426,
  "uncertainty": 0.19777108708127666
}