{
  "image": "data\\raw\\images\\train\\F_2_7_1317.jpg",
  "box": [
    1790.762451171875,
    576.5096435546875,
    1854.1484375,
    633.6839599609375
  ],
  "class": 2,
  "confidence": 0.2528064250946045,
  "uncertainty": 0.41485958822627994
}