{
  "image": "data\\raw\\images\\train\\F_2_8_1888.jpg",
  "box": [
    268.5506286621094,
    467.54833984375,
    568.362548828125,
    687.575927734375
  ],
  "class": 7,
  "confidence": 0.48469996452331543,
  "uncertainty": 0.40819578327244793
}