{
  "image": "data\\raw\\images\\train\\F_2_9_1526.jpg",
  "box": [
    181.42681884765625,
    418.919677734375,
    240.54745483398438,
    468.97357177734375
  ],
  "class": 2,
  "confidence": 0.27217981219291687,
  "uncertainty": 0.3849874710327501
}