{
  "image": "data\\raw\\images\\train\\F_2_7_1818.jpg",
  "box": [
    1046.6767578125,
    345.9022216796875,
    1512.648681640625,
    472.4202880859375
  ],
  "class": 5,
  "confidence": 0.8791994452476501,
  "uncertainty": 0.24210473236964952
}