{
  "image": "data\\raw\\images\\train\\F_2_1_14.jpg",
  "box": [
    0.23335647583007812,
    459.153076171875,
    90.42787170410156,
    600.6468505859375
  ],
  "class": 2,
  "confidence": 0.7249287962913513,
  "uncertainty": 0.18653155356039483
}