{
  "image": "data\\raw\\images\\train\\F_2_1_939.jpg",
  "box": [
    528.2122192382812,
    516.0371704101562,
    547.6799926757812,
    554.7317504882812
  ],
  "class": 3,
  "confidence": 0.2966667711734772,
  "uncertainty": 0.4647532092800927
}