{
  "image": "data\\raw\\images\\train\\F_2_1_566.jpg",
  "box": [
    770.6180419921875,
    540.916748046875,
    823.4754638671875,
    589.9666748046875
  ],
  "class": 3,
  "confidence": 0.27796557545661926,
  "uncertainty": 0.4969445598674617
}