{
  "image": "data\\raw\\images\\train\\F_2_7_453.jpg",
  "box": [
    217.18373107910156,
    425.4033508300781,
    451.015869140625,
    493.90264892578125
  ],
  "class": 2,
  "confidence": 0.5120201706886292,
  "uncertainty": 0.29838967302373276
}