{
  "image": "data\\raw\\images\\train\\F_2_7_813.jpg",
  "box": [
    734.2099609375,
    443.7331237792969,
    1352.322265625,
    975.51171875
  ],
  "class": 2,
  "confidence": 0.8114559650421143,
  "uncertainty": 0.176334374564553
}