{
  "image": "data\\raw\\images\\train\\F_2_1_1127.jpg",
  "box": [
    688.6323852539062,
    440.5513916015625,
    782.5745849609375,
    524.5433349609375
  ],
  "class": 2,
  "confidence": 0.5246953368186951,
  "uncertainty": 0.301547721167286
}