{
  "image": "data\\raw\\images\\train\\F_2_11_390.jpg",
  "box": [
    712.151123046875,
    451.6258850097656,
    748.9830932617188,
    511.6419982910156
  ],
  "class": 3,
  "confidence": 0.4305953085422516,
  "uncertainty": 0.40851967542691164
}