{
  "image": "data\\raw\\images\\train\\F_2_1_657.jpg",
  "box": [
    397.3565673828125,
    578.64306640625,
    515.8944091796875,
    762.384521484375
  ],
  "class": 3,
  "confidence": 0.82977294921875,
  "uncertainty": 0.2580295368502702
}