{
  "image": "data\\raw\\images\\train\\F_2_1_734.jpg",
  "box": [
    1053.046142578125,
    428.987548828125,
    1122.7781982421875,
    488.6923828125
  ],
  "class": 2,
  "confidence": 0.6120182275772095,
  "uncertainty": 0.21504271068347852
}