{
  "image": "data\\raw\\images\\train\\F_2_2_197.jpg",
  "box": [
    672.39453125,
    564.8125,
    723.0404663085938,
    638.33447265625
  ],
  "class": 3,
  "confidence": 0.67795330286026,
  "uncertainty": 0.32885204285517167
}