{
  "image": "data\\raw\\images\\train\\F_2_4_266.jpg",
  "box": [
    1.39617919921875,
    247.72357177734375,
    686.7650146484375,
    1064.050537109375
  ],
  "class": 2,
  "confidence": 0.8894148468971252,
  "uncertainty": 0.10752020794252283
}