{
  "image": "data\\raw\\images\\train\\F_2_7_1654.jpg",
  "box": [
    261.2320556640625,
    460.568115234375,
    489.324951171875,
    816.6996459960938
  ],
  "class": 2,
  "confidence": 0.2776435613632202,
  "uncertainty": 0.4437608342497292
}