{
  "image": "data\\raw\\images\\train\\F_2_7_1497.jpg",
  "box": [
    804.1572875976562,
    60.907493591308594,
    900.5520629882812,
    110.24956512451172
  ],
  "class": 2,
  "confidence": 0.3951157033443451,
  "uncertainty": 0.3113659007873106
}