{
  "image": "data\\raw\\images\\train\\F_2_7_1278.jpg",
  "box": [
    376.9644470214844,
    546.9324340820312,
    464.83062744140625,
    668.7471923828125
  ],
  "class": 3,
  "confidence": 0.6631990075111389,
  "uncertainty": 0.3607178499829804
}