{
  "image": "data\\raw\\images\\train\\F_2_11_159.jpg",
  "box": [
    938.770751953125,
    430.0133972167969,
    1054.54541015625,
    559.406005859375
  ],
  "class": 7,
  "confidence": 0.529934823513031,
  "uncertainty": 0.34307817375453714
}