{
  "image": "data\\raw\\images\\train\\F_2_1_566.jpg",
  "box": [
    524.06298828125,
    486.380859375,
    670.8349609375,
    658.3021240234375
  ],
  "class": 7,
  "confidence": 0.4647236764431,
  "uncertainty": 0.39490716497275585
}