{
  "image": "data\\raw\\images\\train\\F_2_3_165.jpg",
  "box": [
    1329.437744140625,
    456.03460693359375,
    1704.344482421875,
    623.4398803710938
  ],
  "class": 2,
  "confidence": 0.4595244526863098,
  "uncertainty": 0.4470008626724733
}