{
  "image": "data\\raw\\images\\train\\F_2_1_695.jpg",
  "box": [
    310.10980224609375,
    411.7251892089844,
    459.0881652832031,
    524.8128662109375
  ],
  "class": 5,
  "confidence": 0.660720705986023,
  "uncertainty": 0.29344696483292365
}