{
  "image": "data\\raw\\images\\train\\F_2_9_1526.jpg",
  "box": [
    1216.50439453125,
    432.45941162109375,
    1320.347900390625,
    461.868896484375
  ],
  "class": 2,
  "confidence": 0.28912702202796936,
  "uncertainty": 0.4171508043477058
}