{
  "image": "data\\raw\\images\\train\\F_2_1_960.jpg",
  "box": [
    1077.0625,
    452.2718505859375,
    1143.060546875,
    559.411865234375
  ],
  "class": 3,
  "confidence": 0.6996860504150391,
  "uncertainty": 0.34807843990510595
}