{
  "image": "data\\raw\\images\\train\\F_2_3_201.jpg",
  "box": [
    768.804443359375,
    405.2703552246094,
    1064.3721923828125,
    653.2849731445312
  ],
  "class": 2,
  "confidence": 0.9033418893814087,
  "uncertainty": 0.16364726092142712
}