{
  "image": "data\\raw\\images\\train\\F_2_8_1561.jpg",
  "box": [
    1645.7200927734375,
    498.29852294921875,
    1919.3843994140625,
    1068.7188720703125
  ],
  "class": 2,
  "confidence": 0.9150093197822571,
  "uncertainty": 0.15910478236946926
}