{
  "image": "data\\raw\\images\\train\\F_2_9_2923.jpg",
  "box": [
    1606.783447265625,
    587.6395263671875,
    1654.48388671875,
    664.89111328125
  ],
  "class": 3,
  "confidence": 0.5675375461578369,
  "uncertainty": 0.3823134490798269
}