{
  "image": "data\\raw\\images\\train\\F_2_3_635.jpg",
  "box": [
    814.739501953125,
    746.8614501953125,
    1197.6796875,
    1068.3243408203125
  ],
  "class": 3,
  "confidence": 0.7146331071853638,
  "uncertainty": 0.32600681608534315
}