{
  "image": "data\\raw\\images\\train\\F_2_1_393.jpg",
  "box": [
    780.2557983398438,
    517.3875732421875,
    828.2177124023438,
    579.8572998046875
  ],
  "class": 3,
  "confidence": 0.6867954730987549,
  "uncertainty": 0.31316315998585026
}