{
  "image": "data\\raw\\images\\train\\F_2_1_943.jpg",
  "box": [
    1245.9951171875,
    483.87158203125,
    1287.284912109375,
    541.7924194335938
  ],
  "class": 3,
  "confidence": 0.5884951949119568,
  "uncertainty": 0.36394621069225314
}