{
  "image": "data\\raw\\images\\train\\F_2_6_1007.jpg",
  "box": [
    214.77268981933594,
    430.8064270019531,
    489.1299133300781,
    755.8840942382812
  ],
  "class": 7,
  "confidence": 0.40966513752937317,
  "uncertainty": 0.46349623173842286
}