{
  "image": "data\\raw\\images\\train\\F_2_2_1688.jpg",
  "box": [
    731.072998046875,
    413.60321044921875,
    929.5358276367188,
    615.8600463867188
  ],
  "class": 2,
  "confidence": 0.8353890180587769,
  "uncertainty": 0.18784985836465826
}