{
  "image": "data\\raw\\images\\train\\F_2_7_1741.jpg",
  "box": [
    142.5127716064453,
    357.8919982910156,
    220.61224365234375,
    437.2643737792969
  ],
  "class": 5,
  "confidence": 0.4235546290874481,
  "uncertainty": 0.40087536133819646
}