{
  "image": "data\\raw\\images\\train\\F_2_1_939.jpg",
  "box": [
    217.42364501953125,
    594.3544921875,
    385.8509216308594,
    841.848388671875
  ],
  "class": 3,
  "confidence": 0.720381498336792,
  "uncertainty": 0.3038715786032638
}