{
  "image": "data\\raw\\images\\train\\F_2_1_418.jpg",
  "box": [
    948.978271484375,
    447.27154541015625,
    1025.4622802734375,
    535.037109375
  ],
  "class": 7,
  "confidence": 0.6174522638320923,
  "uncertainty": 0.3977410751373957
}