{
  "image": "data\\raw\\images\\train\\F_2_6_492.jpg",
  "box": [
    1746.0003662109375,
    394.5363464355469,
    1919.7747802734375,
    630.323974609375
  ],
  "class": 2,
  "confidence": 0.6587603688240051,
  "uncertainty": 0.2568779036864053
}