{
  "image": "data\\raw\\images\\train\\F_2_2_1312.jpg",
  "box": [
    131.91946411132812,
    465.61614990234375,
    285.3204040527344,
    587.6151123046875
  ],
  "class": 2,
  "confidence": 0.8697840571403503,
  "uncertainty": 0.14579999983336905
}