{
  "image": "data\\raw\\images\\train\\F_2_2_5.jpg",
  "box": [
    610.6463012695312,
    284.822265625,
    812.788818359375,
    582.458984375
  ],
  "class": 7,
  "confidence": 0.8999331593513489,
  "uncertainty": 0.2519530705040207
}