{
  "image": "data\\raw\\images\\train\\F_2_3_119.jpg",
  "box": [
    330.29144287109375,
    548.7513427734375,
    426.89508056640625,
    699.0831298828125
  ],
  "class": 3,
  "confidence": 0.6198596954345703,
  "uncertainty": 0.47866279439810766
}