{
  "image": "data\\raw\\images\\train\\F_2_1_727.jpg",
  "box": [
    1312.968505859375,
    439.8467102050781,
    1470.499755859375,
    630.868896484375
  ],
  "class": 7,
  "confidence": 0.5658528804779053,
  "uncertainty": 0.35169110229697076
}