{
  "image": "data\\raw\\images\\train\\F_2_2_1086.jpg",
  "box": [
    455.2035827636719,
    465.6808776855469,
    1209.548095703125,
    1065.7843017578125
  ],
  "class": 2,
  "confidence": 0.9501835703849792,
  "uncertainty": 0.09330208063814978
}