{
  "image": "data\\raw\\images\\train\\F_2_3_236.jpg",
  "box": [
    1211.9228515625,
    494.7740478515625,
    1861.79541015625,
    1018.238525390625
  ],
  "class": 2,
  "confidence": 0.9460220336914062,
  "uncertainty": 0.1270276579054553
}