{
  "image": "data\\raw\\images\\train\\F_2_7_1323.jpg",
  "box": [
    0.5544319152832031,
    391.9090576171875,
    165.85040283203125,
    640.0636596679688
  ],
  "class": 2,
  "confidence": 0.7086896896362305,
  "uncertainty": 0.2673865941608432
}