{
  "image": "data\\raw\\images\\train\\F_2_2_800.jpg",
  "box": [
    1455.42578125,
    544.9813232421875,
    1525.22509765625,
    612.27294921875
  ],
  "class": 2,
  "confidence": 0.579556405544281,
  "uncertainty": 0.293851378002281
}