{
  "image": "data\\raw\\images\\train\\F_2_2_91.jpg",
  "box": [
    302.3252258300781,
    652.783447265625,
    607.4331665039062,
    1070.926513671875
  ],
  "class": 3,
  "confidence": 0.6474437117576599,
  "uncertainty": 0.40472966542436006
}