{
  "image": "data\\raw\\images\\train\\F_2_7_453.jpg",
  "box": [
    587.91357421875,
    432.242431640625,
    1014.4194946289062,
    636.107666015625
  ],
  "class": 2,
  "confidence": 0.6118628978729248,
  "uncertainty": 0.3209143637037984
}