{
  "image": "data\\raw\\images\\train\\F_2_9_339.jpg",
  "box": [
    1158.75830078125,
    473.8546142578125,
    1526.69970703125,
    760.137451171875
  ],
  "class": 2,
  "confidence": 0.9298635721206665,
  "uncertainty": 0.11650747766957037
}