{
  "image": "data\\raw\\images\\train\\F_2_9_434.jpg",
  "box": [
    1673.592041015625,
    469.959228515625,
    1890.355224609375,
    686.3790893554688
  ],
  "class": 2,
  "confidence": 0.8290741443634033,
  "uncertainty": 0.15182971689165287
}