{
  "image": "data\\raw\\images\\train\\F_2_10_107.jpg",
  "box": [
    971.7149047851562,
    445.07708740234375,
    1048.649658203125,
    511.38128662109375
  ],
  "class": 2,
  "confidence": 0.7254967093467712,
  "uncertainty": 0.19386364794764274
}