{
  "image": "data\\raw\\images\\train\\F_2_1_657.jpg",
  "box": [
    1748.1478271484375,
    511.497802734375,
    1781.6890869140625,
    549.96142578125
  ],
  "class": 3,
  "confidence": 0.45911070704460144,
  "uncertainty": 0.38326143734110263
}