{
  "image": "data\\raw\\images\\train\\F_2_9_2823.jpg",
  "box": [
    1366.6614990234375,
    520.474609375,
    1424.4217529296875,
    575.00634765625
  ],
  "class": 3,
  "confidence": 0.31820183992385864,
  "uncertainty": 0.4840258483909614
}