{
  "image": "data\\raw\\images\\train\\F_2_9_3023.jpg",
  "box": [
    1555.304443359375,
    458.52099609375,
    1621.31103515625,
    544.9506225585938
  ],
  "class": 2,
  "confidence": 0.3183860182762146,
  "uncertainty": 0.38785710042961197
}