{
  "image": "data\\raw\\images\\train\\F_2_2_113.jpg",
  "box": [
    819.1776123046875,
    394.5186767578125,
    1369.28662109375,
    1061.070556640625
  ],
  "class": 7,
  "confidence": 0.8037160038948059,
  "uncertainty": 0.25897801961968697
}