{
  "image": "data\\raw\\images\\train\\F_2_11_734.jpg",
  "box": [
    1474.2628173828125,
    2.050506591796875,
    1918.7373046875,
    778.7169189453125
  ],
  "class": 7,
  "confidence": 0.9611319899559021,
  "uncertainty": 0.17882116356900718
}