{
  "image": "data\\raw\\images\\train\\F_2_8_1921.jpg",
  "box": [
    329.612548828125,
    451.5702209472656,
    577.5016479492188,
    697.7379150390625
  ],
  "class": 2,
  "confidence": 0.7353757619857788,
  "uncertainty": 0.3402199368765497
}