{
  "image": "data\\raw\\images\\train\\F_2_11_680.jpg",
  "box": [
    711.3578491210938,
    491.4732666015625,
    751.6923217773438,
    555.988525390625
  ],
  "class": 3,
  "confidence": 0.6746473908424377,
  "uncertainty": 0.3291331823217123
}