{
  "image": "data\\raw\\images\\train\\F_2_1_149.jpg",
  "box": [
    1174.9171142578125,
    528.7177124023438,
    1232.25927734375,
    622.8428344726562
  ],
  "class": 3,
  "confidence": 0.7092917561531067,
  "uncertainty": 0.3351587184630589
}