{
  "image": "data\\raw\\images\\train\\F_2_3_303.jpg",
  "box": [
    496.12335205078125,
    517.376708984375,
    556.3834228515625,
    607.7085571289062
  ],
  "class": 3,
  "confidence": 0.6919217705726624,
  "uncertainty": 0.3132934829589436
}