{
  "image": "data\\raw\\images\\train\\F_2_9_2626.jpg",
  "box": [
    1009.0072631835938,
    402.9275207519531,
    1120.739990234375,
    473.5221862792969
  ],
  "class": 2,
  "confidence": 0.7346147894859314,
  "uncertainty": 0.187476396668111
}