{
  "image": "data\\raw\\images\\train\\F_2_1_564.jpg",
  "box": [
    1238.4278564453125,
    511.9478759765625,
    1272.6978759765625,
    576.617431640625
  ],
  "class": 2,
  "confidence": 0.44175082445144653,
  "uncertainty": 0.29724737375718707
}