{
  "image": "data\\raw\\images\\train\\F_2_2_1434.jpg",
  "box": [
    867.6923217773438,
    438.4610595703125,
    912.1415405273438,
    502.0902099609375
  ],
  "class": 2,
  "confidence": 0.2521723210811615,
  "uncertainty": 0.4863052469031804
}