{
  "image": "data\\raw\\images\\train\\F_2_10_90.jpg",
  "box": [
    459.36822509765625,
    520.281005859375,
    506.2056884765625,
    597.373291015625
  ],
  "class": 3,
  "confidence": 0.6499002575874329,
  "uncertainty": 0.34136476639818286
}