{
  "image": "data\\raw\\images\\train\\F_2_6_1496.jpg",
  "box": [
    800.8681640625,
    460.19384765625,
    924.844482421875,
    659.045654296875
  ],
  "class": 2,
  "confidence": 0.5990589261054993,
  "uncertainty": 0.3365636829964287
}