{
  "image": "data\\raw\\images\\train\\F_2_1_561.jpg",
  "box": [
    1194.0704345703125,
    533.201171875,
    1297.24609375,
    608.8935546875
  ],
  "class": 2,
  "confidence": 0.4542068839073181,
  "uncertainty": 0.3865217363622168
}