{
  "image": "data\\raw\\images\\train\\F_2_2_846.jpg",
  "box": [
    1573.3670654296875,
    537.3121948242188,
    1605.580078125,
    614.2838745117188
  ],
  "class": 3,
  "confidence": 0.3164618909358978,
  "uncertainty": 0.492490990470456
}