{
  "image": "data\\raw\\images\\train\\F_2_2_761.jpg",
  "box": [
    260.3458251953125,
    409.4022216796875,
    479.34954833984375,
    457.6959228515625
  ],
  "class": 2,
  "confidence": 0.6437119245529175,
  "uncertainty": 0.27935710869942026
}