{
  "image": "data\\raw\\images\\train\\F_2_7_1776.jpg",
  "box": [
    1136.95361328125,
    595.3564453125,
    1271.168701171875,
    783.8345947265625
  ],
  "class": 3,
  "confidence": 0.733276903629303,
  "uncertainty": 0.3460602545557016
}