{
  "image": "data\\raw\\images\\train\\F_2_9_324.jpg",
  "box": [
    361.627197265625,
    464.6071472167969,
    457.0181579589844,
    584.3319091796875
  ],
  "class": 7,
  "confidence": 0.6405420899391174,
  "uncertainty": 0.31674479835042924
}