{
  "image": "data\\raw\\images\\train\\F_2_9_1486.jpg",
  "box": [
    1.9357452392578125,
    419.4386901855469,
    144.0901336669922,
    449.6611633300781
  ],
  "class": 2,
  "confidence": 0.4405019283294678,
  "uncertainty": 0.3679373541537588
}