{
  "image": "data\\raw\\images\\train\\F_2_2_1212.jpg",
  "box": [
    0.0,
    263.9180603027344,
    347.4991149902344,
    622.031005859375
  ],
  "class": 5,
  "confidence": 0.9288604259490967,
  "uncertainty": 0.17409201642349725
}