{
  "image": "data\\raw\\images\\train\\F_2_2_1364.jpg",
  "box": [
    1279.787353515625,
    350.0744934082031,
    1919.4306640625,
    1065.19873046875
  ],
  "class": 7,
  "confidence": 0.8336163759231567,
  "uncertainty": 0.22489746107267072
}