{
  "image": "data\\raw\\images\\train\\F_2_8_837.jpg",
  "box": [
    1410.788330078125,
    546.2145385742188,
    1507.3704833984375,
    654.4227294921875
  ],
  "class": 3,
  "confidence": 0.7578610777854919,
  "uncertainty": 0.35629138546834344
}