{
  "image": "data\\raw\\images\\train\\F_2_3_199.jpg",
  "box": [
    1731.1607666015625,
    668.3272094726562,
    1919.0745849609375,
    1070.4796142578125
  ],
  "class": 2,
  "confidence": 0.9020025134086609,
  "uncertainty": 0.14685797496860603
}