{
  "image": "data\\raw\\images\\train\\F_2_9_2346.jpg",
  "box": [
    1813.8101806640625,
    480.44549560546875,
    1904.0218505859375,
    589.5430297851562
  ],
  "class": 7,
  "confidence": 0.6055117845535278,
  "uncertainty": 0.3133790932794316
}