{
  "image": "data\\raw\\images\\train\\F_2_7_821.jpg",
  "box": [
    1004.90380859375,
    403.7747497558594,
    1070.1187744140625,
    430.7793273925781
  ],
  "class": 2,
  "confidence": 0.45956191420555115,
  "uncertainty": 0.2983880708498346
}