{
  "image": "data\\raw\\images\\train\\F_2_9_2956.jpg",
  "box": [
    1.7158355712890625,
    3.533111572265625,
    550.6746826171875,
    850.111083984375
  ],
  "class": 7,
  "confidence": 0.9106460213661194,
  "uncertainty": 0.1923890360707068
}