{
  "image": "data\\raw\\images\\train\\F_2_9_786.jpg",
  "box": [
    384.3265686035156,
    402.4728698730469,
    719.4158935546875,
    546.9215087890625
  ],
  "class": 2,
  "confidence": 0.8413865566253662,
  "uncertainty": 0.1830348931582757
}