{
  "image": "data\\raw\\images\\train\\F_2_2_129.jpg",
  "box": [
    1730.990478515625,
    469.3510437011719,
    1892.28955078125,
    622.403564453125
  ],
  "class": 2,
  "confidence": 0.3277069628238678,
  "uncertainty": 0.4385213698466943
}