{
  "image": "data\\raw\\images\\train\\F_2_2_787.jpg",
  "box": [
    1774.472900390625,
    523.0472412109375,
    1917.302490234375,
    636.9349975585938
  ],
  "class": 3,
  "confidence": 0.6177340149879456,
  "uncertainty": 0.4051825812177598
}