{
  "image": "data\\raw\\images\\train\\F_2_2_35.jpg",
  "box": [
    684.1507568359375,
    470.60504150390625,
    832.9124755859375,
    650.9273071289062
  ],
  "class": 5,
  "confidence": 0.47641026973724365,
  "uncertainty": 0.3696212642320551
}