{
  "image": "data\\raw\\images\\train\\F_2_7_658.jpg",
  "box": [
    1111.329833984375,
    492.8826599121094,
    1323.1922607421875,
    644.4127197265625
  ],
  "class": 2,
  "confidence": 0.7811997532844543,
  "uncertainty": 0.19255873061735546
}