{
  "image": "data\\raw\\images\\train\\F_2_2_970.jpg",
  "box": [
    1021.6248779296875,
    497.75653076171875,
    1131.525634765625,
    592.9739379882812
  ],
  "class": 2,
  "confidence": 0.8263802528381348,
  "uncertainty": 0.16741406533461334
}