{
  "image": "data\\raw\\images\\train\\F_2_6_229.jpg",
  "box": [
    1125.1982421875,
    490.599853515625,
    1204.091064453125,
    589.43310546875
  ],
  "class": 2,
  "confidence": 0.49416330456733704,
  "uncertainty": 0.2914380569210663
}