{
  "image": "data\\raw\\images\\train\\F_2_2_798.jpg",
  "box": [
    1490.7822265625,
    529.7003173828125,
    1571.978759765625,
    584.0004272460938
  ],
  "class": 2,
  "confidence": 0.3014829158782959,
  "uncertainty": 0.37125792554769965
}