{
  "image": "data\\raw\\images\\train\\F_2_3_428.jpg",
  "box": [
    1313.407958984375,
    421.3243408203125,
    1392.513427734375,
    508.13238525390625
  ],
  "class": 2,
  "confidence": 0.25004640221595764,
  "uncertainty": 0.4756062238483781
}