{
  "image": "data\\raw\\images\\train\\F_2_5_6.jpg",
  "box": [
    883.4624633789062,
    519.6286010742188,
    930.6849975585938,
    590.1044311523438
  ],
  "class": 3,
  "confidence": 0.5904580354690552,
  "uncertainty": 0.35197386602566477
}