{
  "image": "data\\raw\\images\\train\\F_2_1_1191.jpg",
  "box": [
    1723.7900390625,
    503.7362060546875,
    1759.7109375,
    574.1903076171875
  ],
  "class": 3,
  "confidence": 0.36206141114234924,
  "uncertainty": 0.44478347196245005
}