{
  "image": "data\\raw\\images\\train\\F_2_8_718.jpg",
  "box": [
    1269.68310546875,
    616.2708740234375,
    1311.015625,
    704.4436645507812
  ],
  "class": 3,
  "confidence": 0.48049649596214294,
  "uncertainty": 0.4200105193764519
}