{
  "image": "data\\raw\\images\\train\\F_2_7_1282.jpg",
  "box": [
    139.12916564941406,
    485.3238525390625,
    214.26315307617188,
    590.802490234375
  ],
  "class": 3,
  "confidence": 0.7623305916786194,
  "uncertainty": 0.2822523568060624
}