{
  "image": "data\\raw\\images\\train\\F_2_1_1066.jpg",
  "box": [
    126.44700622558594,
    549.3328857421875,
    306.8985595703125,
    827.640380859375
  ],
  "class": 3,
  "confidence": 0.6567221283912659,
  "uncertainty": 0.41577788841559166
}