{
  "image": "data\\raw\\images\\train\\F_2_6_534.jpg",
  "box": [
    423.31549072265625,
    468.7083740234375,
    474.796142578125,
    549.6488037109375
  ],
  "class": 3,
  "confidence": 0.3265983462333679,
  "uncertainty": 0.45929007570714114
}