{
  "image": "data\\raw\\images\\train\\F_2_5_85.jpg",
  "box": [
    154.98574829101562,
    519.978271484375,
    203.55255126953125,
    610.86865234375
  ],
  "class": 3,
  "confidence": 0.5652316808700562,
  "uncertainty": 0.3601142616912477
}