{
  "image": "data\\raw\\images\\train\\F_2_1_620.jpg",
  "box": [
    772.313720703125,
    455.0523376464844,
    834.4498291015625,
    536.7520751953125
  ],
  "class": 5,
  "confidence": 0.5296611189842224,
  "uncertainty": 0.35446847140235643
}