{
  "image": "data\\raw\\images\\train\\F_2_2_96.jpg",
  "box": [
    325.12225341796875,
    445.6553649902344,
    878.1527099609375,
    899.7711181640625
  ],
  "class": 2,
  "confidence": 0.910163938999176,
  "uncertainty": 0.1413659920890075
}