{
  "image": "data\\raw\\images\\train\\F_2_2_750.jpg",
  "box": [
    0.2916297912597656,
    504.40850830078125,
    126.01235961914062,
    917.6934814453125
  ],
  "class": 2,
  "confidence": 0.49446824193000793,
  "uncertainty": 0.36459732432961
}