{
  "image": "data\\raw\\images\\train\\F_2_2_1277.jpg",
  "box": [
    0.9877395629882812,
    369.349365234375,
    382.8692626953125,
    1066.00390625
  ],
  "class": 2,
  "confidence": 0.3820587992668152,
  "uncertainty": 0.3285048583443624
}