{
  "image": "data\\raw\\images\\train\\F_2_1_718.jpg",
  "box": [
    134.9124755859375,
    361.6892395019531,
    307.21673583984375,
    505.8329772949219
  ],
  "class": 7,
  "confidence": 0.5224039554595947,
  "uncertainty": 0.414812469095659
}