{
  "image": "data\\raw\\images\\train\\F_2_9_3016.jpg",
  "box": [
    1291.4769287109375,
    366.78167724609375,
    1385.6912841796875,
    489.25543212890625
  ],
  "class": 7,
  "confidence": 0.5006294250488281,
  "uncertainty": 0.4393401223530992
}