{
  "image": "data\\raw\\images\\train\\F_2_7_779.jpg",
  "box": [
    1073.69189453125,
    551.541015625,
    1204.83837890625,
    760.4189453125
  ],
  "class": 3,
  "confidence": 0.8032590746879578,
  "uncertainty": 0.2949935152899015
}