{
  "image": "data\\raw\\images\\train\\F_2_2_1351.jpg",
  "box": [
    1304.0247802734375,
    710.8406982421875,
    1528.020263671875,
    1025.190673828125
  ],
  "class": 3,
  "confidence": 0.7220650315284729,
  "uncertainty": 0.30886060717889047
}