{
  "image": "data\\raw\\images\\train\\F_2_3_428.jpg",
  "box": [
    0.56158447265625,
    164.63345336914062,
    376.710205078125,
    660.5753173828125
  ],
  "class": 5,
  "confidence": 0.8793849945068359,
  "uncertainty": 0.2958161709396381
}