{
  "image": "data\\raw\\images\\train\\F_2_1_982.jpg",
  "box": [
    385.9576721191406,
    436.7425231933594,
    471.5367736816406,
    581.40771484375
  ],
  "class": 2,
  "confidence": 0.8283238410949707,
  "uncertainty": 0.18931309858971285
}