{
  "image": "data\\raw\\images\\train\\F_2_7_1331.jpg",
  "box": [
    493.8512878417969,
    454.39599609375,
    590.5853271484375,
    490.4044189453125
  ],
  "class": 2,
  "confidence": 0.2876065969467163,
  "uncertainty": 0.3870634826686248
}