{
  "image": "data\\raw\\images\\train\\F_2_2_852.jpg",
  "box": [
    746.93115234375,
    574.964599609375,
    821.6026611328125,
    695.2692260742188
  ],
  "class": 3,
  "confidence": 0.6916828751564026,
  "uncertainty": 0.3334407181758293
}