{
  "image": "data\\raw\\images\\train\\F_2_1_788.jpg",
  "box": [
    720.6065673828125,
    412.54949951171875,
    821.3886108398438,
    512.9241333007812
  ],
  "class": 7,
  "confidence": 0.6532463431358337,
  "uncertainty": 0.32686528285247685
}