{
  "image": "data\\raw\\images\\train\\F_2_6_1624.jpg",
  "box": [
    211.94808959960938,
    547.8970336914062,
    320.1023864746094,
    726.1689453125
  ],
  "class": 3,
  "confidence": 0.7074447274208069,
  "uncertainty": 0.34283915598402026
}