{
  "image": "data\\raw\\images\\train\\F_2_9_341.jpg",
  "box": [
    1204.3167724609375,
    448.8816833496094,
    1288.8291015625,
    551.4296264648438
  ],
  "class": 2,
  "confidence": 0.32786688208580017,
  "uncertainty": 0.3678340056681181
}