{
  "image": "data\\raw\\images\\train\\F_2_8_1068.jpg",
  "box": [
    472.134521484375,
    498.20855712890625,
    859.2286376953125,
    780.8399047851562
  ],
  "class": 2,
  "confidence": 0.9189795255661011,
  "uncertainty": 0.12830733895180463
}