{
  "image": "data\\raw\\images\\train\\F_2_7_431.jpg",
  "box": [
    933.46875,
    372.22613525390625,
    1628.11083984375,
    1063.6962890625
  ],
  "class": 2,
  "confidence": 0.911528468132019,
  "uncertainty": 0.1915627545292108
}