{
  "image": "data\\raw\\images\\train\\F_2_7_809.jpg",
  "box": [
    364.6143798828125,
    442.60089111328125,
    766.5654907226562,
    780.9068603515625
  ],
  "class": 2,
  "confidence": 0.8957971334457397,
  "uncertainty": 0.13966057983171676
}