{
  "image": "data\\raw\\images\\train\\F_2_7_1776.jpg",
  "box": [
    670.0823364257812,
    259.2557373046875,
    1095.391357421875,
    745.7843627929688
  ],
  "class": 7,
  "confidence": 0.792426586151123,
  "uncertainty": 0.3018621654893764
}