{
  "image": "data\\raw\\images\\train\\F_2_3_383.jpg",
  "box": [
    0.51434326171875,
    457.85577392578125,
    564.8143310546875,
    928.8021240234375
  ],
  "class": 2,
  "confidence": 0.9380377531051636,
  "uncertainty": 0.12694811232553316
}