{
  "image": "data\\raw\\images\\train\\F_2_7_525.jpg",
  "box": [
    571.482666015625,
    452.4742431640625,
    688.1696166992188,
    557.5620727539062
  ],
  "class": 2,
  "confidence": 0.7227135896682739,
  "uncertainty": 0.2465172132828441
}