{
  "image": "data\\raw\\images\\train\\F_2_2_1653.jpg",
  "box": [
    315.65594482421875,
    578.8499755859375,
    394.206787109375,
    707.9931640625
  ],
  "class": 3,
  "confidence": 0.7264718413352966,
  "uncertainty": 0.3255974287382313
}