{
  "image": "data\\raw\\images\\train\\F_2_1_552.jpg",
  "box": [
    0.5101089477539062,
    418.60455322265625,
    94.33284759521484,
    646.6723022460938
  ],
  "class": 7,
  "confidence": 0.5405485033988953,
  "uncertainty": 0.40079087264862656
}