{
  "image": "data\\raw\\images\\train\\F_2_11_550.jpg",
  "box": [
    876.72265625,
    454.2995910644531,
    1001.4805908203125,
    569.334716796875
  ],
  "class": 2,
  "confidence": 0.7997431755065918,
  "uncertainty": 0.16713781078563658
}