{
  "image": "data\\raw\\images\\train\\F_2_4_207.jpg",
  "box": [
    835.77099609375,
    447.67889404296875,
    1083.2435302734375,
    654.924072265625
  ],
  "class": 2,
  "confidence": 0.9026180505752563,
  "uncertainty": 0.13126995790741275
}