{
  "image": "data\\raw\\images\\train\\F_2_2_35.jpg",
  "box": [
    684.2032470703125,
    470.4466552734375,
    831.9420776367188,
    651.3832397460938
  ],
  "class": 7,
  "confidence": 0.46575927734375,
  "uncertainty": 0.3835807602243651
}