{
  "image": "data\\raw\\images\\train\\F_2_7_445.jpg",
  "box": [
    1228.6529541015625,
    438.95843505859375,
    1918.91015625,
    1067.5587158203125
  ],
  "class": 2,
  "confidence": 0.9389906525611877,
  "uncertainty": 0.14900923558970902
}