{
  "image": "data\\raw\\images\\train\\F_2_4_950.jpg",
  "box": [
    974.9397583007812,
    696.622314453125,
    1161.91064453125,
    1070.8760986328125
  ],
  "class": 3,
  "confidence": 0.5898250341415405,
  "uncertainty": 0.3839984990860157
}