{
  "image": "data\\raw\\images\\train\\F_2_1_161.jpg",
  "box": [
    717.7288818359375,
    503.2094421386719,
    771.169677734375,
    597.7431640625
  ],
  "class": 3,
  "confidence": 0.7142612934112549,
  "uncertainty": 0.33574218250780996
}