{
  "image": "data\\raw\\images\\train\\F_2_1_695.jpg",
  "box": [
    1027.319580078125,
    545.5985107421875,
    1085.605712890625,
    644.6776123046875
  ],
  "class": 3,
  "confidence": 0.5600512623786926,
  "uncertainty": 0.3724466843482557
}