{
  "image": "data\\raw\\images\\train\\F_2_5_22.jpg",
  "box": [
    246.04417419433594,
    549.3685302734375,
    294.3397521972656,
    621.5751953125
  ],
  "class": 3,
  "confidence": 0.6414245367050171,
  "uncertainty": 0.3381887873083476
}