{
  "image": "data\\raw\\images\\train\\F_2_10_107.jpg",
  "box": [
    941.8330078125,
    444.8631591796875,
    975.714111328125,
    492.4976806640625
  ],
  "class": 2,
  "confidence": 0.3881126344203949,
  "uncertainty": 0.3397347301543836
}