{
  "image": "data\\raw\\images\\train\\F_2_2_1401.jpg",
  "box": [
    1267.396240234375,
    480.79913330078125,
    1605.647705078125,
    1065.8331298828125
  ],
  "class": 2,
  "confidence": 0.9205869436264038,
  "uncertainty": 0.09062275817346152
}