{
  "image": "data\\raw\\images\\train\\F_2_6_861.jpg",
  "box": [
    172.82656860351562,
    284.85626220703125,
    850.435546875,
    1067.820068359375
  ],
  "class": 7,
  "confidence": 0.8996197581291199,
  "uncertainty": 0.21007015871023949
}