{
  "image": "data\\raw\\images\\train\\F_2_1_3.jpg",
  "box": [
    802.9852294921875,
    483.96112060546875,
    919.7490234375,
    587.3292846679688
  ],
  "class": 2,
  "confidence": 0.861357569694519,
  "uncertainty": 0.15352221715653208
}