{
  "image": "data\\raw\\images\\train\\F_2_2_800.jpg",
  "box": [
    1012.8775634765625,
    468.1827392578125,
    1521.1689453125,
    915.961181640625
  ],
  "class": 2,
  "confidence": 0.9299517869949341,
  "uncertainty": 0.1258948663849459
}