{
  "image": "data\\raw\\images\\train\\F_2_2_825.jpg",
  "box": [
    48.00471496582031,
    492.33673095703125,
    388.22344970703125,
    765.08203125
  ],
  "class": 2,
  "confidence": 0.9363752007484436,
  "uncertainty": 0.13816307837126
}