{
  "image": "data\\raw\\images\\train\\F_2_7_1656.jpg",
  "box": [
    984.46435546875,
    419.2818603515625,
    1097.02880859375,
    495.5672607421875
  ],
  "class": 2,
  "confidence": 0.6527701616287231,
  "uncertainty": 0.24820311578000162
}