{
  "image": "data\\raw\\images\\train\\F_2_2_975.jpg",
  "box": [
    0.747344970703125,
    508.8135681152344,
    344.22784423828125,
    828.6655883789062
  ],
  "class": 2,
  "confidence": 0.9303662180900574,
  "uncertainty": 0.11938146454674867
}