{
  "image": "data\\raw\\images\\train\\F_2_1_622.jpg",
  "box": [
    221.17172241210938,
    396.6876525878906,
    428.8396911621094,
    587.8796997070312
  ],
  "class": 7,
  "confidence": 0.5694409608840942,
  "uncertainty": 0.3536286624286932
}