{
  "image": "data\\raw\\images\\train\\F_2_7_771.jpg",
  "box": [
    570.907470703125,
    537.4681396484375,
    920.0245361328125,
    838.525390625
  ],
  "class": 2,
  "confidence": 0.9177001714706421,
  "uncertainty": 0.13361557294519583
}