{
  "image": "data\\raw\\images\\train\\F_2_7_858.jpg",
  "box": [
    790.7301025390625,
    382.3369445800781,
    916.0391845703125,
    495.1934509277344
  ],
  "class": 2,
  "confidence": 0.5769817233085632,
  "uncertainty": 0.2860755238720632
}