{
  "image": "data\\raw\\images\\train\\F_2_1_86.jpg",
  "box": [
    1146.3592529296875,
    415.9007263183594,
    1391.6312255859375,
    668.34130859375
  ],
  "class": 7,
  "confidence": 0.39507466554641724,
  "uncertainty": 0.4264725982519603
}