{
  "image": "data\\raw\\images\\train\\F_2_2_1034.jpg",
  "box": [
    849.0274658203125,
    454.61151123046875,
    1358.577392578125,
    956.9280395507812
  ],
  "class": 2,
  "confidence": 0.9298335909843445,
  "uncertainty": 0.09718676518266375
}