{
  "image": "data\\raw\\images\\train\\F_2_6_519.jpg",
  "box": [
    0.3434429168701172,
    436.4180603027344,
    92.47537231445312,
    849.8223876953125
  ],
  "class": 2,
  "confidence": 0.8650793433189392,
  "uncertainty": 0.18433167240207404
}