{
  "image": "data\\raw\\images\\train\\F_2_2_1489.jpg",
  "box": [
    116.20465850830078,
    751.0691528320312,
    238.25503540039062,
    827.5603637695312
  ],
  "class": 2,
  "confidence": 0.5779222846031189,
  "uncertainty": 0.28477588827982225
}