{
  "image": "data\\raw\\images\\train\\F_2_6_169.jpg",
  "box": [
    706.26123046875,
    258.3412170410156,
    1727.698974609375,
    1068.24267578125
  ],
  "class": 7,
  "confidence": 0.36907699704170227,
  "uncertainty": 0.3975472997757133
}