{
  "image": "data\\raw\\images\\train\\F_2_1_957.jpg",
  "box": [
    497.5496520996094,
    397.34765625,
    581.4603271484375,
    492.66888427734375
  ],
  "class": 7,
  "confidence": 0.5223247408866882,
  "uncertainty": 0.36914488375285115
}