{
  "image": "data\\raw\\images\\train\\F_2_2_966.jpg",
  "box": [
    794.1150512695312,
    428.4604797363281,
    963.8682861328125,
    577.428466796875
  ],
  "class": 2,
  "confidence": 0.8839150071144104,
  "uncertainty": 0.1354397977321876
}