{
  "image": "data\\raw\\images\\train\\F_2_2_1439.jpg",
  "box": [
    760.475341796875,
    217.6981658935547,
    1006.5301513671875,
    562.0823974609375
  ],
  "class": 7,
  "confidence": 0.7020981907844543,
  "uncertainty": 0.3104940058003005
}