{
  "image": "data\\raw\\images\\train\\F_2_1_843.jpg",
  "box": [
    580.1943359375,
    404.56939697265625,
    655.3895263671875,
    481.97454833984375
  ],
  "class": 7,
  "confidence": 0.26833510398864746,
  "uncertainty": 0.4794981546353401
}