{
  "image": "data\\raw\\images\\train\\F_2_1_788.jpg",
  "box": [
    1123.8470458984375,
    447.07415771484375,
    1171.5994873046875,
    506.77532958984375
  ],
  "class": 7,
  "confidence": 0.25586244463920593,
  "uncertainty": 0.47411479586188643
}