{
  "image": "data\\raw\\images\\train\\F_2_2_1609.jpg",
  "box": [
    1295.7052001953125,
    416.947265625,
    1427.563232421875,
    450.2178955078125
  ],
  "class": 2,
  "confidence": 0.28073883056640625,
  "uncertainty": 0.43641485091519994
}