{
  "image": "data\\raw\\images\\train\\F_2_1_715.jpg",
  "box": [
    1681.270751953125,
    494.7589416503906,
    1714.142578125,
    545.9552001953125
  ],
  "class": 3,
  "confidence": 0.4659062325954437,
  "uncertainty": 0.3970791646533844
}