{
  "image": "data\\raw\\images\\train\\F_2_4_844.jpg",
  "box": [
    1362.3958740234375,
    404.0158996582031,
    1564.5941162109375,
    629.397705078125
  ],
  "class": 7,
  "confidence": 0.763044536113739,
  "uncertainty": 0.2624522020712988
}