{
  "image": "data\\raw\\images\\train\\F_2_8_1531.jpg",
  "box": [
    1363.1312255859375,
    484.921875,
    1918.5369873046875,
    1042.16552734375
  ],
  "class": 2,
  "confidence": 0.9238495230674744,
  "uncertainty": 0.12201072759601375
}