{
  "image": "data\\raw\\images\\train\\F_2_1_573.jpg",
  "box": [
    729.0367431640625,
    499.3510437011719,
    765.8600463867188,
    559.9267578125
  ],
  "class": 3,
  "confidence": 0.4913567900657654,
  "uncertainty": 0.37832630265722045
}