{
  "image": "data\\raw\\images\\train\\F_2_1_734.jpg",
  "box": [
    1854.21923828125,
    407.1464538574219,
    1919.243896484375,
    626.018798828125
  ],
  "class": 7,
  "confidence": 0.6681817770004272,
  "uncertainty": 0.3202516648254474
}