{
  "image": "data\\raw\\images\\train\\F_2_2_1089.jpg",
  "box": [
    1072.1539306640625,
    505.93304443359375,
    1690.02197265625,
    973.8048706054688
  ],
  "class": 2,
  "confidence": 0.932508111000061,
  "uncertainty": 0.12382925931680619
}