{
  "image": "data\\raw\\images\\train\\F_2_1_943.jpg",
  "box": [
    1472.442138671875,
    511.7293395996094,
    1520.697998046875,
    581.11474609375
  ],
  "class": 3,
  "confidence": 0.6899924278259277,
  "uncertainty": 0.309685320271858
}