{
  "image": "data\\raw\\images\\train\\F_2_1_855.jpg",
  "box": [
    0.3596076965332031,
    485.2474365234375,
    53.040138244628906,
    613.033203125
  ],
  "class": 2,
  "confidence": 0.7033290266990662,
  "uncertainty": 0.2949359382265033
}