{
  "image": "data\\raw\\images\\train\\F_2_9_1136.jpg",
  "box": [
    86.57869720458984,
    770.079833984375,
    380.0596923828125,
    1070.1279296875
  ],
  "class": 3,
  "confidence": 0.7184467911720276,
  "uncertainty": 0.3389547997470475
}