{
  "image": "data\\raw\\images\\train\\F_2_7_1260.jpg",
  "box": [
    0.2321319580078125,
    171.92010498046875,
    531.7132568359375,
    865.412109375
  ],
  "class": 7,
  "confidence": 0.9447569847106934,
  "uncertainty": 0.19262587135489015
}