{
  "image": "data\\raw\\images\\train\\F_2_8_1531.jpg",
  "box": [
    1290.568603515625,
    470.874755859375,
    1632.8609619140625,
    861.9442749023438
  ],
  "class": 2,
  "confidence": 0.663249671459198,
  "uncertainty": 0.4495122867257698
}