{
  "image": "data\\raw\\images\\train\\F_2_8_1770.jpg",
  "box": [
    1263.82373046875,
    428.195556640625,
    1323.84033203125,
    525.8408813476562
  ],
  "class": 3,
  "confidence": 0.6859883069992065,
  "uncertainty": 0.34291141874654757
}