{
  "image": "data\\raw\\images\\train\\F_2_7_2351.jpg",
  "box": [
    640.3342895507812,
    452.98919677734375,
    1270.936767578125,
    1015.6433715820312
  ],
  "class": 2,
  "confidence": 0.9297753572463989,
  "uncertainty": 0.12718436676282124
}