{
  "image": "data\\raw\\images\\train\\F_2_5_85.jpg",
  "box": [
    215.64413452148438,
    386.6854248046875,
    1350.90771484375,
    1069.136962890625
  ],
  "class": 2,
  "confidence": 0.9568125605583191,
  "uncertainty": 0.09920472196016616
}