{
  "image": "data\\raw\\images\\train\\F_2_6_1623.jpg",
  "box": [
    1337.754150390625,
    436.5746154785156,
    1412.821533203125,
    551.8514404296875
  ],
  "class": 2,
  "confidence": 0.6897300481796265,
  "uncertainty": 0.2246094302748809
}