{
  "image": "data\\raw\\images\\train\\F_2_2_129.jpg",
  "box": [
    1250.5667724609375,
    440.4491271972656,
    1280.8231201171875,
    467.8356628417969
  ],
  "class": 2,
  "confidence": 0.30788570642471313,
  "uncertainty": 0.3429971167490293
}