{
  "image": "data\\raw\\images\\train\\F_2_1_3.jpg",
  "box": [
    897.3695068359375,
    477.92889404296875,
    1100.530517578125,
    677.4290771484375
  ],
  "class": 2,
  "confidence": 0.9134768843650818,
  "uncertainty": 0.12392555899720781
}