{
  "image": "data\\raw\\images\\train\\F_2_8_946.jpg",
  "box": [
    899.6326904296875,
    391.6853942871094,
    956.4752197265625,
    446.2143859863281
  ],
  "class": 2,
  "confidence": 0.5189432501792908,
  "uncertainty": 0.28336641066552803
}