{
  "image": "data\\raw\\images\\train\\F_2_7_202.jpg",
  "box": [
    195.34886169433594,
    434.744384765625,
    721.111572265625,
    516.7985229492188
  ],
  "class": 2,
  "confidence": 0.5634384751319885,
  "uncertainty": 0.27467904369719665
}