{
  "image": "data\\raw\\images\\train\\F_2_1_1203.jpg",
  "box": [
    917.1904907226562,
    457.5791931152344,
    1040.7366943359375,
    706.4879150390625
  ],
  "class": 2,
  "confidence": 0.7697805166244507,
  "uncertainty": 0.2910803147256326
}