{
  "image": "data\\raw\\images\\train\\F_2_1_890.jpg",
  "box": [
    1421.25927734375,
    475.91961669921875,
    1449.04443359375,
    519.4921264648438
  ],
  "class": 3,
  "confidence": 0.5153664946556091,
  "uncertainty": 0.36185993742566247
}