{
  "image": "data\\raw\\images\\train\\F_2_7_658.jpg",
  "box": [
    0.0,
    629.054443359375,
    244.3776397705078,
    1014.8135375976562
  ],
  "class": 3,
  "confidence": 0.29566723108291626,
  "uncertainty": 0.4690096721579347
}