{
  "image": "data\\raw\\images\\train\\F_2_2_1653.jpg",
  "box": [
    1130.222900390625,
    812.203857421875,
    1358.994384765625,
    1075.177001953125
  ],
  "class": 3,
  "confidence": 0.2853361666202545,
  "uncertainty": 0.476278461645016
}