{
  "image": "data\\raw\\images\\train\\F_2_8_1888.jpg",
  "box": [
    1686.4603271484375,
    482.1927795410156,
    1759.4765625,
    523.4005126953125
  ],
  "class": 2,
  "confidence": 0.33373260498046875,
  "uncertainty": 0.3643160249758663
}