{
  "image": "data\\raw\\images\\train\\F_2_9_1526.jpg",
  "box": [
    0.6974945068359375,
    699.4879150390625,
    319.995849609375,
    1072.6163330078125
  ],
  "class": 3,
  "confidence": 0.5539443492889404,
  "uncertainty": 0.4726894555995255
}