{
  "image": "data\\raw\\images\\train\\F_2_4_165.jpg",
  "box": [
    488.72210693359375,
    532.805419921875,
    616.9527587890625,
    646.5999755859375
  ],
  "class": 2,
  "confidence": 0.6316145062446594,
  "uncertainty": 0.35375650523735735
}