{
  "image": "data\\raw\\images\\train\\F_2_6_125.jpg",
  "box": [
    1009.7279663085938,
    344.35821533203125,
    1167.7745361328125,
    420.3035888671875
  ],
  "class": 5,
  "confidence": 0.670285701751709,
  "uncertainty": 0.29044972015329473
}