{
  "image": "data\\raw\\images\\train\\F_2_2_1434.jpg",
  "box": [
    805.962158203125,
    443.5798645019531,
    883.9667358398438,
    514.5679931640625
  ],
  "class": 2,
  "confidence": 0.6355671286582947,
  "uncertainty": 0.30786987235907437
}