{
  "image": "data\\raw\\images\\train\\F_2_6_554.jpg",
  "box": [
    923.61767578125,
    548.873046875,
    990.0228881835938,
    653.5394287109375
  ],
  "class": 3,
  "confidence": 0.6701062917709351,
  "uncertainty": 0.3155018963434173
}