{
  "image": "data\\raw\\images\\train\\F_2_3_424.jpg",
  "box": [
    142.3280487060547,
    437.2581481933594,
    256.1174011230469,
    579.5791015625
  ],
  "class": 7,
  "confidence": 0.5598682761192322,
  "uncertainty": 0.3562747508758938
}