{
  "image": "data\\raw\\images\\train\\F_2_9_407.jpg",
  "box": [
    1402.8677978515625,
    453.8650817871094,
    1773.889892578125,
    753.1361083984375
  ],
  "class": 2,
  "confidence": 0.9274529814720154,
  "uncertainty": 0.12093878737943586
}