{
  "image": "data\\raw\\images\\train\\F_2_7_475.jpg",
  "box": [
    124.16425323486328,
    481.45111083984375,
    814.6033935546875,
    1063.199951171875
  ],
  "class": 2,
  "confidence": 0.8980173468589783,
  "uncertainty": 0.1380695266589195
}