{
  "image": "data\\raw\\images\\train\\F_2_9_2417.jpg",
  "box": [
    1744.6279296875,
    467.9461669921875,
    1871.457763671875,
    590.53125
  ],
  "class": 2,
  "confidence": 0.4835679531097412,
  "uncertainty": 0.2914050303877409
}