{
  "image": "data\\raw\\images\\train\\F_2_3_64.jpg",
  "box": [
    452.08062744140625,
    412.54376220703125,
    1369.2095947265625,
    1067.151611328125
  ],
  "class": 2,
  "confidence": 0.9395947456359863,
  "uncertainty": 0.09885634662425455
}