{
  "image": "data\\raw\\images\\train\\F_2_2_1025.jpg",
  "box": [
    673.6508178710938,
    306.25689697265625,
    962.953125,
    449.9208068847656
  ],
  "class": 7,
  "confidence": 0.5315129160881042,
  "uncertainty": 0.3494616859379782
}