{
  "image": "data\\raw\\images\\train\\F_2_9_2265.jpg",
  "box": [
    1472.603271484375,
    422.2678527832031,
    1538.86767578125,
    502.9311218261719
  ],
  "class": 2,
  "confidence": 0.3029770255088806,
  "uncertainty": 0.4081984024806463
}