{
  "image": "data\\raw\\images\\train\\F_2_2_426.jpg",
  "box": [
    7.5850982666015625,
    422.6982421875,
    260.88226318359375,
    548.84765625
  ],
  "class": 2,
  "confidence": 0.6964428424835205,
  "uncertainty": 0.23096735222989306
}