{
  "image": "data\\raw\\images\\train\\F_2_1_1066.jpg",
  "box": [
    1073.2650146484375,
    527.0113525390625,
    1116.0552978515625,
    590.275390625
  ],
  "class": 3,
  "confidence": 0.6476167440414429,
  "uncertainty": 0.3280645958671714
}