{
  "image": "data\\raw\\images\\train\\F_2_5_304.jpg",
  "box": [
    1267.3026123046875,
    468.5001525878906,
    1497.623291015625,
    585.7919921875
  ],
  "class": 2,
  "confidence": 0.5928093791007996,
  "uncertainty": 0.2690580456805057
}