{
  "image": "data\\raw\\images\\train\\F_2_1_325.jpg",
  "box": [
    762.2388916015625,
    443.6513671875,
    848.1417846679688,
    542.236083984375
  ],
  "class": 7,
  "confidence": 0.7527896761894226,
  "uncertainty": 0.27351327859821956
}