{
  "image": "data\\raw\\images\\train\\F_2_1_495.jpg",
  "box": [
    913.2108764648438,
    446.2540283203125,
    1023.7481689453125,
    546.7604370117188
  ],
  "class": 7,
  "confidence": 0.4941542148590088,
  "uncertainty": 0.37721951983113633
}