{
  "image": "data\\raw\\images\\train\\F_2_2_104.jpg",
  "box": [
    262.098388671875,
    617.3037109375,
    342.15625,
    763.8370361328125
  ],
  "class": 3,
  "confidence": 0.6810754537582397,
  "uncertainty": 0.34517854078959537
}