{
  "image": "data\\raw\\images\\train\\F_2_9_2915.jpg",
  "box": [
    1454.357177734375,
    492.8509826660156,
    1511.75390625,
    581.11279296875
  ],
  "class": 3,
  "confidence": 0.7278517484664917,
  "uncertainty": 0.3084761347840843
}