{
  "image": "data\\raw\\images\\train\\F_2_2_966.jpg",
  "box": [
    943.3515014648438,
    379.984130859375,
    1091.8779296875,
    490.45404052734375
  ],
  "class": 7,
  "confidence": 0.4766598045825958,
  "uncertainty": 0.43586982491127335
}