{
  "image": "data\\raw\\images\\train\\F_2_8_900.jpg",
  "box": [
    593.4341430664062,
    436.12628173828125,
    765.880615234375,
    512.2078857421875
  ],
  "class": 2,
  "confidence": 0.2613567113876343,
  "uncertainty": 0.4227648344773718
}