{
  "image": "data\\raw\\images\\train\\F_2_1_626.jpg",
  "box": [
    244.00396728515625,
    427.08892822265625,
    419.376708984375,
    540.3724365234375
  ],
  "class": 2,
  "confidence": 0.3654705882072449,
  "uncertainty": 0.36127519278953335
}