{
  "image": "data\\raw\\images\\train\\F_2_3_201.jpg",
  "box": [
    1082.1119384765625,
    378.59906005859375,
    1125.415771484375,
    434.8162841796875
  ],
  "class": 2,
  "confidence": 0.5963638424873352,
  "uncertainty": 0.27018391617053517
}