{
  "image": "data\\raw\\images\\train\\F_2_6_237.jpg",
  "box": [
    635.4900512695312,
    446.8309020996094,
    696.851318359375,
    530.6453857421875
  ],
  "class": 3,
  "confidence": 0.5721712112426758,
  "uncertainty": 0.3941986337046982
}