{
  "image": "data\\raw\\images\\train\\F_2_1_313.jpg",
  "box": [
    1440.12548828125,
    416.4299011230469,
    1575.777587890625,
    541.4207763671875
  ],
  "class": 7,
  "confidence": 0.759175181388855,
  "uncertainty": 0.2577399441912346
}