{
  "image": "data\\raw\\images\\train\\F_2_2_1680.jpg",
  "box": [
    816.0660400390625,
    454.3685302734375,
    943.3427734375,
    693.8530883789062
  ],
  "class": 2,
  "confidence": 0.4022132456302643,
  "uncertainty": 0.4546660327084792
}