{
  "image": "data\\raw\\images\\train\\F_2_7_1310.jpg",
  "box": [
    824.0912475585938,
    528.5582275390625,
    903.5326538085938,
    650.9609375
  ],
  "class": 2,
  "confidence": 0.809684693813324,
  "uncertainty": 0.22731527599696713
}