{
  "image": "data\\raw\\images\\train\\F_2_5_195.jpg",
  "box": [
    1249.0902099609375,
    418.0549621582031,
    1814.588623046875,
    797.63623046875
  ],
  "class": 7,
  "confidence": 0.5125784873962402,
  "uncertainty": 0.4185153943859486
}