{
  "image": "data\\raw\\images\\train\\F_2_9_2569.jpg",
  "box": [
    490.6724853515625,
    470.9161376953125,
    618.6505737304688,
    605.593994140625
  ],
  "class": 7,
  "confidence": 0.852921724319458,
  "uncertainty": 0.23671978207552213
}