{
  "image": "data\\raw\\images\\train\\F_2_6_1625.jpg",
  "box": [
    900.6666259765625,
    369.9686279296875,
    1349.7955322265625,
    925.78271484375
  ],
  "class": 7,
  "confidence": 0.5947583913803101,
  "uncertainty": 0.34320999354203213
}