{
  "image": "data\\raw\\images\\train\\F_2_7_958.jpg",
  "box": [
    1760.2412109375,
    522.0191650390625,
    1918.85009765625,
    1066.3292236328125
  ],
  "class": 2,
  "confidence": 0.8403536677360535,
  "uncertainty": 0.2000408347283622
}