{
  "image": "data\\raw\\images\\train\\F_2_1_641.jpg",
  "box": [
    1484.7646484375,
    537.51611328125,
    1518.471923828125,
    584.074462890625
  ],
  "class": 2,
  "confidence": 0.4892292320728302,
  "uncertainty": 0.3179066747404188
}