{
  "image": "data\\raw\\images\\train\\F_2_8_983.jpg",
  "box": [
    1446.63818359375,
    340.17919921875,
    1709.259765625,
    673.6979370117188
  ],
  "class": 7,
  "confidence": 0.5799845457077026,
  "uncertainty": 0.3429104580882623
}