{
  "image": "data\\raw\\images\\train\\F_2_5_87.jpg",
  "box": [
    469.9768981933594,
    408.90283203125,
    1434.5380859375,
    1066.49658203125
  ],
  "class": 2,
  "confidence": 0.9457337260246277,
  "uncertainty": 0.09834572886020784
}