{
  "image": "data\\raw\\images\\train\\F_2_1_897.jpg",
  "box": [
    1396.212646484375,
    489.9538879394531,
    1442.965087890625,
    543.4029541015625
  ],
  "class": 3,
  "confidence": 0.5325972437858582,
  "uncertainty": 0.376584672469388
}