{
  "image": "data\\raw\\images\\train\\F_2_2_1377.jpg",
  "box": [
    0.8250732421875,
    419.73907470703125,
    581.9984130859375,
    979.2685546875
  ],
  "class": 2,
  "confidence": 0.8179140090942383,
  "uncertainty": 0.16102315911964446
}