{
  "image": "data\\raw\\images\\train\\F_2_6_1582.jpg",
  "box": [
    1074.49853515625,
    540.25439453125,
    1187.421630859375,
    656.45751953125
  ],
  "class": 3,
  "confidence": 0.8074890971183777,
  "uncertainty": 0.2846691015787789
}