{
  "image": "data\\raw\\images\\train\\F_2_2_914.jpg",
  "box": [
    765.6699829101562,
    293.61761474609375,
    1291.507568359375,
    899.2213134765625
  ],
  "class": 7,
  "confidence": 0.9230413436889648,
  "uncertainty": 0.20452520228481275
}