{
  "image": "data\\raw\\images\\train\\F_2_2_246.jpg",
  "box": [
    799.626708984375,
    496.17938232421875,
    857.224365234375,
    575.279296875
  ],
  "class": 3,
  "confidence": 0.5199931263923645,
  "uncertainty": 0.39678012364361503
}