{
  "image": "data\\raw\\images\\train\\F_2_1_821.jpg",
  "box": [
    270.731201171875,
    615.883056640625,
    498.4065856933594,
    1028.04150390625
  ],
  "class": 3,
  "confidence": 0.6994887590408325,
  "uncertainty": 0.30201986866637875
}