{
  "image": "data\\raw\\images\\train\\F_2_11_314.jpg",
  "box": [
    793.313232421875,
    434.4602966308594,
    827.5623779296875,
    505.6720275878906
  ],
  "class": 2,
  "confidence": 0.2692790627479553,
  "uncertainty": 0.42066893935220906
}