{
  "image": "data\\raw\\images\\train\\F_2_1_950.jpg",
  "box": [
    1846.670654296875,
    452.77716064453125,
    1919.35693359375,
    537.7681274414062
  ],
  "class": 7,
  "confidence": 0.4742935001850128,
  "uncertainty": 0.3720544258341379
}