{
  "image": "data\\raw\\images\\train\\F_2_8_1812.jpg",
  "box": [
    1406.310791015625,
    457.24163818359375,
    1446.2332763671875,
    523.239990234375
  ],
  "class": 3,
  "confidence": 0.6564815044403076,
  "uncertainty": 0.3421777809782428
}