{
  "image": "data\\raw\\images\\train\\F_2_1_950.jpg",
  "box": [
    1504.5040283203125,
    402.75457763671875,
    1586.6685791015625,
    475.26287841796875
  ],
  "class": 7,
  "confidence": 0.29249107837677,
  "uncertainty": 0.4433721805598118
}