{
  "image": "data\\raw\\images\\train\\F_2_2_437.jpg",
  "box": [
    637.6948852539062,
    487.13726806640625,
    979.7574462890625,
    811.0911254882812
  ],
  "class": 2,
  "confidence": 0.9284635782241821,
  "uncertainty": 0.1488654228885254
}