{
  "image": "data\\raw\\images\\train\\F_2_1_960.jpg",
  "box": [
    1366.964111328125,
    392.2387390136719,
    1458.5955810546875,
    511.4035949707031
  ],
  "class": 7,
  "confidence": 0.4936154782772064,
  "uncertainty": 0.44089422869481637
}