{
  "image": "data\\raw\\images\\train\\F_2_6_545.jpg",
  "box": [
    387.4345703125,
    463.42108154296875,
    475.4892578125,
    572.130615234375
  ],
  "class": 2,
  "confidence": 0.5863606929779053,
  "uncertainty": 0.26944947448322903
}