{
  "image": "data\\raw\\images\\train\\F_2_2_985.jpg",
  "box": [
    42.820770263671875,
    474.43121337890625,
    146.51824951171875,
    542.00390625
  ],
  "class": 2,
  "confidence": 0.38313740491867065,
  "uncertainty": 0.39852565269712614
}