{
  "image": "data\\raw\\images\\train\\F_2_6_229.jpg",
  "box": [
    1321.140869140625,
    532.4766845703125,
    1393.48828125,
    644.3128662109375
  ],
  "class": 3,
  "confidence": 0.7537252306938171,
  "uncertainty": 0.30446448242584573
}