{
  "image": "data\\raw\\images\\train\\F_2_7_829.jpg",
  "box": [
    587.8826904296875,
    555.8629760742188,
    640.833740234375,
    634.8264770507812
  ],
  "class": 3,
  "confidence": 0.6668047308921814,
  "uncertainty": 0.33571460330409303
}