{
  "image": "data\\raw\\images\\train\\F_2_4_33.jpg",
  "box": [
    0.37774658203125,
    429.6416015625,
    1023.1137084960938,
    1067.711181640625
  ],
  "class": 2,
  "confidence": 0.9460147619247437,
  "uncertainty": 0.09592807192269583
}