{
  "image": "data\\raw\\images\\train\\F_2_7_658.jpg",
  "box": [
    200.97898864746094,
    501.8421936035156,
    527.6339111328125,
    787.0369262695312
  ],
  "class": 2,
  "confidence": 0.9166558384895325,
  "uncertainty": 0.1572350434886994
}