{
  "image": "data\\raw\\images\\train\\F_2_9_2265.jpg",
  "box": [
    855.1541748046875,
    337.5080871582031,
    1147.043212890625,
    565.6995849609375
  ],
  "class": 5,
  "confidence": 0.9146192669868469,
  "uncertainty": 0.1931293807854876
}