{
  "image": "data\\raw\\images\\train\\F_2_7_680.jpg",
  "box": [
    0.40027427673339844,
    470.0038146972656,
    80.39637756347656,
    671.7027587890625
  ],
  "class": 7,
  "confidence": 0.6547412872314453,
  "uncertainty": 0.3243185725986267
}