{
  "image": "data\\raw\\images\\train\\F_2_9_310.jpg",
  "box": [
    1254.0693359375,
    518.8975830078125,
    1359.481689453125,
    655.11767578125
  ],
  "class": 2,
  "confidence": 0.7870543599128723,
  "uncertainty": 0.23669922024168602
}