{
  "image": "data\\raw\\images\\train\\F_2_3_428.jpg",
  "box": [
    609.04248046875,
    440.91650390625,
    961.8550415039062,
    745.7952880859375
  ],
  "class": 2,
  "confidence": 0.9214923977851868,
  "uncertainty": 0.1285356573645424
}