{
  "image": "data\\raw\\images\\train\\F_2_3_191.jpg",
  "box": [
    1464.20947265625,
    469.2192077636719,
    1749.181640625,
    827.5101928710938
  ],
  "class": 2,
  "confidence": 0.8720221519470215,
  "uncertainty": 0.2601021274242316
}