{
  "image": "data\\raw\\images\\train\\F_2_5_4.jpg",
  "box": [
    1385.5823974609375,
    533.5357666015625,
    1492.84521484375,
    591.319091796875
  ],
  "class": 2,
  "confidence": 0.7346140146255493,
  "uncertainty": 0.2116205624045961
}