{
  "image": "data\\raw\\images\\train\\F_2_9_335.jpg",
  "box": [
    620.3070068359375,
    449.006591796875,
    655.872314453125,
    514.781494140625
  ],
  "class": 2,
  "confidence": 0.4214918315410614,
  "uncertainty": 0.32896089023246544
}