{
  "image": "data\\raw\\images\\train\\F_2_1_566.jpg",
  "box": [
    1037.0560302734375,
    426.8176574707031,
    1149.4813232421875,
    573.0357666015625
  ],
  "class": 7,
  "confidence": 0.4683237671852112,
  "uncertainty": 0.398734536751037
}