{
  "image": "data\\raw\\images\\train\\F_2_2_1238.jpg",
  "box": [
    1.551361083984375,
    86.1793212890625,
    903.8194580078125,
    1065.6640625
  ],
  "class": 7,
  "confidence": 0.26717880368232727,
  "uncertainty": 0.44270804870215
}