{
  "image": "data\\raw\\images\\train\\F_2_2_966.jpg",
  "box": [
    676.055908203125,
    447.27490234375,
    798.3760986328125,
    548.9505004882812
  ],
  "class": 2,
  "confidence": 0.8631477952003479,
  "uncertainty": 0.1377093556917013
}