{
  "image": "data\\raw\\images\\train\\F_2_6_1505.jpg",
  "box": [
    718.0514526367188,
    624.0716552734375,
    878.83154296875,
    877.0537109375
  ],
  "class": 3,
  "confidence": 0.7955882549285889,
  "uncertainty": 0.3006879936701825
}