{
  "image": "data\\raw\\images\\train\\F_2_1_411.jpg",
  "box": [
    862.3238525390625,
    446.84124755859375,
    982.238525390625,
    552.6450805664062
  ],
  "class": 2,
  "confidence": 0.7421801686286926,
  "uncertainty": 0.29790849051598506
}