{
  "image": "data\\raw\\images\\train\\F_2_1_940.jpg",
  "box": [
    649.9912109375,
    453.2326354980469,
    792.292724609375,
    621.4014892578125
  ],
  "class": 7,
  "confidence": 0.6699924468994141,
  "uncertainty": 0.3090936743431577
}