{
  "image": "data\\raw\\images\\train\\F_2_2_798.jpg",
  "box": [
    1746.063720703125,
    575.7409057617188,
    1788.122314453125,
    637.8536376953125
  ],
  "class": 3,
  "confidence": 0.25506070256233215,
  "uncertainty": 0.47025392841585395
}