{
  "image": "data\\raw\\images\\train\\F_2_10_174.jpg",
  "box": [
    1744.657470703125,
    491.8782958984375,
    1877.5718994140625,
    512.7234497070312
  ],
  "class": 2,
  "confidence": 0.37477484345436096,
  "uncertainty": 0.4020703821563179
}