{
  "image": "data\\raw\\images\\train\\F_2_11_735.jpg",
  "box": [
    1191.3046875,
    466.38861083984375,
    1260.787353515625,
    536.201904296875
  ],
  "class": 2,
  "confidence": 0.8094749450683594,
  "uncertainty": 0.15957937841294997
}