{
  "image": "data\\raw\\images\\train\\F_2_6_1833.jpg",
  "box": [
    964.8525390625,
    599.4874877929688,
    1090.8817138671875,
    824.4453735351562
  ],
  "class": 3,
  "confidence": 0.7087361216545105,
  "uncertainty": 0.3592895359356694
}