{
  "image": "data\\raw\\images\\train\\F_2_2_380.jpg",
  "box": [
    451.20281982421875,
    550.447998046875,
    527.2362670898438,
    660.92578125
  ],
  "class": 2,
  "confidence": 0.8254198431968689,
  "uncertainty": 0.1889695945287172
}