{
  "image": "data\\raw\\images\\train\\F_2_2_1564.jpg",
  "box": [
    1689.685546875,
    501.2044372558594,
    1919.16943359375,
    870.8322143554688
  ],
  "class": 2,
  "confidence": 0.9141665697097778,
  "uncertainty": 0.14143710239285529
}