{
  "image": "data\\raw\\images\\train\\F_2_9_2959.jpg",
  "box": [
    131.62533569335938,
    274.8426818847656,
    359.90692138671875,
    573.2757568359375
  ],
  "class": 7,
  "confidence": 0.7974332571029663,
  "uncertainty": 0.3124852986624142
}