{
  "image": "data\\raw\\images\\train\\F_2_2_852.jpg",
  "box": [
    300.85711669921875,
    401.4672546386719,
    495.9189147949219,
    490.4154968261719
  ],
  "class": 5,
  "confidence": 0.726738452911377,
  "uncertainty": 0.288768862090992
}