{
  "image": "data\\raw\\images\\train\\F_2_7_801.jpg",
  "box": [
    673.96484375,
    414.5688171386719,
    820.394775390625,
    443.9054260253906
  ],
  "class": 2,
  "confidence": 0.2734900712966919,
  "uncertainty": 0.4619910424317777
}