{
  "image": "data\\raw\\images\\train\\F_2_3_201.jpg",
  "box": [
    630.2872924804688,
    379.728515625,
    748.6345825195312,
    439.80157470703125
  ],
  "class": 5,
  "confidence": 0.473822683095932,
  "uncertainty": 0.41926336813180776
}