{
  "image": "data\\raw\\images\\train\\F_2_2_446.jpg",
  "box": [
    325.9157409667969,
    509.73797607421875,
    396.615966796875,
    616.8235473632812
  ],
  "class": 3,
  "confidence": 0.543626606464386,
  "uncertainty": 0.46247668805519204
}