{
  "image": "data\\raw\\images\\train\\F_2_2_1674.jpg",
  "box": [
    454.78753662109375,
    621.6729736328125,
    623.0208129882812,
    869.53955078125
  ],
  "class": 3,
  "confidence": 0.73443603515625,
  "uncertainty": 0.31642833756075106
}