{
  "image": "data\\raw\\images\\train\\F_2_1_1136.jpg",
  "box": [
    0.42931365966796875,
    619.210693359375,
    146.53884887695312,
    840.0196533203125
  ],
  "class": 3,
  "confidence": 0.7971314191818237,
  "uncertainty": 0.2900513544835839
}