{
  "image": "data\\raw\\images\\train\\F_2_9_83.jpg",
  "box": [
    472.97662353515625,
    502.09368896484375,
    596.9853515625,
    697.565185546875
  ],
  "class": 3,
  "confidence": 0.710385262966156,
  "uncertainty": 0.37411157955244256
}