{
  "image": "data\\raw\\images\\train\\F_2_7_858.jpg",
  "box": [
    2.7893829345703125,
    371.91265869140625,
    225.34213256835938,
    595.6011962890625
  ],
  "class": 2,
  "confidence": 0.795532763004303,
  "uncertainty": 0.20845243986555162
}