{
  "image": "data\\raw\\images\\train\\F_2_10_110.jpg",
  "box": [
    978.3218994140625,
    437.8095703125,
    1057.8218994140625,
    509.2347106933594
  ],
  "class": 2,
  "confidence": 0.7466146945953369,
  "uncertainty": 0.19666844869816302
}