{
  "image": "data\\raw\\images\\train\\F_2_7_403.jpg",
  "box": [
    640.8590087890625,
    592.4365234375,
    774.8223266601562,
    793.0235595703125
  ],
  "class": 3,
  "confidence": 0.7146982550621033,
  "uncertainty": 0.31504592650566704
}