{
  "image": "data\\raw\\images\\train\\F_2_9_1136.jpg",
  "box": [
    1256.7059326171875,
    399.27972412109375,
    1412.9197998046875,
    570.786865234375
  ],
  "class": 2,
  "confidence": 0.6053783297538757,
  "uncertainty": 0.26535524154779067
}