{
  "image": "data\\raw\\images\\train\\F_2_4_844.jpg",
  "box": [
    1796.181884765625,
    476.7148132324219,
    1856.572265625,
    566.2607421875
  ],
  "class": 3,
  "confidence": 0.6173727512359619,
  "uncertainty": 0.3676343744397447
}