{
  "image": "data\\raw\\images\\train\\F_2_1_157.jpg",
  "box": [
    880.9720458984375,
    412.69683837890625,
    1030.7412109375,
    574.8253784179688
  ],
  "class": 7,
  "confidence": 0.6991093754768372,
  "uncertainty": 0.3003070361552879
}