{
  "image": "data\\raw\\images\\train\\F_2_3_199.jpg",
  "box": [
    457.4914855957031,
    445.4211730957031,
    1022.9620361328125,
    929.1634521484375
  ],
  "class": 2,
  "confidence": 0.9070796966552734,
  "uncertainty": 0.1416944368931621
}