{
  "image": "data\\raw\\images\\train\\F_2_11_132.jpg",
  "box": [
    383.6065673828125,
    540.0509033203125,
    456.0416564941406,
    666.298828125
  ],
  "class": 3,
  "confidence": 0.6817238330841064,
  "uncertainty": 0.34792493294740817
}