{
  "image": "data\\raw\\images\\train\\F_2_1_802.jpg",
  "box": [
    0.1334552764892578,
    441.9839172363281,
    28.055980682373047,
    603.4722290039062
  ],
  "class": 7,
  "confidence": 0.4131242632865906,
  "uncertainty": 0.4482697994821063
}