{
  "image": "data\\raw\\images\\train\\F_2_2_1221.jpg",
  "box": [
    320.8861083984375,
    290.827880859375,
    980.572021484375,
    1067.53369140625
  ],
  "class": 7,
  "confidence": 0.8073790669441223,
  "uncertainty": 0.2463332987502887
}