{
  "image": "data\\raw\\images\\train\\F_2_1_775.jpg",
  "box": [
    1144.221923828125,
    486.34844970703125,
    1169.7867431640625,
    524.9417724609375
  ],
  "class": 2,
  "confidence": 0.5162461400032043,
  "uncertainty": 0.27674907469922394
}