{
  "image": "data\\raw\\images\\train\\F_2_8_925.jpg",
  "box": [
    1262.1668701171875,
    346.64111328125,
    1325.0958251953125,
    417.2313232421875
  ],
  "class": 7,
  "confidence": 0.35341644287109375,
  "uncertainty": 0.42859942174849325
}