{
  "image": "data\\raw\\images\\train\\F_2_3_222.jpg",
  "box": [
    308.41363525390625,
    278.8382263183594,
    701.788818359375,
    815.65234375
  ],
  "class": 7,
  "confidence": 0.9328959584236145,
  "uncertainty": 0.1875485603671757
}