{
  "image": "data\\raw\\images\\train\\F_2_2_1714.jpg",
  "box": [
    159.85328674316406,
    617.1220703125,
    323.6899108886719,
    851.5712890625
  ],
  "class": 3,
  "confidence": 0.8087443113327026,
  "uncertainty": 0.27175463041277753
}