{
  "image": "data\\raw\\images\\train\\F_2_1_1136.jpg",
  "box": [
    210.5848388671875,
    448.8443298339844,
    353.9973449707031,
    637.79638671875
  ],
  "class": 2,
  "confidence": 0.3450167179107666,
  "uncertainty": 0.37452115233106703
}