{
  "image": "data\\raw\\images\\train\\F_2_7_1518.jpg",
  "box": [
    969.7879028320312,
    411.27606201171875,
    1094.6041259765625,
    454.8858642578125
  ],
  "class": 2,
  "confidence": 0.6906793117523193,
  "uncertainty": 0.2346817371443717
}