{
  "image": "data\\raw\\images\\train\\F_2_7_100.jpg",
  "box": [
    818.9029541015625,
    795.5335693359375,
    1040.428466796875,
    1073.101318359375
  ],
  "class": 3,
  "confidence": 0.7759544849395752,
  "uncertainty": 0.2607148711830282
}