{
  "image": "data\\raw\\images\\train\\F_2_1_1190.jpg",
  "box": [
    1318.5087890625,
    468.20599365234375,
    1383.0062255859375,
    538.30078125
  ],
  "class": 2,
  "confidence": 0.2542172074317932,
  "uncertainty": 0.4313800000812345
}