{
  "image": "data\\raw\\images\\train\\F_2_7_1684.jpg",
  "box": [
    145.9464111328125,
    381.5906982421875,
    1070.94580078125,
    1065.119873046875
  ],
  "class": 7,
  "confidence": 0.8144906759262085,
  "uncertainty": 0.24718032928614825
}