{
  "image": "data\\raw\\images\\train\\F_2_1_182.jpg",
  "box": [
    655.9215087890625,
    328.5980529785156,
    1041.4771728515625,
    738.185791015625
  ],
  "class": 7,
  "confidence": 0.6036527752876282,
  "uncertainty": 0.3455192083303222
}