{
  "image": "data\\raw\\images\\train\\F_2_4_669.jpg",
  "box": [
    616.21826171875,
    461.80712890625,
    879.537841796875,
    657.8211669921875
  ],
  "class": 2,
  "confidence": 0.5954670906066895,
  "uncertainty": 0.29166608217598317
}