{
  "image": "data\\raw\\images\\train\\F_2_6_1501.jpg",
  "box": [
    0.2145538330078125,
    430.3750305175781,
    267.4243469238281,
    787.7989501953125
  ],
  "class": 7,
  "confidence": 0.3426463007926941,
  "uncertainty": 0.49443939788006125
}