{
  "image": "data\\raw\\images\\train\\F_2_6_854.jpg",
  "box": [
    839.9208984375,
    541.9472045898438,
    901.5860595703125,
    636.5751953125
  ],
  "class": 3,
  "confidence": 0.5462923645973206,
  "uncertainty": 0.3876259468638085
}