{
  "image": "data\\raw\\images\\train\\F_2_7_858.jpg",
  "box": [
    583.0906982421875,
    387.14410400390625,
    677.4039306640625,
    472.96197509765625
  ],
  "class": 2,
  "confidence": 0.33518126606941223,
  "uncertainty": 0.4138223893319386
}