{
  "image": "data\\raw\\images\\train\\F_2_7_837.jpg",
  "box": [
    841.0581665039062,
    596.7615966796875,
    920.0654296875,
    653.132080078125
  ],
  "class": 2,
  "confidence": 0.8056657314300537,
  "uncertainty": 0.14557898983202383
}