{
  "image": "data\\raw\\images\\train\\F_2_3_464.jpg",
  "box": [
    1543.717529296875,
    448.06280517578125,
    1801.367431640625,
    728.0523071289062
  ],
  "class": 2,
  "confidence": 0.5859783291816711,
  "uncertainty": 0.31753894378380554
}