{
  "image": "data\\raw\\images\\train\\F_2_11_501.jpg",
  "box": [
    1862.09423828125,
    510.1518859863281,
    1919.149169921875,
    678.072998046875
  ],
  "class": 2,
  "confidence": 0.5314791798591614,
  "uncertainty": 0.3099154619810635
}