{
  "image": "data\\raw\\images\\train\\F_2_2_238.jpg",
  "box": [
    1832.2540283203125,
    507.6427917480469,
    1919.2781982421875,
    776.3870849609375
  ],
  "class": 2,
  "confidence": 0.8219555020332336,
  "uncertainty": 0.19211280290965788
}