{
  "image": "data\\raw\\images\\train\\F_2_2_978.jpg",
  "box": [
    410.8904113769531,
    437.96502685546875,
    515.4891357421875,
    550.4628295898438
  ],
  "class": 2,
  "confidence": 0.44762298464775085,
  "uncertainty": 0.3256154330359078
}