{
  "image": "data\\raw\\images\\train\\F_2_11_194.jpg",
  "box": [
    1708.9200439453125,
    2.28369140625,
    1918.9423828125,
    958.4560546875
  ],
  "class": 7,
  "confidence": 0.8274333477020264,
  "uncertainty": 0.30991504619833277
}