{
  "image": "data\\raw\\images\\train\\F_2_1_932.jpg",
  "box": [
    1349.7784423828125,
    383.97821044921875,
    1463.0350341796875,
    567.2003173828125
  ],
  "class": 7,
  "confidence": 0.7946593165397644,
  "uncertainty": 0.31551038607645315
}