{
  "image": "data\\raw\\images\\train\\F_2_2_796.jpg",
  "box": [
    835.6137084960938,
    511.0411376953125,
    911.2849731445312,
    639.9598388671875
  ],
  "class": 7,
  "confidence": 0.3188566267490387,
  "uncertainty": 0.4620141814712047
}