{
  "image": "data\\raw\\images\\train\\F_2_10_186.jpg",
  "box": [
    253.2491912841797,
    491.8160705566406,
    307.8875732421875,
    565.9805908203125
  ],
  "class": 3,
  "confidence": 0.5902109742164612,
  "uncertainty": 0.34437364689444144
}