{
  "image": "data\\raw\\images\\train\\F_2_2_765.jpg",
  "box": [
    0.6481876373291016,
    418.4565124511719,
    67.22891998291016,
    654.4671630859375
  ],
  "class": 7,
  "confidence": 0.3805864751338959,
  "uncertainty": 0.4601575477351054
}