{
  "image": "data\\raw\\images\\train\\F_2_4_296.jpg",
  "box": [
    237.67034912109375,
    625.8031005859375,
    395.218505859375,
    888.8304443359375
  ],
  "class": 3,
  "confidence": 0.5357232689857483,
  "uncertainty": 0.40861606763935693
}