{
  "image": "data\\raw\\images\\train\\F_2_2_771.jpg",
  "box": [
    270.69512939453125,
    416.485107421875,
    452.87493896484375,
    549.9592895507812
  ],
  "class": 2,
  "confidence": 0.5187299847602844,
  "uncertainty": 0.3994168439054981
}