{
  "image": "data\\raw\\images\\train\\F_2_1_462.jpg",
  "box": [
    1282.911376953125,
    105.18896484375,
    1790.790771484375,
    730.1258544921875
  ],
  "class": 7,
  "confidence": 0.9353665709495544,
  "uncertainty": 0.20255157225497744
}