{
  "image": "data\\raw\\images\\train\\F_2_2_1461.jpg",
  "box": [
    1253.619384765625,
    418.6289978027344,
    1503.701904296875,
    790.2020263671875
  ],
  "class": 7,
  "confidence": 0.34694287180900574,
  "uncertainty": 0.4462914903540333
}