{
  "image": "data\\raw\\images\\train\\F_2_1_934.jpg",
  "box": [
    700.316650390625,
    443.24249267578125,
    771.1624145507812,
    537.4967651367188
  ],
  "class": 2,
  "confidence": 0.2755487263202667,
  "uncertainty": 0.39199009507294086
}