{
  "image": "data\\raw\\images\\train\\F_2_2_380.jpg",
  "box": [
    911.4321899414062,
    582.855712890625,
    951.8464965820312,
    668.4251708984375
  ],
  "class": 3,
  "confidence": 0.40328729152679443,
  "uncertainty": 0.4748533751079685
}