{
  "image": "data\\raw\\images\\train\\F_2_4_29.jpg",
  "box": [
    649.6383056640625,
    480.8409423828125,
    822.6893920898438,
    630.7086791992188
  ],
  "class": 2,
  "confidence": 0.8376981616020203,
  "uncertainty": 0.17243508884792857
}