{
  "image": "data\\raw\\images\\train\\F_2_6_1561.jpg",
  "box": [
    1477.181640625,
    440.95391845703125,
    1794.6640625,
    519.4571533203125
  ],
  "class": 2,
  "confidence": 0.6014232635498047,
  "uncertainty": 0.36814378527015096
}