{
  "image": "data\\raw\\images\\train\\F_2_1_116.jpg",
  "box": [
    640.3771362304688,
    450.7464294433594,
    725.38232421875,
    576.466796875
  ],
  "class": 2,
  "confidence": 0.7822787165641785,
  "uncertainty": 0.24345464914179116
}