{
  "image": "data\\raw\\images\\train\\F_2_2_1694.jpg",
  "box": [
    860.3199462890625,
    605.4068603515625,
    929.499755859375,
    771.6839599609375
  ],
  "class": 3,
  "confidence": 0.54388427734375,
  "uncertainty": 0.4159667631074149
}