{
  "image": "data\\raw\\images\\train\\F_2_1_170.jpg",
  "box": [
    131.056396484375,
    582.4334106445312,
    244.34429931640625,
    738.6505126953125
  ],
  "class": 3,
  "confidence": 0.7634501457214355,
  "uncertainty": 0.32140729760747455
}