{
  "image": "data\\raw\\images\\train\\F_2_8_946.jpg",
  "box": [
    1472.54541015625,
    578.5027465820312,
    1794.3804931640625,
    1070.055908203125
  ],
  "class": 3,
  "confidence": 0.7977792620658875,
  "uncertainty": 0.2918501637183734
}