{
  "image": "data\\raw\\images\\train\\F_2_9_3023.jpg",
  "box": [
    1764.628173828125,
    440.9407653808594,
    1879.949462890625,
    552.1881103515625
  ],
  "class": 2,
  "confidence": 0.7548362612724304,
  "uncertainty": 0.1806778868405378
}