{
  "image": "data\\raw\\images\\train\\F_2_3_387.jpg",
  "box": [
    883.5939331054688,
    364.22296142578125,
    1467.231689453125,
    945.62255859375
  ],
  "class": 2,
  "confidence": 0.8255671858787537,
  "uncertainty": 0.19019495427512806
}