{
  "image": "data\\raw\\images\\train\\F_2_5_85.jpg",
  "box": [
    1185.15625,
    451.0685119628906,
    1505.86328125,
    788.4248657226562
  ],
  "class": 2,
  "confidence": 0.9100273251533508,
  "uncertainty": 0.18847533030611663
}