{
  "image": "data\\raw\\images\\train\\F_2_2_1672.jpg",
  "box": [
    641.2330322265625,
    451.03692626953125,
    949.6617431640625,
    766.3258666992188
  ],
  "class": 2,
  "confidence": 0.7481902241706848,
  "uncertainty": 0.21652687061800946
}