{
  "image": "data\\raw\\images\\train\\F_2_9_2352.jpg",
  "box": [
    342.15252685546875,
    440.3923645019531,
    413.703125,
    513.1717529296875
  ],
  "class": 2,
  "confidence": 0.546926736831665,
  "uncertainty": 0.3167252060500371
}