{
  "image": "data\\raw\\images\\train\\F_2_7_1512.jpg",
  "box": [
    769.3253173828125,
    478.05706787109375,
    1284.1717529296875,
    915.8468627929688
  ],
  "class": 2,
  "confidence": 0.9360849261283875,
  "uncertainty": 0.12131316316005103
}