{
  "image": "data\\raw\\images\\train\\F_2_2_1229.jpg",
  "box": [
    1356.869873046875,
    490.78692626953125,
    1707.896240234375,
    1017.0833129882812
  ],
  "class": 2,
  "confidence": 0.3524918854236603,
  "uncertainty": 0.37722341918728625
}