{
  "image": "data\\raw\\images\\train\\F_2_4_794.jpg",
  "box": [
    966.8593139648438,
    455.18133544921875,
    1118.417236328125,
    562.1533813476562
  ],
  "class": 2,
  "confidence": 0.44967085123062134,
  "uncertainty": 0.37710991867903726
}