{
  "image": "data\\raw\\images\\train\\F_2_2_1308.jpg",
  "box": [
    1356.955810546875,
    458.5793151855469,
    1609.112548828125,
    639.7672119140625
  ],
  "class": 2,
  "confidence": 0.8650481700897217,
  "uncertainty": 0.14843684150063455
}