{
  "image": "data\\raw\\images\\train\\F_2_9_728.jpg",
  "box": [
    1038.5677490234375,
    511.38372802734375,
    1077.2086181640625,
    552.63623046875
  ],
  "class": 3,
  "confidence": 0.6614717841148376,
  "uncertainty": 0.3277321879616549
}