{
  "image": "data\\raw\\images\\train\\F_2_1_339.jpg",
  "box": [
    1661.103515625,
    176.17959594726562,
    1919.2122802734375,
    650.1602783203125
  ],
  "class": 5,
  "confidence": 0.9311671257019043,
  "uncertainty": 0.195657477571197
}