{
  "image": "data\\raw\\images\\train\\F_2_1_794.jpg",
  "box": [
    261.79559326171875,
    314.2264404296875,
    647.8251342773438,
    717.4536743164062
  ],
  "class": 7,
  "confidence": 0.7375780940055847,
  "uncertainty": 0.2953672757030123
}