{
  "image": "data\\raw\\images\\train\\F_2_1_960.jpg",
  "box": [
    1539.697509765625,
    383.3031005859375,
    1687.2021484375,
    550.3844604492188
  ],
  "class": 7,
  "confidence": 0.8252937197685242,
  "uncertainty": 0.30587185132215505
}