{
  "image": "data\\raw\\images\\train\\F_2_3_362.jpg",
  "box": [
    826.0340576171875,
    429.5569152832031,
    1011.196533203125,
    504.7832336425781
  ],
  "class": 2,
  "confidence": 0.35711658000946045,
  "uncertainty": 0.3932018894019176
}