{
  "image": "data\\raw\\images\\train\\F_2_2_1205.jpg",
  "box": [
    860.751708984375,
    453.6424255371094,
    1267.83984375,
    767.454833984375
  ],
  "class": 2,
  "confidence": 0.9098502993583679,
  "uncertainty": 0.13522944701537506
}