{
  "image": "data\\raw\\images\\train\\F_2_2_1714.jpg",
  "box": [
    951.6271362304688,
    448.37384033203125,
    1047.283935546875,
    592.72412109375
  ],
  "class": 7,
  "confidence": 0.28410789370536804,
  "uncertainty": 0.47725668281168143
}