{
  "image": "data\\raw\\images\\train\\F_2_7_256.jpg",
  "box": [
    0.5048789978027344,
    377.0657958984375,
    154.6123809814453,
    992.9313354492188
  ],
  "class": 2,
  "confidence": 0.4874560534954071,
  "uncertainty": 0.291581003066483
}