{
  "image": "data\\raw\\images\\train\\F_2_1_700.jpg",
  "box": [
    548.9891357421875,
    470.0964660644531,
    696.7652587890625,
    658.0194091796875
  ],
  "class": 7,
  "confidence": 0.7079561352729797,
  "uncertainty": 0.4495955786352897
}