{
  "image": "data\\raw\\images\\train\\F_2_1_661.jpg",
  "box": [
    493.8232727050781,
    481.9946594238281,
    548.9462890625,
    575.343505859375
  ],
  "class": 3,
  "confidence": 0.6611056327819824,
  "uncertainty": 0.34953969878751895
}