{
  "image": "data\\raw\\images\\train\\F_2_5_281.jpg",
  "box": [
    790.4020385742188,
    506.60125732421875,
    827.7720336914062,
    579.3820190429688
  ],
  "class": 3,
  "confidence": 0.3261590898036957,
  "uncertainty": 0.4411904084450345
}