{
  "image": "data\\raw\\images\\train\\F_2_9_2971.jpg",
  "box": [
    646.46337890625,
    361.85614013671875,
    783.9910888671875,
    503.01837158203125
  ],
  "class": 7,
  "confidence": 0.6646015644073486,
  "uncertainty": 0.32996315497392575
}