{
  "image": "data\\raw\\images\\train\\F_2_1_987.jpg",
  "box": [
    877.0634765625,
    408.88763427734375,
    958.7825317382812,
    508.6397705078125
  ],
  "class": 7,
  "confidence": 0.3063024878501892,
  "uncertainty": 0.4770404171913884
}