{
  "image": "data\\raw\\images\\train\\F_2_7_1963.jpg",
  "box": [
    784.9969482421875,
    427.326171875,
    856.5404663085938,
    544.5196533203125
  ],
  "class": 2,
  "confidence": 0.5377855896949768,
  "uncertainty": 0.37220503146414174
}