{
  "image": "data\\raw\\images\\train\\F_2_6_330.jpg",
  "box": [
    204.77618408203125,
    190.62362670898438,
    263.82220458984375,
    527.0526123046875
  ],
  "class": 5,
  "confidence": 0.512897253036499,
  "uncertainty": 0.48713803308144615
}