{
  "image": "data\\raw\\images\\train\\F_2_1_341.jpg",
  "box": [
    1590.936279296875,
    415.6248779296875,
    1729.41552734375,
    532.1837768554688
  ],
  "class": 2,
  "confidence": 0.5917368531227112,
  "uncertainty": 0.30083885378782643
}