{
  "image": "data\\raw\\images\\train\\F_2_7_334.jpg",
  "box": [
    692.266357421875,
    324.8541259765625,
    934.72607421875,
    475.50653076171875
  ],
  "class": 5,
  "confidence": 0.8094841241836548,
  "uncertainty": 0.24372008283019406
}