{
  "image": "data\\raw\\images\\train\\F_2_1_9.jpg",
  "box": [
    1283.16748046875,
    434.83392333984375,
    1757.009033203125,
    830.6519775390625
  ],
  "class": 2,
  "confidence": 0.9198482036590576,
  "uncertainty": 0.13603346783835216
}