{
  "image": "data\\raw\\images\\train\\F_2_3_335.jpg",
  "box": [
    771.5205688476562,
    349.6783447265625,
    913.5075073242188,
    412.7772216796875
  ],
  "class": 5,
  "confidence": 0.2830962836742401,
  "uncertainty": 0.49530163697922375
}