{
  "image": "data\\raw\\images\\train\\F_2_1_149.jpg",
  "box": [
    654.904052734375,
    400.7962646484375,
    808.8331298828125,
    541.012939453125
  ],
  "class": 7,
  "confidence": 0.8233185410499573,
  "uncertainty": 0.2341245970367593
}