{
  "image": "data\\raw\\images\\train\\F_2_1_491.jpg",
  "box": [
    912.2733764648438,
    420.95123291015625,
    1024.912353515625,
    519.0728759765625
  ],
  "class": 2,
  "confidence": 0.5079053044319153,
  "uncertainty": 0.28055241899825106
}