{
  "image": "data\\raw\\images\\train\\F_2_2_934.jpg",
  "box": [
    1213.3787841796875,
    479.6000061035156,
    1249.9873046875,
    530.71484375
  ],
  "class": 3,
  "confidence": 0.4220846891403198,
  "uncertainty": 0.4474067788400908
}