{
  "image": "data\\raw\\images\\train\\F_2_1_958.jpg",
  "box": [
    731.3897705078125,
    455.0446472167969,
    788.4757690429688,
    535.6605224609375
  ],
  "class": 3,
  "confidence": 0.6852176189422607,
  "uncertainty": 0.33732249449309987
}