{
  "image": "data\\raw\\images\\train\\F_2_1_733.jpg",
  "box": [
    1063.8753662109375,
    452.9853515625,
    1153.189697265625,
    523.2440185546875
  ],
  "class": 2,
  "confidence": 0.655299186706543,
  "uncertainty": 0.2486951602206791
}