{
  "image": "data\\raw\\images\\train\\F_2_7_70.jpg",
  "box": [
    0.55224609375,
    475.7588195800781,
    1138.0418701171875,
    1068.59814453125
  ],
  "class": 2,
  "confidence": 0.8963044881820679,
  "uncertainty": 0.13061980466673254
}