{
  "image": "data\\raw\\images\\train\\F_2_2_800.jpg",
  "box": [
    649.406982421875,
    475.25567626953125,
    848.280029296875,
    709.3770141601562
  ],
  "class": 2,
  "confidence": 0.8416575193405151,
  "uncertainty": 0.24653194880098994
}