{
  "image": "data\\raw\\images\\train\\F_2_4_606.jpg",
  "box": [
    901.5946655273438,
    458.67608642578125,
    1052.760986328125,
    655.5671997070312
  ],
  "class": 7,
  "confidence": 0.6763771772384644,
  "uncertainty": 0.33242972909178076
}