{
  "image": "data\\raw\\images\\train\\F_2_9_339.jpg",
  "box": [
    417.3672180175781,
    490.3857421875,
    520.125,
    611.357177734375
  ],
  "class": 2,
  "confidence": 0.527707040309906,
  "uncertainty": 0.35860263290545646
}