{
  "image": "data\\raw\\images\\train\\F_2_2_1316.jpg",
  "box": [
    1054.259033203125,
    401.6697692871094,
    1178.62841796875,
    462.71063232421875
  ],
  "class": 2,
  "confidence": 0.32634586095809937,
  "uncertainty": 0.36775521566707975
}