{
  "image": "data\\raw\\images\\train\\F_2_5_281.jpg",
  "box": [
    1408.11474609375,
    376.6650695800781,
    1869.5335693359375,
    871.1138916015625
  ],
  "class": 7,
  "confidence": 0.8075694441795349,
  "uncertainty": 0.2768524637568191
}