{
  "image": "data\\raw\\images\\train\\F_2_9_2573.jpg",
  "box": [
    693.8160400390625,
    437.77685546875,
    837.233154296875,
    594.6052856445312
  ],
  "class": 7,
  "confidence": 0.7600437998771667,
  "uncertainty": 0.2794631127128246
}