{
  "image": "data\\raw\\images\\train\\F_2_6_330.jpg",
  "box": [
    446.38330078125,
    365.25677490234375,
    1034.181396484375,
    996.07470703125
  ],
  "class": 7,
  "confidence": 0.8815710544586182,
  "uncertainty": 0.17697921498278146
}