{
  "image": "data\\raw\\images\\train\\F_2_9_2259.jpg",
  "box": [
    624.5147705078125,
    338.50079345703125,
    755.2655029296875,
    454.24945068359375
  ],
  "class": 5,
  "confidence": 0.6824036836624146,
  "uncertainty": 0.3347974442426979
}