{
  "image": "data\\raw\\images\\train\\F_2_7_864.jpg",
  "box": [
    1151.09912109375,
    430.0220031738281,
    1394.499755859375,
    645.525390625
  ],
  "class": 2,
  "confidence": 0.8130543828010559,
  "uncertainty": 0.20650058175350666
}