{
  "image": "data\\raw\\images\\train\\F_2_1_164.jpg",
  "box": [
    344.80645751953125,
    370.6736755371094,
    448.4772033691406,
    511.6249694824219
  ],
  "class": 7,
  "confidence": 0.3422614634037018,
  "uncertainty": 0.43922510798966385
}