{
  "image": "data\\raw\\images\\train\\F_2_2_1688.jpg",
  "box": [
    242.05133056640625,
    362.597900390625,
    744.474853515625,
    945.708984375
  ],
  "class": 7,
  "confidence": 0.8839253187179565,
  "uncertainty": 0.23308966914580725
}