{
  "image": "data\\raw\\images\\train\\F_2_1_718.jpg",
  "box": [
    431.8338317871094,
    406.04852294921875,
    533.6776123046875,
    486.0888671875
  ],
  "class": 2,
  "confidence": 0.7882185578346252,
  "uncertainty": 0.1782138135994646
}