{
  "image": "data\\raw\\images\\train\\F_2_1_940.jpg",
  "box": [
    1365.816650390625,
    496.91497802734375,
    1390.5413818359375,
    540.13134765625
  ],
  "class": 3,
  "confidence": 0.34458044171333313,
  "uncertainty": 0.45146623330602226
}