{
  "image": "data\\raw\\images\\train\\F_2_2_908.jpg",
  "box": [
    747.0884399414062,
    276.150146484375,
    1244.45556640625,
    856.5989990234375
  ],
  "class": 7,
  "confidence": 0.9530424475669861,
  "uncertainty": 0.19519800919077557
}