{
  "image": "data\\raw\\images\\train\\F_2_4_979.jpg",
  "box": [
    445.6248779296875,
    466.5689392089844,
    593.7381591796875,
    590.96240234375
  ],
  "class": 2,
  "confidence": 0.8872954845428467,
  "uncertainty": 0.1333191905969868
}