{
  "image": "data\\raw\\images\\train\\F_2_2_1182.jpg",
  "box": [
    999.3502807617188,
    414.6543273925781,
    1176.926025390625,
    477.1097717285156
  ],
  "class": 7,
  "confidence": 0.3627443015575409,
  "uncertainty": 0.49192132108171066
}