{
  "image": "data\\raw\\images\\train\\F_2_2_1673.jpg",
  "box": [
    858.5965576171875,
    468.5570068359375,
    1341.97265625,
    892.4324951171875
  ],
  "class": 2,
  "confidence": 0.9375436305999756,
  "uncertainty": 0.12286446157295164
}