{
  "image": "data\\raw\\images\\train\\F_2_8_911.jpg",
  "box": [
    242.80050659179688,
    399.5061950683594,
    344.9781188964844,
    489.0079650878906
  ],
  "class": 7,
  "confidence": 0.5693137645721436,
  "uncertainty": 0.43961809083456044
}