{
  "image": "data\\raw\\images\\train\\F_2_7_727.jpg",
  "box": [
    728.9602661132812,
    332.01312255859375,
    910.4591674804688,
    466.6617736816406
  ],
  "class": 7,
  "confidence": 0.5247533321380615,
  "uncertainty": 0.4319006059985778
}