{
  "image": "data\\raw\\images\\train\\F_2_6_534.jpg",
  "box": [
    176.45127868652344,
    515.1250610351562,
    281.2381591796875,
    651.6815795898438
  ],
  "class": 3,
  "confidence": 0.5705145597457886,
  "uncertainty": 0.36575057630314156
}