{
  "image": "data\\raw\\images\\train\\F_2_3_177.jpg",
  "box": [
    817.0072631835938,
    460.4984436035156,
    915.4630737304688,
    598.553955078125
  ],
  "class": 2,
  "confidence": 0.5154248476028442,
  "uncertainty": 0.3309177489376777
}