{
  "image": "data\\raw\\images\\train\\F_2_1_682.jpg",
  "box": [
    128.54034423828125,
    433.9452209472656,
    222.3328857421875,
    562.3013305664062
  ],
  "class": 2,
  "confidence": 0.6962883472442627,
  "uncertainty": 0.23172705727461484
}