{
  "image": "data\\raw\\images\\train\\F_2_8_932.jpg",
  "box": [
    1111.7763671875,
    548.06689453125,
    1209.9583740234375,
    696.9420166015625
  ],
  "class": 3,
  "confidence": 0.7661395072937012,
  "uncertainty": 0.2780016576694533
}