{
  "image": "data\\raw\\images\\train\\F_2_9_536.jpg",
  "box": [
    1518.8173828125,
    532.3531494140625,
    1576.4710693359375,
    630.5095825195312
  ],
  "class": 3,
  "confidence": 0.5298523902893066,
  "uncertainty": 0.4090008240834954
}