{
  "image": "data\\raw\\images\\train\\F_2_1_397.jpg",
  "box": [
    749.3494873046875,
    447.72381591796875,
    861.9120483398438,
    546.080322265625
  ],
  "class": 2,
  "confidence": 0.632224977016449,
  "uncertainty": 0.22756983357710484
}