{
  "image": "data\\raw\\images\\train\\F_2_11_302.jpg",
  "box": [
    331.77691650390625,
    445.8646545410156,
    376.2698974609375,
    496.05889892578125
  ],
  "class": 7,
  "confidence": 0.44449248909950256,
  "uncertainty": 0.38170589749562095
}