{
  "image": "data\\raw\\images\\train\\F_2_1_484.jpg",
  "box": [
    340.31353759765625,
    473.9026794433594,
    365.3218688964844,
    514.80859375
  ],
  "class": 3,
  "confidence": 0.37207216024398804,
  "uncertainty": 0.44102817153172674
}