{
  "image": "data\\raw\\images\\train\\F_2_6_1498.jpg",
  "box": [
    3.8889999389648438,
    455.7561950683594,
    263.32025146484375,
    654.0723876953125
  ],
  "class": 7,
  "confidence": 0.46281567215919495,
  "uncertainty": 0.44377841059297607
}