{
  "image": "data\\raw\\images\\train\\F_2_6_485.jpg",
  "box": [
    1615.5626220703125,
    556.6412353515625,
    1721.0643310546875,
    717.3448486328125
  ],
  "class": 3,
  "confidence": 0.755192756652832,
  "uncertainty": 0.2960000584931779
}