{
  "image": "data\\raw\\images\\train\\F_2_7_809.jpg",
  "box": [
    70.40029907226562,
    521.3443603515625,
    204.27389526367188,
    739.1904296875
  ],
  "class": 3,
  "confidence": 0.46665215492248535,
  "uncertainty": 0.4558739134760182
}