{
  "image": "data\\raw\\images\\train\\F_2_8_1935.jpg",
  "box": [
    526.3177490234375,
    397.6966552734375,
    670.8750610351562,
    538.3343505859375
  ],
  "class": 2,
  "confidence": 0.7392961382865906,
  "uncertainty": 0.2886571559951114
}