{
  "image": "data\\raw\\images\\train\\F_2_1_390.jpg",
  "box": [
    1872.96923828125,
    462.21588134765625,
    1919.309814453125,
    581.5175170898438
  ],
  "class": 7,
  "confidence": 0.5222702622413635,
  "uncertainty": 0.39861414793652206
}