{
  "image": "data\\raw\\images\\train\\F_2_7_1278.jpg",
  "box": [
    477.40203857421875,
    454.6915283203125,
    521.6875610351562,
    521.7130737304688
  ],
  "class": 3,
  "confidence": 0.49941393733024597,
  "uncertainty": 0.42621764759684194
}