{
  "image": "data\\raw\\images\\train\\F_2_2_790.jpg",
  "box": [
    1565.0753173828125,
    449.0419006347656,
    1828.0748291015625,
    628.136962890625
  ],
  "class": 2,
  "confidence": 0.7330688834190369,
  "uncertainty": 0.1900643890928167
}