{
  "image": "data\\raw\\images\\train\\F_2_2_1609.jpg",
  "box": [
    991.9405517578125,
    409.0809326171875,
    1084.3927001953125,
    515.1927490234375
  ],
  "class": 2,
  "confidence": 0.3075929880142212,
  "uncertainty": 0.42811282911530435
}