{
  "image": "data\\raw\\images\\train\\F_2_11_511.jpg",
  "box": [
    1377.8798828125,
    442.38958740234375,
    1556.216064453125,
    580.080322265625
  ],
  "class": 7,
  "confidence": 0.6258403658866882,
  "uncertainty": 0.34939643534073417
}