{
  "image": "data\\raw\\images\\train\\F_2_2_791.jpg",
  "box": [
    929.2941284179688,
    450.6962585449219,
    1234.95458984375,
    726.6065673828125
  ],
  "class": 2,
  "confidence": 0.8303199410438538,
  "uncertainty": 0.1852405712332906
}