{
  "image": "data\\raw\\images\\train\\F_2_7_1241.jpg",
  "box": [
    647.9558715820312,
    527.6420288085938,
    693.0350341796875,
    618.068115234375
  ],
  "class": 3,
  "confidence": 0.3777531683444977,
  "uncertainty": 0.45951328549307097
}