{
  "image": "data\\raw\\images\\train\\F_2_2_1364.jpg",
  "box": [
    948.52880859375,
    486.90618896484375,
    1152.2578125,
    667.9136962890625
  ],
  "class": 2,
  "confidence": 0.8937057256698608,
  "uncertainty": 0.13376626552663418
}