{
  "image": "data\\raw\\images\\train\\F_2_11_577.jpg",
  "box": [
    816.31689453125,
    440.7911682128906,
    866.6845703125,
    497.5633850097656
  ],
  "class": 7,
  "confidence": 0.5626799464225769,
  "uncertainty": 0.3486275875371562
}