{
  "image": "data\\raw\\images\\train\\F_2_7_821.jpg",
  "box": [
    245.81149291992188,
    395.248779296875,
    305.20220947265625,
    474.73486328125
  ],
  "class": 2,
  "confidence": 0.3186126947402954,
  "uncertainty": 0.41970024489051305
}