{
  "image": "data\\raw\\images\\train\\F_2_7_727.jpg",
  "box": [
    767.68505859375,
    756.8442993164062,
    1033.8277587890625,
    1071.504150390625
  ],
  "class": 3,
  "confidence": 0.8427550196647644,
  "uncertainty": 0.24066348738418936
}