{
  "image": "data\\raw\\images\\train\\F_2_2_1107.jpg",
  "box": [
    190.1671600341797,
    458.81396484375,
    352.1487121582031,
    572.9482421875
  ],
  "class": 2,
  "confidence": 0.3573134243488312,
  "uncertainty": 0.4570468376549297
}