{
  "image": "data\\raw\\images\\train\\F_2_7_477.jpg",
  "box": [
    953.5433349609375,
    383.9848937988281,
    1548.4736328125,
    1010.9815673828125
  ],
  "class": 2,
  "confidence": 0.9138293266296387,
  "uncertainty": 0.193855497041172
}