{
  "image": "data\\raw\\images\\train\\F_2_6_861.jpg",
  "box": [
    1414.9365234375,
    102.26561737060547,
    1917.6280517578125,
    694.21533203125
  ],
  "class": 7,
  "confidence": 0.7569695115089417,
  "uncertainty": 0.2950952718166594
}