{
  "image": "data\\raw\\images\\train\\F_2_6_884.jpg",
  "box": [
    1335.029296875,
    536.347900390625,
    1385.6572265625,
    613.233642578125
  ],
  "class": 3,
  "confidence": 0.6960257291793823,
  "uncertainty": 0.30183288617432796
}