{
  "image": "data\\raw\\images\\train\\F_2_3_424.jpg",
  "box": [
    280.5508117675781,
    278.2654724121094,
    685.9306640625,
    634.8561401367188
  ],
  "class": 5,
  "confidence": 0.9264951944351196,
  "uncertainty": 0.241838433071735
}