{
  "image": "data\\raw\\images\\train\\F_2_3_64.jpg",
  "box": [
    1432.427001953125,
    577.7718505859375,
    1505.85986328125,
    693.0580444335938
  ],
  "class": 3,
  "confidence": 0.45581313967704773,
  "uncertainty": 0.4265467310413463
}