{
  "image": "data\\raw\\images\\train\\F_2_7_1317.jpg",
  "box": [
    223.19517517089844,
    431.02447509765625,
    471.03436279296875,
    646.7874145507812
  ],
  "class": 2,
  "confidence": 0.8232038021087646,
  "uncertainty": 0.16669085565014213
}