{
  "image": "data\\raw\\images\\train\\F_2_7_1722.jpg",
  "box": [
    1.0877609252929688,
    413.25714111328125,
    303.60235595703125,
    829.9427490234375
  ],
  "class": 7,
  "confidence": 0.497103750705719,
  "uncertainty": 0.3709376752778968
}