{
  "image": "data\\raw\\images\\train\\F_2_3_218.jpg",
  "box": [
    772.2288208007812,
    439.36541748046875,
    1297.2412109375,
    908.1632080078125
  ],
  "class": 2,
  "confidence": 0.921293318271637,
  "uncertainty": 0.13272784453868552
}