{
  "image": "data\\raw\\images\\train\\F_2_1_214.jpg",
  "box": [
    377.6451110839844,
    506.7320251464844,
    1049.152099609375,
    1068.2752685546875
  ],
  "class": 2,
  "confidence": 0.9447148442268372,
  "uncertainty": 0.09681296314649607
}