{
  "image": "data\\raw\\images\\train\\F_2_9_2417.jpg",
  "box": [
    229.16578674316406,
    495.09136962890625,
    294.5576477050781,
    596.4406127929688
  ],
  "class": 3,
  "confidence": 0.6964178085327148,
  "uncertainty": 0.34183545452970243
}