{
  "image": "data\\raw\\images\\train\\F_2_3_224.jpg",
  "box": [
    1135.6551513671875,
    447.1273498535156,
    1189.7767333984375,
    525.6199951171875
  ],
  "class": 2,
  "confidence": 0.4800928235054016,
  "uncertainty": 0.35183628589087185
}