{
  "image": "data\\raw\\images\\train\\F_2_1_397.jpg",
  "box": [
    1748.3162841796875,
    404.0907897949219,
    1867.5970458984375,
    547.3087158203125
  ],
  "class": 7,
  "confidence": 0.5859917402267456,
  "uncertainty": 0.35481789693669286
}