{
  "image": "data\\raw\\images\\train\\F_2_9_2417.jpg",
  "box": [
    1494.64306640625,
    484.306640625,
    1526.745849609375,
    535.0001220703125
  ],
  "class": 3,
  "confidence": 0.40620023012161255,
  "uncertainty": 0.41383197690389745
}