{
  "image": "data\\raw\\images\\train\\F_2_1_1131.jpg",
  "box": [
    1821.925537109375,
    417.0167541503906,
    1919.25634765625,
    581.1857299804688
  ],
  "class": 2,
  "confidence": 0.6976791620254517,
  "uncertainty": 0.27944962292657627
}