{
  "image": "data\\raw\\images\\train\\F_2_9_2646.jpg",
  "box": [
    98.55848693847656,
    512.4609375,
    180.000732421875,
    642.9530639648438
  ],
  "class": 3,
  "confidence": 0.6516891717910767,
  "uncertainty": 0.3948350508646365
}