{
  "image": "data\\raw\\images\\train\\F_2_1_797.jpg",
  "box": [
    992.5702514648438,
    562.09765625,
    1040.6370849609375,
    620.9808349609375
  ],
  "class": 3,
  "confidence": 0.6101467609405518,
  "uncertainty": 0.3364258828085059
}