{
  "image": "data\\raw\\images\\train\\F_2_7_2018.jpg",
  "box": [
    730.7722778320312,
    194.644775390625,
    1916.6099853515625,
    1066.700439453125
  ],
  "class": 2,
  "confidence": 0.9174843430519104,
  "uncertainty": 0.11063260582821728
}