{
  "image": "data\\raw\\images\\train\\F_2_1_624.jpg",
  "box": [
    574.7921752929688,
    417.15838623046875,
    666.551025390625,
    508.1593322753906
  ],
  "class": 7,
  "confidence": 0.569835364818573,
  "uncertainty": 0.3826522088491872
}