{
  "image": "data\\raw\\images\\train\\F_2_6_534.jpg",
  "box": [
    0.1498260498046875,
    549.6025390625,
    83.82611846923828,
    701.7852783203125
  ],
  "class": 3,
  "confidence": 0.5480549335479736,
  "uncertainty": 0.3793871495490199
}