{
  "image": "data\\raw\\images\\train\\F_2_2_1415.jpg",
  "box": [
    698.6302490234375,
    459.3190612792969,
    769.4786376953125,
    564.6649169921875
  ],
  "class": 2,
  "confidence": 0.33996137976646423,
  "uncertainty": 0.4388688566353315
}