{
  "image": "data\\raw\\images\\train\\F_2_2_1440.jpg",
  "box": [
    2.1996030807495117,
    482.3764343261719,
    93.95386505126953,
    598.3741455078125
  ],
  "class": 3,
  "confidence": 0.35247620940208435,
  "uncertainty": 0.48376721357351066
}