{
  "image": "data\\raw\\images\\train\\F_2_9_2352.jpg",
  "box": [
    1835.861572265625,
    488.1475524902344,
    1919.31298828125,
    611.7716064453125
  ],
  "class": 2,
  "confidence": 0.7314260601997375,
  "uncertainty": 0.22099450511516727
}