{
  "image": "data\\raw\\images\\train\\F_2_2_747.jpg",
  "box": [
    1407.284423828125,
    461.27032470703125,
    1615.391845703125,
    566.5435180664062
  ],
  "class": 2,
  "confidence": 0.8328523635864258,
  "uncertainty": 0.16505626342640345
}