{
  "image": "data\\raw\\images\\train\\F_2_11_168.jpg",
  "box": [
    393.292236328125,
    401.43841552734375,
    557.4065551757812,
    603.0840454101562
  ],
  "class": 5,
  "confidence": 0.8227869868278503,
  "uncertainty": 0.24860809836072192
}