{
  "image": "data\\raw\\images\\train\\F_2_9_2971.jpg",
  "box": [
    781.2907104492188,
    28.96600341796875,
    1415.74951171875,
    759.3486328125
  ],
  "class": 5,
  "confidence": 0.5730960965156555,
  "uncertainty": 0.32746241780330954
}