{
  "image": "data\\raw\\images\\train\\F_2_9_2967.jpg",
  "box": [
    599.5198974609375,
    423.711181640625,
    718.3099365234375,
    543.3157958984375
  ],
  "class": 7,
  "confidence": 0.48418310284614563,
  "uncertainty": 0.47517947170377245
}