{
  "image": "data\\raw\\images\\train\\F_2_11_168.jpg",
  "box": [
    1475.107421875,
    395.0762939453125,
    1621.673095703125,
    563.2470092773438
  ],
  "class": 7,
  "confidence": 0.6160675287246704,
  "uncertainty": 0.36548440669608223
}