{
  "image": "data\\raw\\images\\train\\F_2_2_1584.jpg",
  "box": [
    1647.189697265625,
    588.515625,
    1845.4248046875,
    852.5663452148438
  ],
  "class": 3,
  "confidence": 0.690991997718811,
  "uncertainty": 0.39469940257970354
}