{
  "image": "data\\raw\\images\\train\\F_2_1_897.jpg",
  "box": [
    569.7586669921875,
    371.3287353515625,
    676.9583129882812,
    489.88421630859375
  ],
  "class": 5,
  "confidence": 0.7148613929748535,
  "uncertainty": 0.2675263115665736
}