{
  "image": "data\\raw\\images\\train\\F_2_2_1089.jpg",
  "box": [
    445.4501037597656,
    458.5960693359375,
    600.1898803710938,
    510.45135498046875
  ],
  "class": 5,
  "confidence": 0.31009748578071594,
  "uncertainty": 0.45952280705374754
}