{
  "image": "data\\raw\\images\\train\\F_2_2_964.jpg",
  "box": [
    111.14790344238281,
    448.1567687988281,
    278.38714599609375,
    610.699462890625
  ],
  "class": 5,
  "confidence": 0.34785032272338867,
  "uncertainty": 0.45517482333320464
}