{
  "image": "data\\raw\\images\\train\\F_2_2_908.jpg",
  "box": [
    522.183837890625,
    562.9322509765625,
    558.291015625,
    611.035888671875
  ],
  "class": 3,
  "confidence": 0.2516784369945526,
  "uncertainty": 0.48768791159723984
}