{
  "image": "data\\raw\\images\\train\\F_2_8_1780.jpg",
  "box": [
    983.1829833984375,
    296.14910888671875,
    1019.634521484375,
    325.26397705078125
  ],
  "class": 2,
  "confidence": 0.41869622468948364,
  "uncertainty": 0.3088523612957046
}