{
  "image": "data\\raw\\images\\train\\F_2_6_457.jpg",
  "box": [
    1346.1788330078125,
    446.0660705566406,
    1520.8453369140625,
    589.5390625
  ],
  "class": 3,
  "confidence": 0.7254993319511414,
  "uncertainty": 0.37355800180494575
}