{
  "image": "data\\raw\\images\\train\\F_2_1_1127.jpg",
  "box": [
    812.4459228515625,
    438.3540344238281,
    1025.8985595703125,
    631.466552734375
  ],
  "class": 2,
  "confidence": 0.3505353331565857,
  "uncertainty": 0.4594111249178598
}