{
  "image": "data\\raw\\images\\train\\F_2_9_2006.jpg",
  "box": [
    1806.7525634765625,
    433.3728332519531,
    1904.97216796875,
    554.28466796875
  ],
  "class": 2,
  "confidence": 0.31615233421325684,
  "uncertainty": 0.41679593925602776
}