{
  "image": "data\\raw\\images\\train\\F_2_1_701.jpg",
  "box": [
    1096.490966796875,
    449.80999755859375,
    1135.5927734375,
    488.63824462890625
  ],
  "class": 2,
  "confidence": 0.5077208280563354,
  "uncertainty": 0.2772080258538579
}