{
  "image": "data\\raw\\images\\train\\F_2_1_551.jpg",
  "box": [
    758.1373291015625,
    500.4747619628906,
    846.3473510742188,
    579.6231689453125
  ],
  "class": 3,
  "confidence": 0.4786873459815979,
  "uncertainty": 0.42666961977911533
}