{
  "image": "data\\raw\\images\\train\\F_2_9_332.jpg",
  "box": [
    921.3019409179688,
    421.7460021972656,
    1140.4443359375,
    600.3580322265625
  ],
  "class": 2,
  "confidence": 0.9090374708175659,
  "uncertainty": 0.12712726494114124
}