{
  "image": "data\\raw\\images\\train\\F_2_2_882.jpg",
  "box": [
    688.3062744140625,
    388.9335021972656,
    779.3026123046875,
    536.32373046875
  ],
  "class": 5,
  "confidence": 0.4625740349292755,
  "uncertainty": 0.36930253298961363
}