{
  "image": "data\\raw\\images\\train\\F_2_7_382.jpg",
  "box": [
    473.5231018066406,
    426.9205627441406,
    647.5692138671875,
    524.584228515625
  ],
  "class": 2,
  "confidence": 0.32834750413894653,
  "uncertainty": 0.45549486465329414
}