{
  "image": "data\\raw\\images\\train\\F_2_1_1191.jpg",
  "box": [
    1645.2740478515625,
    419.901123046875,
    1738.6981201171875,
    488.7564697265625
  ],
  "class": 7,
  "confidence": 0.3196730315685272,
  "uncertainty": 0.48037286707011284
}