{
  "image": "data\\raw\\images\\train\\F_2_1_551.jpg",
  "box": [
    907.400390625,
    428.0240478515625,
    1039.8841552734375,
    591.1602172851562
  ],
  "class": 7,
  "confidence": 0.6410695314407349,
  "uncertainty": 0.3187446407681991
}