{
  "image": "data\\raw\\images\\train\\F_2_2_839.jpg",
  "box": [
    1097.63427734375,
    555.4802856445312,
    1188.4268798828125,
    692.4699096679688
  ],
  "class": 3,
  "confidence": 0.7573478817939758,
  "uncertainty": 0.3197634555577281
}