{
  "image": "data\\raw\\images\\train\\F_2_3_311.jpg",
  "box": [
    746.656982421875,
    412.8768310546875,
    797.380615234375,
    535.07958984375
  ],
  "class": 2,
  "confidence": 0.5521626472473145,
  "uncertainty": 0.27471758089753906
}