{
  "image": "data\\raw\\images\\train\\F_2_5_281.jpg",
  "box": [
    239.75926208496094,
    467.58050537109375,
    492.13153076171875,
    686.4688720703125
  ],
  "class": 2,
  "confidence": 0.5377585887908936,
  "uncertainty": 0.36894821599892363
}