{
  "image": "data\\raw\\images\\train\\F_2_1_446.jpg",
  "box": [
    1347.800537109375,
    478.50640869140625,
    1430.4404296875,
    595.0563354492188
  ],
  "class": 2,
  "confidence": 0.8110093474388123,
  "uncertainty": 0.1709559345367107
}