{
  "image": "data\\raw\\images\\train\\F_2_1_733.jpg",
  "box": [
    1265.565673828125,
    459.3914794921875,
    1303.058349609375,
    495.35888671875
  ],
  "class": 2,
  "confidence": 0.4917636215686798,
  "uncertainty": 0.2746417907861032
}