{
  "image": "data\\raw\\images\\train\\F_2_7_1652.jpg",
  "box": [
    1752.287841796875,
    448.01165771484375,
    1915.9541015625,
    593.61767578125
  ],
  "class": 2,
  "confidence": 0.5290125012397766,
  "uncertainty": 0.3288742395753551
}