{
  "image": "data\\raw\\images\\train\\F_2_9_2417.jpg",
  "box": [
    641.5621337890625,
    490.04937744140625,
    717.9072265625,
    582.8887939453125
  ],
  "class": 3,
  "confidence": 0.31289342045783997,
  "uncertainty": 0.47951597240404414
}