{
  "image": "data\\raw\\images\\train\\F_2_2_1054.jpg",
  "box": [
    274.608154296875,
    439.172119140625,
    588.625244140625,
    713.150634765625
  ],
  "class": 2,
  "confidence": 0.9060319066047668,
  "uncertainty": 0.1292407715937378
}