{
  "image": "data\\raw\\images\\train\\F_2_7_1891.jpg",
  "box": [
    454.3429870605469,
    43.15118408203125,
    1166.2952880859375,
    772.8087158203125
  ],
  "class": 5,
  "confidence": 0.9398087859153748,
  "uncertainty": 0.20472411913445782
}