{
  "image": "data\\raw\\images\\train\\F_2_3_652.jpg",
  "box": [
    1465.9091796875,
    444.3732604980469,
    1510.69580078125,
    511.8584289550781
  ],
  "class": 2,
  "confidence": 0.326702356338501,
  "uncertainty": 0.3708342754600289
}