{
  "image": "data\\raw\\images\\train\\F_2_3_311.jpg",
  "box": [
    586.052734375,
    432.5895080566406,
    680.0730590820312,
    535.1263427734375
  ],
  "class": 2,
  "confidence": 0.8100320100784302,
  "uncertainty": 0.1936300186997584
}