{
  "image": "data\\raw\\images\\train\\F_2_9_2140.jpg",
  "box": [
    695.4024658203125,
    343.12811279296875,
    867.386962890625,
    425.84014892578125
  ],
  "class": 5,
  "confidence": 0.5179337859153748,
  "uncertainty": 0.38812978337624904
}