{
  "image": "data\\raw\\images\\train\\F_2_7_435.jpg",
  "box": [
    139.710693359375,
    458.92779541015625,
    836.8946533203125,
    1062.4881591796875
  ],
  "class": 2,
  "confidence": 0.9380587339401245,
  "uncertainty": 0.07690786794452106
}