{
  "image": "data\\raw\\images\\train\\F_2_8_831.jpg",
  "box": [
    851.3372802734375,
    493.91845703125,
    897.6220703125,
    557.6454467773438
  ],
  "class": 3,
  "confidence": 0.7146137952804565,
  "uncertainty": 0.298695949797026
}