{
  "image": "data\\raw\\images\\train\\F_2_4_238.jpg",
  "box": [
    1671.9794921875,
    526.6494140625,
    1850.18017578125,
    772.0906982421875
  ],
  "class": 3,
  "confidence": 0.6471880674362183,
  "uncertainty": 0.3743622715449151
}