{
  "image": "data\\raw\\images\\train\\F_2_4_42.jpg",
  "box": [
    485.9105529785156,
    469.595947265625,
    535.7989501953125,
    553.7191772460938
  ],
  "class": 3,
  "confidence": 0.6201351284980774,
  "uncertainty": 0.3569251821299183
}