{
  "image": "data\\raw\\images\\train\\F_2_7_1630.jpg",
  "box": [
    514.677978515625,
    370.1305847167969,
    912.9343872070312,
    692.5882568359375
  ],
  "class": 2,
  "confidence": 0.7762307524681091,
  "uncertainty": 0.18384984746999763
}