{
  "image": "data\\raw\\images\\train\\F_2_1_803.jpg",
  "box": [
    1014.3026733398438,
    594.1913452148438,
    1134.743896484375,
    798.7886352539062
  ],
  "class": 3,
  "confidence": 0.669348955154419,
  "uncertainty": 0.3777149410744053
}