{
  "image": "data\\raw\\images\\train\\F_2_6_566.jpg",
  "box": [
    277.2560119628906,
    598.4031982421875,
    398.183349609375,
    775.1927490234375
  ],
  "class": 3,
  "confidence": 0.7265950441360474,
  "uncertainty": 0.3198636049025466
}