{
  "image": "data\\raw\\images\\train\\F_2_7_154.jpg",
  "box": [
    1183.3095703125,
    387.27850341796875,
    1586.8590087890625,
    509.5941467285156
  ],
  "class": 2,
  "confidence": 0.46498391032218933,
  "uncertainty": 0.31546201485012537
}