{
  "image": "data\\raw\\images\\train\\F_2_2_790.jpg",
  "box": [
    966.926513671875,
    457.71551513671875,
    1237.63330078125,
    728.87109375
  ],
  "class": 2,
  "confidence": 0.861028254032135,
  "uncertainty": 0.21919905047385016
}