{
  "image": "data\\raw\\images\\train\\F_2_7_1224.jpg",
  "box": [
    49.874656677246094,
    621.0125122070312,
    334.3925476074219,
    910.9310302734375
  ],
  "class": 3,
  "confidence": 0.7268524169921875,
  "uncertainty": 0.3608928744850734
}