{
  "image": "data\\raw\\images\\train\\F_2_1_174.jpg",
  "box": [
    0.98126220703125,
    273.0268859863281,
    193.4462127685547,
    663.15380859375
  ],
  "class": 7,
  "confidence": 0.8971506357192993,
  "uncertainty": 0.18031853042458118
}