{
  "image": "data\\raw\\images\\train\\F_2_2_437.jpg",
  "box": [
    388.36248779296875,
    449.8807067871094,
    480.6767578125,
    560.6470947265625
  ],
  "class": 7,
  "confidence": 0.4575379192829132,
  "uncertainty": 0.38218940298808607
}