{
  "image": "data\\raw\\images\\train\\F_2_6_1263.jpg",
  "box": [
    1733.24853515625,
    379.13616943359375,
    1919.0350341796875,
    564.7780151367188
  ],
  "class": 5,
  "confidence": 0.8424779176712036,
  "uncertainty": 0.22564769624776437
}