{
  "image": "data\\raw\\images\\train\\F_2_10_174.jpg",
  "box": [
    1293.70849609375,
    427.36590576171875,
    1400.262939453125,
    494.00927734375
  ],
  "class": 7,
  "confidence": 0.2748519480228424,
  "uncertainty": 0.4727108947789918
}