{
  "image": "data\\raw\\images\\train\\F_2_1_620.jpg",
  "box": [
    1273.400390625,
    460.4673156738281,
    1372.8614501953125,
    582.2005615234375
  ],
  "class": 5,
  "confidence": 0.3019191324710846,
  "uncertainty": 0.45879978266699223
}