{
  "image": "data\\raw\\images\\train\\F_2_5_22.jpg",
  "box": [
    1403.495849609375,
    467.55523681640625,
    1671.8111572265625,
    635.6566772460938
  ],
  "class": 5,
  "confidence": 0.4476262927055359,
  "uncertainty": 0.4211240939422623
}