{
  "image": "data\\raw\\images\\train\\F_2_3_201.jpg",
  "box": [
    1015.4401245117188,
    304.54730224609375,
    1069.346435546875,
    366.6092529296875
  ],
  "class": 7,
  "confidence": 0.5151770710945129,
  "uncertainty": 0.39014613078894905
}