{
  "image": "data\\raw\\images\\train\\F_2_8_1888.jpg",
  "box": [
    975.0714111328125,
    462.364013671875,
    1222.326171875,
    548.388427734375
  ],
  "class": 2,
  "confidence": 0.7395489811897278,
  "uncertainty": 0.25351560750839625
}