{
  "image": "data\\raw\\images\\train\\F_2_2_1588.jpg",
  "box": [
    1057.3736572265625,
    458.7285461425781,
    1634.9168701171875,
    930.2728271484375
  ],
  "class": 2,
  "confidence": 0.9374015927314758,
  "uncertainty": 0.12619251933249787
}