{
  "image": "data\\raw\\images\\train\\F_2_2_274.jpg",
  "box": [
    519.3960571289062,
    475.25262451171875,
    677.6097412109375,
    630.1690063476562
  ],
  "class": 2,
  "confidence": 0.8470326066017151,
  "uncertainty": 0.1638051732781173
}