{
  "image": "data\\raw\\images\\train\\F_2_2_346.jpg",
  "box": [
    278.79339599609375,
    518.217529296875,
    346.7701416015625,
    636.0504150390625
  ],
  "class": 3,
  "confidence": 0.3726184666156769,
  "uncertainty": 0.49613967060783254
}