{
  "image": "data\\raw\\images\\train\\F_2_3_303.jpg",
  "box": [
    326.55560302734375,
    548.9938354492188,
    407.1784973144531,
    671.3338012695312
  ],
  "class": 3,
  "confidence": 0.7440318465232849,
  "uncertainty": 0.27890955864591155
}