{
  "image": "data\\raw\\images\\train\\F_2_1_367.jpg",
  "box": [
    604.90966796875,
    466.80084228515625,
    650.9361572265625,
    511.500732421875
  ],
  "class": 2,
  "confidence": 0.4353160262107849,
  "uncertainty": 0.2945565531548272
}