{
  "image": "data\\raw\\images\\train\\F_2_6_120.jpg",
  "box": [
    710.1055908203125,
    459.289306640625,
    754.5401611328125,
    525.8091430664062
  ],
  "class": 3,
  "confidence": 0.4173605442047119,
  "uncertainty": 0.43944140752594363
}