{
  "image": "data\\raw\\images\\train\\F_2_2_104.jpg",
  "box": [
    769.9418334960938,
    458.7030944824219,
    848.9800415039062,
    561.55419921875
  ],
  "class": 2,
  "confidence": 0.4684552848339081,
  "uncertainty": 0.3580805167662387
}