{
  "image": "data\\raw\\images\\train\\F_2_1_446.jpg",
  "box": [
    1863.569091796875,
    493.4326171875,
    1919.173095703125,
    680.64990234375
  ],
  "class": 2,
  "confidence": 0.776714563369751,
  "uncertainty": 0.2125312057956909
}