{
  "image": "data\\raw\\images\\train\\F_2_6_492.jpg",
  "box": [
    647.3916015625,
    746.213134765625,
    893.3040161132812,
    1071.5823974609375
  ],
  "class": 3,
  "confidence": 0.8239607810974121,
  "uncertainty": 0.32417428482157173
}