{
  "image": "data\\raw\\images\\train\\F_2_11_734.jpg",
  "box": [
    729.8670654296875,
    518.5086669921875,
    812.2366333007812,
    629.6588134765625
  ],
  "class": 3,
  "confidence": 0.692277193069458,
  "uncertainty": 0.3603055860414102
}