{
  "image": "data\\raw\\images\\train\\F_2_1_700.jpg",
  "box": [
    748.7991943359375,
    570.1929931640625,
    830.6143798828125,
    691.7406005859375
  ],
  "class": 3,
  "confidence": 0.5739622712135315,
  "uncertainty": 0.3945314533433907
}