{
  "image": "data\\raw\\images\\train\\F_2_9_1522.jpg",
  "box": [
    469.0873718261719,
    353.7513427734375,
    1051.060302734375,
    925.921875
  ],
  "class": 7,
  "confidence": 0.681258499622345,
  "uncertainty": 0.48783060074735085
}