{
  "image": "data\\raw\\images\\train\\F_2_2_815.jpg",
  "box": [
    1804.854736328125,
    378.1236877441406,
    1919.106201171875,
    608.943359375
  ],
  "class": 5,
  "confidence": 0.8309305906295776,
  "uncertainty": 0.2309098994813457
}