{
  "image": "data\\raw\\images\\train\\F_2_2_946.jpg",
  "box": [
    541.128173828125,
    516.650390625,
    601.8250732421875,
    560.6533813476562
  ],
  "class": 2,
  "confidence": 0.604377031326294,
  "uncertainty": 0.23143885833963201
}