{
  "image": "data\\raw\\images\\train\\F_2_2_848.jpg",
  "box": [
    545.363525390625,
    449.9484558105469,
    716.965576171875,
    632.099609375
  ],
  "class": 2,
  "confidence": 0.49449679255485535,
  "uncertainty": 0.3109977528280108
}