{
  "image": "data\\raw\\images\\train\\F_2_9_3014.jpg",
  "box": [
    1.551544189453125,
    267.45355224609375,
    423.302490234375,
    699.3992919921875
  ],
  "class": 7,
  "confidence": 0.7826960682868958,
  "uncertainty": 0.3589703108968005
}