{
  "image": "data\\raw\\images\\train\\F_2_1_422.jpg",
  "box": [
    834.9695434570312,
    466.9045715332031,
    859.5979614257812,
    506.9017639160156
  ],
  "class": 3,
  "confidence": 0.4553915858268738,
  "uncertainty": 0.404738027783848
}