{
  "image": "data\\raw\\images\\train\\F_2_8_1019.jpg",
  "box": [
    1533.4510498046875,
    684.0030517578125,
    1617.82470703125,
    896.2886352539062
  ],
  "class": 3,
  "confidence": 0.6653800010681152,
  "uncertainty": 0.3636862726846878
}