{
  "image": "data\\raw\\images\\train\\F_2_1_794.jpg",
  "box": [
    740.7277221679688,
    452.4049987792969,
    772.8861694335938,
    515.9595947265625
  ],
  "class": 3,
  "confidence": 0.3687410354614258,
  "uncertainty": 0.45137967327208545
}