{
  "image": "data\\raw\\images\\train\\F_2_6_242.jpg",
  "box": [
    344.3691101074219,
    274.0518798828125,
    586.009521484375,
    577.5609130859375
  ],
  "class": 5,
  "confidence": 0.8902497291564941,
  "uncertainty": 0.23454395496994512
}