{
  "image": "data\\raw\\images\\train\\F_2_3_252.jpg",
  "box": [
    745.286376953125,
    495.21868896484375,
    813.8768920898438,
    603.9960327148438
  ],
  "class": 7,
  "confidence": 0.4724610447883606,
  "uncertainty": 0.3977286037663717
}