{
  "image": "data\\raw\\images\\train\\F_2_2_771.jpg",
  "box": [
    279.927734375,
    446.5780334472656,
    1558.863525390625,
    1067.1175537109375
  ],
  "class": 2,
  "confidence": 0.9449850916862488,
  "uncertainty": 0.11517815854595181
}