{
  "image": "data\\raw\\images\\train\\F_2_8_745.jpg",
  "box": [
    1353.832763671875,
    417.0960388183594,
    1919.2152099609375,
    1021.3273315429688
  ],
  "class": 2,
  "confidence": 0.932853102684021,
  "uncertainty": 0.12344803510945014
}