{
  "image": "data\\raw\\images\\train\\F_2_6_1501.jpg",
  "box": [
    1451.31787109375,
    134.0093994140625,
    1844.2371826171875,
    518.25537109375
  ],
  "class": 7,
  "confidence": 0.5133959054946899,
  "uncertainty": 0.3891526417303961
}