{
  "image": "data\\raw\\images\\train\\F_2_7_1814.jpg",
  "box": [
    0.784515380859375,
    675.3984375,
    317.1456298828125,
    1068.48193359375
  ],
  "class": 3,
  "confidence": 0.7645514011383057,
  "uncertainty": 0.3016206736774001
}