{
  "image": "data\\raw\\images\\train\\F_2_7_1512.jpg",
  "box": [
    624.3845825195312,
    424.7059326171875,
    681.0801391601562,
    504.92657470703125
  ],
  "class": 3,
  "confidence": 0.6968539357185364,
  "uncertainty": 0.3419667870980914
}