{
  "image": "data\\raw\\images\\train\\F_2_1_566.jpg",
  "box": [
    1409.0540771484375,
    523.555908203125,
    1521.14208984375,
    624.4033203125
  ],
  "class": 2,
  "confidence": 0.834708571434021,
  "uncertainty": 0.15593279878751182
}