{
  "image": "data\\raw\\images\\train\\F_2_1_849.jpg",
  "box": [
    1512.9210205078125,
    378.6580810546875,
    1710.702392578125,
    537.6859130859375
  ],
  "class": 5,
  "confidence": 0.8907333612442017,
  "uncertainty": 0.29271532327340355
}