{
  "image": "data\\raw\\images\\train\\F_2_9_341.jpg",
  "box": [
    42.88146209716797,
    467.6565856933594,
    220.31520080566406,
    573.481689453125
  ],
  "class": 2,
  "confidence": 0.2863192856311798,
  "uncertainty": 0.3711270671872222
}