{
  "image": "data\\raw\\images\\train\\F_2_9_1095.jpg",
  "box": [
    0.87322998046875,
    412.8782958984375,
    424.70361328125,
    733.2913818359375
  ],
  "class": 2,
  "confidence": 0.909366250038147,
  "uncertainty": 0.1151882922364788
}