{
  "image": "data\\raw\\images\\train\\F_2_1_700.jpg",
  "box": [
    372.5591735839844,
    470.7593078613281,
    436.8028564453125,
    519.569580078125
  ],
  "class": 2,
  "confidence": 0.7004711627960205,
  "uncertainty": 0.19869904702926278
}