{
  "image": "data\\raw\\images\\train\\F_2_8_956.jpg",
  "box": [
    378.419677734375,
    709.7948608398438,
    800.5489501953125,
    1070.9337158203125
  ],
  "class": 3,
  "confidence": 0.819218099117279,
  "uncertainty": 0.38594305660053585
}