{
  "image": "data\\raw\\images\\train\\F_2_6_1911.jpg",
  "box": [
    1101.8004150390625,
    382.3887939453125,
    1381.7432861328125,
    453.98284912109375
  ],
  "class": 2,
  "confidence": 0.49753090739250183,
  "uncertainty": 0.3182689572701837
}