{
  "image": "data\\raw\\images\\train\\F_2_1_339.jpg",
  "box": [
    348.4574890136719,
    267.9954528808594,
    728.7855224609375,
    820.348388671875
  ],
  "class": 7,
  "confidence": 0.5245012640953064,
  "uncertainty": 0.37541189339582215
}