{
  "image": "data\\raw\\images\\train\\F_2_7_134.jpg",
  "box": [
    31.5516357421875,
    492.14739990234375,
    1818.5771484375,
    1066.413818359375
  ],
  "class": 2,
  "confidence": 0.9208419919013977,
  "uncertainty": 0.13674853757399696
}