{
  "image": "data\\raw\\images\\train\\F_2_9_2139.jpg",
  "box": [
    735.958740234375,
    356.8504943847656,
    958.9762573242188,
    466.9172058105469
  ],
  "class": 5,
  "confidence": 0.6002075672149658,
  "uncertainty": 0.36916495305727326
}