{
  "image": "data\\raw\\images\\train\\F_2_11_550.jpg",
  "box": [
    263.0082092285156,
    463.5675048828125,
    368.9305114746094,
    535.8704833984375
  ],
  "class": 2,
  "confidence": 0.4768037796020508,
  "uncertainty": 0.4592986025352786
}