{
  "image": "data\\raw\\images\\train\\F_2_1_775.jpg",
  "box": [
    538.0753173828125,
    532.1790771484375,
    593.3896484375,
    612.7020263671875
  ],
  "class": 3,
  "confidence": 0.7261776328086853,
  "uncertainty": 0.31327748180556386
}