{
  "image": "data\\raw\\images\\train\\F_2_1_974.jpg",
  "box": [
    1.2682342529296875,
    295.2486877441406,
    663.0635375976562,
    1064.328125
  ],
  "class": 7,
  "confidence": 0.8487908244132996,
  "uncertainty": 0.23376072515124402
}