{
  "image": "data\\raw\\images\\train\\F_2_6_1609.jpg",
  "box": [
    845.8558349609375,
    467.7243347167969,
    912.33056640625,
    562.09912109375
  ],
  "class": 2,
  "confidence": 0.5323465466499329,
  "uncertainty": 0.2831154226150173
}