{
  "image": "data\\raw\\images\\train\\F_2_7_1652.jpg",
  "box": [
    688.2717895507812,
    497.1523132324219,
    1746.462158203125,
    1068.013671875
  ],
  "class": 2,
  "confidence": 0.9294900894165039,
  "uncertainty": 0.10670110985820691
}