{
  "image": "data\\raw\\images\\train\\F_2_11_392.jpg",
  "box": [
    1516.3179931640625,
    499.8553161621094,
    1678.8790283203125,
    628.8177490234375
  ],
  "class": 2,
  "confidence": 0.6902125477790833,
  "uncertainty": 0.30667493258724665
}