{
  "image": "data\\raw\\images\\train\\F_2_1_951.jpg",
  "box": [
    1607.82275390625,
    464.3969421386719,
    1689.857666015625,
    567.6029052734375
  ],
  "class": 2,
  "confidence": 0.534706711769104,
  "uncertainty": 0.34431154062884817
}