{
  "image": "data\\raw\\images\\train\\F_2_1_969.jpg",
  "box": [
    1704.062255859375,
    477.0931396484375,
    1772.806640625,
    544.372314453125
  ],
  "class": 2,
  "confidence": 0.44947683811187744,
  "uncertainty": 0.3282579981767353
}