{
  "image": "data\\raw\\images\\train\\F_2_2_1426.jpg",
  "box": [
    0.5515251159667969,
    449.37451171875,
    129.0890350341797,
    693.842529296875
  ],
  "class": 2,
  "confidence": 0.8343597054481506,
  "uncertainty": 0.14365470345870662
}