{
  "image": "data\\raw\\images\\train\\F_2_2_750.jpg",
  "box": [
    54.169029235839844,
    443.6018371582031,
    734.2549438476562,
    976.4049682617188
  ],
  "class": 2,
  "confidence": 0.8656183481216431,
  "uncertainty": 0.3276542478944455
}