{
  "image": "data\\raw\\images\\train\\F_2_7_453.jpg",
  "box": [
    588.8428344726562,
    436.877197265625,
    717.9041748046875,
    638.451416015625
  ],
  "class": 2,
  "confidence": 0.3540196716785431,
  "uncertainty": 0.4284448403739548
}