{
  "image": "data\\raw\\images\\train\\F_2_9_3046.jpg",
  "box": [
    858.6134033203125,
    267.5856628417969,
    1842.88916015625,
    561.8479614257812
  ],
  "class": 7,
  "confidence": 0.39217472076416016,
  "uncertainty": 0.3934739393452812
}