{
  "image": "data\\raw\\images\\train\\F_2_9_324.jpg",
  "box": [
    471.875244140625,
    545.5582885742188,
    596.84033203125,
    664.9702758789062
  ],
  "class": 3,
  "confidence": 0.32400286197662354,
  "uncertainty": 0.4958302467944222
}