{
  "image": "data\\raw\\images\\train\\F_2_7_1512.jpg",
  "box": [
    632.9097900390625,
    332.050048828125,
    746.5655517578125,
    409.29290771484375
  ],
  "class": 2,
  "confidence": 0.3235044777393341,
  "uncertainty": 0.4135450681164957
}