{
  "image": "data\\raw\\images\\train\\F_2_2_835.jpg",
  "box": [
    1.518035888671875,
    4.88287353515625,
    783.37548828125,
    932.7339477539062
  ],
  "class": 5,
  "confidence": 0.9532435536384583,
  "uncertainty": 0.21298937676055885
}