{
  "image": "data\\raw\\images\\train\\F_2_1_116.jpg",
  "box": [
    869.25146484375,
    424.9726867675781,
    920.8311767578125,
    457.4189758300781
  ],
  "class": 2,
  "confidence": 0.2522311210632324,
  "uncertainty": 0.43540537594333995
}