{
  "image": "data\\raw\\images\\train\\F_2_1_702.jpg",
  "box": [
    1122.849853515625,
    474.33880615234375,
    1170.512939453125,
    521.0516357421875
  ],
  "class": 2,
  "confidence": 0.5324011445045471,
  "uncertainty": 0.28095756478139333
}