{
  "image": "data\\raw\\images\\train\\F_2_10_468.jpg",
  "box": [
    1744.447265625,
    391.1864318847656,
    1919.180419921875,
    869.9265747070312
  ],
  "class": 2,
  "confidence": 0.7361135482788086,
  "uncertainty": 0.23862430198839596
}