{
  "image": "data\\raw\\images\\train\\F_2_1_406.jpg",
  "box": [
    329.71295166015625,
    583.9264526367188,
    419.7206726074219,
    737.9095458984375
  ],
  "class": 3,
  "confidence": 0.7448218464851379,
  "uncertainty": 0.33028972907006293
}