{
  "image": "data\\raw\\images\\train\\F_2_1_682.jpg",
  "box": [
    408.00775146484375,
    424.2521667480469,
    577.5504760742188,
    558.1612548828125
  ],
  "class": 7,
  "confidence": 0.7316364049911499,
  "uncertainty": 0.3505953132800253
}