{
  "image": "data\\raw\\images\\train\\F_2_3_370.jpg",
  "box": [
    874.56298828125,
    326.065673828125,
    1155.049072265625,
    509.5628662109375
  ],
  "class": 7,
  "confidence": 0.59581458568573,
  "uncertainty": 0.3130376576596592
}