{
  "image": "data\\raw\\images\\train\\F_2_6_1498.jpg",
  "box": [
    398.9520263671875,
    460.45794677734375,
    471.973388671875,
    693.7889404296875
  ],
  "class": 2,
  "confidence": 0.3442978858947754,
  "uncertainty": 0.4597042452263675
}