{
  "image": "data\\raw\\images\\train\\F_2_11_391.jpg",
  "box": [
    1620.870849609375,
    443.2255554199219,
    1773.378662109375,
    574.6279296875
  ],
  "class": 2,
  "confidence": 0.6196391582489014,
  "uncertainty": 0.25989078025613177
}