{
  "image": "data\\raw\\images\\train\\F_2_3_64.jpg",
  "box": [
    343.8974914550781,
    480.797607421875,
    524.7291870117188,
    745.7957153320312
  ],
  "class": 2,
  "confidence": 0.7508741617202759,
  "uncertainty": 0.2623057140462637
}