{
  "image": "data\\raw\\images\\train\\F_2_6_1501.jpg",
  "box": [
    699.897705078125,
    882.9447021484375,
    967.9798583984375,
    1074.409912109375
  ],
  "class": 3,
  "confidence": 0.7533642649650574,
  "uncertainty": 0.28859790037759453
}