{
  "image": "data\\raw\\images\\train\\F_2_9_3014.jpg",
  "box": [
    737.7216796875,
    416.68682861328125,
    926.6401977539062,
    566.1797485351562
  ],
  "class": 2,
  "confidence": 0.8068830370903015,
  "uncertainty": 0.16839170082498478
}