{
  "image": "data\\raw\\images\\train\\F_2_4_281.jpg",
  "box": [
    661.44677734375,
    344.7287902832031,
    1201.6473388671875,
    912.6260375976562
  ],
  "class": 7,
  "confidence": 0.5588842630386353,
  "uncertainty": 0.35019619150167497
}