{
  "image": "data\\raw\\images\\train\\F_2_3_153.jpg",
  "box": [
    1150.8402099609375,
    620.1099853515625,
    1287.144775390625,
    817.3866577148438
  ],
  "class": 3,
  "confidence": 0.7145519852638245,
  "uncertainty": 0.36009667224627356
}