{
  "image": "data\\raw\\images\\train\\F_2_7_1814.jpg",
  "box": [
    1569.14794921875,
    475.9444885253906,
    1721.808837890625,
    733.9052124023438
  ],
  "class": 2,
  "confidence": 0.2742741107940674,
  "uncertainty": 0.4389954518635342
}