{
  "image": "data\\raw\\images\\train\\F_2_3_494.jpg",
  "box": [
    863.574462890625,
    343.676025390625,
    977.5740966796875,
    410.6727294921875
  ],
  "class": 5,
  "confidence": 0.5788030028343201,
  "uncertainty": 0.34885169167776225
}