{
  "image": "data\\raw\\images\\train\\F_2_7_242.jpg",
  "box": [
    286.9333801269531,
    444.88043212890625,
    353.80523681640625,
    620.2661743164062
  ],
  "class": 2,
  "confidence": 0.7372771501541138,
  "uncertainty": 0.26505146082106257
}