{
  "image": "data\\raw\\images\\train\\F_2_8_932.jpg",
  "box": [
    624.109619140625,
    520.5184936523438,
    702.8836669921875,
    657.076171875
  ],
  "class": 3,
  "confidence": 0.7452247738838196,
  "uncertainty": 0.30433544451936334
}