{
  "image": "data\\raw\\images\\train\\F_2_1_393.jpg",
  "box": [
    954.1880493164062,
    450.40301513671875,
    1005.9384155273438,
    512.5918579101562
  ],
  "class": 7,
  "confidence": 0.7271525859832764,
  "uncertainty": 0.271020983341286
}