{
  "image": "data\\raw\\images\\train\\F_2_1_741.jpg",
  "box": [
    385.4512939453125,
    501.43743896484375,
    412.24566650390625,
    539.2142333984375
  ],
  "class": 3,
  "confidence": 0.30091145634651184,
  "uncertainty": 0.46056626921121147
}