{
  "image": "data\\raw\\images\\train\\F_2_7_164.jpg",
  "box": [
    924.6036376953125,
    419.7485046386719,
    1017.9139404296875,
    508.2978515625
  ],
  "class": 2,
  "confidence": 0.5613296627998352,
  "uncertainty": 0.3029148771981865
}