{
  "image": "data\\raw\\images\\train\\F_2_1_802.jpg",
  "box": [
    1728.4189453125,
    431.7264404296875,
    1919.111572265625,
    642.9525146484375
  ],
  "class": 7,
  "confidence": 0.881522536277771,
  "uncertainty": 0.218846978348614
}