{
  "image": "data\\raw\\images\\train\\F_2_9_1812.jpg",
  "box": [
    1863.3779296875,
    626.4365234375,
    1919.281494140625,
    841.3881225585938
  ],
  "class": 3,
  "confidence": 0.3140086233615875,
  "uncertainty": 0.4910172121900287
}