{
  "image": "data\\raw\\images\\train\\F_2_4_29.jpg",
  "box": [
    859.1326904296875,
    403.84716796875,
    947.0394287109375,
    480.14703369140625
  ],
  "class": 5,
  "confidence": 0.4079270660877228,
  "uncertainty": 0.4032855179708512
}