{
  "image": "data\\raw\\images\\train\\F_2_1_702.jpg",
  "box": [
    524.9650268554688,
    545.294921875,
    588.2237548828125,
    630.39599609375
  ],
  "class": 3,
  "confidence": 0.7178057432174683,
  "uncertainty": 0.29982097024849863
}