{
  "image": "data\\raw\\images\\train\\F_2_5_183.jpg",
  "box": [
    841.4761962890625,
    373.4169616699219,
    1416.189697265625,
    1068.67236328125
  ],
  "class": 7,
  "confidence": 0.8326126337051392,
  "uncertainty": 0.24793869966863602
}