{
  "image": "data\\raw\\images\\train\\F_2_1_759.jpg",
  "box": [
    1014.7584228515625,
    517.9964599609375,
    1077.170166015625,
    579.9826049804688
  ],
  "class": 7,
  "confidence": 0.5423014163970947,
  "uncertainty": 0.3639116876578939
}