{
  "image": "data\\raw\\images\\train\\F_2_2_120.jpg",
  "box": [
    616.8087158203125,
    446.4613037109375,
    869.3023681640625,
    758.265380859375
  ],
  "class": 2,
  "confidence": 0.5718233585357666,
  "uncertainty": 0.26273382300681325
}