{
  "image": "data\\raw\\images\\train\\F_2_1_341.jpg",
  "box": [
    453.08477783203125,
    381.1136169433594,
    815.1192626953125,
    795.1988525390625
  ],
  "class": 7,
  "confidence": 0.791047215461731,
  "uncertainty": 0.28012552616966696
}