{
  "image": "data\\raw\\images\\train\\F_2_9_2139.jpg",
  "box": [
    603.004150390625,
    448.5021057128906,
    700.3419189453125,
    575.2410888671875
  ],
  "class": 2,
  "confidence": 0.4695335626602173,
  "uncertainty": 0.29815568098217404
}