{
  "image": "data\\raw\\images\\train\\F_2_5_20.jpg",
  "box": [
    735.1409912109375,
    512.709228515625,
    813.7267456054688,
    616.5980224609375
  ],
  "class": 3,
  "confidence": 0.2996887266635895,
  "uncertainty": 0.4998211985237358
}