{
  "image": "data\\raw\\images\\train\\F_2_2_1312.jpg",
  "box": [
    789.01318359375,
    463.68719482421875,
    890.7945556640625,
    494.72198486328125
  ],
  "class": 2,
  "confidence": 0.4413842260837555,
  "uncertainty": 0.34008109663389763
}