{
  "image": "data\\raw\\images\\train\\F_2_7_1786.jpg",
  "box": [
    1037.693359375,
    298.13360595703125,
    1151.71923828125,
    394.2547302246094
  ],
  "class": 2,
  "confidence": 0.3435184955596924,
  "uncertainty": 0.41145953658154627
}