{
  "image": "data\\raw\\images\\train\\F_2_1_880.jpg",
  "box": [
    691.5496215820312,
    522.9708251953125,
    731.4730224609375,
    579.3128662109375
  ],
  "class": 3,
  "confidence": 0.48082104325294495,
  "uncertainty": 0.4123692284728319
}