{
  "image": "data\\raw\\images\\train\\F_2_8_812.jpg",
  "box": [
    1522.4326171875,
    414.74017333984375,
    1606.831787109375,
    498.0572509765625
  ],
  "class": 2,
  "confidence": 0.49907925724983215,
  "uncertainty": 0.2858207783866377
}