{
  "image": "data\\raw\\images\\train\\F_2_7_1802.jpg",
  "box": [
    1503.1739501953125,
    521.5805053710938,
    1590.4281005859375,
    646.65380859375
  ],
  "class": 3,
  "confidence": 0.5004363059997559,
  "uncertainty": 0.42937234075016983
}