{
  "image": "data\\raw\\images\\train\\F_2_11_341.jpg",
  "box": [
    968.3113403320312,
    434.4619140625,
    1012.4932250976562,
    494.33251953125
  ],
  "class": 5,
  "confidence": 0.5569079518318176,
  "uncertainty": 0.3281138111946104
}