{
  "image": "data\\raw\\images\\train\\F_2_6_229.jpg",
  "box": [
    1201.1253662109375,
    410.6673889160156,
    1337.5030517578125,
    536.4614868164062
  ],
  "class": 7,
  "confidence": 0.6661783456802368,
  "uncertainty": 0.34617998134434497
}