{
  "image": "data\\raw\\images\\train\\F_2_2_328.jpg",
  "box": [
    244.14035034179688,
    506.9523010253906,
    297.53790283203125,
    618.3294677734375
  ],
  "class": 3,
  "confidence": 0.6716367602348328,
  "uncertainty": 0.33800834181776734
}