{
  "image": "data\\raw\\images\\train\\F_2_9_2915.jpg",
  "box": [
    903.3642578125,
    393.60382080078125,
    1004.12451171875,
    703.5134887695312
  ],
  "class": 2,
  "confidence": 0.7408364415168762,
  "uncertainty": 0.2419787927054181
}