{
  "image": "data\\raw\\images\\train\\F_2_7_94.jpg",
  "box": [
    1120.13330078125,
    348.5611267089844,
    1605.482421875,
    993.0595703125
  ],
  "class": 7,
  "confidence": 0.7031246423721313,
  "uncertainty": 0.3034757405274311
}