{
  "image": "data\\raw\\images\\train\\F_2_8_720.jpg",
  "box": [
    327.0419006347656,
    515.4652099609375,
    510.93896484375,
    871.4566650390625
  ],
  "class": 2,
  "confidence": 0.7836801409721375,
  "uncertainty": 0.31840370621468495
}