{
  "image": "data\\raw\\images\\train\\F_2_2_989.jpg",
  "box": [
    962.3126220703125,
    499.80487060546875,
    1072.3304443359375,
    596.7652587890625
  ],
  "class": 2,
  "confidence": 0.7939003705978394,
  "uncertainty": 0.17089871793865818
}