{
  "image": "data\\raw\\images\\train\\F_2_3_153.jpg",
  "box": [
    1396.983642578125,
    542.0053100585938,
    1494.973876953125,
    622.47119140625
  ],
  "class": 2,
  "confidence": 0.44367149472236633,
  "uncertainty": 0.32588848860153924
}