{
  "image": "data\\raw\\images\\train\\F_2_1_462.jpg",
  "box": [
    1817.4986572265625,
    486.43695068359375,
    1865.9776611328125,
    565.7650146484375
  ],
  "class": 3,
  "confidence": 0.5858482718467712,
  "uncertainty": 0.34846920620557637
}