{
  "image": "data\\raw\\images\\train\\F_2_9_2903.jpg",
  "box": [
    91.81741333007812,
    5.333770751953125,
    1098.8736572265625,
    943.5928955078125
  ],
  "class": 5,
  "confidence": 0.7348330020904541,
  "uncertainty": 0.25508705612208327
}