{
  "image": "data\\raw\\images\\train\\F_2_7_1963.jpg",
  "box": [
    528.360595703125,
    618.1246948242188,
    643.0640869140625,
    898.6561889648438
  ],
  "class": 3,
  "confidence": 0.5696455240249634,
  "uncertainty": 0.40609393211715467
}