{
  "image": "data\\raw\\images\\train\\F_2_4_278.jpg",
  "box": [
    162.53759765625,
    431.73309326171875,
    334.0783996582031,
    499.16717529296875
  ],
  "class": 2,
  "confidence": 0.2617960274219513,
  "uncertainty": 0.4180530445753313
}