{
  "image": "data\\raw\\images\\train\\F_2_2_256.jpg",
  "box": [
    520.033203125,
    543.7619018554688,
    567.1822509765625,
    604.3445434570312
  ],
  "class": 3,
  "confidence": 0.6118554472923279,
  "uncertainty": 0.3453219549187344
}