{
  "image": "data\\raw\\images\\train\\F_2_9_1409.jpg",
  "box": [
    1271.62158203125,
    453.3908386230469,
    1402.488525390625,
    486.1703796386719
  ],
  "class": 2,
  "confidence": 0.2876105010509491,
  "uncertainty": 0.41684801046769104
}