{
  "image": "data\\raw\\images\\train\\F_2_1_44.jpg",
  "box": [
    728.1666259765625,
    342.4867858886719,
    1032.86767578125,
    638.697021484375
  ],
  "class": 7,
  "confidence": 0.7891134023666382,
  "uncertainty": 0.33207995329147727
}