{
  "image": "data\\raw\\images\\train\\F_2_2_808.jpg",
  "box": [
    715.3075561523438,
    454.3265075683594,
    1197.41845703125,
    885.5174560546875
  ],
  "class": 2,
  "confidence": 0.9280394315719604,
  "uncertainty": 0.16616887227322416
}