{
  "image": "data\\raw\\images\\train\\F_2_1_89.jpg",
  "box": [
    255.4391326904297,
    316.7510986328125,
    550.23095703125,
    623.2767944335938
  ],
  "class": 7,
  "confidence": 0.6192853450775146,
  "uncertainty": 0.32749990620173874
}