{
  "image": "data\\raw\\images\\train\\F_2_1_461.jpg",
  "box": [
    1204.2974853515625,
    172.17214965820312,
    1633.808349609375,
    734.0952758789062
  ],
  "class": 7,
  "confidence": 0.9542282223701477,
  "uncertainty": 0.18861640815856007
}