{
  "image": "data\\raw\\images\\train\\F_2_7_48.jpg",
  "box": [
    225.8616943359375,
    433.2935485839844,
    476.0177307128906,
    720.1302490234375
  ],
  "class": 2,
  "confidence": 0.9134114384651184,
  "uncertainty": 0.12539033413958925
}