{
  "image": "data\\raw\\images\\train\\F_2_9_72.jpg",
  "box": [
    2.2042236328125,
    302.4749755859375,
    1702.359375,
    1068.2972412109375
  ],
  "class": 2,
  "confidence": 0.9089234471321106,
  "uncertainty": 0.0955717279586571
}