{
  "image": "data\\raw\\images\\train\\F_2_11_1203.jpg",
  "box": [
    242.7223663330078,
    205.78656005859375,
    1739.215576171875,
    1068.864501953125
  ],
  "class": 5,
  "confidence": 0.4265681505203247,
  "uncertainty": 0.3861494623060462
}