{
  "image": "data\\raw\\images\\train\\F_2_1_960.jpg",
  "box": [
    1033.3114013671875,
    396.42681884765625,
    1090.953857421875,
    464.77752685546875
  ],
  "class": 2,
  "confidence": 0.4067872166633606,
  "uncertainty": 0.37326310106220667
}