{
  "image": "data\\raw\\images\\train\\F_2_9_1794.jpg",
  "box": [
    1469.5185546875,
    388.9017333984375,
    1918.907470703125,
    666.872314453125
  ],
  "class": 2,
  "confidence": 0.8195879459381104,
  "uncertainty": 0.1745760656679391
}