{
  "image": "data\\raw\\images\\train\\F_2_2_913.jpg",
  "box": [
    759.918212890625,
    324.9456481933594,
    1283.166015625,
    918.9434814453125
  ],
  "class": 7,
  "confidence": 0.9266998767852783,
  "uncertainty": 0.20437163049580048
}