{
  "image": "data\\raw\\images\\train\\F_2_8_1828.jpg",
  "box": [
    1897.2747802734375,
    422.3846740722656,
    1919.2855224609375,
    472.1082458496094
  ],
  "class": 3,
  "confidence": 0.44385018944740295,
  "uncertainty": 0.4101820058550148
}