{
  "image": "data\\raw\\images\\train\\F_2_2_113.jpg",
  "box": [
    1348.53857421875,
    505.81201171875,
    1385.2593994140625,
    595.5179443359375
  ],
  "class": 2,
  "confidence": 0.29171255230903625,
  "uncertainty": 0.4197064241476671
}