{
  "image": "data\\raw\\images\\train\\F_2_9_234.jpg",
  "box": [
    1286.679931640625,
    478.38043212890625,
    1352.420654296875,
    595.8250122070312
  ],
  "class": 2,
  "confidence": 0.3870193064212799,
  "uncertainty": 0.37877321328494323
}