{
  "image": "data\\raw\\images\\train\\F_2_2_1182.jpg",
  "box": [
    1018.89404296875,
    450.4162902832031,
    1529.907958984375,
    882.2227783203125
  ],
  "class": 2,
  "confidence": 0.9196600914001465,
  "uncertainty": 0.13462947634594594
}