{
  "image": "data\\raw\\images\\train\\F_2_3_380.jpg",
  "box": [
    172.45826721191406,
    426.926513671875,
    291.3554992675781,
    567.1728515625
  ],
  "class": 5,
  "confidence": 0.38360974192619324,
  "uncertainty": 0.4574984557063349
}