{
  "image": "data\\raw\\images\\train\\F_2_7_100.jpg",
  "box": [
    996.8441162109375,
    477.1363220214844,
    1124.953125,
    638.5450439453125
  ],
  "class": 2,
  "confidence": 0.2867511212825775,
  "uncertainty": 0.4388467476399439
}