{
  "image": "data\\raw\\images\\train\\F_2_1_810.jpg",
  "box": [
    1304.842041015625,
    503.81231689453125,
    1346.592529296875,
    567.9945068359375
  ],
  "class": 3,
  "confidence": 0.559503972530365,
  "uncertainty": 0.3655864260420722
}