{
  "image": "data\\raw\\images\\train\\F_2_2_274.jpg",
  "box": [
    237.3182373046875,
    639.5524291992188,
    409.59869384765625,
    863.1373901367188
  ],
  "class": 3,
  "confidence": 0.8042762875556946,
  "uncertainty": 0.28358628658356505
}