{
  "image": "data\\raw\\images\\train\\F_2_2_968.jpg",
  "box": [
    0.5057601928710938,
    405.47393798828125,
    282.03656005859375,
    628.1307373046875
  ],
  "class": 2,
  "confidence": 0.4346998333930969,
  "uncertainty": 0.436511686659326
}