{
  "image": "data\\raw\\images\\train\\F_2_1_411.jpg",
  "box": [
    1360.0953369140625,
    466.720458984375,
    1392.900146484375,
    500.14031982421875
  ],
  "class": 2,
  "confidence": 0.25829657912254333,
  "uncertainty": 0.4234178149137975
}