{
  "image": "data\\raw\\images\\train\\F_2_1_1131.jpg",
  "box": [
    1401.6031494140625,
    452.0557861328125,
    1435.701904296875,
    494.25927734375
  ],
  "class": 3,
  "confidence": 0.5239679217338562,
  "uncertainty": 0.38178771118661925
}