{
  "image": "data\\raw\\images\\train\\F_2_1_559.jpg",
  "box": [
    1589.041259765625,
    405.23712158203125,
    1883.56787109375,
    600.027099609375
  ],
  "class": 5,
  "confidence": 0.44271042943000793,
  "uncertainty": 0.4640261651795825
}