{
  "image": "data\\raw\\images\\train\\F_2_1_782.jpg",
  "box": [
    1050.2171630859375,
    451.1952209472656,
    1119.9378662109375,
    507.9859313964844
  ],
  "class": 2,
  "confidence": 0.6663454174995422,
  "uncertainty": 0.20857335687407214
}