{
  "image": "data\\raw\\images\\train\\F_2_1_641.jpg",
  "box": [
    1287.972900390625,
    514.3256225585938,
    1401.307373046875,
    607.8514404296875
  ],
  "class": 2,
  "confidence": 0.8519896864891052,
  "uncertainty": 0.14523436769325732
}