{
  "image": "data\\raw\\images\\train\\F_2_6_950.jpg",
  "box": [
    781.3467407226562,
    396.2923278808594,
    989.1992797851562,
    548.3929443359375
  ],
  "class": 2,
  "confidence": 0.40895453095436096,
  "uncertainty": 0.49099371336796443
}