{
  "image": "data\\raw\\images\\train\\F_2_1_349.jpg",
  "box": [
    1266.736083984375,
    456.5416259765625,
    1303.417236328125,
    495.775634765625
  ],
  "class": 2,
  "confidence": 0.4292386770248413,
  "uncertainty": 0.31899363876122616
}