{
  "image": "data\\raw\\images\\train\\F_2_1_714.jpg",
  "box": [
    705.9810791015625,
    466.3677062988281,
    867.2874755859375,
    667.0443115234375
  ],
  "class": 7,
  "confidence": 0.530501127243042,
  "uncertainty": 0.362263514031357
}