{
  "image": "data\\raw\\images\\train\\F_2_7_334.jpg",
  "box": [
    1631.8699951171875,
    550.87841796875,
    1837.9910888671875,
    830.1732177734375
  ],
  "class": 3,
  "confidence": 0.3884444832801819,
  "uncertainty": 0.4484211753279255
}