{
  "image": "data\\raw\\images\\train\\F_2_1_714.jpg",
  "box": [
    1012.4156494140625,
    552.2601318359375,
    1065.5743408203125,
    628.02783203125
  ],
  "class": 3,
  "confidence": 0.5964786410331726,
  "uncertainty": 0.36021350132560476
}