{
  "image": "data\\raw\\images\\train\\F_2_1_951.jpg",
  "box": [
    400.4989929199219,
    533.8109130859375,
    487.4431457519531,
    702.3326416015625
  ],
  "class": 3,
  "confidence": 0.688849151134491,
  "uncertainty": 0.3251715353213572
}