{
  "image": "data\\raw\\images\\train\\F_2_7_1814.jpg",
  "box": [
    516.6388549804688,
    441.8787841796875,
    1588.7508544921875,
    1067.637939453125
  ],
  "class": 2,
  "confidence": 0.9457473754882812,
  "uncertainty": 0.10083532206472914
}