{
  "image": "data\\raw\\images\\train\\F_2_2_1107.jpg",
  "box": [
    1179.07080078125,
    503.6650085449219,
    1248.8546142578125,
    611.7508544921875
  ],
  "class": 3,
  "confidence": 0.4562697112560272,
  "uncertainty": 0.43359714320582937
}