{
  "image": "data\\raw\\images\\train\\F_2_1_788.jpg",
  "box": [
    1185.2347412109375,
    418.1348876953125,
    1278.234375,
    511.72705078125
  ],
  "class": 7,
  "confidence": 0.580000102519989,
  "uncertainty": 0.343540988099349
}