{
  "image": "data\\raw\\images\\train\\F_2_2_1316.jpg",
  "box": [
    793.0982666015625,
    401.38201904296875,
    930.1014404296875,
    480.83441162109375
  ],
  "class": 2,
  "confidence": 0.4990098476409912,
  "uncertainty": 0.29614239836863854
}