{
  "image": "data\\raw\\images\\train\\F_2_7_759.jpg",
  "box": [
    35.622493743896484,
    512.20654296875,
    96.26258850097656,
    594.4400634765625
  ],
  "class": 3,
  "confidence": 0.3814317286014557,
  "uncertainty": 0.44976052386533205
}