{
  "image": "data\\raw\\images\\train\\F_2_5_4.jpg",
  "box": [
    1574.9853515625,
    510.77618408203125,
    1919.205322265625,
    732.2828979492188
  ],
  "class": 2,
  "confidence": 0.9232245087623596,
  "uncertainty": 0.12415058276763226
}