{
  "image": "data\\raw\\images\\train\\F_2_7_168.jpg",
  "box": [
    694.1775512695312,
    290.05975341796875,
    895.0794067382812,
    456.7612609863281
  ],
  "class": 5,
  "confidence": 0.8031291961669922,
  "uncertainty": 0.26025498985892637
}