{
  "image": "data\\raw\\images\\train\\F_2_7_1310.jpg",
  "box": [
    935.616943359375,
    518.5241088867188,
    1141.4674072265625,
    708.640869140625
  ],
  "class": 2,
  "confidence": 0.9068761467933655,
  "uncertainty": 0.12520080782986434
}