{
  "image": "data\\raw\\images\\train\\F_2_7_1818.jpg",
  "box": [
    562.833984375,
    427.60736083984375,
    884.8639526367188,
    690.1778564453125
  ],
  "class": 7,
  "confidence": 0.823670506477356,
  "uncertainty": 0.341024222802801
}