{
  "image": "data\\raw\\images\\train\\F_2_1_691.jpg",
  "box": [
    1027.41015625,
    550.1449584960938,
    1102.7412109375,
    655.9930419921875
  ],
  "class": 3,
  "confidence": 0.7135686278343201,
  "uncertainty": 0.3306612549051317
}