{
  "image": "data\\raw\\images\\train\\F_2_2_995.jpg",
  "box": [
    676.6027221679688,
    507.9071044921875,
    727.0081787109375,
    575.885498046875
  ],
  "class": 3,
  "confidence": 0.6417537331581116,
  "uncertainty": 0.32066161485666034
}