{
  "image": "data\\raw\\images\\train\\F_2_8_1748.jpg",
  "box": [
    841.6939086914062,
    324.0824279785156,
    941.1853637695312,
    447.3072509765625
  ],
  "class": 2,
  "confidence": 0.2707960903644562,
  "uncertainty": 0.436813273941018
}