{
  "image": "data\\raw\\images\\train\\F_2_10_110.jpg",
  "box": [
    377.7677307128906,
    391.759521484375,
    498.6490173339844,
    522.6951904296875
  ],
  "class": 7,
  "confidence": 0.4810205101966858,
  "uncertainty": 0.37337574281892244
}