{
  "image": "data\\raw\\images\\train\\F_2_1_1136.jpg",
  "box": [
    1778.062744140625,
    475.95849609375,
    1847.202880859375,
    517.9508056640625
  ],
  "class": 2,
  "confidence": 0.5609557628631592,
  "uncertainty": 0.26507522495436986
}