{
  "image": "data\\raw\\images\\train\\F_2_2_894.jpg",
  "box": [
    593.2747192382812,
    517.1695556640625,
    633.635009765625,
    594.4979248046875
  ],
  "class": 3,
  "confidence": 0.5542593598365784,
  "uncertainty": 0.37634915708534256
}