{
  "image": "data\\raw\\images\\train\\F_2_8_789.jpg",
  "box": [
    1592.488037109375,
    496.26800537109375,
    1665.787353515625,
    547.38671875
  ],
  "class": 2,
  "confidence": 0.7587016820907593,
  "uncertainty": 0.19204331861736962
}