{
  "image": "data\\raw\\images\\train\\F_2_2_759.jpg",
  "box": [
    1559.684326171875,
    482.3074951171875,
    1652.80810546875,
    559.7052612304688
  ],
  "class": 2,
  "confidence": 0.6548600792884827,
  "uncertainty": 0.22769163151874294
}