{
  "image": "data\\raw\\images\\train\\F_2_2_1054.jpg",
  "box": [
    898.8078002929688,
    433.46563720703125,
    1011.6472778320312,
    459.99163818359375
  ],
  "class": 2,
  "confidence": 0.2560575008392334,
  "uncertainty": 0.40835935298625076
}