{
  "image": "data\\raw\\images\\train\\F_2_6_229.jpg",
  "box": [
    1378.1048583984375,
    489.94134521484375,
    1492.8310546875,
    623.5805053710938
  ],
  "class": 2,
  "confidence": 0.6649144291877747,
  "uncertainty": 0.2287299308839214
}