{
  "image": "data\\raw\\images\\train\\F_2_1_821.jpg",
  "box": [
    427.5286560058594,
    457.4716796875,
    471.1202087402344,
    510.300048828125
  ],
  "class": 2,
  "confidence": 0.3785833716392517,
  "uncertainty": 0.3398251491114023
}