{
  "image": "data\\raw\\images\\train\\F_2_2_1080.jpg",
  "box": [
    574.0918579101562,
    459.40667724609375,
    1355.535888671875,
    1067.853515625
  ],
  "class": 2,
  "confidence": 0.9486739039421082,
  "uncertainty": 0.09210368406993555
}