{
  "image": "data\\raw\\images\\train\\F_2_5_195.jpg",
  "box": [
    619.0634765625,
    516.8682861328125,
    692.6964111328125,
    657.6273193359375
  ],
  "class": 3,
  "confidence": 0.5793562531471252,
  "uncertainty": 0.3597694736546475
}