{
  "image": "data\\raw\\images\\train\\F_2_7_443.jpg",
  "box": [
    393.6772155761719,
    404.5836181640625,
    661.237548828125,
    776.4863891601562
  ],
  "class": 2,
  "confidence": 0.6147018671035767,
  "uncertainty": 0.2446726857755574
}