{
  "image": "data\\raw\\images\\train\\F_2_4_888.jpg",
  "box": [
    231.4082794189453,
    533.4285888671875,
    265.93572998046875,
    593.066650390625
  ],
  "class": 3,
  "confidence": 0.3318501114845276,
  "uncertainty": 0.45004039540860635
}