{
  "image": "data\\raw\\images\\train\\F_2_9_1377.jpg",
  "box": [
    567.7750244140625,
    419.76947021484375,
    690.231689453125,
    613.1202392578125
  ],
  "class": 2,
  "confidence": 0.8652039170265198,
  "uncertainty": 0.1500977076726423
}