{
  "image": "data\\raw\\images\\train\\F_2_2_1672.jpg",
  "box": [
    28.5501708984375,
    646.5975341796875,
    207.39990234375,
    880.30859375
  ],
  "class": 3,
  "confidence": 0.6774832010269165,
  "uncertainty": 0.324078417979368
}