{
  "image": "data\\raw\\images\\train\\F_2_1_714.jpg",
  "box": [
    0.29160118103027344,
    459.6752014160156,
    73.10372161865234,
    834.7705078125
  ],
  "class": 7,
  "confidence": 0.32281967997550964,
  "uncertainty": 0.49487619706317726
}