{
  "image": "data\\raw\\images\\train\\F_2_11_370.jpg",
  "box": [
    736.0675048828125,
    459.9478454589844,
    766.41943359375,
    512.695068359375
  ],
  "class": 3,
  "confidence": 0.29135778546333313,
  "uncertainty": 0.46335723700947673
}