{
  "image": "data\\raw\\images\\train\\F_2_2_274.jpg",
  "box": [
    1676.6920166015625,
    494.6311340332031,
    1789.4337158203125,
    581.8218994140625
  ],
  "class": 2,
  "confidence": 0.8068888783454895,
  "uncertainty": 0.24875658671685563
}