{
  "image": "data\\raw\\images\\train\\F_2_2_765.jpg",
  "box": [
    311.313232421875,
    511.856689453125,
    1540.287109375,
    1067.605224609375
  ],
  "class": 2,
  "confidence": 0.9496034383773804,
  "uncertainty": 0.11314391140773576
}