{
  "image": "data\\raw\\images\\train\\F_2_7_453.jpg",
  "box": [
    642.1784057617188,
    721.24560546875,
    949.62890625,
    1070.3555908203125
  ],
  "class": 3,
  "confidence": 0.5965600609779358,
  "uncertainty": 0.4907586238019728
}