{
  "image": "data\\raw\\images\\train\\F_2_1_133.jpg",
  "box": [
    1099.4775390625,
    496.8780212402344,
    1150.2255859375,
    588.9288940429688
  ],
  "class": 2,
  "confidence": 0.2860642373561859,
  "uncertainty": 0.41570703438604306
}