{
  "image": "data\\raw\\images\\train\\F_2_3_197.jpg",
  "box": [
    0.44153594970703125,
    847.1744384765625,
    56.40713882446289,
    1075.109619140625
  ],
  "class": 2,
  "confidence": 0.7130318880081177,
  "uncertainty": 0.24761496562351243
}