{
  "image": "data\\raw\\images\\train\\F_2_2_1002.jpg",
  "box": [
    418.626708984375,
    434.1435241699219,
    930.2913208007812,
    864.8782958984375
  ],
  "class": 2,
  "confidence": 0.8942013382911682,
  "uncertainty": 0.08689231783288551
}