{
  "image": "data\\raw\\images\\train\\F_2_8_1888.jpg",
  "box": [
    1329.724365234375,
    499.47967529296875,
    1499.8150634765625,
    709.7195434570312
  ],
  "class": 3,
  "confidence": 0.7254778742790222,
  "uncertainty": 0.33872071462252307
}