{
  "image": "data\\raw\\images\\train\\F_2_9_291.jpg",
  "box": [
    351.580078125,
    718.92333984375,
    533.08056640625,
    944.0379638671875
  ],
  "class": 3,
  "confidence": 0.6925605535507202,
  "uncertainty": 0.33927607274460064
}