{
  "image": "data\\raw\\images\\train\\F_2_2_761.jpg",
  "box": [
    1490.30419921875,
    458.2537536621094,
    1584.8551025390625,
    553.5225219726562
  ],
  "class": 2,
  "confidence": 0.2540718913078308,
  "uncertainty": 0.4010984804776082
}