{
  "image": "data\\raw\\images\\train\\F_2_7_2277.jpg",
  "box": [
    221.54598999023438,
    107.53472900390625,
    1240.56103515625,
    774.2431640625
  ],
  "class": 5,
  "confidence": 0.9549316167831421,
  "uncertainty": 0.23851876740778422
}