{
  "image": "data\\raw\\images\\train\\F_2_2_800.jpg",
  "box": [
    0.7736778259277344,
    559.5081787109375,
    83.7048568725586,
    688.975830078125
  ],
  "class": 3,
  "confidence": 0.7481721639633179,
  "uncertainty": 0.3176664267448957
}