{
  "image": "data\\raw\\images\\train\\F_2_1_365.jpg",
  "box": [
    478.3634033203125,
    531.80078125,
    514.6915283203125,
    575.92041015625
  ],
  "class": 3,
  "confidence": 0.6215909123420715,
  "uncertainty": 0.3275212919672443
}