{
  "image": "data\\raw\\images\\train\\F_2_3_88.jpg",
  "box": [
    1668.73291015625,
    499.2315673828125,
    1919.1572265625,
    875.2505493164062
  ],
  "class": 2,
  "confidence": 0.9221139550209045,
  "uncertainty": 0.12498309862777437
}