{
  "image": "data\\raw\\images\\train\\F_2_7_1688.jpg",
  "box": [
    704.4256591796875,
    397.47698974609375,
    802.75830078125,
    502.696533203125
  ],
  "class": 2,
  "confidence": 0.5932555794715881,
  "uncertainty": 0.291755263292491
}