{
  "image": "data\\raw\\images\\train\\F_2_11_501.jpg",
  "box": [
    797.7145385742188,
    385.0227355957031,
    882.5282592773438,
    492.7061462402344
  ],
  "class": 7,
  "confidence": 0.2618146240711212,
  "uncertainty": 0.46865313043634144
}