{
  "image": "data\\raw\\images\\train\\F_2_2_790.jpg",
  "box": [
    1426.002197265625,
    501.5338439941406,
    1503.4052734375,
    556.9578857421875
  ],
  "class": 2,
  "confidence": 0.34949588775634766,
  "uncertainty": 0.3805906873522964
}