{
  "image": "data\\raw\\images\\train\\F_2_1_691.jpg",
  "box": [
    1214.0548095703125,
    485.6340637207031,
    1245.0648193359375,
    538.284912109375
  ],
  "class": 2,
  "confidence": 0.3667031228542328,
  "uncertainty": 0.35759406199724214
}