{
  "image": "data\\raw\\images\\train\\F_2_11_550.jpg",
  "box": [
    711.9765014648438,
    502.124267578125,
    756.2294311523438,
    560.0095825195312
  ],
  "class": 3,
  "confidence": 0.6018393039703369,
  "uncertainty": 0.3578767588149649
}