{
  "image": "data\\raw\\images\\train\\F_2_1_695.jpg",
  "box": [
    872.1876220703125,
    578.2111206054688,
    945.171875,
    686.3705444335938
  ],
  "class": 3,
  "confidence": 0.7652974724769592,
  "uncertainty": 0.2810748807326231
}