{
  "image": "data\\raw\\images\\train\\F_2_8_886.jpg",
  "box": [
    0.23404312133789062,
    527.3665771484375,
    95.04757690429688,
    633.8681640625
  ],
  "class": 3,
  "confidence": 0.6122757196426392,
  "uncertainty": 0.3558942244406519
}