{
  "image": "data\\raw\\images\\train\\F_2_10_153.jpg",
  "box": [
    823.469970703125,
    420.6501159667969,
    923.1780395507812,
    549.2110595703125
  ],
  "class": 7,
  "confidence": 0.7255101799964905,
  "uncertainty": 0.28228018426043894
}