{
  "image": "data\\raw\\images\\train\\F_2_1_702.jpg",
  "box": [
    427.50067138671875,
    459.30975341796875,
    510.3179931640625,
    517.3094482421875
  ],
  "class": 2,
  "confidence": 0.7507938742637634,
  "uncertainty": 0.18222695025318647
}