{
  "image": "data\\raw\\images\\train\\F_2_8_837.jpg",
  "box": [
    727.0443115234375,
    525.8612060546875,
    812.6102294921875,
    630.7860107421875
  ],
  "class": 3,
  "confidence": 0.7070496082305908,
  "uncertainty": 0.3415487912618653
}