{
  "image": "data\\raw\\images\\train\\F_2_6_229.jpg",
  "box": [
    550.8115234375,
    534.5458984375,
    618.178466796875,
    648.5465087890625
  ],
  "class": 3,
  "confidence": 0.5555343627929688,
  "uncertainty": 0.4115790927223352
}