{
  "image": "data\\raw\\images\\train\\F_2_7_142.jpg",
  "box": [
    534.792236328125,
    446.8981018066406,
    735.1906127929688,
    585.1077880859375
  ],
  "class": 2,
  "confidence": 0.3436286151409149,
  "uncertainty": 0.39897590451435977
}