{
  "image": "data\\raw\\images\\train\\F_2_2_446.jpg",
  "box": [
    957.494384765625,
    447.91375732421875,
    1270.037109375,
    709.4888916015625
  ],
  "class": 2,
  "confidence": 0.9112511277198792,
  "uncertainty": 0.134889680172674
}