{
  "image": "data\\raw\\images\\train\\F_2_6_262.jpg",
  "box": [
    706.388916015625,
    116.83639526367188,
    1254.658935546875,
    773.5648193359375
  ],
  "class": 5,
  "confidence": 0.8179949522018433,
  "uncertainty": 0.3049585811556608
}