{
  "image": "data\\raw\\images\\train\\F_2_3_236.jpg",
  "box": [
    255.87158203125,
    702.7175903320312,
    447.8306579589844,
    1036.0224609375
  ],
  "class": 3,
  "confidence": 0.7428507804870605,
  "uncertainty": 0.36114056356692054
}