{
  "image": "data\\raw\\images\\train\\F_2_3_94.jpg",
  "box": [
    447.35357666015625,
    647.2401123046875,
    663.229248046875,
    954.906005859375
  ],
  "class": 3,
  "confidence": 0.5245913863182068,
  "uncertainty": 0.41401709153447047
}