{
  "image": "data\\raw\\images\\train\\F_2_1_810.jpg",
  "box": [
    1390.3800048828125,
    498.77435302734375,
    1419.85205078125,
    553.37841796875
  ],
  "class": 3,
  "confidence": 0.48237696290016174,
  "uncertainty": 0.37495273325067613
}