{
  "image": "data\\raw\\images\\train\\F_2_1_328.jpg",
  "box": [
    84.15127563476562,
    421.1434020996094,
    392.1644287109375,
    756.5040283203125
  ],
  "class": 7,
  "confidence": 0.7731404304504395,
  "uncertainty": 0.27331945312367595
}