{
  "image": "data\\raw\\images\\train\\F_2_1_943.jpg",
  "box": [
    0.0,
    522.4039306640625,
    16.63116455078125,
    583.6400756835938
  ],
  "class": 3,
  "confidence": 0.5261532664299011,
  "uncertainty": 0.4476916891793954
}