{
  "image": "data\\raw\\images\\train\\F_2_9_341.jpg",
  "box": [
    1801.1539306640625,
    468.5025329589844,
    1919.2470703125,
    567.8035888671875
  ],
  "class": 2,
  "confidence": 0.8475785851478577,
  "uncertainty": 0.134474506470396
}