{
  "image": "data\\raw\\images\\train\\F_2_2_179.jpg",
  "box": [
    0.8996200561523438,
    429.7001953125,
    363.29693603515625,
    1053.1298828125
  ],
  "class": 7,
  "confidence": 0.8383814692497253,
  "uncertainty": 0.239851452895048
}