{
  "image": "data\\raw\\images\\train\\F_2_2_798.jpg",
  "box": [
    759.302001953125,
    417.78497314453125,
    939.3626708984375,
    637.5155639648438
  ],
  "class": 7,
  "confidence": 0.4547199308872223,
  "uncertainty": 0.4343049042741127
}