{
  "image": "data\\raw\\images\\train\\F_2_8_1748.jpg",
  "box": [
    1111.35107421875,
    334.4890441894531,
    1145.1572265625,
    383.851318359375
  ],
  "class": 3,
  "confidence": 0.6306740641593933,
  "uncertainty": 0.3423218998688862
}