{
  "image": "data\\raw\\images\\train\\F_2_9_339.jpg",
  "box": [
    520.0535888671875,
    520.7521362304688,
    640.8729858398438,
    601.529296875
  ],
  "class": 3,
  "confidence": 0.3695732355117798,
  "uncertainty": 0.44140879051128096
}