{
  "image": "data\\raw\\images\\train\\F_2_9_2573.jpg",
  "box": [
    1318.67236328125,
    361.282470703125,
    1578.7239990234375,
    609.615966796875
  ],
  "class": 5,
  "confidence": 0.8945949673652649,
  "uncertainty": 0.24150777067054613
}