{
  "image": "data\\raw\\images\\train\\F_2_1_251.jpg",
  "box": [
    622.36767578125,
    458.16387939453125,
    819.17724609375,
    546.00537109375
  ],
  "class": 2,
  "confidence": 0.8655375242233276,
  "uncertainty": 0.1574968596710983
}