{
  "image": "data\\raw\\images\\train\\F_2_1_44.jpg",
  "box": [
    404.86676025390625,
    610.8521118164062,
    469.484130859375,
    720.6809692382812
  ],
  "class": 3,
  "confidence": 0.6540582180023193,
  "uncertainty": 0.3568951128361328
}