{
  "image": "data\\raw\\images\\train\\F_2_9_2202.jpg",
  "box": [
    1134.88427734375,
    494.55450439453125,
    1224.572265625,
    569.364501953125
  ],
  "class": 2,
  "confidence": 0.3626164495944977,
  "uncertainty": 0.38941738959941063
}