{
  "image": "data\\raw\\images\\train\\F_2_1_140.jpg",
  "box": [
    936.8032836914062,
    415.1012878417969,
    1082.513427734375,
    584.5406494140625
  ],
  "class": 7,
  "confidence": 0.7128010988235474,
  "uncertainty": 0.36854137039158225
}