{
  "image": "data\\raw\\images\\train\\F_2_8_925.jpg",
  "box": [
    907.033447265625,
    542.1248779296875,
    962.0621337890625,
    622.2337646484375
  ],
  "class": 3,
  "confidence": 0.4727937877178192,
  "uncertainty": 0.39244410133704827
}