{
  "image": "data\\raw\\images\\train\\F_2_6_1164.jpg",
  "box": [
    382.2080383300781,
    413.89910888671875,
    634.8504638671875,
    639.9461059570312
  ],
  "class": 2,
  "confidence": 0.911229133605957,
  "uncertainty": 0.1333562927410774
}