{
  "image": "data\\raw\\images\\train\\F_2_2_1674.jpg",
  "box": [
    906.514892578125,
    430.67633056640625,
    1406.6689453125,
    867.583251953125
  ],
  "class": 2,
  "confidence": 0.9242982864379883,
  "uncertainty": 0.13238161561236278
}