{
  "image": "data\\raw\\images\\train\\F_2_6_1604.jpg",
  "box": [
    1042.7625732421875,
    640.609375,
    1160.8267822265625,
    835.1243896484375
  ],
  "class": 3,
  "confidence": 0.6236168742179871,
  "uncertainty": 0.39521355853948376
}