{
  "image": "data\\raw\\images\\train\\F_2_9_2975.jpg",
  "box": [
    897.3297729492188,
    417.50115966796875,
    1033.80419921875,
    543.3484497070312
  ],
  "class": 2,
  "confidence": 0.6993719339370728,
  "uncertainty": 0.2009953707364947
}