{
  "image": "data\\raw\\images\\train\\F_2_2_256.jpg",
  "box": [
    1143.951904296875,
    422.7821044921875,
    1342.867919921875,
    644.7059326171875
  ],
  "class": 7,
  "confidence": 0.6933732032775879,
  "uncertainty": 0.30701799222865067
}