{
  "image": "data\\raw\\images\\train\\F_2_9_2140.jpg",
  "box": [
    322.9256286621094,
    434.94580078125,
    408.5111389160156,
    498.234375
  ],
  "class": 2,
  "confidence": 0.45606908202171326,
  "uncertainty": 0.37990230471981207
}