{
  "image": "data\\raw\\images\\train\\F_2_8_812.jpg",
  "box": [
    1363.6116943359375,
    547.9970703125,
    1552.516357421875,
    761.6461181640625
  ],
  "class": 3,
  "confidence": 0.5599119067192078,
  "uncertainty": 0.39792661214948893
}