{
  "image": "data\\raw\\images\\train\\F_2_9_1136.jpg",
  "box": [
    853.9742431640625,
    347.0199279785156,
    969.7560424804688,
    403.1974182128906
  ],
  "class": 2,
  "confidence": 0.5509389042854309,
  "uncertainty": 0.3443687869878158
}