{
  "image": "data\\raw\\images\\train\\F_2_2_1474.jpg",
  "box": [
    881.48828125,
    468.7986145019531,
    1064.867919921875,
    718.781005859375
  ],
  "class": 2,
  "confidence": 0.8522870540618896,
  "uncertainty": 0.20213224852498643
}