{
  "image": "data\\raw\\images\\train\\F_2_7_182.jpg",
  "box": [
    1215.608642578125,
    367.7414245605469,
    1687.1370849609375,
    515.8095703125
  ],
  "class": 2,
  "confidence": 0.4818524122238159,
  "uncertainty": 0.2680622044624632
}