{
  "image": "data\\raw\\images\\train\\F_2_8_400.jpg",
  "box": [
    382.0304260253906,
    488.09796142578125,
    821.6324462890625,
    1007.6513671875
  ],
  "class": 2,
  "confidence": 0.53107088804245,
  "uncertainty": 0.29901398542753654
}