{
  "image": "data\\raw\\images\\train\\F_2_2_35.jpg",
  "box": [
    1681.341064453125,
    515.2091674804688,
    1894.3037109375,
    685.3319091796875
  ],
  "class": 2,
  "confidence": 0.4613490402698517,
  "uncertainty": 0.29962661845362193
}