{
  "image": "data\\raw\\images\\train\\F_2_7_92.jpg",
  "box": [
    1185.843017578125,
    368.36773681640625,
    1685.9736328125,
    997.1063232421875
  ],
  "class": 7,
  "confidence": 0.7734255194664001,
  "uncertainty": 0.2707904840533519
}