{
  "image": "data\\raw\\images\\train\\F_2_3_191.jpg",
  "box": [
    364.2860107421875,
    451.0256652832031,
    545.3740234375,
    595.3741455078125
  ],
  "class": 5,
  "confidence": 0.3500431180000305,
  "uncertainty": 0.45743603625820956
}