{
  "image": "data\\raw\\images\\train\\F_2_1_675.jpg",
  "box": [
    1722.39697265625,
    500.2775573730469,
    1764.147216796875,
    534.974365234375
  ],
  "class": 2,
  "confidence": 0.5613230466842651,
  "uncertainty": 0.25561120837576523
}