{
  "image": "data\\raw\\images\\train\\F_2_8_1931.jpg",
  "box": [
    0.21106338500976562,
    620.035888671875,
    108.14854431152344,
    957.5955810546875
  ],
  "class": 2,
  "confidence": 0.7091700434684753,
  "uncertainty": 0.2316464092189469
}