{
  "image": "data\\raw\\images\\train\\F_2_4_606.jpg",
  "box": [
    984.8190307617188,
    486.4862365722656,
    1484.821533203125,
    884.46142578125
  ],
  "class": 2,
  "confidence": 0.5725304484367371,
  "uncertainty": 0.3094237673950598
}