{
  "image": "data\\raw\\images\\train\\F_2_1_875.jpg",
  "box": [
    1852.7069091796875,
    500.4239501953125,
    1887.4068603515625,
    554.221435546875
  ],
  "class": 3,
  "confidence": 0.49942898750305176,
  "uncertainty": 0.366838058624589
}