{
  "image": "data\\raw\\images\\train\\F_2_9_434.jpg",
  "box": [
    474.4119873046875,
    461.945068359375,
    718.7733154296875,
    627.8800048828125
  ],
  "class": 2,
  "confidence": 0.6642725467681885,
  "uncertainty": 0.2538315350223653
}