{
  "image": "data\\raw\\images\\train\\F_2_1_484.jpg",
  "box": [
    1227.222412109375,
    452.7210388183594,
    1315.8013916015625,
    517.9356689453125
  ],
  "class": 2,
  "confidence": 0.816577672958374,
  "uncertainty": 0.15832078276770348
}