{
  "image": "data\\raw\\images\\train\\F_2_3_362.jpg",
  "box": [
    646.5535278320312,
    458.92193603515625,
    1451.971435546875,
    1066.9134521484375
  ],
  "class": 2,
  "confidence": 0.8968427777290344,
  "uncertainty": 0.12237758299584955
}