{
  "image": "data\\raw\\images\\train\\F_2_10_479.jpg",
  "box": [
    685.7056884765625,
    425.3018798828125,
    1538.416748046875,
    1066.269775390625
  ],
  "class": 2,
  "confidence": 0.9376225471496582,
  "uncertainty": 0.10147493721485748
}