{
  "image": "data\\raw\\images\\train\\F_2_3_94.jpg",
  "box": [
    1834.729248046875,
    475.007080078125,
    1919.1357421875,
    769.0332641601562
  ],
  "class": 2,
  "confidence": 0.5357073545455933,
  "uncertainty": 0.3632332725741653
}