{
  "image": "data\\raw\\images\\train\\F_2_2_1473.jpg",
  "box": [
    1270.212646484375,
    392.28021240234375,
    1362.490966796875,
    719.706787109375
  ],
  "class": 2,
  "confidence": 0.34769564867019653,
  "uncertainty": 0.4118809519515559
}