{
  "image": "data\\raw\\images\\train\\F_2_4_596.jpg",
  "box": [
    794.5198974609375,
    227.91824340820312,
    1242.306396484375,
    574.0130615234375
  ],
  "class": 5,
  "confidence": 0.8745162487030029,
  "uncertainty": 0.2554462410845323
}