{
  "image": "data\\raw\\images\\train\\F_2_3_177.jpg",
  "box": [
    1104.687744140625,
    470.590576171875,
    1202.5133056640625,
    602.4054565429688
  ],
  "class": 2,
  "confidence": 0.8194925785064697,
  "uncertainty": 0.17005309175294808
}