{
  "image": "data\\raw\\images\\train\\F_2_2_837.jpg",
  "box": [
    663.0280151367188,
    635.3275756835938,
    810.1536254882812,
    870.50537109375
  ],
  "class": 3,
  "confidence": 0.7998464703559875,
  "uncertainty": 0.3035333775145925
}