{
  "image": "data\\raw\\images\\train\\F_2_6_567.jpg",
  "box": [
    890.393310546875,
    294.7230529785156,
    1121.028564453125,
    598.2540893554688
  ],
  "class": 7,
  "confidence": 0.7184879183769226,
  "uncertainty": 0.3371260295936517
}