{
  "image": "data\\raw\\images\\train\\F_2_1_622.jpg",
  "box": [
    491.2247314453125,
    562.1632080078125,
    568.775390625,
    657.1551513671875
  ],
  "class": 3,
  "confidence": 0.615597128868103,
  "uncertainty": 0.3623211532812665
}