{
  "image": "data\\raw\\images\\train\\F_2_7_382.jpg",
  "box": [
    1124.8441162109375,
    628.0364990234375,
    1257.2015380859375,
    811.753173828125
  ],
  "class": 3,
  "confidence": 0.7742131352424622,
  "uncertainty": 0.29131727895209486
}