{
  "image": "data\\raw\\images\\train\\F_2_1_620.jpg",
  "box": [
    1273.583251953125,
    461.20758056640625,
    1370.437744140625,
    581.3877563476562
  ],
  "class": 7,
  "confidence": 0.31799042224884033,
  "uncertainty": 0.4609857101813985
}