{
  "image": "data\\raw\\images\\train\\F_2_8_1733.jpg",
  "box": [
    842.0499267578125,
    467.657470703125,
    873.2213134765625,
    506.7060546875
  ],
  "class": 3,
  "confidence": 0.3335852324962616,
  "uncertainty": 0.46113060290567504
}