{
  "image": "data\\raw\\images\\train\\F_2_3_321.jpg",
  "box": [
    402.5519714355469,
    553.1976318359375,
    482.2226257324219,
    678.6962890625
  ],
  "class": 3,
  "confidence": 0.5685632228851318,
  "uncertainty": 0.38543205902450456
}