{
  "image": "data\\raw\\images\\train\\F_2_7_92.jpg",
  "box": [
    464.9380187988281,
    453.0384521484375,
    972.1456298828125,
    917.5888671875
  ],
  "class": 2,
  "confidence": 0.9037145972251892,
  "uncertainty": 0.1932666483277537
}