{
  "image": "data\\raw\\images\\train\\F_2_7_856.jpg",
  "box": [
    683.243896484375,
    623.3446655273438,
    745.457275390625,
    701.916748046875
  ],
  "class": 3,
  "confidence": 0.6297846436500549,
  "uncertainty": 0.3513515773326544
}