{
  "image": "data\\raw\\images\\train\\F_2_1_337.jpg",
  "box": [
    1292.166015625,
    432.8553771972656,
    1421.870849609375,
    543.6919555664062
  ],
  "class": 2,
  "confidence": 0.8445834517478943,
  "uncertainty": 0.1452633969065472
}