{
  "image": "data\\raw\\images\\train\\F_2_9_2834.jpg",
  "box": [
    647.2710571289062,
    440.9682312011719,
    737.1268310546875,
    548.9869384765625
  ],
  "class": 7,
  "confidence": 0.4122428596019745,
  "uncertainty": 0.4130826912922264
}