{
  "image": "data\\raw\\images\\train\\F_2_8_1036.jpg",
  "box": [
    1275.626708984375,
    444.6596374511719,
    1823.901611328125,
    847.343017578125
  ],
  "class": 2,
  "confidence": 0.7753135561943054,
  "uncertainty": 0.18971700022237267
}