{
  "image": "data\\raw\\images\\train\\F_2_11_373.jpg",
  "box": [
    484.3550720214844,
    439.7632141113281,
    524.50146484375,
    495.5490417480469
  ],
  "class": 3,
  "confidence": 0.5182292461395264,
  "uncertainty": 0.39116665525789296
}