{
  "image": "data\\raw\\images\\train\\F_2_3_464.jpg",
  "box": [
    414.3371887207031,
    491.15625,
    578.1795654296875,
    722.953125
  ],
  "class": 2,
  "confidence": 0.3565565049648285,
  "uncertainty": 0.4159856779385252
}