{
  "image": "data\\raw\\images\\train\\F_2_6_977.jpg",
  "box": [
    0.38820648193359375,
    597.340087890625,
    105.42544555664062,
    829.0458984375
  ],
  "class": 2,
  "confidence": 0.8223970532417297,
  "uncertainty": 0.16945656101165385
}