{
  "image": "data\\raw\\images\\train\\F_2_2_1714.jpg",
  "box": [
    1052.2357177734375,
    468.9385986328125,
    1203.4969482421875,
    627.34521484375
  ],
  "class": 2,
  "confidence": 0.859291136264801,
  "uncertainty": 0.17015802496943902
}