{
  "image": "data\\raw\\images\\train\\F_2_7_334.jpg",
  "box": [
    1658.21533203125,
    621.3651123046875,
    1832.777587890625,
    831.3030395507812
  ],
  "class": 3,
  "confidence": 0.6575794219970703,
  "uncertainty": 0.3481771863272302
}