{
  "image": "data\\raw\\images\\train\\F_2_1_354.jpg",
  "box": [
    1439.1942138671875,
    470.45306396484375,
    1642.970947265625,
    665.8533325195312
  ],
  "class": 2,
  "confidence": 0.7178350687026978,
  "uncertainty": 0.24024878065345381
}