{
  "image": "data\\raw\\images\\train\\F_2_6_36.jpg",
  "box": [
    1610.02734375,
    520.753662109375,
    1676.537841796875,
    626.6805419921875
  ],
  "class": 3,
  "confidence": 0.6822285652160645,
  "uncertainty": 0.3527285085835891
}