{
  "image": "data\\raw\\images\\train\\F_2_1_682.jpg",
  "box": [
    1751.10205078125,
    463.1012878417969,
    1810.891845703125,
    522.3671264648438
  ],
  "class": 2,
  "confidence": 0.5122472643852234,
  "uncertainty": 0.2790610629618562
}