{
  "image": "data\\raw\\images\\train\\F_2_2_35.jpg",
  "box": [
    386.3361511230469,
    547.7386474609375,
    415.4418640136719,
    598.6880493164062
  ],
  "class": 3,
  "confidence": 0.41821977496147156,
  "uncertainty": 0.4111392250968083
}