{
  "image": "data\\raw\\images\\train\\F_2_6_471.jpg",
  "box": [
    912.8909912109375,
    488.564697265625,
    975.9561767578125,
    584.5796508789062
  ],
  "class": 2,
  "confidence": 0.7474780678749084,
  "uncertainty": 0.24781802006556047
}