{
  "image": "data\\raw\\images\\train\\F_2_1_261.jpg",
  "box": [
    1.423919677734375,
    322.3288879394531,
    453.0925598144531,
    1065.076904296875
  ],
  "class": 7,
  "confidence": 0.8574625253677368,
  "uncertainty": 0.21723391053734892
}