{
  "image": "data\\raw\\images\\train\\F_2_1_44.jpg",
  "box": [
    654.3811645507812,
    510.05877685546875,
    999.312744140625,
    810.6923217773438
  ],
  "class": 2,
  "confidence": 0.9115109443664551,
  "uncertainty": 0.13654278480483534
}