{
  "image": "data\\raw\\images\\train\\F_2_1_551.jpg",
  "box": [
    1201.882568359375,
    434.0511474609375,
    1250.6517333984375,
    492.5307312011719
  ],
  "class": 2,
  "confidence": 0.3239798843860626,
  "uncertainty": 0.35109561211121393
}