{
  "image": "data\\raw\\images\\train\\F_2_3_14.jpg",
  "box": [
    854.99267578125,
    558.370849609375,
    1112.8128662109375,
    987.8798217773438
  ],
  "class": 3,
  "confidence": 0.6196627616882324,
  "uncertainty": 0.37960554012392317
}