{
  "image": "data\\raw\\images\\train\\F_2_9_3023.jpg",
  "box": [
    1362.47802734375,
    454.3985595703125,
    1473.2138671875,
    550.2364501953125
  ],
  "class": 2,
  "confidence": 0.8280149698257446,
  "uncertainty": 0.1574597488981765
}