{
  "image": "data\\raw\\images\\train\\F_2_9_1916.jpg",
  "box": [
    1523.410400390625,
    476.5736389160156,
    1642.6201171875,
    541.333984375
  ],
  "class": 2,
  "confidence": 0.3265605866909027,
  "uncertainty": 0.4156735522412183
}