{
  "image": "data\\raw\\images\\train\\F_2_2_1089.jpg",
  "box": [
    92.3594970703125,
    504.11962890625,
    928.4520263671875,
    1068.06103515625
  ],
  "class": 2,
  "confidence": 0.937763512134552,
  "uncertainty": 0.1142213866255826
}