{
  "image": "data\\raw\\images\\train\\F_2_3_165.jpg",
  "box": [
    1.3657379150390625,
    4.0374755859375,
    618.171630859375,
    958.7418823242188
  ],
  "class": 5,
  "confidence": 0.9547620415687561,
  "uncertainty": 0.17460032792742278
}