{
  "image": "data\\raw\\images\\train\\F_2_2_962.jpg",
  "box": [
    938.1502075195312,
    542.422607421875,
    1002.0433959960938,
    594.5076293945312
  ],
  "class": 2,
  "confidence": 0.681903064250946,
  "uncertainty": 0.18810517760843773
}