{
  "image": "data\\raw\\images\\train\\F_2_1_174.jpg",
  "box": [
    0.5109329223632812,
    693.833251953125,
    88.89471435546875,
    883.1643676757812
  ],
  "class": 3,
  "confidence": 0.45838966965675354,
  "uncertainty": 0.4076572835114962
}