{
  "image": "data\\raw\\images\\train\\F_2_1_214.jpg",
  "box": [
    698.065673828125,
    372.3540344238281,
    833.1982421875,
    489.8500671386719
  ],
  "class": 7,
  "confidence": 0.3001116216182709,
  "uncertainty": 0.44617130895056867
}