{
  "image": "data\\raw\\images\\train\\F_2_1_31.jpg",
  "box": [
    333.7130126953125,
    429.6074523925781,
    467.0034484863281,
    565.530517578125
  ],
  "class": 7,
  "confidence": 0.8292225003242493,
  "uncertainty": 0.24219323973539292
}