{
  "image": "data\\raw\\images\\train\\F_2_2_129.jpg",
  "box": [
    1354.488525390625,
    460.8749084472656,
    1412.569580078125,
    511.0086364746094
  ],
  "class": 2,
  "confidence": 0.2516600787639618,
  "uncertainty": 0.4510719331913321
}