{
  "image": "data\\raw\\images\\train\\F_2_3_191.jpg",
  "box": [
    1226.2049560546875,
    358.4876403808594,
    1550.7626953125,
    733.170166015625
  ],
  "class": 7,
  "confidence": 0.9064958095550537,
  "uncertainty": 0.24209955262272614
}