{
  "image": "data\\raw\\images\\train\\F_2_6_1735.jpg",
  "box": [
    0.7689056396484375,
    205.29922485351562,
    548.3916015625,
    978.142578125
  ],
  "class": 7,
  "confidence": 0.9273426532745361,
  "uncertainty": 0.196984203265675
}