{
  "image": "data\\raw\\images\\train\\F_2_2_793.jpg",
  "box": [
    1826.2481689453125,
    532.3771362304688,
    1898.8707275390625,
    653.86572265625
  ],
  "class": 2,
  "confidence": 0.30362290143966675,
  "uncertainty": 0.36667833642134134
}