{
  "image": "data\\raw\\images\\train\\F_2_2_1440.jpg",
  "box": [
    1442.6279296875,
    540.98095703125,
    1588.118408203125,
    738.597900390625
  ],
  "class": 3,
  "confidence": 0.7986464500427246,
  "uncertainty": 0.3132434704781448
}