{
  "image": "data\\raw\\images\\train\\F_2_3_635.jpg",
  "box": [
    1416.890625,
    433.43023681640625,
    1583.197509765625,
    625.5179443359375
  ],
  "class": 2,
  "confidence": 0.5079801082611084,
  "uncertainty": 0.275234498563308
}