{
  "image": "data\\raw\\images\\train\\F_2_2_772.jpg",
  "box": [
    1766.1302490234375,
    508.9100646972656,
    1834.1993408203125,
    601.3193359375
  ],
  "class": 2,
  "confidence": 0.38934221863746643,
  "uncertainty": 0.3901099568585987
}