{
  "image": "data\\raw\\images\\train\\F_2_8_1896.jpg",
  "box": [
    1.145782470703125,
    296.3881530761719,
    355.709228515625,
    732.7042236328125
  ],
  "class": 7,
  "confidence": 0.9447341561317444,
  "uncertainty": 0.19791319392143608
}