{
  "image": "data\\raw\\images\\train\\F_2_7_1512.jpg",
  "box": [
    533.324951171875,
    314.64007568359375,
    643.23095703125,
    426.4117431640625
  ],
  "class": 2,
  "confidence": 0.6777443885803223,
  "uncertainty": 0.22400271883490508
}