{
  "image": "data\\raw\\images\\train\\F_2_4_265.jpg",
  "box": [
    1224.37646484375,
    364.3960876464844,
    1333.5897216796875,
    559.7630615234375
  ],
  "class": 7,
  "confidence": 0.4258250892162323,
  "uncertainty": 0.45477413115778875
}