{
  "image": "data\\raw\\images\\train\\F_2_6_925.jpg",
  "box": [
    951.8232421875,
    579.8889770507812,
    1063.068603515625,
    744.863525390625
  ],
  "class": 3,
  "confidence": 0.7817096710205078,
  "uncertainty": 0.2747668157837579
}