{
  "image": "data\\raw\\images\\train\\F_2_4_979.jpg",
  "box": [
    698.8134765625,
    686.1853637695312,
    827.6798095703125,
    895.890380859375
  ],
  "class": 3,
  "confidence": 0.3445347547531128,
  "uncertainty": 0.4995314586906888
}