{
  "image": "data\\raw\\images\\train\\F_2_1_849.jpg",
  "box": [
    1858.2147216796875,
    439.88702392578125,
    1919.3250732421875,
    606.8619384765625
  ],
  "class": 7,
  "confidence": 0.32773008942604065,
  "uncertainty": 0.4501635308068918
}