{
  "image": "data\\raw\\images\\train\\F_2_1_9.jpg",
  "box": [
    1007.2269287109375,
    408.8945617675781,
    1238.892333984375,
    686.865966796875
  ],
  "class": 2,
  "confidence": 0.9009091854095459,
  "uncertainty": 0.16114783357520066
}