{
  "image": "data\\raw\\images\\train\\F_2_5_160.jpg",
  "box": [
    0.1117401123046875,
    549.6441650390625,
    74.65510559082031,
    743.3839111328125
  ],
  "class": 3,
  "confidence": 0.47818732261657715,
  "uncertainty": 0.41055183545249324
}