{
  "image": "data\\raw\\images\\train\\F_2_1_390.jpg",
  "box": [
    533.8958129882812,
    527.9862060546875,
    594.6005859375,
    616.1611328125
  ],
  "class": 3,
  "confidence": 0.6334536671638489,
  "uncertainty": 0.3842666666401751
}