{
  "image": "data\\raw\\images\\train\\F_2_6_321.jpg",
  "box": [
    1846.98828125,
    458.19561767578125,
    1915.9736328125,
    558.453369140625
  ],
  "class": 7,
  "confidence": 0.31971657276153564,
  "uncertainty": 0.4676886541438961
}