{
  "image": "data\\raw\\images\\train\\F_2_3_255.jpg",
  "box": [
    663.373046875,
    599.1717529296875,
    744.8853759765625,
    749.3310546875
  ],
  "class": 3,
  "confidence": 0.6499536633491516,
  "uncertainty": 0.33610604303143166
}