{
  "image": "data\\raw\\images\\train\\F_2_9_2876.jpg",
  "box": [
    1541.6531982421875,
    404.8039855957031,
    1738.216552734375,
    550.0057373046875
  ],
  "class": 7,
  "confidence": 0.6737834215164185,
  "uncertainty": 0.29423179296983193
}