{
  "image": "data\\raw\\images\\train\\F_2_7_872.jpg",
  "box": [
    1141.8697509765625,
    472.786376953125,
    1245.7857666015625,
    525.7598876953125
  ],
  "class": 2,
  "confidence": 0.26361531019210815,
  "uncertainty": 0.4579949300360274
}