{
  "image": "data\\raw\\images\\train\\F_2_2_964.jpg",
  "box": [
    447.2672424316406,
    522.8363037109375,
    717.21142578125,
    758.6771240234375
  ],
  "class": 2,
  "confidence": 0.9231042861938477,
  "uncertainty": 0.12701772819786009
}