{
  "image": "data\\raw\\images\\train\\F_2_4_162.jpg",
  "box": [
    357.01611328125,
    181.5673828125,
    1662.61181640625,
    1066.8197021484375
  ],
  "class": 7,
  "confidence": 0.8530901074409485,
  "uncertainty": 0.26935334711744546
}