{
  "image": "data\\raw\\images\\train\\F_2_2_1474.jpg",
  "box": [
    344.84930419921875,
    510.15618896484375,
    414.22467041015625,
    722.022216796875
  ],
  "class": 2,
  "confidence": 0.3164266049861908,
  "uncertainty": 0.4389828418046054
}