{
  "image": "data\\raw\\images\\train\\F_2_8_986.jpg",
  "box": [
    1521.16796875,
    388.72686767578125,
    1807.103271484375,
    673.4036865234375
  ],
  "class": 2,
  "confidence": 0.8837454319000244,
  "uncertainty": 0.2381552696468615
}