{
  "image": "data\\raw\\images\\train\\F_2_6_1625.jpg",
  "box": [
    1409.518310546875,
    428.7887878417969,
    1531.1517333984375,
    619.832763671875
  ],
  "class": 2,
  "confidence": 0.7279788255691528,
  "uncertainty": 0.2728041497818586
}