{
  "image": "data\\raw\\images\\train\\F_2_6_237.jpg",
  "box": [
    1483.0361328125,
    410.7008056640625,
    1671.857421875,
    565.489501953125
  ],
  "class": 2,
  "confidence": 0.8350812196731567,
  "uncertainty": 0.14918258902336776
}