{
  "image": "data\\raw\\images\\train\\F_2_8_188.jpg",
  "box": [
    827.8358154296875,
    375.58990478515625,
    930.972900390625,
    428.51519775390625
  ],
  "class": 5,
  "confidence": 0.3616311252117157,
  "uncertainty": 0.4701403709075574
}