{
  "image": "data\\raw\\images\\train\\F_2_2_311.jpg",
  "box": [
    722.3147583007812,
    582.427734375,
    844.310302734375,
    757.081787109375
  ],
  "class": 3,
  "confidence": 0.7960151433944702,
  "uncertainty": 0.26726457617750965
}