{
  "image": "data\\raw\\images\\train\\F_2_2_798.jpg",
  "box": [
    0.6393585205078125,
    331.1164245605469,
    303.0601806640625,
    638.085205078125
  ],
  "class": 5,
  "confidence": 0.9110309481620789,
  "uncertainty": 0.27323062481196125
}