{
  "image": "data\\raw\\images\\train\\F_2_7_1830.jpg",
  "box": [
    847.9444580078125,
    433.02142333984375,
    947.041015625,
    463.93658447265625
  ],
  "class": 2,
  "confidence": 0.3894800841808319,
  "uncertainty": 0.3794083069165707
}