{
  "image": "data\\raw\\images\\train\\F_2_7_1722.jpg",
  "box": [
    1406.8302001953125,
    497.0657958984375,
    1919.2529296875,
    1064.3778076171875
  ],
  "class": 2,
  "confidence": 0.9322262406349182,
  "uncertainty": 0.10671582240856237
}