{
  "image": "data\\raw\\images\\train\\F_2_1_443.jpg",
  "box": [
    1799.574951171875,
    570.8795166015625,
    1876.57373046875,
    689.3135986328125
  ],
  "class": 3,
  "confidence": 0.6992104649543762,
  "uncertainty": 0.3439321260970779
}