{
  "image": "data\\raw\\images\\train\\F_2_9_781.jpg",
  "box": [
    0.5089530944824219,
    712.919189453125,
    111.16934967041016,
    943.2852783203125
  ],
  "class": 3,
  "confidence": 0.39409780502319336,
  "uncertainty": 0.4933727084400474
}