{
  "image": "data\\raw\\images\\train\\F_2_2_985.jpg",
  "box": [
    1081.82763671875,
    416.2550354003906,
    1450.64990234375,
    757.9776611328125
  ],
  "class": 2,
  "confidence": 0.9219526052474976,
  "uncertainty": 0.12586322167838124
}