{
  "image": "data\\raw\\images\\train\\F_2_1_714.jpg",
  "box": [
    1189.0408935546875,
    505.99530029296875,
    1234.2841796875,
    540.5300903320312
  ],
  "class": 2,
  "confidence": 0.7094262838363647,
  "uncertainty": 0.19700380724668473
}