{
  "image": "data\\raw\\images\\train\\F_2_11_117.jpg",
  "box": [
    662.370849609375,
    463.36712646484375,
    694.7968139648438,
    516.527587890625
  ],
  "class": 3,
  "confidence": 0.5870135426521301,
  "uncertainty": 0.34281278005727156
}