{
  "image": "data\\raw\\images\\train\\F_2_3_183.jpg",
  "box": [
    1230.5987548828125,
    442.5889892578125,
    1313.193603515625,
    531.6644897460938
  ],
  "class": 2,
  "confidence": 0.2925271987915039,
  "uncertainty": 0.4405215878338644
}