{
  "image": "data\\raw\\images\\train\\F_2_3_90.jpg",
  "box": [
    318.7813720703125,
    491.26300048828125,
    425.0784912109375,
    718.2672729492188
  ],
  "class": 2,
  "confidence": 0.6251076459884644,
  "uncertainty": 0.3199961197033315
}