{
  "image": "data\\raw\\images\\train\\F_2_2_246.jpg",
  "box": [
    23.834396362304688,
    534.8160400390625,
    117.560546875,
    653.2384643554688
  ],
  "class": 3,
  "confidence": 0.7261027097702026,
  "uncertainty": 0.33827919844836846
}