{
  "image": "data\\raw\\images\\train\\F_2_8_1832.jpg",
  "box": [
    1806.623046875,
    334.032470703125,
    1829.1279296875,
    378.3961181640625
  ],
  "class": 3,
  "confidence": 0.3175145089626312,
  "uncertainty": 0.46348939037952774
}