{
  "image": "data\\raw\\images\\train\\F_2_1_691.jpg",
  "box": [
    0.582366943359375,
    315.563720703125,
    234.2900848388672,
    663.5418701171875
  ],
  "class": 5,
  "confidence": 0.8991003632545471,
  "uncertainty": 0.20573027833007806
}