{
  "image": "data\\raw\\images\\train\\F_2_2_104.jpg",
  "box": [
    1.7437591552734375,
    3.740478515625,
    259.3953857421875,
    1038.4130859375
  ],
  "class": 5,
  "confidence": 0.8057315945625305,
  "uncertainty": 0.2870603666126891
}