{
  "image": "data\\raw\\images\\train\\F_2_2_449.jpg",
  "box": [
    528.3607177734375,
    449.9600830078125,
    595.989990234375,
    531.3651123046875
  ],
  "class": 2,
  "confidence": 0.4788368046283722,
  "uncertainty": 0.3309766192311746
}