{
  "image": "data\\raw\\images\\train\\F_2_4_25.jpg",
  "box": [
    0.2787036895751953,
    443.5216369628906,
    57.12605285644531,
    574.8148193359375
  ],
  "class": 3,
  "confidence": 0.7716126441955566,
  "uncertainty": 0.2768325443186187
}