{
  "image": "data\\raw\\images\\train\\F_2_7_150.jpg",
  "box": [
    771.3746337890625,
    283.6145324707031,
    976.0193481445312,
    437.66949462890625
  ],
  "class": 5,
  "confidence": 0.6561133861541748,
  "uncertainty": 0.3373023421304735
}