{
  "image": "data\\raw\\images\\train\\F_2_9_1423.jpg",
  "box": [
    1571.1602783203125,
    484.90777587890625,
    1663.8548583984375,
    565.27880859375
  ],
  "class": 2,
  "confidence": 0.7830750942230225,
  "uncertainty": 0.16305087360930048
}