{
  "image": "data\\raw\\images\\train\\F_2_3_119.jpg",
  "box": [
    402.2557067871094,
    432.80731201171875,
    477.1502380371094,
    522.6591796875
  ],
  "class": 2,
  "confidence": 0.5732540488243103,
  "uncertainty": 0.29995948460298505
}