{
  "image": "data\\raw\\images\\train\\F_2_8_760.jpg",
  "box": [
    1235.981689453125,
    406.23907470703125,
    1417.2095947265625,
    561.7803955078125
  ],
  "class": 2,
  "confidence": 0.6852385997772217,
  "uncertainty": 0.21155089337424554
}