{
  "image": "data\\raw\\images\\train\\F_2_1_902.jpg",
  "box": [
    77.28770446777344,
    261.2428894042969,
    372.2289733886719,
    548.8272705078125
  ],
  "class": 5,
  "confidence": 0.9135518670082092,
  "uncertainty": 0.2070258024181214
}