{
  "image": "data\\raw\\images\\train\\F_2_1_417.jpg",
  "box": [
    865.8059692382812,
    466.5830383300781,
    888.807861328125,
    517.9019775390625
  ],
  "class": 3,
  "confidence": 0.30061444640159607,
  "uncertainty": 0.468662599852213
}