{
  "image": "data\\raw\\images\\train\\F_2_3_303.jpg",
  "box": [
    807.6480102539062,
    339.8963928222656,
    956.8829956054688,
    584.59619140625
  ],
  "class": 7,
  "confidence": 0.725640058517456,
  "uncertainty": 0.34017826163137904
}