{
  "image": "data\\raw\\images\\train\\F_2_1_133.jpg",
  "box": [
    0.6930427551269531,
    239.728271484375,
    153.99887084960938,
    1066.4937744140625
  ],
  "class": 7,
  "confidence": 0.42105263471603394,
  "uncertainty": 0.4660037266339007
}