{
  "image": "data\\raw\\images\\train\\F_2_8_1520.jpg",
  "box": [
    2.950927734375,
    376.0119323730469,
    1400.4444580078125,
    1066.6885986328125
  ],
  "class": 2,
  "confidence": 0.948505163192749,
  "uncertainty": 0.11228701807646231
}