{
  "image": "data\\raw\\images\\train\\F_2_7_2247.jpg",
  "box": [
    1.18304443359375,
    387.60260009765625,
    730.9017333984375,
    1065.42333984375
  ],
  "class": 2,
  "confidence": 0.945737361907959,
  "uncertainty": 0.10254699526207209
}