{
  "image": "data\\raw\\images\\train\\F_2_1_349.jpg",
  "box": [
    2.077239990234375,
    365.348876953125,
    533.2608642578125,
    1066.190673828125
  ],
  "class": 7,
  "confidence": 0.7204445004463196,
  "uncertainty": 0.2939026001187789
}