{
  "image": "data\\raw\\images\\train\\F_2_9_332.jpg",
  "box": [
    1096.8206787109375,
    428.9299621582031,
    1216.880615234375,
    564.43408203125
  ],
  "class": 2,
  "confidence": 0.8381962180137634,
  "uncertainty": 0.2078334427137772
}