{
  "image": "data\\raw\\images\\train\\F_2_9_1337.jpg",
  "box": [
    273.8167419433594,
    427.0865478515625,
    992.744384765625,
    954.3115234375
  ],
  "class": 2,
  "confidence": 0.926859438419342,
  "uncertainty": 0.12704678892498072
}