{
  "image": "data\\raw\\images\\train\\F_2_9_2320.jpg",
  "box": [
    576.9390869140625,
    399.30487060546875,
    849.77685546875,
    696.5625
  ],
  "class": 7,
  "confidence": 0.7853905558586121,
  "uncertainty": 0.28987170717911004
}