{
  "image": "data\\raw\\images\\train\\F_2_8_1561.jpg",
  "box": [
    1184.3221435546875,
    532.8966064453125,
    1277.511962890625,
    625.592529296875
  ],
  "class": 2,
  "confidence": 0.42447811365127563,
  "uncertainty": 0.34254487272107137
}