{
  "image": "data\\raw\\images\\train\\F_2_7_437.jpg",
  "box": [
    946.2914428710938,
    355.5623474121094,
    1685.9951171875,
    1063.000244140625
  ],
  "class": 2,
  "confidence": 0.8868882060050964,
  "uncertainty": 0.1874969161114704
}