{
  "image": "data\\raw\\images\\train\\F_2_2_184.jpg",
  "box": [
    1297.8251953125,
    476.3630676269531,
    1324.2645263671875,
    539.2992553710938
  ],
  "class": 2,
  "confidence": 0.30895712971687317,
  "uncertainty": 0.4079695475037035
}