{
  "image": "data\\raw\\images\\train\\F_2_2_970.jpg",
  "box": [
    1.461181640625,
    434.18359375,
    677.3721923828125,
    1067.459228515625
  ],
  "class": 2,
  "confidence": 0.9523156881332397,
  "uncertainty": 0.14196905179088032
}