{
  "image": "data\\raw\\images\\train\\F_2_7_346.jpg",
  "box": [
    1525.5223388671875,
    553.4397583007812,
    1645.6951904296875,
    756.984375
  ],
  "class": 3,
  "confidence": 0.40522757172584534,
  "uncertainty": 0.4852197700380088
}