{
  "image": "data\\raw\\images\\train\\F_2_9_335.jpg",
  "box": [
    1042.357666015625,
    433.3165283203125,
    1108.1378173828125,
    511.6621398925781
  ],
  "class": 2,
  "confidence": 0.6834267377853394,
  "uncertainty": 0.20570810306261514
}