{
  "image": "data\\raw\\images\\train\\F_2_9_1377.jpg",
  "box": [
    734.63818359375,
    410.33111572265625,
    1056.2880859375,
    733.6026611328125
  ],
  "class": 2,
  "confidence": 0.892462432384491,
  "uncertainty": 0.25010208767182834
}