{
  "image": "data\\raw\\images\\train\\F_2_1_446.jpg",
  "box": [
    1312.9217529296875,
    483.3572998046875,
    1336.0115966796875,
    517.5940551757812
  ],
  "class": 3,
  "confidence": 0.4737088084220886,
  "uncertainty": 0.38422201254840777
}