{
  "image": "data\\raw\\images\\train\\F_2_5_306.jpg",
  "box": [
    192.690673828125,
    602.7551879882812,
    327.29571533203125,
    801.2652587890625
  ],
  "class": 3,
  "confidence": 0.8245537281036377,
  "uncertainty": 0.30310109473736463
}