{
  "image": "data\\raw\\images\\train\\F_2_9_324.jpg",
  "box": [
    673.4124755859375,
    566.4874267578125,
    778.2383422851562,
    704.1928100585938
  ],
  "class": 3,
  "confidence": 0.4597698748111725,
  "uncertainty": 0.47975928884216207
}