{
  "image": "data\\raw\\images\\train\\F_2_3_14.jpg",
  "box": [
    1216.1904296875,
    405.4248962402344,
    1762.85595703125,
    913.6138916015625
  ],
  "class": 2,
  "confidence": 0.885374128818512,
  "uncertainty": 0.25456904904750105
}