{
  "image": "data\\raw\\images\\train\\F_2_7_58.jpg",
  "box": [
    807.6397705078125,
    488.8841857910156,
    868.9720458984375,
    534.7901611328125
  ],
  "class": 2,
  "confidence": 0.2749764323234558,
  "uncertainty": 0.4176207938052712
}