{
  "image": "data\\raw\\images\\train\\F_2_3_167.jpg",
  "box": [
    652.1097412109375,
    445.23992919921875,
    711.015869140625,
    468.09893798828125
  ],
  "class": 2,
  "confidence": 0.25080060958862305,
  "uncertainty": 0.4232685065391962
}