{
  "image": "data\\raw\\images\\train\\F_2_9_1522.jpg",
  "box": [
    1029.0999755859375,
    419.0884094238281,
    1917.9840087890625,
    1068.9757080078125
  ],
  "class": 2,
  "confidence": 0.9624336361885071,
  "uncertainty": 0.09567784565949045
}