{
  "image": "data\\raw\\images\\train\\F_2_7_658.jpg",
  "box": [
    1477.241943359375,
    554.9067993164062,
    1836.803955078125,
    814.8095703125
  ],
  "class": 2,
  "confidence": 0.8914355039596558,
  "uncertainty": 0.18718467280654222
}