{
  "image": "data\\raw\\images\\train\\F_2_6_857.jpg",
  "box": [
    1338.3292236328125,
    678.7830810546875,
    1475.7205810546875,
    883.8428955078125
  ],
  "class": 3,
  "confidence": 0.5073248744010925,
  "uncertainty": 0.46301074339990794
}