{
  "image": "data\\raw\\images\\train\\F_2_3_218.jpg",
  "box": [
    487.85321044921875,
    305.343017578125,
    789.7139282226562,
    713.0728759765625
  ],
  "class": 7,
  "confidence": 0.9150081276893616,
  "uncertainty": 0.19529835778290489
}