{
  "image": "data\\raw\\images\\train\\F_2_1_393.jpg",
  "box": [
    1430.208740234375,
    451.4534912109375,
    1559.45849609375,
    537.316162109375
  ],
  "class": 7,
  "confidence": 0.2595951557159424,
  "uncertainty": 0.4890330796702021
}