{
  "image": "data\\raw\\images\\train\\F_2_2_246.jpg",
  "box": [
    1532.173583984375,
    464.379638671875,
    1625.634765625,
    566.934326171875
  ],
  "class": 2,
  "confidence": 0.31470420956611633,
  "uncertainty": 0.43750207309757216
}