{
  "image": "data\\raw\\images\\train\\F_2_11_1145.jpg",
  "box": [
    1829.65625,
    469.9671630859375,
    1914.559326171875,
    525.9013671875
  ],
  "class": 2,
  "confidence": 0.6001570224761963,
  "uncertainty": 0.27148998529702406
}