{
  "image": "data\\raw\\images\\train\\F_2_3_641.jpg",
  "box": [
    1196.9271240234375,
    511.67852783203125,
    1234.045166015625,
    549.5791625976562
  ],
  "class": 3,
  "confidence": 0.31350433826446533,
  "uncertainty": 0.46902591900927826
}