{
  "image": "data\\raw\\images\\train\\F_2_3_428.jpg",
  "box": [
    0.0,
    699.9534912109375,
    281.3330078125,
    1071.963623046875
  ],
  "class": 3,
  "confidence": 0.25176623463630676,
  "uncertainty": 0.4814789550478016
}