{
  "image": "data\\raw\\images\\train\\F_2_10_460.jpg",
  "box": [
    1312.206787109375,
    445.79278564453125,
    1665.677734375,
    804.5502319335938
  ],
  "class": 2,
  "confidence": 0.9110897183418274,
  "uncertainty": 0.1267686749901394
}