{
  "image": "data\\raw\\images\\train\\F_2_6_36.jpg",
  "box": [
    1804.75,
    457.2593078613281,
    1919.358642578125,
    711.552734375
  ],
  "class": 2,
  "confidence": 0.8402836322784424,
  "uncertainty": 0.1266488582043796
}