{
  "image": "data\\raw\\images\\train\\F_2_2_845.jpg",
  "box": [
    1013.631591796875,
    294.88604736328125,
    1388.93408203125,
    726.2109375
  ],
  "class": 7,
  "confidence": 0.8583295345306396,
  "uncertainty": 0.21858653556253343
}