{
  "image": "data\\raw\\images\\train\\F_2_9_2006.jpg",
  "box": [
    786.7776489257812,
    412.8880920410156,
    1226.587158203125,
    801.64501953125
  ],
  "class": 2,
  "confidence": 0.9312714338302612,
  "uncertainty": 0.12617868654705797
}