{
  "image": "data\\raw\\images\\train\\F_2_8_893.jpg",
  "box": [
    1128.7235107421875,
    526.4693603515625,
    1215.4981689453125,
    605.7305908203125
  ],
  "class": 2,
  "confidence": 0.5742926597595215,
  "uncertainty": 0.28180820557957764
}