{
  "image": "data\\raw\\images\\train\\F_2_2_1673.jpg",
  "box": [
    1288.3216552734375,
    536.99853515625,
    1345.3546142578125,
    620.746337890625
  ],
  "class": 3,
  "confidence": 0.3240680396556854,
  "uncertainty": 0.4853651254088514
}