{
  "image": "data\\raw\\images\\train\\F_2_2_420.jpg",
  "box": [
    521.7154541015625,
    384.71539306640625,
    744.8413696289062,
    585.2808837890625
  ],
  "class": 5,
  "confidence": 0.8906582593917847,
  "uncertainty": 0.19367528997824568
}