{
  "image": "data\\raw\\images\\train\\F_2_8_1544.jpg",
  "box": [
    1123.263671875,
    422.401611328125,
    1290.4296875,
    695.0575561523438
  ],
  "class": 2,
  "confidence": 0.7863986492156982,
  "uncertainty": 0.2503147684522185
}