{
  "image": "data\\raw\\images\\train\\F_2_3_502.jpg",
  "box": [
    0.3458576202392578,
    625.04443359375,
    86.41770935058594,
    834.8258056640625
  ],
  "class": 3,
  "confidence": 0.780711829662323,
  "uncertainty": 0.3002441489837194
}