{
  "image": "data\\raw\\images\\train\\F_2_8_900.jpg",
  "box": [
    979.4126586914062,
    474.1549987792969,
    1037.509765625,
    552.6748046875
  ],
  "class": 3,
  "confidence": 0.5970805287361145,
  "uncertainty": 0.3838227675188206
}