{
  "image": "data\\raw\\images\\train\\F_2_2_1288.jpg",
  "box": [
    1187.0841064453125,
    434.3755187988281,
    1373.59130859375,
    474.3016662597656
  ],
  "class": 2,
  "confidence": 0.29501548409461975,
  "uncertainty": 0.4952583243786549
}