{
  "image": "data\\raw\\images\\train\\F_2_9_2880.jpg",
  "box": [
    1573.762939453125,
    352.360107421875,
    1918.989990234375,
    674.9974365234375
  ],
  "class": 7,
  "confidence": 0.9095980525016785,
  "uncertainty": 0.21065307368668396
}