{
  "image": "data\\raw\\images\\train\\F_2_6_554.jpg",
  "box": [
    778.4051513671875,
    464.3402099609375,
    858.3416748046875,
    563.3145751953125
  ],
  "class": 2,
  "confidence": 0.5135291218757629,
  "uncertainty": 0.28925451733889546
}