{
  "image": "data\\raw\\images\\train\\F_2_7_384.jpg",
  "box": [
    1608.1578369140625,
    595.1546020507812,
    1857.1212158203125,
    986.8421630859375
  ],
  "class": 3,
  "confidence": 0.37753888964653015,
  "uncertainty": 0.4922226432093448
}