{
  "image": "data\\raw\\images\\train\\F_2_2_975.jpg",
  "box": [
    38.78125762939453,
    424.4969787597656,
    190.98280334472656,
    511.9552917480469
  ],
  "class": 7,
  "confidence": 0.3995487093925476,
  "uncertainty": 0.43642966825803436
}