{
  "image": "data\\raw\\images\\train\\F_2_2_1564.jpg",
  "box": [
    311.04193115234375,
    498.0041198730469,
    671.21240234375,
    768.611572265625
  ],
  "class": 2,
  "confidence": 0.9297011494636536,
  "uncertainty": 0.13046060546507648
}