{
  "image": "data\\raw\\images\\train\\F_2_6_167.jpg",
  "box": [
    706.7021484375,
    259.302978515625,
    1729.790771484375,
    1067.021484375
  ],
  "class": 7,
  "confidence": 0.3084145784378052,
  "uncertainty": 0.422013044714096
}