{
  "image": "data\\raw\\images\\train\\F_2_1_632.jpg",
  "box": [
    596.750244140625,
    441.8204040527344,
    638.8616943359375,
    481.1968688964844
  ],
  "class": 2,
  "confidence": 0.2600055932998657,
  "uncertainty": 0.37733856501583574
}