{
  "image": "data\\raw\\images\\train\\F_2_7_1329.jpg",
  "box": [
    115.61322784423828,
    695.7894287109375,
    295.68817138671875,
    997.1612548828125
  ],
  "class": 3,
  "confidence": 0.5025014877319336,
  "uncertainty": 0.3833955927530102
}