{
  "image": "data\\raw\\images\\train\\F_2_2_1351.jpg",
  "box": [
    60.98161697387695,
    475.59478759765625,
    176.6232452392578,
    612.6467895507812
  ],
  "class": 2,
  "confidence": 0.26336047053337097,
  "uncertainty": 0.41531229480835213
}