{
  "image": "data\\raw\\images\\train\\F_2_1_718.jpg",
  "box": [
    892.5613403320312,
    481.3010559082031,
    953.8350219726562,
    561.604248046875
  ],
  "class": 3,
  "confidence": 0.6334649920463562,
  "uncertainty": 0.35303294299405696
}