{
  "image": "data\\raw\\images\\train\\F_2_6_1007.jpg",
  "box": [
    1570.414306640625,
    440.14288330078125,
    1720.0576171875,
    605.8914184570312
  ],
  "class": 7,
  "confidence": 0.651498019695282,
  "uncertainty": 0.30687685398833175
}