{
  "image": "data\\raw\\images\\train\\F_2_2_274.jpg",
  "box": [
    792.9680786132812,
    357.1116943359375,
    1216.348388671875,
    866.580322265625
  ],
  "class": 2,
  "confidence": 0.7541344165802002,
  "uncertainty": 0.18301619407194553
}