{
  "image": "data\\raw\\images\\train\\F_2_9_2320.jpg",
  "box": [
    469.48883056640625,
    427.45166015625,
    557.5193481445312,
    570.2726440429688
  ],
  "class": 7,
  "confidence": 0.6273288726806641,
  "uncertainty": 0.3380369930329816
}