{
  "image": "data\\raw\\images\\train\\F_2_6_167.jpg",
  "box": [
    631.0586547851562,
    111.55192565917969,
    1197.6800537109375,
    321.3150329589844
  ],
  "class": 5,
  "confidence": 0.8758896589279175,
  "uncertainty": 0.24256183397227635
}