{
  "image": "data\\raw\\images\\train\\F_2_11_337.jpg",
  "box": [
    803.345947265625,
    467.09228515625,
    877.7384033203125,
    554.97607421875
  ],
  "class": 7,
  "confidence": 0.3116825520992279,
  "uncertainty": 0.4373495713884693
}