{
  "image": "data\\raw\\images\\train\\F_2_3_555.jpg",
  "box": [
    844.8063354492188,
    423.68353271484375,
    909.1356811523438,
    457.96875
  ],
  "class": 2,
  "confidence": 0.39949747920036316,
  "uncertainty": 0.31516754757132465
}