{
  "image": "data\\raw\\images\\train\\F_2_10_119.jpg",
  "box": [
    998.8441772460938,
    506.2359924316406,
    1038.548828125,
    569.1539306640625
  ],
  "class": 3,
  "confidence": 0.6238276958465576,
  "uncertainty": 0.36124871510077533
}