{
  "image": "data\\raw\\images\\train\\F_2_11_737.jpg",
  "box": [
    999.0173950195312,
    435.65557861328125,
    1052.0908203125,
    492.284423828125
  ],
  "class": 7,
  "confidence": 0.3480859398841858,
  "uncertainty": 0.4637592382462041
}