{
  "image": "data\\raw\\images\\train\\F_2_7_682.jpg",
  "box": [
    0.2782173156738281,
    432.0030212402344,
    102.45384216308594,
    742.0775756835938
  ],
  "class": 7,
  "confidence": 0.6789371371269226,
  "uncertainty": 0.32782756064662566
}