{
  "image": "data\\raw\\images\\train\\F_2_7_1854.jpg",
  "box": [
    1347.949462890625,
    417.85125732421875,
    1527.3232421875,
    587.49609375
  ],
  "class": 2,
  "confidence": 0.5812650322914124,
  "uncertainty": 0.37413931266690914
}