{
  "image": "data\\raw\\images\\train\\F_2_2_874.jpg",
  "box": [
    844.96875,
    156.5592041015625,
    1747.264892578125,
    1062.872314453125
  ],
  "class": 7,
  "confidence": 0.8804156184196472,
  "uncertainty": 0.21372797448861086
}