{
  "image": "data\\raw\\images\\train\\F_2_7_1508.jpg",
  "box": [
    1486.754638671875,
    673.4791870117188,
    1682.4005126953125,
    845.17236328125
  ],
  "class": 3,
  "confidence": 0.5412063598632812,
  "uncertainty": 0.45213528083944604
}