{
  "image": "data\\raw\\images\\train\\F_2_3_177.jpg",
  "box": [
    1629.3460693359375,
    110.4722900390625,
    1918.5260009765625,
    1066.799560546875
  ],
  "class": 7,
  "confidence": 0.723926842212677,
  "uncertainty": 0.33871762490441637
}