{
  "image": "data\\raw\\images\\train\\F_2_1_569.jpg",
  "box": [
    1321.10791015625,
    465.01519775390625,
    1356.1943359375,
    515.8529663085938
  ],
  "class": 3,
  "confidence": 0.30512356758117676,
  "uncertainty": 0.48093818763390767
}