{
  "image": "data\\raw\\images\\train\\F_2_7_1938.jpg",
  "box": [
    1162.586669921875,
    412.4286804199219,
    1244.90966796875,
    475.4314270019531
  ],
  "class": 2,
  "confidence": 0.6536234617233276,
  "uncertainty": 0.23586718413848
}