{
  "image": "data\\raw\\images\\train\\F_2_2_800.jpg",
  "box": [
    1801.63720703125,
    558.2808227539062,
    1881.18994140625,
    639.3668212890625
  ],
  "class": 2,
  "confidence": 0.5351278781890869,
  "uncertainty": 0.2718262947853104
}