{
  "image": "data\\raw\\images\\train\\F_2_4_972.jpg",
  "box": [
    1193.422119140625,
    523.314453125,
    1221.8173828125,
    560.57861328125
  ],
  "class": 3,
  "confidence": 0.5924248695373535,
  "uncertainty": 0.3671907101188215
}