{
  "image": "data\\raw\\images\\train\\F_2_8_932.jpg",
  "box": [
    903.7078857421875,
    483.9434509277344,
    969.0543823242188,
    557.6856689453125
  ],
  "class": 3,
  "confidence": 0.43284329771995544,
  "uncertainty": 0.4645612387196134
}