{
  "image": "data\\raw\\images\\train\\F_2_11_501.jpg",
  "box": [
    1198.9991455078125,
    492.09716796875,
    1261.9705810546875,
    539.3157958984375
  ],
  "class": 2,
  "confidence": 0.29724258184432983,
  "uncertainty": 0.3826191160338288
}