{
  "image": "data\\raw\\images\\train\\F_2_3_226.jpg",
  "box": [
    44.44047546386719,
    208.78060913085938,
    598.55224609375,
    910.5518188476562
  ],
  "class": 7,
  "confidence": 0.9542908668518066,
  "uncertainty": 0.1870837275308292
}