{
  "image": "data\\raw\\images\\train\\F_2_9_1095.jpg",
  "box": [
    1749.907470703125,
    445.716796875,
    1835.540771484375,
    516.3160400390625
  ],
  "class": 2,
  "confidence": 0.7240766286849976,
  "uncertainty": 0.18738455723899947
}