{
  "image": "data\\raw\\images\\train\\F_2_3_252.jpg",
  "box": [
    988.7407836914062,
    520.6629028320312,
    1038.8359375,
    589.4600219726562
  ],
  "class": 2,
  "confidence": 0.25031474232673645,
  "uncertainty": 0.3957196550225701
}