{
  "image": "data\\raw\\images\\train\\F_2_3_165.jpg",
  "box": [
    1456.12646484375,
    458.3167724609375,
    1704.352294921875,
    615.9820556640625
  ],
  "class": 2,
  "confidence": 0.3385756313800812,
  "uncertainty": 0.44050673444450555
}