{
  "image": "data\\raw\\images\\train\\F_2_2_166.jpg",
  "box": [
    1871.115966796875,
    497.84454345703125,
    1919.27197265625,
    625.4456176757812
  ],
  "class": 3,
  "confidence": 0.6730141639709473,
  "uncertainty": 0.29913062648846106
}