{
  "image": "data\\raw\\images\\train\\F_2_7_1981.jpg",
  "box": [
    834.8067626953125,
    366.1051940917969,
    1506.6251220703125,
    965.792236328125
  ],
  "class": 2,
  "confidence": 0.6379165649414062,
  "uncertainty": 0.2459328998765919
}