{
  "image": "data\\raw\\images\\train\\F_2_2_1101.jpg",
  "box": [
    879.049560546875,
    458.1123962402344,
    1076.9866943359375,
    641.64892578125
  ],
  "class": 2,
  "confidence": 0.7673978805541992,
  "uncertainty": 0.20961544611300661
}