{
  "image": "data\\raw\\images\\train\\F_2_2_962.jpg",
  "box": [
    532.6026611328125,
    525.7701416015625,
    585.4276123046875,
    613.878662109375
  ],
  "class": 2,
  "confidence": 0.4395570158958435,
  "uncertainty": 0.3386746976535543
}