{
  "image": "data\\raw\\images\\train\\F_2_7_727.jpg",
  "box": [
    892.2636108398438,
    409.69189453125,
    1172.4970703125,
    650.839111328125
  ],
  "class": 2,
  "confidence": 0.885211706161499,
  "uncertainty": 0.15864052044791382
}