{
  "image": "data\\raw\\images\\train\\F_2_3_464.jpg",
  "box": [
    276.181640625,
    492.1669006347656,
    580.3492431640625,
    729.753173828125
  ],
  "class": 2,
  "confidence": 0.6200688481330872,
  "uncertainty": 0.29849338244329343
}