{
  "image": "data\\raw\\images\\train\\F_2_8_718.jpg",
  "box": [
    1037.84130859375,
    419.2196044921875,
    1217.228271484375,
    881.6896362304688
  ],
  "class": 5,
  "confidence": 0.3252622187137604,
  "uncertainty": 0.47540921586607715
}