{
  "image": "data\\raw\\images\\train\\F_2_1_367.jpg",
  "box": [
    767.3198852539062,
    530.53466796875,
    834.4991455078125,
    618.3829345703125
  ],
  "class": 3,
  "confidence": 0.7688533067703247,
  "uncertainty": 0.2985454773714591
}