{
  "image": "data\\raw\\images\\train\\F_2_1_1191.jpg",
  "box": [
    1009.388427734375,
    381.7650146484375,
    1091.4317626953125,
    489.775634765625
  ],
  "class": 7,
  "confidence": 0.35753336548805237,
  "uncertainty": 0.4971660093996746
}