{
  "image": "data\\raw\\images\\train\\F_2_1_810.jpg",
  "box": [
    1495.342041015625,
    420.5654296875,
    1589.83935546875,
    529.5741577148438
  ],
  "class": 7,
  "confidence": 0.4390562176704407,
  "uncertainty": 0.4120208732153663
}