{
  "image": "data\\raw\\images\\train\\F_2_1_775.jpg",
  "box": [
    127.75312042236328,
    558.5806884765625,
    206.2528839111328,
    672.1917724609375
  ],
  "class": 3,
  "confidence": 0.7298305630683899,
  "uncertainty": 0.3452755512820704
}