{
  "image": "data\\raw\\images\\train\\F_2_2_431.jpg",
  "box": [
    0.3988609313964844,
    418.6934509277344,
    147.3121795654297,
    658.975830078125
  ],
  "class": 7,
  "confidence": 0.3907187581062317,
  "uncertainty": 0.43931746138372046
}