{
  "image": "data\\raw\\images\\train\\F_2_7_138.jpg",
  "box": [
    1228.52001953125,
    433.3444519042969,
    1645.812255859375,
    729.294189453125
  ],
  "class": 2,
  "confidence": 0.6954289078712463,
  "uncertainty": 0.2939132853180342
}