{
  "image": "data\\raw\\images\\train\\F_2_3_610.jpg",
  "box": [
    348.402587890625,
    502.6474609375,
    402.93255615234375,
    568.6819458007812
  ],
  "class": 3,
  "confidence": 0.34132879972457886,
  "uncertainty": 0.43997109280891905
}