{
  "image": "data\\raw\\images\\train\\F_2_6_566.jpg",
  "box": [
    99.50228881835938,
    412.1966552734375,
    294.97674560546875,
    630.9337158203125
  ],
  "class": 7,
  "confidence": 0.47633370757102966,
  "uncertainty": 0.3982801093028746
}