{
  "image": "data\\raw\\images\\train\\F_2_1_372.jpg",
  "box": [
    255.42572021484375,
    539.6845703125,
    301.6463928222656,
    603.728515625
  ],
  "class": 3,
  "confidence": 0.7266010642051697,
  "uncertainty": 0.3016607445094804
}