{
  "image": "data\\raw\\images\\train\\F_2_2_1312.jpg",
  "box": [
    720.248046875,
    397.34967041015625,
    805.6796875,
    458.06707763671875
  ],
  "class": 5,
  "confidence": 0.3944205045700073,
  "uncertainty": 0.43529181812313883
}