{
  "image": "data\\raw\\images\\train\\F_2_7_1295.jpg",
  "box": [
    550.8616943359375,
    516.5368041992188,
    791.6956787109375,
    716.0439453125
  ],
  "class": 2,
  "confidence": 0.8805641531944275,
  "uncertainty": 0.17557044427253377
}