{
  "image": "data\\raw\\images\\train\\F_2_2_989.jpg",
  "box": [
    883.6790771484375,
    610.417724609375,
    955.4419555664062,
    755.775390625
  ],
  "class": 3,
  "confidence": 0.7199033498764038,
  "uncertainty": 0.3217956215572571
}