{
  "image": "data\\raw\\images\\train\\F_2_7_46.jpg",
  "box": [
    0.7908782958984375,
    581.5142211914062,
    207.39646911621094,
    1067.671875
  ],
  "class": 2,
  "confidence": 0.9109048247337341,
  "uncertainty": 0.14797498508535625
}