{
  "image": "data\\raw\\images\\train\\F_2_10_43.jpg",
  "box": [
    1090.645751953125,
    494.1343994140625,
    1170.5731201171875,
    581.1231689453125
  ],
  "class": 2,
  "confidence": 0.7098463773727417,
  "uncertainty": 0.22974523907736621
}