{
  "image": "data\\raw\\images\\train\\F_2_1_683.jpg",
  "box": [
    534.498046875,
    339.27349853515625,
    668.0275268554688,
    449.1990051269531
  ],
  "class": 7,
  "confidence": 0.454923540353775,
  "uncertainty": 0.4141398562718579
}