{
  "image": "data\\raw\\images\\train\\F_2_2_852.jpg",
  "box": [
    674.37451171875,
    235.26406860351562,
    934.806884765625,
    640.72216796875
  ],
  "class": 7,
  "confidence": 0.5368822813034058,
  "uncertainty": 0.39178621466903507
}