{
  "image": "data\\raw\\images\\train\\F_2_1_902.jpg",
  "box": [
    362.7962646484375,
    463.5035705566406,
    754.4879760742188,
    776.9556884765625
  ],
  "class": 2,
  "confidence": 0.9279540181159973,
  "uncertainty": 0.12255124728050837
}