{
  "image": "data\\raw\\images\\train\\F_2_3_183.jpg",
  "box": [
    1439.845947265625,
    435.9540710449219,
    1574.9072265625,
    707.06787109375
  ],
  "class": 2,
  "confidence": 0.7781746983528137,
  "uncertainty": 0.22114219237536686
}