{
  "image": "data\\raw\\images\\train\\F_2_3_14.jpg",
  "box": [
    859.892822265625,
    420.772705078125,
    974.5419921875,
    584.814697265625
  ],
  "class": 2,
  "confidence": 0.39770516753196716,
  "uncertainty": 0.39687668472771176
}