{
  "image": "data\\raw\\images\\train\\F_2_2_1022.jpg",
  "box": [
    244.72021484375,
    400.09857177734375,
    600.5882568359375,
    451.92413330078125
  ],
  "class": 2,
  "confidence": 0.5718948245048523,
  "uncertainty": 0.33274857211436315
}