{
  "image": "data\\raw\\images\\train\\F_2_7_864.jpg",
  "box": [
    573.6831665039062,
    403.1678466796875,
    1276.3583984375,
    996.9750366210938
  ],
  "class": 2,
  "confidence": 0.9103402495384216,
  "uncertainty": 0.13071764825559254
}