{
  "image": "data\\raw\\images\\train\\F_2_7_890.jpg",
  "box": [
    840.0509033203125,
    533.9395751953125,
    936.421875,
    650.4695434570312
  ],
  "class": 2,
  "confidence": 0.5076659917831421,
  "uncertainty": 0.3776233583052794
}