{
  "image": "data\\raw\\images\\train\\F_2_11_324.jpg",
  "box": [
    195.044677734375,
    400.8082580566406,
    270.1761474609375,
    537.7769775390625
  ],
  "class": 2,
  "confidence": 0.441668301820755,
  "uncertainty": 0.317527815077678
}