{
  "image": "data\\raw\\images\\train\\F_2_1_423.jpg",
  "box": [
    519.3759155273438,
    560.744140625,
    590.70654296875,
    671.653076171875
  ],
  "class": 3,
  "confidence": 0.7072460055351257,
  "uncertainty": 0.3468873724426071
}