{
  "image": "data\\raw\\images\\train\\F_2_4_25.jpg",
  "box": [
    313.7095947265625,
    386.5767517089844,
    466.0238342285156,
    552.5721435546875
  ],
  "class": 7,
  "confidence": 0.3063616454601288,
  "uncertainty": 0.44953746532109673
}