{
  "image": "data\\raw\\images\\train\\F_2_7_1638.jpg",
  "box": [
    1126.435546875,
    355.33575439453125,
    1765.36962890625,
    505.59869384765625
  ],
  "class": 7,
  "confidence": 0.3883540630340576,
  "uncertainty": 0.45378540658538985
}