{
  "image": "data\\raw\\images\\train\\F_2_11_1026.jpg",
  "box": [
    394.2459411621094,
    407.5110168457031,
    775.9324951171875,
    473.5789489746094
  ],
  "class": 5,
  "confidence": 0.7008482217788696,
  "uncertainty": 0.23816946700545039
}