{
  "image": "data\\raw\\images\\train\\F_2_7_477.jpg",
  "box": [
    383.10162353515625,
    411.38360595703125,
    590.34765625,
    470.4700927734375
  ],
  "class": 2,
  "confidence": 0.41476503014564514,
  "uncertainty": 0.3641669633255575
}