{
  "image": "data\\raw\\images\\train\\F_2_1_56.jpg",
  "box": [
    1510.781005859375,
    458.3310241699219,
    1919.465087890625,
    817.0548095703125
  ],
  "class": 2,
  "confidence": 0.9369332790374756,
  "uncertainty": 0.12352705777492093
}