{
  "image": "data\\raw\\images\\train\\F_2_9_3025.jpg",
  "box": [
    1576.1767578125,
    289.0258483886719,
    1823.41162109375,
    584.0081176757812
  ],
  "class": 5,
  "confidence": 0.6601791977882385,
  "uncertainty": 0.43546916881269976
}