{
  "image": "data\\raw\\images\\train\\F_2_11_164.jpg",
  "box": [
    256.0372009277344,
    341.882080078125,
    500.01690673828125,
    567.5430908203125
  ],
  "class": 7,
  "confidence": 0.6457345485687256,
  "uncertainty": 0.35111361936426366
}