{
  "image": "data\\raw\\images\\train\\F_2_1_706.jpg",
  "box": [
    918.973388671875,
    472.8843994140625,
    965.556884765625,
    509.22265625
  ],
  "class": 2,
  "confidence": 0.4634752869606018,
  "uncertainty": 0.29195988675178575
}