{
  "image": "data\\raw\\images\\train\\F_2_3_281.jpg",
  "box": [
    628.1002197265625,
    485.841064453125,
    663.5297241210938,
    577.405517578125
  ],
  "class": 3,
  "confidence": 0.4795776903629303,
  "uncertainty": 0.4216486118892893
}