{
  "image": "data\\raw\\images\\train\\F_2_7_477.jpg",
  "box": [
    0.3297271728515625,
    441.51507568359375,
    238.06698608398438,
    517.0859985351562
  ],
  "class": 2,
  "confidence": 0.2613377273082733,
  "uncertainty": 0.4311734769519475
}