{
  "image": "data\\raw\\images\\train\\F_2_2_1672.jpg",
  "box": [
    270.7742004394531,
    441.208740234375,
    591.6134033203125,
    715.4134521484375
  ],
  "class": 2,
  "confidence": 0.7989097237586975,
  "uncertainty": 0.23502658451693392
}