{
  "image": "data\\raw\\images\\train\\F_2_8_1884.jpg",
  "box": [
    260.88116455078125,
    350.7176513671875,
    575.267822265625,
    687.3587036132812
  ],
  "class": 7,
  "confidence": 0.47985905408859253,
  "uncertainty": 0.44839049191417296
}