{
  "image": "data\\raw\\images\\train\\F_2_8_760.jpg",
  "box": [
    1106.652587890625,
    495.2895812988281,
    1167.759765625,
    592.0277099609375
  ],
  "class": 3,
  "confidence": 0.5089049339294434,
  "uncertainty": 0.4124898241338215
}