{
  "image": "data\\raw\\images\\train\\F_2_9_2271.jpg",
  "box": [
    0.9105377197265625,
    200.4631805419922,
    230.31683349609375,
    465.6523132324219
  ],
  "class": 5,
  "confidence": 0.46221017837524414,
  "uncertainty": 0.44593432483522016
}