{
  "image": "data\\raw\\images\\train\\F_2_8_1921.jpg",
  "box": [
    0.837432861328125,
    424.4363708496094,
    483.1890563964844,
    897.9136962890625
  ],
  "class": 2,
  "confidence": 0.8585742712020874,
  "uncertainty": 0.18058778898668082
}