{
  "image": "data\\raw\\images\\train\\F_2_11_735.jpg",
  "box": [
    1096.39501953125,
    503.6080627441406,
    1134.35791015625,
    540.4605712890625
  ],
  "class": 3,
  "confidence": 0.62906414270401,
  "uncertainty": 0.32582276570824764
}