{
  "image": "data\\raw\\images\\train\\F_2_3_370.jpg",
  "box": [
    697.0389404296875,
    546.9176635742188,
    773.4296264648438,
    662.93603515625
  ],
  "class": 3,
  "confidence": 0.6644110679626465,
  "uncertainty": 0.37860497400455706
}