{
  "image": "data\\raw\\images\\train\\F_2_7_242.jpg",
  "box": [
    361.61376953125,
    442.9071350097656,
    520.961669921875,
    809.8975830078125
  ],
  "class": 2,
  "confidence": 0.8795155882835388,
  "uncertainty": 0.16028464363876394
}