{
  "image": "data\\raw\\images\\train\\F_2_6_1007.jpg",
  "box": [
    1853.7626953125,
    519.0863647460938,
    1919.1280517578125,
    658.8643188476562
  ],
  "class": 3,
  "confidence": 0.7381637692451477,
  "uncertainty": 0.30572609830283676
}