{
  "image": "data\\raw\\images\\train\\F_2_7_1241.jpg",
  "box": [
    732.4214477539062,
    413.37579345703125,
    1213.2125244140625,
    897.2861938476562
  ],
  "class": 2,
  "confidence": 0.8160872459411621,
  "uncertainty": 0.16418402138795057
}