{
  "image": "data\\raw\\images\\train\\F_2_1_829.jpg",
  "box": [
    272.5572204589844,
    480.456298828125,
    311.6722717285156,
    528.777099609375
  ],
  "class": 2,
  "confidence": 0.31343063712120056,
  "uncertainty": 0.3687876228885948
}