{
  "image": "data\\raw\\images\\train\\F_2_1_742.jpg",
  "box": [
    1767.090087890625,
    554.7387084960938,
    1835.2364501953125,
    621.8529052734375
  ],
  "class": 3,
  "confidence": 0.594784140586853,
  "uncertainty": 0.35513653827410163
}