{
  "image": "data\\raw\\images\\train\\F_2_9_2348.jpg",
  "box": [
    520.3670654296875,
    561.917236328125,
    582.9129638671875,
    666.596923828125
  ],
  "class": 3,
  "confidence": 0.6679716110229492,
  "uncertainty": 0.34267260845750924
}