{
  "image": "data\\raw\\images\\train\\F_2_7_116.jpg",
  "box": [
    1270.978759765625,
    788.3485107421875,
    1522.084716796875,
    1075.3963623046875
  ],
  "class": 3,
  "confidence": 0.5605014562606812,
  "uncertainty": 0.3537406546518819
}