{
  "image": "data\\raw\\images\\train\\F_2_1_969.jpg",
  "box": [
    1671.0164794921875,
    521.232177734375,
    1731.1329345703125,
    593.900634765625
  ],
  "class": 3,
  "confidence": 0.6910194754600525,
  "uncertainty": 0.3161530223077575
}