{
  "image": "data\\raw\\images\\train\\F_2_7_1741.jpg",
  "box": [
    283.77691650390625,
    481.14788818359375,
    380.48699951171875,
    549.9400634765625
  ],
  "class": 2,
  "confidence": 0.546178936958313,
  "uncertainty": 0.3608552991844925
}