{
  "image": "data\\raw\\images\\train\\F_2_6_283.jpg",
  "box": [
    163.78079223632812,
    485.1281433105469,
    674.5645751953125,
    761.081787109375
  ],
  "class": 2,
  "confidence": 0.8328986763954163,
  "uncertainty": 0.18855871870405658
}