{
  "image": "data\\raw\\images\\train\\F_2_1_764.jpg",
  "box": [
    752.1630249023438,
    470.2279357910156,
    827.2437744140625,
    563.5731201171875
  ],
  "class": 7,
  "confidence": 0.7374180555343628,
  "uncertainty": 0.27073481424772466
}