{
  "image": "data\\raw\\images\\train\\F_2_4_42.jpg",
  "box": [
    854.072998046875,
    451.37969970703125,
    937.8031005859375,
    524.2313232421875
  ],
  "class": 3,
  "confidence": 0.27806356549263,
  "uncertainty": 0.4886729616231479
}