{
  "image": "data\\raw\\images\\train\\F_2_5_154.jpg",
  "box": [
    602.5185546875,
    490.9075012207031,
    659.67431640625,
    568.3262939453125
  ],
  "class": 3,
  "confidence": 0.5960809588432312,
  "uncertainty": 0.38105388497485465
}