{
  "image": "data\\raw\\images\\train\\F_2_6_568.jpg",
  "box": [
    926.719482421875,
    617.8631591796875,
    1031.0438232421875,
    805.9461669921875
  ],
  "class": 3,
  "confidence": 0.6844638586044312,
  "uncertainty": 0.36694550958600675
}