{
  "image": "data\\raw\\images\\train\\F_2_8_1864.jpg",
  "box": [
    1065.560791015625,
    604.1066284179688,
    1252.048583984375,
    673.6785888671875
  ],
  "class": 2,
  "confidence": 0.3612551689147949,
  "uncertainty": 0.3898184232015229
}