{
  "image": "data\\raw\\images\\train\\F_2_8_188.jpg",
  "box": [
    205.637451171875,
    477.6624755859375,
    629.0040283203125,
    959.1893920898438
  ],
  "class": 2,
  "confidence": 0.8505804538726807,
  "uncertainty": 0.17352187865351637
}