{
  "image": "data\\raw\\images\\train\\F_2_2_798.jpg",
  "box": [
    1029.318359375,
    229.84039306640625,
    1292.0863037109375,
    637.5498046875
  ],
  "class": 7,
  "confidence": 0.25013476610183716,
  "uncertainty": 0.4540743215735638
}