{
  "image": "data\\raw\\images\\train\\F_2_2_839.jpg",
  "box": [
    1258.592041015625,
    458.8392333984375,
    1918.4974365234375,
    1067.9365234375
  ],
  "class": 2,
  "confidence": 0.9444122910499573,
  "uncertainty": 0.13061260982176626
}