{
  "image": "data\\raw\\images\\train\\F_2_1_765.jpg",
  "box": [
    1588.10498046875,
    482.6679382324219,
    1655.0400390625,
    564.140869140625
  ],
  "class": 2,
  "confidence": 0.2697242200374603,
  "uncertainty": 0.378484921887297
}