{
  "image": "data\\raw\\images\\train\\F_2_6_551.jpg",
  "box": [
    51.77522277832031,
    585.8550415039062,
    132.2080535888672,
    696.52685546875
  ],
  "class": 3,
  "confidence": 0.7023879289627075,
  "uncertainty": 0.31068877570111536
}