{
  "image": "data\\raw\\images\\train\\F_2_3_380.jpg",
  "box": [
    388.6623229980469,
    456.8538818359375,
    503.3526306152344,
    568.2477416992188
  ],
  "class": 7,
  "confidence": 0.47208496928215027,
  "uncertainty": 0.3871651026094831
}