{
  "image": "data\\raw\\images\\train\\F_2_1_765.jpg",
  "box": [
    413.3836669921875,
    357.7715148925781,
    559.4763793945312,
    569.2479248046875
  ],
  "class": 5,
  "confidence": 0.8796068429946899,
  "uncertainty": 0.22030066449407942
}