{
  "image": "data\\raw\\images\\train\\F_2_2_773.jpg",
  "box": [
    1735.3201904296875,
    514.8740234375,
    1810.9398193359375,
    618.268310546875
  ],
  "class": 2,
  "confidence": 0.3580193817615509,
  "uncertainty": 0.4193851332603413
}