{
  "image": "data\\raw\\images\\train\\F_2_6_566.jpg",
  "box": [
    1124.038330078125,
    457.3392333984375,
    1169.1771240234375,
    560.4532470703125
  ],
  "class": 7,
  "confidence": 0.30657994747161865,
  "uncertainty": 0.44893737452869703
}