{
  "image": "data\\raw\\images\\train\\F_2_9_2974.jpg",
  "box": [
    82.37272644042969,
    451.8659362792969,
    133.87232971191406,
    541.887939453125
  ],
  "class": 3,
  "confidence": 0.439213365316391,
  "uncertainty": 0.4370988489285022
}