{
  "image": "data\\raw\\images\\train\\F_2_7_390.jpg",
  "box": [
    795.6113891601562,
    454.6313781738281,
    915.1173706054688,
    599.2725830078125
  ],
  "class": 2,
  "confidence": 0.5981306433677673,
  "uncertainty": 0.3074511923648841
}