{
  "image": "data\\raw\\images\\train\\F_2_7_441.jpg",
  "box": [
    274.7737121582031,
    399.6799621582031,
    617.7753295898438,
    813.64013671875
  ],
  "class": 2,
  "confidence": 0.4131527245044708,
  "uncertainty": 0.32341533338986256
}