{
  "image": "data\\raw\\images\\train\\F_2_2_964.jpg",
  "box": [
    940.6393432617188,
    477.5931701660156,
    1077.869873046875,
    568.3548583984375
  ],
  "class": 7,
  "confidence": 0.5209190249443054,
  "uncertainty": 0.41713561456715
}