{
  "image": "data\\raw\\images\\train\\F_2_7_445.jpg",
  "box": [
    0.9745330810546875,
    346.27239990234375,
    488.508544921875,
    1058.1748046875
  ],
  "class": 2,
  "confidence": 0.8767989277839661,
  "uncertainty": 0.14564999829306152
}