{
  "image": "data\\raw\\images\\train\\F_2_2_1673.jpg",
  "box": [
    14.856491088867188,
    650.9898681640625,
    197.07302856445312,
    886.4170532226562
  ],
  "class": 3,
  "confidence": 0.7838551998138428,
  "uncertainty": 0.2826059495731407
}