{
  "image": "data\\raw\\images\\train\\F_2_1_1199.jpg",
  "box": [
    1784.6376953125,
    412.9657287597656,
    1896.98681640625,
    560.880126953125
  ],
  "class": 2,
  "confidence": 0.8101944327354431,
  "uncertainty": 0.16478390227240303
}