{
  "image": "data\\raw\\images\\train\\F_2_7_1816.jpg",
  "box": [
    147.04994201660156,
    553.819580078125,
    227.61085510253906,
    660.4725341796875
  ],
  "class": 3,
  "confidence": 0.657986044883728,
  "uncertainty": 0.3157307543271727
}