{
  "image": "data\\raw\\images\\train\\F_2_2_1692.jpg",
  "box": [
    1597.387939453125,
    572.397705078125,
    1700.7418212890625,
    715.3856201171875
  ],
  "class": 3,
  "confidence": 0.6409363746643066,
  "uncertainty": 0.35602022885046697
}