{
  "image": "data\\raw\\images\\train\\F_2_2_179.jpg",
  "box": [
    994.6668090820312,
    478.46319580078125,
    1039.98095703125,
    567.25634765625
  ],
  "class": 2,
  "confidence": 0.32157355546951294,
  "uncertainty": 0.3603843644669354
}