{
  "image": "data\\raw\\images\\train\\F_2_7_958.jpg",
  "box": [
    1088.7666015625,
    414.5286865234375,
    1224.9188232421875,
    555.9493408203125
  ],
  "class": 2,
  "confidence": 0.7291989922523499,
  "uncertainty": 0.25815235262582226
}