{
  "image": "data\\raw\\images\\train\\F_2_7_1571.jpg",
  "box": [
    0.967254638671875,
    452.0067443847656,
    442.0543212890625,
    955.663330078125
  ],
  "class": 2,
  "confidence": 0.9398924708366394,
  "uncertainty": 0.11042206493794826
}