{
  "image": "data\\raw\\images\\train\\F_2_11_465.jpg",
  "box": [
    808.902099609375,
    477.96759033203125,
    842.7996826171875,
    519.1923217773438
  ],
  "class": 3,
  "confidence": 0.5565866827964783,
  "uncertainty": 0.36382490781966426
}