{
  "image": "data\\raw\\images\\train\\F_2_9_2901.jpg",
  "box": [
    1501.83349609375,
    504.3272705078125,
    1609.127685546875,
    589.4268798828125
  ],
  "class": 2,
  "confidence": 0.8412145376205444,
  "uncertainty": 0.15025635487844036
}