{
  "image": "data\\raw\\images\\train\\F_2_6_1732.jpg",
  "box": [
    812.210205078125,
    408.90399169921875,
    1052.6182861328125,
    730.2989501953125
  ],
  "class": 2,
  "confidence": 0.41033506393432617,
  "uncertainty": 0.36521096709689993
}