{
  "image": "data\\raw\\images\\train\\F_2_1_683.jpg",
  "box": [
    68.65533447265625,
    366.0837707519531,
    245.27374267578125,
    604.3518676757812
  ],
  "class": 7,
  "confidence": 0.6086260676383972,
  "uncertainty": 0.36885434511343035
}