{
  "image": "data\\raw\\images\\train\\F_2_1_957.jpg",
  "box": [
    428.7278137207031,
    529.37451171875,
    512.927978515625,
    675.53955078125
  ],
  "class": 3,
  "confidence": 0.6851640939712524,
  "uncertainty": 0.3611898810469442
}