{
  "image": "data\\raw\\images\\train\\F_2_6_492.jpg",
  "box": [
    875.2071533203125,
    3.91021728515625,
    1757.445556640625,
    812.3417358398438
  ],
  "class": 5,
  "confidence": 0.8443555235862732,
  "uncertainty": 0.31170282099139235
}