{
  "image": "data\\raw\\images\\train\\F_2_2_846.jpg",
  "box": [
    1614.49072265625,
    248.57949829101562,
    1918.8834228515625,
    1046.34228515625
  ],
  "class": 7,
  "confidence": 0.8903278112411499,
  "uncertainty": 0.22396996261222285
}