{
  "image": "data\\raw\\images\\train\\F_2_1_715.jpg",
  "box": [
    618.0012817382812,
    487.8373718261719,
    660.020751953125,
    540.4110107421875
  ],
  "class": 3,
  "confidence": 0.2857140004634857,
  "uncertainty": 0.4707896723269452
}