{
  "image": "data\\raw\\images\\train\\F_2_6_1164.jpg",
  "box": [
    1492.261474609375,
    449.59039306640625,
    1629.797119140625,
    639.1014404296875
  ],
  "class": 2,
  "confidence": 0.6557159423828125,
  "uncertainty": 0.26712670540808214
}