{
  "image": "data\\raw\\images\\train\\F_2_2_1358.jpg",
  "box": [
    0.57513427734375,
    384.1355895996094,
    219.0849151611328,
    656.3145751953125
  ],
  "class": 7,
  "confidence": 0.6331276297569275,
  "uncertainty": 0.3146788677246321
}