{
  "image": "data\\raw\\images\\train\\F_2_8_1036.jpg",
  "box": [
    352.8709716796875,
    468.3071594238281,
    396.5008850097656,
    542.1605224609375
  ],
  "class": 3,
  "confidence": 0.33497193455696106,
  "uncertainty": 0.46661627702398073
}