{
  "image": "data\\raw\\images\\train\\F_2_1_318.jpg",
  "box": [
    874.9447631835938,
    379.8167724609375,
    958.9638061523438,
    485.84820556640625
  ],
  "class": 7,
  "confidence": 0.5787027478218079,
  "uncertainty": 0.3810360731475068
}