{
  "image": "data\\raw\\images\\train\\F_2_7_1694.jpg",
  "box": [
    617.55078125,
    539.32763671875,
    687.1055908203125,
    634.2913818359375
  ],
  "class": 3,
  "confidence": 0.4524971842765808,
  "uncertainty": 0.4299302757867972
}