{
  "image": "data\\raw\\images\\train\\F_2_2_837.jpg",
  "box": [
    1209.005615234375,
    467.1552429199219,
    1266.2410888671875,
    533.5308837890625
  ],
  "class": 2,
  "confidence": 0.4962192475795746,
  "uncertainty": 0.29387498408781126
}