{
  "image": "data\\raw\\images\\train\\F_2_6_321.jpg",
  "box": [
    1711.2799072265625,
    427.70965576171875,
    1857.1168212890625,
    534.1307373046875
  ],
  "class": 5,
  "confidence": 0.5914787650108337,
  "uncertainty": 0.38235989092528805
}