{
  "image": "data\\raw\\images\\train\\F_2_3_387.jpg",
  "box": [
    1431.649169921875,
    455.4368591308594,
    1845.72021484375,
    775.5146484375
  ],
  "class": 2,
  "confidence": 0.25721973180770874,
  "uncertainty": 0.45832724502006944
}