{
  "image": "data\\raw\\images\\train\\F_2_1_537.jpg",
  "box": [
    1459.117431640625,
    477.4461364746094,
    1533.8427734375,
    574.2735595703125
  ],
  "class": 2,
  "confidence": 0.42988321185112,
  "uncertainty": 0.32805136927273637
}