{
  "image": "data\\raw\\images\\train\\F_2_2_784.jpg",
  "box": [
    0.32281494140625,
    271.2557373046875,
    645.851318359375,
    962.284423828125
  ],
  "class": 7,
  "confidence": 0.9241963624954224,
  "uncertainty": 0.19644659530372288
}