{
  "image": "data\\raw\\images\\train\\F_2_7_1985.jpg",
  "box": [
    691.3360595703125,
    903.0274658203125,
    1027.08935546875,
    1072.23046875
  ],
  "class": 3,
  "confidence": 0.6813334822654724,
  "uncertainty": 0.268361191667871
}