{
  "image": "data\\raw\\images\\train\\F_2_7_1802.jpg",
  "box": [
    341.4526062011719,
    276.19830322265625,
    614.93701171875,
    523.8834228515625
  ],
  "class": 5,
  "confidence": 0.6264567375183105,
  "uncertainty": 0.3495852974043204
}