{
  "image": "data\\raw\\images\\train\\F_2_6_1388.jpg",
  "box": [
    668.2717895507812,
    499.7578125,
    718.4005737304688,
    597.5247802734375
  ],
  "class": 3,
  "confidence": 0.5567858219146729,
  "uncertainty": 0.4050213891002894
}