{
  "image": "data\\raw\\images\\train\\F_2_9_1902.jpg",
  "box": [
    952.5831298828125,
    461.3789978027344,
    1064.3009033203125,
    591.8021240234375
  ],
  "class": 7,
  "confidence": 0.40261274576187134,
  "uncertainty": 0.40936762139942323
}