{
  "image": "data\\raw\\images\\train\\F_2_6_330.jpg",
  "box": [
    369.2696533203125,
    546.664306640625,
    456.1297607421875,
    775.4747314453125
  ],
  "class": 3,
  "confidence": 0.7781615257263184,
  "uncertainty": 0.30162451250662325
}