{
  "image": "data\\raw\\images\\train\\F_2_2_1308.jpg",
  "box": [
    678.8231201171875,
    444.5411682128906,
    731.87646484375,
    481.9010009765625
  ],
  "class": 2,
  "confidence": 0.2734525501728058,
  "uncertainty": 0.37425852998599496
}