{
  "image": "data\\raw\\images\\train\\F_2_6_1794.jpg",
  "box": [
    1769.72265625,
    513.1004638671875,
    1918.977783203125,
    1069.030029296875
  ],
  "class": 2,
  "confidence": 0.851398766040802,
  "uncertainty": 0.17349299075096258
}