{
  "image": "data\\raw\\images\\train\\F_2_2_835.jpg",
  "box": [
    1325.42236328125,
    428.8740234375,
    1919.026123046875,
    1067.42626953125
  ],
  "class": 2,
  "confidence": 0.9118036031723022,
  "uncertainty": 0.13005689977794252
}