{
  "image": "data\\raw\\images\\train\\F_2_1_626.jpg",
  "box": [
    1079.066162109375,
    471.365478515625,
    1185.5654296875,
    593.6837768554688
  ],
  "class": 7,
  "confidence": 0.5437026023864746,
  "uncertainty": 0.36255421911017216
}