{
  "image": "data\\raw\\images\\train\\F_2_4_1027.jpg",
  "box": [
    1629.735595703125,
    374.965576171875,
    1690.287109375,
    477.40283203125
  ],
  "class": 3,
  "confidence": 0.7344179749488831,
  "uncertainty": 0.3820257086149586
}