{
  "image": "data\\raw\\images\\train\\F_2_2_1284.jpg",
  "box": [
    629.0899658203125,
    400.1397399902344,
    970.72705078125,
    842.5909423828125
  ],
  "class": 7,
  "confidence": 0.788214385509491,
  "uncertainty": 0.29623271465626466
}