{
  "image": "data\\raw\\images\\train\\F_2_1_365.jpg",
  "box": [
    998.4728393554688,
    481.60638427734375,
    1044.556640625,
    542.7778930664062
  ],
  "class": 7,
  "confidence": 0.7484867572784424,
  "uncertainty": 0.25669725935573584
}