{
  "image": "data\\raw\\images\\train\\F_2_6_1441.jpg",
  "box": [
    1368.3564453125,
    655.0336303710938,
    1537.330810546875,
    994.7435302734375
  ],
  "class": 3,
  "confidence": 0.6181503534317017,
  "uncertainty": 0.4161988198603718
}