{
  "image": "data\\raw\\images\\train\\F_2_1_940.jpg",
  "box": [
    1790.9150390625,
    422.43585205078125,
    1895.020751953125,
    585.3033447265625
  ],
  "class": 7,
  "confidence": 0.4244837462902069,
  "uncertainty": 0.3955369038022754
}