{
  "image": "data\\raw\\images\\train\\F_2_1_843.jpg",
  "box": [
    337.2926330566406,
    408.4266357421875,
    477.6251220703125,
    565.5899047851562
  ],
  "class": 5,
  "confidence": 0.7961148619651794,
  "uncertainty": 0.24640532927484965
}