{
  "image": "data\\raw\\images\\train\\F_2_1_56.jpg",
  "box": [
    859.3097534179688,
    404.7334899902344,
    906.7637329101562,
    436.0214538574219
  ],
  "class": 2,
  "confidence": 0.29666340351104736,
  "uncertainty": 0.4051947104546038
}