{
  "image": "data\\raw\\images\\train\\F_2_9_1423.jpg",
  "box": [
    540.5059204101562,
    447.025634765625,
    709.446533203125,
    674.640380859375
  ],
  "class": 7,
  "confidence": 0.8005901575088501,
  "uncertainty": 0.24981681676357426
}