{
  "image": "data\\raw\\images\\train\\F_2_1_140.jpg",
  "box": [
    566.3379516601562,
    588.996337890625,
    661.252197265625,
    731.7703857421875
  ],
  "class": 3,
  "confidence": 0.7321022748947144,
  "uncertainty": 0.32140777726607545
}