{
  "image": "data\\raw\\images\\train\\F_2_1_333.jpg",
  "box": [
    1043.541259765625,
    335.8829345703125,
    1202.7724609375,
    450.9442138671875
  ],
  "class": 7,
  "confidence": 0.4603320062160492,
  "uncertainty": 0.4121400424506089
}