{
  "image": "data\\raw\\images\\train\\F_2_1_328.jpg",
  "box": [
    0.2971916198730469,
    423.38031005859375,
    123.46337890625,
    684.0947265625
  ],
  "class": 7,
  "confidence": 0.5191123485565186,
  "uncertainty": 0.3632686353635354
}