{
  "image": "data\\raw\\images\\train\\F_2_2_759.jpg",
  "box": [
    1474.034423828125,
    431.019287109375,
    1576.444580078125,
    557.5576171875
  ],
  "class": 7,
  "confidence": 0.7644809484481812,
  "uncertainty": 0.27468758866743714
}