{
  "image": "data\\raw\\images\\train\\F_2_7_1741.jpg",
  "box": [
    149.45164489746094,
    546.5150756835938,
    481.2801513671875,
    793.1618041992188
  ],
  "class": 2,
  "confidence": 0.9119226932525635,
  "uncertainty": 0.14628112426179204
}