{
  "image": "data\\raw\\images\\train\\F_2_2_306.jpg",
  "box": [
    0.0,
    468.70697021484375,
    280.87396240234375,
    575.2619018554688
  ],
  "class": 2,
  "confidence": 0.8821350932121277,
  "uncertainty": 0.14981212560082746
}