{
  "image": "data\\raw\\images\\train\\F_2_8_1258.jpg",
  "box": [
    1081.084716796875,
    628.29052734375,
    1179.1710205078125,
    790.3690795898438
  ],
  "class": 3,
  "confidence": 0.6840295195579529,
  "uncertainty": 0.36560307464797087
}