{
  "image": "data\\raw\\images\\train\\F_2_2_979.jpg",
  "box": [
    1069.213623046875,
    381.80108642578125,
    1139.5660400390625,
    476.95330810546875
  ],
  "class": 2,
  "confidence": 0.4268989562988281,
  "uncertainty": 0.413876097402552
}