{
  "image": "data\\raw\\images\\train\\F_2_1_1131.jpg",
  "box": [
    991.306640625,
    414.8057861328125,
    1128.403564453125,
    498.58148193359375
  ],
  "class": 2,
  "confidence": 0.26060807704925537,
  "uncertainty": 0.45669504043646086
}