{
  "image": "data\\raw\\images\\train\\F_2_1_29.jpg",
  "box": [
    1281.5863037109375,
    402.3044128417969,
    1919.2694091796875,
    1005.435791015625
  ],
  "class": 2,
  "confidence": 0.9384642243385315,
  "uncertainty": 0.11972501683988965
}