{
  "image": "data\\raw\\images\\train\\F_2_7_817.jpg",
  "box": [
    1673.9901123046875,
    415.6233215332031,
    1755.0289306640625,
    492.5003356933594
  ],
  "class": 2,
  "confidence": 0.7721154093742371,
  "uncertainty": 0.17163025180222616
}