{
  "image": "data\\raw\\images\\train\\F_2_2_1694.jpg",
  "box": [
    1363.630126953125,
    560.431884765625,
    1452.66552734375,
    719.3382568359375
  ],
  "class": 3,
  "confidence": 0.7455433011054993,
  "uncertainty": 0.30144224079034765
}