{
  "image": "data\\raw\\images\\train\\F_2_1_415.jpg",
  "box": [
    1462.30615234375,
    478.55364990234375,
    1490.4735107421875,
    515.6927490234375
  ],
  "class": 3,
  "confidence": 0.3936549723148346,
  "uncertainty": 0.43266036706206734
}