{
  "image": "data\\raw\\images\\train\\F_2_7_898.jpg",
  "box": [
    0.121124267578125,
    823.661865234375,
    117.18037414550781,
    1075.127197265625
  ],
  "class": 3,
  "confidence": 0.6207814812660217,
  "uncertainty": 0.3425863222950336
}