{
  "image": "data\\raw\\images\\train\\F_2_7_1636.jpg",
  "box": [
    0.514068603515625,
    455.9724426269531,
    126.1622543334961,
    755.0706787109375
  ],
  "class": 2,
  "confidence": 0.76731938123703,
  "uncertainty": 0.20143850122247683
}