{
  "image": "data\\raw\\images\\train\\F_2_8_745.jpg",
  "box": [
    660.3603515625,
    404.40020751953125,
    739.102294921875,
    494.02886962890625
  ],
  "class": 7,
  "confidence": 0.5223756432533264,
  "uncertainty": 0.3852814951414658
}