{
  "image": "data\\raw\\images\\train\\F_2_2_1440.jpg",
  "box": [
    1307.007080078125,
    492.7790222167969,
    1381.671630859375,
    604.92236328125
  ],
  "class": 3,
  "confidence": 0.5992529392242432,
  "uncertainty": 0.39418361857518475
}