{
  "image": "data\\raw\\images\\train\\F_2_3_165.jpg",
  "box": [
    1254.28076171875,
    446.64678955078125,
    1338.748779296875,
    482.66400146484375
  ],
  "class": 2,
  "confidence": 0.39716455340385437,
  "uncertainty": 0.39035754424142266
}