{
  "image": "data\\raw\\images\\train\\F_2_2_1697.jpg",
  "box": [
    1146.1103515625,
    462.8189697265625,
    1243.768310546875,
    531.761474609375
  ],
  "class": 2,
  "confidence": 0.2667236328125,
  "uncertainty": 0.49152553467814486
}