{
  "image": "data\\raw\\images\\train\\F_2_1_310.jpg",
  "box": [
    527.6962280273438,
    442.5289306640625,
    617.9764404296875,
    550.499267578125
  ],
  "class": 7,
  "confidence": 0.7413837313652039,
  "uncertainty": 0.27231686915415654
}