{
  "image": "data\\raw\\images\\train\\F_2_1_725.jpg",
  "box": [
    1357.5347900390625,
    399.7290344238281,
    1471.047119140625,
    487.5909118652344
  ],
  "class": 7,
  "confidence": 0.3174552023410797,
  "uncertainty": 0.480090007866169
}