{
  "image": "data\\raw\\images\\train\\F_2_9_2903.jpg",
  "box": [
    1802.183349609375,
    475.87298583984375,
    1919.246337890625,
    586.3992919921875
  ],
  "class": 2,
  "confidence": 0.7350776195526123,
  "uncertainty": 0.18694726229607403
}