{
  "image": "data\\raw\\images\\train\\F_2_7_100.jpg",
  "box": [
    317.19610595703125,
    500.86944580078125,
    881.6007080078125,
    1041.3739013671875
  ],
  "class": 2,
  "confidence": 0.8714176416397095,
  "uncertainty": 0.16245867605263908
}