{
  "image": "data\\raw\\images\\train\\F_2_7_1668.jpg",
  "box": [
    1319.02392578125,
    402.0101318359375,
    1417.9947509765625,
    509.6661376953125
  ],
  "class": 2,
  "confidence": 0.2799597680568695,
  "uncertainty": 0.4077795636671198
}