{
  "image": "data\\raw\\images\\train\\F_2_6_1490.jpg",
  "box": [
    1131.3643798828125,
    786.5817260742188,
    1406.3272705078125,
    1070.3076171875
  ],
  "class": 3,
  "confidence": 0.7366341948509216,
  "uncertainty": 0.2859659158278635
}