{
  "image": "data\\raw\\images\\train\\F_2_6_1430.jpg",
  "box": [
    1306.267822265625,
    445.2880554199219,
    1502.193115234375,
    564.2902221679688
  ],
  "class": 7,
  "confidence": 0.5909959077835083,
  "uncertainty": 0.3847552718970461
}