{
  "image": "data\\raw\\images\\train\\F_2_3_555.jpg",
  "box": [
    1.0308265686035156,
    224.43869018554688,
    184.30941772460938,
    415.6740417480469
  ],
  "class": 5,
  "confidence": 0.753771960735321,
  "uncertainty": 0.2670666956075078
}