{
  "image": "data\\raw\\images\\train\\F_2_1_742.jpg",
  "box": [
    290.42462158203125,
    490.6950988769531,
    353.33984375,
    558.7271728515625
  ],
  "class": 2,
  "confidence": 0.5679782629013062,
  "uncertainty": 0.2552057048827977
}