{
  "image": "data\\raw\\images\\train\\F_2_1_485.jpg",
  "box": [
    824.934814453125,
    479.8524169921875,
    924.3975219726562,
    568.6737670898438
  ],
  "class": 2,
  "confidence": 0.6351110935211182,
  "uncertainty": 0.23453270409564053
}