{
  "image": "data\\raw\\images\\train\\F_2_3_424.jpg",
  "box": [
    828.853759765625,
    469.69970703125,
    1060.960205078125,
    668.1856689453125
  ],
  "class": 2,
  "confidence": 0.8931549787521362,
  "uncertainty": 0.14210385009509607
}