{
  "image": "data\\raw\\images\\train\\F_2_2_306.jpg",
  "box": [
    1079.489013671875,
    462.596923828125,
    1143.2587890625,
    528.86279296875
  ],
  "class": 2,
  "confidence": 0.3482391834259033,
  "uncertainty": 0.3980276688878178
}