{
  "image": "data\\raw\\images\\train\\F_2_2_179.jpg",
  "box": [
    1174.2794189453125,
    518.1132202148438,
    1206.912109375,
    567.298095703125
  ],
  "class": 3,
  "confidence": 0.4057883620262146,
  "uncertainty": 0.4175965715628343
}