{
  "image": "data\\raw\\images\\train\\F_2_7_2018.jpg",
  "box": [
    822.0126342773438,
    411.12982177734375,
    949.8949584960938,
    522.8369750976562
  ],
  "class": 2,
  "confidence": 0.46145471930503845,
  "uncertainty": 0.3239682130886554
}