{
  "image": "data\\raw\\images\\train\\F_2_2_1588.jpg",
  "box": [
    747.3536376953125,
    450.67034912109375,
    859.9205932617188,
    495.6336364746094
  ],
  "class": 2,
  "confidence": 0.4440199136734009,
  "uncertainty": 0.33834798118185516
}