{
  "image": "data\\raw\\images\\train\\F_2_5_328.jpg",
  "box": [
    325.8197021484375,
    480.3555908203125,
    363.87298583984375,
    592.8837890625
  ],
  "class": 2,
  "confidence": 0.3019382059574127,
  "uncertainty": 0.41700212976288453
}