{
  "image": "data\\raw\\images\\train\\F_2_2_87.jpg",
  "box": [
    1.2894744873046875,
    176.04002380371094,
    504.0097961425781,
    728.6141357421875
  ],
  "class": 5,
  "confidence": 0.9479526281356812,
  "uncertainty": 0.18942535445996989
}