{
  "image": "data\\raw\\images\\train\\F_2_1_932.jpg",
  "box": [
    1420.29248046875,
    399.12908935546875,
    1636.02783203125,
    621.7329711914062
  ],
  "class": 7,
  "confidence": 0.8582876920700073,
  "uncertainty": 0.24136685739716968
}