{
  "image": "data\\raw\\images\\train\\F_2_2_1434.jpg",
  "box": [
    2.589752197265625,
    139.29098510742188,
    753.7730102539062,
    1065.7242431640625
  ],
  "class": 7,
  "confidence": 0.8257797360420227,
  "uncertainty": 0.2665111917394427
}