{
  "image": "data\\raw\\images\\train\\F_2_1_588.jpg",
  "box": [
    55.51414489746094,
    464.9644775390625,
    240.72024536132812,
    615.0708618164062
  ],
  "class": 2,
  "confidence": 0.3684742748737335,
  "uncertainty": 0.42239898714169205
}