{
  "image": "data\\raw\\images\\train\\F_2_2_761.jpg",
  "box": [
    0.911041259765625,
    248.23631286621094,
    376.7873840332031,
    471.10504150390625
  ],
  "class": 5,
  "confidence": 0.8679300546646118,
  "uncertainty": 0.24412278281964073
}