{
  "image": "data\\raw\\images\\train\\F_2_1_22.jpg",
  "box": [
    0.7376861572265625,
    212.0233154296875,
    216.3749542236328,
    629.899169921875
  ],
  "class": 7,
  "confidence": 0.9297928810119629,
  "uncertainty": 0.20305858445433428
}