{
  "image": "data\\raw\\images\\train\\F_2_2_836.jpg",
  "box": [
    1073.451171875,
    460.2996826171875,
    1141.3087158203125,
    531.4854736328125
  ],
  "class": 2,
  "confidence": 0.3811797797679901,
  "uncertainty": 0.35362661993145744
}