{
  "image": "data\\raw\\images\\train\\F_2_7_658.jpg",
  "box": [
    1078.63818359375,
    506.28094482421875,
    1130.17138671875,
    607.125732421875
  ],
  "class": 3,
  "confidence": 0.31118762493133545,
  "uncertainty": 0.4903091438874733
}