{
  "image": "data\\raw\\images\\train\\F_2_1_627.jpg",
  "box": [
    1050.773193359375,
    492.6046142578125,
    1081.759521484375,
    537.333740234375
  ],
  "class": 3,
  "confidence": 0.5147269368171692,
  "uncertainty": 0.393835628141268
}