{
  "image": "data\\raw\\images\\train\\F_2_2_887.jpg",
  "box": [
    1.4011688232421875,
    4.87078857421875,
    739.54052734375,
    869.5828857421875
  ],
  "class": 7,
  "confidence": 0.9675213098526001,
  "uncertainty": 0.16488005365169184
}