{
  "image": "data\\raw\\images\\train\\F_2_9_3023.jpg",
  "box": [
    1336.410888671875,
    456.95404052734375,
    1383.86328125,
    524.3375854492188
  ],
  "class": 2,
  "confidence": 0.4804955720901489,
  "uncertainty": 0.3239384220059564
}