{
  "image": "data\\raw\\images\\train\\F_2_7_1668.jpg",
  "box": [
    462.0275573730469,
    400.6537170410156,
    933.14990234375,
    733.3883056640625
  ],
  "class": 2,
  "confidence": 0.7930120229721069,
  "uncertainty": 0.26114651738404565
}