{
  "image": "data\\raw\\images\\train\\F_2_9_3014.jpg",
  "box": [
    747.380615234375,
    271.69140625,
    1050.385498046875,
    518.9654541015625
  ],
  "class": 7,
  "confidence": 0.478320837020874,
  "uncertainty": 0.4536230407329326
}