{
  "image": "data\\raw\\images\\train\\F_2_1_341.jpg",
  "box": [
    1672.4827880859375,
    338.4084167480469,
    1768.3560791015625,
    424.8929443359375
  ],
  "class": 7,
  "confidence": 0.6981453895568848,
  "uncertainty": 0.28623956658121985
}