{
  "image": "data\\raw\\images\\train\\F_2_4_29.jpg",
  "box": [
    1530.44677734375,
    724.9791259765625,
    1919.0855712890625,
    1073.877197265625
  ],
  "class": 3,
  "confidence": 0.6557630300521851,
  "uncertainty": 0.4003897491265562
}