{
  "image": "data\\raw\\images\\train\\F_2_6_541.jpg",
  "box": [
    1006.545166015625,
    645.225341796875,
    1151.465087890625,
    920.438720703125
  ],
  "class": 3,
  "confidence": 0.41509103775024414,
  "uncertainty": 0.469337023946529
}