{
  "image": "data\\raw\\images\\train\\F_2_9_3014.jpg",
  "box": [
    1560.1298828125,
    346.7673645019531,
    1654.5986328125,
    533.474853515625
  ],
  "class": 7,
  "confidence": 0.617023766040802,
  "uncertainty": 0.33239127796656304
}