{
  "image": "data\\raw\\images\\train\\F_2_6_51.jpg",
  "box": [
    206.9930419921875,
    543.9695434570312,
    386.3462219238281,
    908.8760986328125
  ],
  "class": 3,
  "confidence": 0.7782363295555115,
  "uncertainty": 0.42618122946402176
}