{
  "image": "data\\raw\\images\\train\\F_2_8_812.jpg",
  "box": [
    1304.06640625,
    420.83807373046875,
    1367.02099609375,
    477.198486328125
  ],
  "class": 2,
  "confidence": 0.26781171560287476,
  "uncertainty": 0.3830977966032358
}