{
  "image": "data\\raw\\images\\train\\F_2_2_985.jpg",
  "box": [
    827.1520385742188,
    518.3992919921875,
    902.4992065429688,
    654.2430419921875
  ],
  "class": 3,
  "confidence": 0.661065936088562,
  "uncertainty": 0.3624630866606174
}