{
  "image": "data\\raw\\images\\train\\F_2_4_645.jpg",
  "box": [
    1455.491455078125,
    662.8944702148438,
    1762.8380126953125,
    1071.4222412109375
  ],
  "class": 3,
  "confidence": 0.5293130278587341,
  "uncertainty": 0.48648097351327074
}