{
  "image": "data\\raw\\images\\train\\F_2_2_966.jpg",
  "box": [
    207.16392517089844,
    437.819091796875,
    418.75177001953125,
    650.5874633789062
  ],
  "class": 2,
  "confidence": 0.5084234476089478,
  "uncertainty": 0.35158337198059914
}