{
  "image": "data\\raw\\images\\train\\F_2_1_424.jpg",
  "box": [
    1350.45849609375,
    476.0527038574219,
    1372.587890625,
    516.994873046875
  ],
  "class": 3,
  "confidence": 0.5869113802909851,
  "uncertainty": 0.3501901899976667
}