{
  "image": "data\\raw\\images\\train\\F_2_2_272.jpg",
  "box": [
    1359.138671875,
    501.2983703613281,
    1463.6983642578125,
    638.0033569335938
  ],
  "class": 3,
  "confidence": 0.7966980934143066,
  "uncertainty": 0.3124822780249085
}