{
  "image": "data\\raw\\images\\train\\F_2_7_1210.jpg",
  "box": [
    1142.291259765625,
    331.4934387207031,
    1918.6483154296875,
    1068.41455078125
  ],
  "class": 2,
  "confidence": 0.9477977156639099,
  "uncertainty": 0.1001082330907676
}