{
  "image": "data\\raw\\images\\train\\F_2_6_1604.jpg",
  "box": [
    1501.442626953125,
    521.41015625,
    1566.562744140625,
    587.652587890625
  ],
  "class": 2,
  "confidence": 0.45307111740112305,
  "uncertainty": 0.29555807823022967
}