{
  "image": "data\\raw\\images\\train\\F_2_2_793.jpg",
  "box": [
    1561.3062744140625,
    565.0078125,
    1604.1156005859375,
    604.1676635742188
  ],
  "class": 3,
  "confidence": 0.3052590787410736,
  "uncertainty": 0.45094809788786283
}