{
  "image": "data\\raw\\images\\train\\F_2_1_564.jpg",
  "box": [
    1349.3294677734375,
    514.1990966796875,
    1491.26513671875,
    615.5341186523438
  ],
  "class": 2,
  "confidence": 0.7184157967567444,
  "uncertainty": 0.2133130075510595
}