{
  "image": "data\\raw\\images\\train\\F_2_10_174.jpg",
  "box": [
    417.1322021484375,
    317.7946472167969,
    735.7672119140625,
    579.34521484375
  ],
  "class": 7,
  "confidence": 0.7002934813499451,
  "uncertainty": 0.35119584222499856
}