{
  "image": "data\\raw\\images\\train\\F_2_2_836.jpg",
  "box": [
    1399.46044921875,
    599.4881591796875,
    1524.4757080078125,
    758.7976684570312
  ],
  "class": 3,
  "confidence": 0.638988196849823,
  "uncertainty": 0.3452234477484975
}