{
  "image": "data\\raw\\images\\train\\F_2_9_2932.jpg",
  "box": [
    1129.45361328125,
    4.97662353515625,
    1918.084228515625,
    924.0715942382812
  ],
  "class": 7,
  "confidence": 0.8751428127288818,
  "uncertainty": 0.21711818591871462
}