{
  "image": "data\\raw\\images\\train\\F_2_8_1884.jpg",
  "box": [
    1717.975341796875,
    544.3040771484375,
    1919.348876953125,
    738.9472045898438
  ],
  "class": 3,
  "confidence": 0.8423553109169006,
  "uncertainty": 0.29145475257382897
}