{
  "image": "data\\raw\\images\\train\\F_2_6_884.jpg",
  "box": [
    1173.1021728515625,
    450.6286926269531,
    1314.648193359375,
    626.2547607421875
  ],
  "class": 2,
  "confidence": 0.3354273736476898,
  "uncertainty": 0.34116409485546906
}