{
  "image": "data\\raw\\images\\train\\F_2_7_1790.jpg",
  "box": [
    902.4959106445312,
    339.22332763671875,
    1024.9251708984375,
    436.57861328125
  ],
  "class": 2,
  "confidence": 0.803124189376831,
  "uncertainty": 0.16643004849801923
}