{
  "image": "data\\raw\\images\\train\\F_2_10_110.jpg",
  "box": [
    39.94258117675781,
    274.3399353027344,
    386.1099853515625,
    602.5008544921875
  ],
  "class": 7,
  "confidence": 0.7992286682128906,
  "uncertainty": 0.25638318021320267
}