{
  "image": "data\\raw\\images\\train\\F_2_7_837.jpg",
  "box": [
    991.1317749023438,
    588.3582763671875,
    1088.012451171875,
    655.57861328125
  ],
  "class": 2,
  "confidence": 0.6803962588310242,
  "uncertainty": 0.20905639718454608
}