{
  "image": "data\\raw\\images\\train\\F_2_6_283.jpg",
  "box": [
    1561.902587890625,
    95.35162353515625,
    1917.977294921875,
    751.7770385742188
  ],
  "class": 5,
  "confidence": 0.9239843487739563,
  "uncertainty": 0.18112592041700043
}