{
  "image": "data\\raw\\images\\train\\F_2_4_876.jpg",
  "box": [
    769.1559448242188,
    425.602783203125,
    834.90234375,
    485.89410400390625
  ],
  "class": 2,
  "confidence": 0.2853192389011383,
  "uncertainty": 0.38454693080093
}