{
  "image": "data\\raw\\images\\train\\F_2_7_1224.jpg",
  "box": [
    1795.132080078125,
    430.8584289550781,
    1918.46533203125,
    646.01416015625
  ],
  "class": 2,
  "confidence": 0.8212450742721558,
  "uncertainty": 0.15907766704462212
}