{
  "image": "data\\raw\\images\\train\\F_2_6_286.jpg",
  "box": [
    401.0328369140625,
    563.2280883789062,
    564.5842895507812,
    698.4725952148438
  ],
  "class": 3,
  "confidence": 0.7132710814476013,
  "uncertainty": 0.3234979338795678
}