{
  "image": "data\\raw\\images\\train\\F_2_1_927.jpg",
  "box": [
    1197.6602783203125,
    488.15966796875,
    1288.0704345703125,
    568.9586181640625
  ],
  "class": 2,
  "confidence": 0.6678939461708069,
  "uncertainty": 0.22997755095555894
}