{
  "image": "data\\raw\\images\\train\\F_2_7_896.jpg",
  "box": [
    0.0,
    411.492919921875,
    414.364013671875,
    863.4830932617188
  ],
  "class": 2,
  "confidence": 0.7267662882804871,
  "uncertainty": 0.22023070334060746
}