{
  "image": "data\\raw\\images\\train\\F_2_7_1938.jpg",
  "box": [
    1225.2520751953125,
    449.6428527832031,
    1276.4095458984375,
    521.2130126953125
  ],
  "class": 3,
  "confidence": 0.6532772779464722,
  "uncertainty": 0.34725713363706806
}