{
  "image": "data\\raw\\images\\train\\F_2_2_1415.jpg",
  "box": [
    1524.3292236328125,
    498.3003845214844,
    1631.9776611328125,
    593.462890625
  ],
  "class": 2,
  "confidence": 0.7634667158126831,
  "uncertainty": 0.19385490133938524
}