{
  "image": "data\\raw\\images\\train\\F_2_1_934.jpg",
  "box": [
    1428.6170654296875,
    414.4364318847656,
    1541.7685546875,
    522.7750244140625
  ],
  "class": 7,
  "confidence": 0.37266460061073303,
  "uncertainty": 0.4544264758305791
}