{
  "image": "data\\raw\\images\\train\\F_2_7_1774.jpg",
  "box": [
    381.08563232421875,
    371.1164245605469,
    708.9539184570312,
    763.4976806640625
  ],
  "class": 7,
  "confidence": 0.7967356443405151,
  "uncertainty": 0.3675898834691244
}