{
  "image": "data\\raw\\images\\train\\F_2_7_449.jpg",
  "box": [
    421.414306640625,
    418.8226318359375,
    745.9059448242188,
    669.362548828125
  ],
  "class": 2,
  "confidence": 0.4765242040157318,
  "uncertainty": 0.2812254274562054
}