{
  "image": "data\\raw\\images\\train\\F_2_3_380.jpg",
  "box": [
    1179.0360107421875,
    406.8108215332031,
    1366.512939453125,
    525.332763671875
  ],
  "class": 7,
  "confidence": 0.5316187739372253,
  "uncertainty": 0.34929556649295906
}