{
  "image": "data\\raw\\images\\train\\F_2_7_210.jpg",
  "box": [
    717.0146484375,
    446.69891357421875,
    814.064208984375,
    512.142822265625
  ],
  "class": 2,
  "confidence": 0.4507389962673187,
  "uncertainty": 0.4014090397879635
}