{
  "image": "data\\raw\\images\\train\\F_2_11_392.jpg",
  "box": [
    1652.986083984375,
    514.1148681640625,
    1770.098876953125,
    621.004638671875
  ],
  "class": 2,
  "confidence": 0.3216039836406708,
  "uncertainty": 0.4306551199511253
}