{
  "image": "data\\raw\\images\\train\\F_2_1_932.jpg",
  "box": [
    1138.86572265625,
    457.2382507324219,
    1189.759033203125,
    509.69091796875
  ],
  "class": 2,
  "confidence": 0.43075546622276306,
  "uncertainty": 0.34697423136036887
}