{
  "image": "data\\raw\\images\\train\\F_2_3_641.jpg",
  "box": [
    1405.5286865234375,
    576.783203125,
    1517.6097412109375,
    743.6636962890625
  ],
  "class": 3,
  "confidence": 0.8419440984725952,
  "uncertainty": 0.25679997965095736
}