{
  "image": "data\\raw\\images\\train\\F_2_1_325.jpg",
  "box": [
    210.2710418701172,
    427.1051330566406,
    471.6415100097656,
    713.9293212890625
  ],
  "class": 7,
  "confidence": 0.7357955574989319,
  "uncertainty": 0.27651286353675175
}