{
  "image": "data\\raw\\images\\train\\F_2_7_1744.jpg",
  "box": [
    864.6157836914062,
    554.7244873046875,
    926.8372192382812,
    649.763916015625
  ],
  "class": 3,
  "confidence": 0.6827648282051086,
  "uncertainty": 0.35392258158417095
}