{
  "image": "data\\raw\\images\\train\\F_2_1_790.jpg",
  "box": [
    1226.4393310546875,
    469.3973693847656,
    1322.937744140625,
    569.6868896484375
  ],
  "class": 2,
  "confidence": 0.38519418239593506,
  "uncertainty": 0.34674492533358786
}