{
  "image": "data\\raw\\images\\train\\F_2_4_192.jpg",
  "box": [
    661.1328735351562,
    341.5587158203125,
    1393.985107421875,
    1044.8984375
  ],
  "class": 7,
  "confidence": 0.6504989266395569,
  "uncertainty": 0.3291790682379974
}