{
  "image": "data\\raw\\images\\train\\F_2_7_1790.jpg",
  "box": [
    719.5223388671875,
    279.207763671875,
    876.2682495117188,
    364.3475646972656
  ],
  "class": 7,
  "confidence": 0.5067656636238098,
  "uncertainty": 0.3706405139947315
}