{
  "image": "data\\raw\\images\\train\\F_2_1_362.jpg",
  "box": [
    416.61053466796875,
    527.0146484375,
    462.84100341796875,
    566.692138671875
  ],
  "class": 3,
  "confidence": 0.5478730201721191,
  "uncertainty": 0.387121641035521
}