{
  "image": "data\\raw\\images\\train\\F_2_2_1466.jpg",
  "box": [
    1345.64892578125,
    468.82452392578125,
    1474.8145751953125,
    630.7177734375
  ],
  "class": 2,
  "confidence": 0.7796290516853333,
  "uncertainty": 0.17894912630563561
}