{
  "image": "data\\raw\\images\\train\\F_2_7_441.jpg",
  "box": [
    946.8554077148438,
    361.5787353515625,
    1685.423828125,
    1062.764892578125
  ],
  "class": 2,
  "confidence": 0.9273473620414734,
  "uncertainty": 0.17003584950256656
}