{
  "image": "data\\raw\\images\\train\\F_2_2_837.jpg",
  "box": [
    405.47479248046875,
    521.3372802734375,
    491.7132568359375,
    634.2363891601562
  ],
  "class": 3,
  "confidence": 0.3865777552127838,
  "uncertainty": 0.4600960877037146
}