{
  "image": "data\\raw\\images\\train\\F_2_2_939.jpg",
  "box": [
    1092.583984375,
    564.21044921875,
    1138.5927734375,
    632.19482421875
  ],
  "class": 3,
  "confidence": 0.6235625147819519,
  "uncertainty": 0.35191858041744284
}