{
  "image": "data\\raw\\images\\train\\F_2_8_400.jpg",
  "box": [
    700.5250854492188,
    412.62567138671875,
    1920.0,
    1068.091552734375
  ],
  "class": 2,
  "confidence": 0.917131781578064,
  "uncertainty": 0.061750347809992966
}