{
  "image": "data\\raw\\images\\train\\F_2_9_2965.jpg",
  "box": [
    869.863525390625,
    480.66839599609375,
    909.597900390625,
    525.9951171875
  ],
  "class": 2,
  "confidence": 0.6001370549201965,
  "uncertainty": 0.2528704478927334
}