{
  "image": "data\\raw\\images\\train\\F_2_9_2718.jpg",
  "box": [
    192.26541137695312,
    387.38287353515625,
    543.8994140625,
    806.253662109375
  ],
  "class": 7,
  "confidence": 0.8326216340065002,
  "uncertainty": 0.2613058060686831
}