{
  "image": "data\\raw\\images\\train\\F_2_6_1623.jpg",
  "box": [
    1492.2650146484375,
    574.5946655273438,
    1604.337890625,
    743.8629150390625
  ],
  "class": 3,
  "confidence": 0.8262956738471985,
  "uncertainty": 0.2675192895573614
}