{
  "image": "data\\raw\\images\\train\\F_2_1_706.jpg",
  "box": [
    818.72021484375,
    570.5722045898438,
    903.0494384765625,
    694.997314453125
  ],
  "class": 3,
  "confidence": 0.7243456244468689,
  "uncertainty": 0.29940989977202537
}