{
  "image": "data\\raw\\images\\train\\F_2_11_324.jpg",
  "box": [
    262.77996826171875,
    151.1669921875,
    806.943115234375,
    694.6617431640625
  ],
  "class": 7,
  "confidence": 0.9452973008155823,
  "uncertainty": 0.22785930872424126
}