{
  "image": "data\\raw\\images\\train\\F_2_1_424.jpg",
  "box": [
    530.3263549804688,
    517.4514770507812,
    594.0928344726562,
    629.436767578125
  ],
  "class": 3,
  "confidence": 0.6632017493247986,
  "uncertainty": 0.3593562473463546
}