{
  "image": "data\\raw\\images\\train\\F_2_2_1221.jpg",
  "box": [
    968.6687622070312,
    435.870849609375,
    1191.6749267578125,
    711.2772216796875
  ],
  "class": 2,
  "confidence": 0.8526212573051453,
  "uncertainty": 0.24157635706648722
}