{
  "image": "data\\raw\\images\\train\\F_2_6_229.jpg",
  "box": [
    443.8682556152344,
    407.73541259765625,
    631.266845703125,
    530.8306274414062
  ],
  "class": 5,
  "confidence": 0.6894204020500183,
  "uncertainty": 0.342167322302071
}