{
  "image": "data\\raw\\images\\train\\F_2_7_1630.jpg",
  "box": [
    0.0810699462890625,
    363.5613098144531,
    72.0010986328125,
    470.6164855957031
  ],
  "class": 3,
  "confidence": 0.3242452144622803,
  "uncertainty": 0.48540356424027337
}