{
  "image": "data\\raw\\images\\train\\F_2_9_3037.jpg",
  "box": [
    1653.439208984375,
    350.25994873046875,
    1759.301025390625,
    516.1328735351562
  ],
  "class": 7,
  "confidence": 0.5729759931564331,
  "uncertainty": 0.35822452583385805
}