{
  "image": "data\\raw\\images\\train\\F_2_4_794.jpg",
  "box": [
    346.94439697265625,
    434.78289794921875,
    462.3837890625,
    510.1470947265625
  ],
  "class": 2,
  "confidence": 0.40928927063941956,
  "uncertainty": 0.396278238111684
}