{
  "image": "data\\raw\\images\\train\\F_2_1_44.jpg",
  "box": [
    464.9784851074219,
    542.4166259765625,
    507.1257019042969,
    583.3385009765625
  ],
  "class": 2,
  "confidence": 0.5164854526519775,
  "uncertainty": 0.28317120688790903
}