{
  "image": "data\\raw\\images\\train\\F_2_9_2139.jpg",
  "box": [
    236.42628479003906,
    453.1983947753906,
    288.93115234375,
    494.7239685058594
  ],
  "class": 2,
  "confidence": 0.2818196415901184,
  "uncertainty": 0.41708422657858724
}