{
  "image": "data\\raw\\images\\train\\F_2_9_2923.jpg",
  "box": [
    355.33245849609375,
    7.01971435546875,
    1427.671630859375,
    1012.3184814453125
  ],
  "class": 5,
  "confidence": 0.557569146156311,
  "uncertainty": 0.3898417675074482
}