{
  "image": "data\\raw\\images\\train\\F_2_6_1388.jpg",
  "box": [
    699.0849609375,
    542.427734375,
    768.8036499023438,
    652.4178466796875
  ],
  "class": 3,
  "confidence": 0.481332391500473,
  "uncertainty": 0.43096278602655025
}