{
  "image": "data\\raw\\images\\train\\F_2_1_341.jpg",
  "box": [
    1042.5098876953125,
    429.9212646484375,
    1070.4927978515625,
    477.15521240234375
  ],
  "class": 3,
  "confidence": 0.28850799798965454,
  "uncertainty": 0.45930060522052657
}