{
  "image": "data\\raw\\images\\train\\F_2_9_2718.jpg",
  "box": [
    689.935302734375,
    466.40704345703125,
    810.6483764648438,
    606.8414916992188
  ],
  "class": 5,
  "confidence": 0.2558635473251343,
  "uncertainty": 0.4644560249905774
}