{
  "image": "data\\raw\\images\\train\\F_2_7_1722.jpg",
  "box": [
    1412.083251953125,
    451.7171630859375,
    1916.8070068359375,
    781.9156494140625
  ],
  "class": 2,
  "confidence": 0.5992767810821533,
  "uncertainty": 0.3954357580322039
}