{
  "image": "data\\raw\\images\\train\\F_2_1_143.jpg",
  "box": [
    1.1431045532226562,
    137.55813598632812,
    222.59619140625,
    672.7007446289062
  ],
  "class": 7,
  "confidence": 0.9229894280433655,
  "uncertainty": 0.19208660584125986
}