{
  "image": "data\\raw\\images\\train\\F_2_8_414.jpg",
  "box": [
    516.1221313476562,
    422.37530517578125,
    1234.4315185546875,
    1063.6739501953125
  ],
  "class": 2,
  "confidence": 0.9148639440536499,
  "uncertainty": 0.13620193752000725
}