{
  "image": "data\\raw\\images\\train\\F_2_6_1833.jpg",
  "box": [
    542.2667236328125,
    519.1876220703125,
    711.257568359375,
    743.0433349609375
  ],
  "class": 3,
  "confidence": 0.291485995054245,
  "uncertainty": 0.4839711378641612
}