{
  "image": "data\\raw\\images\\train\\F_2_3_255.jpg",
  "box": [
    791.1123046875,
    445.6201171875,
    893.2547607421875,
    567.8409423828125
  ],
  "class": 7,
  "confidence": 0.6594946980476379,
  "uncertainty": 0.32235382257703177
}