{
  "image": "data\\raw\\images\\train\\F_2_2_238.jpg",
  "box": [
    1035.129150390625,
    529.0658569335938,
    1073.2431640625,
    572.96923828125
  ],
  "class": 3,
  "confidence": 0.6491097807884216,
  "uncertainty": 0.3385898386599114
}