{
  "image": "data\\raw\\images\\train\\F_2_1_730.jpg",
  "box": [
    889.51318359375,
    533.224853515625,
    952.7493896484375,
    616.8905029296875
  ],
  "class": 3,
  "confidence": 0.718010425567627,
  "uncertainty": 0.31175770063302405
}