{
  "image": "data\\raw\\images\\train\\F_2_3_90.jpg",
  "box": [
    1213.9814453125,
    223.41650390625,
    1600.960205078125,
    691.949462890625
  ],
  "class": 7,
  "confidence": 0.8213908076286316,
  "uncertainty": 0.27269580068832255
}