{
  "image": "data\\raw\\images\\train\\F_2_2_761.jpg",
  "box": [
    1495.393798828125,
    426.41522216796875,
    1588.3809814453125,
    553.267333984375
  ],
  "class": 7,
  "confidence": 0.3588404357433319,
  "uncertainty": 0.4385455150661196
}