{
  "image": "data\\raw\\images\\train\\F_2_2_773.jpg",
  "box": [
    1429.976318359375,
    530.7850952148438,
    1489.567138671875,
    607.7227783203125
  ],
  "class": 2,
  "confidence": 0.527928352355957,
  "uncertainty": 0.32398548612123124
}