{
  "image": "data\\raw\\images\\train\\F_2_9_434.jpg",
  "box": [
    8.718887329101562,
    387.639892578125,
    501.5845947265625,
    638.253173828125
  ],
  "class": 2,
  "confidence": 0.8282032608985901,
  "uncertainty": 0.2086762079990585
}