{
  "image": "data\\raw\\images\\train\\F_2_2_913.jpg",
  "box": [
    594.8817749023438,
    552.8106689453125,
    625.4149169921875,
    608.3040161132812
  ],
  "class": 3,
  "confidence": 0.5611042380332947,
  "uncertainty": 0.3540032651708107
}