{
  "image": "data\\raw\\images\\train\\F_2_8_1332.jpg",
  "box": [
    1470.986572265625,
    864.99609375,
    1674.973388671875,
    1076.4415283203125
  ],
  "class": 3,
  "confidence": 0.6679948568344116,
  "uncertainty": 0.3038092445265201
}