{
  "image": "data\\raw\\images\\train\\F_2_7_856.jpg",
  "box": [
    593.0447998046875,
    637.59619140625,
    683.85400390625,
    798.236083984375
  ],
  "class": 3,
  "confidence": 0.6973282098770142,
  "uncertainty": 0.34188849331429066
}