{
  "image": "data\\raw\\images\\train\\F_2_7_2324.jpg",
  "box": [
    762.4542846679688,
    721.9329833984375,
    937.0374755859375,
    956.3692626953125
  ],
  "class": 3,
  "confidence": 0.800506591796875,
  "uncertainty": 0.3044179779203347
}