{
  "image": "data\\raw\\images\\train\\F_2_7_378.jpg",
  "box": [
    605.9271850585938,
    563.75390625,
    651.7872314453125,
    641.0267944335938
  ],
  "class": 3,
  "confidence": 0.4974953830242157,
  "uncertainty": 0.3892191681435775
}