{
  "image": "data\\raw\\images\\train\\F_2_11_646.jpg",
  "box": [
    997.2903442382812,
    509.50634765625,
    1133.96533203125,
    627.4835815429688
  ],
  "class": 2,
  "confidence": 0.5462918877601624,
  "uncertainty": 0.27062223715455447
}