{
  "image": "data\\raw\\images\\train\\F_2_5_85.jpg",
  "box": [
    1723.951416015625,
    493.4283142089844,
    1771.01708984375,
    566.24072265625
  ],
  "class": 3,
  "confidence": 0.2834000885486603,
  "uncertainty": 0.4686201950486299
}