{
  "image": "data\\raw\\images\\train\\F_2_7_1512.jpg",
  "box": [
    310.4411315917969,
    322.26776123046875,
    419.4275207519531,
    403.76177978515625
  ],
  "class": 2,
  "confidence": 0.32349738478660583,
  "uncertainty": 0.39277852130100815
}