{
  "image": "data\\raw\\images\\train\\F_2_6_551.jpg",
  "box": [
    940.6096801757812,
    545.0494995117188,
    1004.8070068359375,
    630.633056640625
  ],
  "class": 3,
  "confidence": 0.3216039836406708,
  "uncertainty": 0.4766518772305005
}