{
  "image": "data\\raw\\images\\train\\F_2_6_489.jpg",
  "box": [
    1207.287353515625,
    732.1437377929688,
    1440.897705078125,
    1027.005126953125
  ],
  "class": 3,
  "confidence": 0.5838409662246704,
  "uncertainty": 0.3800332077275194
}