{
  "image": "data\\raw\\images\\train\\F_2_2_1554.jpg",
  "box": [
    562.2214965820312,
    473.0928039550781,
    646.7356567382812,
    559.4939575195312
  ],
  "class": 2,
  "confidence": 0.344811350107193,
  "uncertainty": 0.41199699528975936
}