{
  "image": "data\\raw\\images\\train\\F_2_2_238.jpg",
  "box": [
    87.85704803466797,
    511.5420227050781,
    216.11505126953125,
    612.5955810546875
  ],
  "class": 2,
  "confidence": 0.8013650178909302,
  "uncertainty": 0.16369337741196213
}