{
  "image": "data\\raw\\images\\train\\F_2_6_1496.jpg",
  "box": [
    1150.0814208984375,
    582.2440795898438,
    1239.94921875,
    770.7116088867188
  ],
  "class": 3,
  "confidence": 0.5862101316452026,
  "uncertainty": 0.3969790010607709
}