{
  "image": "data\\raw\\images\\train\\F_2_10_210.jpg",
  "box": [
    945.7049560546875,
    489.71435546875,
    1010.401611328125,
    591.2930297851562
  ],
  "class": 2,
  "confidence": 0.6115684509277344,
  "uncertainty": 0.24139821637394981
}