{
  "image": "data\\raw\\images\\train\\F_2_1_691.jpg",
  "box": [
    675.6290283203125,
    459.14666748046875,
    847.630126953125,
    666.0188598632812
  ],
  "class": 7,
  "confidence": 0.49434876441955566,
  "uncertainty": 0.3790541006879191
}