{
  "image": "data\\raw\\images\\train\\F_2_1_22.jpg",
  "box": [
    1411.3934326171875,
    255.18850708007812,
    1602.055419921875,
    601.1365966796875
  ],
  "class": 7,
  "confidence": 0.43908020853996277,
  "uncertainty": 0.3999929293547242
}