{
  "image": "data\\raw\\images\\train\\F_2_2_1358.jpg",
  "box": [
    840.725341796875,
    405.94732666015625,
    1099.8770751953125,
    712.3651733398438
  ],
  "class": 7,
  "confidence": 0.3780710995197296,
  "uncertainty": 0.4320780544345128
}