{
  "image": "data\\raw\\images\\train\\F_2_2_1554.jpg",
  "box": [
    512.107177734375,
    399.6949768066406,
    1209.1845703125,
    1064.635009765625
  ],
  "class": 2,
  "confidence": 0.8656491637229919,
  "uncertainty": 0.20086619340011333
}