{
  "image": "data\\raw\\images\\train\\F_2_1_102.jpg",
  "box": [
    164.91229248046875,
    419.9422302246094,
    814.0682373046875,
    966.5377197265625
  ],
  "class": 2,
  "confidence": 0.928039014339447,
  "uncertainty": 0.1324067944858234
}