{
  "image": "data\\raw\\images\\train\\F_2_1_450.jpg",
  "box": [
    384.8623046875,
    452.1927795410156,
    424.4361572265625,
    495.3256530761719
  ],
  "class": 2,
  "confidence": 0.329541951417923,
  "uncertainty": 0.3978468183554895
}