{
  "image": "data\\raw\\images\\train\\F_2_2_839.jpg",
  "box": [
    0.11874961853027344,
    624.7298583984375,
    60.96490478515625,
    758.4051513671875
  ],
  "class": 3,
  "confidence": 0.47338786721229553,
  "uncertainty": 0.4415735252666006
}