{
  "image": "data\\raw\\images\\train\\F_2_1_880.jpg",
  "box": [
    1085.6025390625,
    463.9763488769531,
    1129.687255859375,
    504.90765380859375
  ],
  "class": 2,
  "confidence": 0.44253039360046387,
  "uncertainty": 0.2954516628291771
}