{
  "image": "data\\raw\\images\\train\\F_2_7_1497.jpg",
  "box": [
    919.6868896484375,
    358.38189697265625,
    1162.073486328125,
    569.4109497070312
  ],
  "class": 2,
  "confidence": 0.8103262186050415,
  "uncertainty": 0.26361440941560044
}