{
  "image": "data\\raw\\images\\train\\F_2_2_767.jpg",
  "box": [
    1289.472412109375,
    463.4349060058594,
    1331.7791748046875,
    527.372802734375
  ],
  "class": 3,
  "confidence": 0.33824852108955383,
  "uncertainty": 0.44603460648669807
}