{
  "image": "data\\raw\\images\\train\\F_2_1_987.jpg",
  "box": [
    672.8226928710938,
    478.20025634765625,
    745.7708129882812,
    533.4964599609375
  ],
  "class": 2,
  "confidence": 0.27120399475097656,
  "uncertainty": 0.46506303411447364
}