{
  "image": "data\\raw\\images\\train\\F_2_8_1921.jpg",
  "box": [
    0.3811454772949219,
    536.908447265625,
    154.83804321289062,
    987.451904296875
  ],
  "class": 2,
  "confidence": 0.8732382655143738,
  "uncertainty": 0.17390288457794134
}