{
  "image": "data\\raw\\images\\train\\F_2_2_1609.jpg",
  "box": [
    1199.743408203125,
    441.37701416015625,
    1372.4490966796875,
    680.581787109375
  ],
  "class": 2,
  "confidence": 0.4150720238685608,
  "uncertainty": 0.3596565950357131
}