{
  "image": "data\\raw\\images\\train\\F_2_9_335.jpg",
  "box": [
    0.046634674072265625,
    432.0707702636719,
    56.94707107543945,
    630.00390625
  ],
  "class": 2,
  "confidence": 0.3156778812408447,
  "uncertainty": 0.48077050318848397
}