{
  "image": "data\\raw\\images\\train\\F_2_2_929.jpg",
  "box": [
    458.9023132324219,
    477.62640380859375,
    493.1455993652344,
    538.1466064453125
  ],
  "class": 3,
  "confidence": 0.6090744137763977,
  "uncertainty": 0.3634878607372403
}