{
  "image": "data\\raw\\images\\train\\F_2_7_152.jpg",
  "box": [
    752.0198974609375,
    293.9937744140625,
    971.7591552734375,
    450.5466613769531
  ],
  "class": 5,
  "confidence": 0.6953834891319275,
  "uncertainty": 0.33047843752246875
}