{
  "image": "data\\raw\\images\\train\\F_2_2_1187.jpg",
  "box": [
    867.7928466796875,
    482.8087463378906,
    1577.89501953125,
    1067.620849609375
  ],
  "class": 2,
  "confidence": 0.928735077381134,
  "uncertainty": 0.12546363621968012
}