{
  "image": "data\\raw\\images\\train\\F_2_1_622.jpg",
  "box": [
    750.8426513671875,
    473.9288635253906,
    849.741943359375,
    599.2626953125
  ],
  "class": 7,
  "confidence": 0.8110535144805908,
  "uncertainty": 0.2503685602988077
}