{
  "image": "data\\raw\\images\\train\\F_2_8_1902.jpg",
  "box": [
    22.70269775390625,
    430.4337158203125,
    278.10162353515625,
    627.4036865234375
  ],
  "class": 7,
  "confidence": 0.6955769658088684,
  "uncertainty": 0.34531222462977235
}