{
  "image": "data\\raw\\images\\train\\F_2_9_1409.jpg",
  "box": [
    541.6856689453125,
    406.22845458984375,
    776.8698120117188,
    606.8472290039062
  ],
  "class": 7,
  "confidence": 0.7785099148750305,
  "uncertainty": 0.3136086736909707
}