{
  "image": "data\\raw\\images\\train\\F_2_7_837.jpg",
  "box": [
    661.6695556640625,
    586.8106079101562,
    736.423095703125,
    655.9408569335938
  ],
  "class": 2,
  "confidence": 0.7823917269706726,
  "uncertainty": 0.1596514358732214
}