{
  "image": "data\\raw\\images\\train\\F_2_1_537.jpg",
  "box": [
    760.5532836914062,
    616.1237182617188,
    879.497314453125,
    780.5936279296875
  ],
  "class": 3,
  "confidence": 0.7443265914916992,
  "uncertainty": 0.31565856351239113
}