{
  "image": "data\\raw\\images\\train\\F_2_2_37.jpg",
  "box": [
    0.3996734619140625,
    455.6923828125,
    328.0778503417969,
    731.4354858398438
  ],
  "class": 2,
  "confidence": 0.7685371041297913,
  "uncertainty": 0.1905744115496277
}