{
  "image": "data\\raw\\images\\train\\F_2_2_765.jpg",
  "box": [
    1544.154052734375,
    463.1103515625,
    1644.629150390625,
    593.6050415039062
  ],
  "class": 7,
  "confidence": 0.45927292108535767,
  "uncertainty": 0.40294582176201016
}