{
  "image": "data\\raw\\images\\train\\F_2_7_1622.jpg",
  "box": [
    0.4644813537597656,
    493.6439208984375,
    143.87913513183594,
    695.8470458984375
  ],
  "class": 5,
  "confidence": 0.46001338958740234,
  "uncertainty": 0.37121695083186584
}