{
  "image": "data\\raw\\images\\train\\F_2_2_272.jpg",
  "box": [
    863.0440673828125,
    478.8104553222656,
    926.711669921875,
    567.3294677734375
  ],
  "class": 3,
  "confidence": 0.6172977089881897,
  "uncertainty": 0.3515138882667449
}