{
  "image": "data\\raw\\images\\train\\F_2_8_1921.jpg",
  "box": [
    740.5640258789062,
    486.1475830078125,
    827.2717895507812,
    589.7825927734375
  ],
  "class": 2,
  "confidence": 0.750307559967041,
  "uncertainty": 0.262823518912077
}