{
  "image": "data\\raw\\images\\train\\F_2_9_2923.jpg",
  "box": [
    620.59375,
    983.198974609375,
    852.1514282226562,
    1077.2884521484375
  ],
  "class": 3,
  "confidence": 0.38297244906425476,
  "uncertainty": 0.4426711192102537
}