{
  "image": "data\\raw\\images\\train\\F_2_9_332.jpg",
  "box": [
    579.4193115234375,
    412.67138671875,
    683.2386474609375,
    520.61865234375
  ],
  "class": 2,
  "confidence": 0.29400092363357544,
  "uncertainty": 0.42143964750432195
}