{
  "image": "data\\raw\\images\\train\\F_2_7_1600.jpg",
  "box": [
    1.5519561767578125,
    479.42486572265625,
    665.8397216796875,
    1063.11865234375
  ],
  "class": 2,
  "confidence": 0.942838728427887,
  "uncertainty": 0.09164714782443315
}