{
  "image": "data\\raw\\images\\train\\F_2_8_718.jpg",
  "box": [
    475.2508544921875,
    358.8562316894531,
    1097.729248046875,
    1067.18896484375
  ],
  "class": 7,
  "confidence": 0.47674810886383057,
  "uncertainty": 0.37519390781630285
}