{
  "image": "data\\raw\\images\\train\\F_2_7_384.jpg",
  "box": [
    184.11904907226562,
    427.783447265625,
    825.8345947265625,
    919.9481201171875
  ],
  "class": 2,
  "confidence": 0.9368464946746826,
  "uncertainty": 0.1299831334319172
}