{
  "image": "data\\raw\\images\\train\\F_2_3_248.jpg",
  "box": [
    125.1214599609375,
    231.19610595703125,
    551.5362548828125,
    776.101318359375
  ],
  "class": 7,
  "confidence": 0.9188581705093384,
  "uncertainty": 0.25429376704069234
}