{
  "image": "data\\raw\\images\\train\\F_2_1_932.jpg",
  "box": [
    171.53793334960938,
    438.0231628417969,
    288.4627685546875,
    588.2140502929688
  ],
  "class": 7,
  "confidence": 0.5165897607803345,
  "uncertainty": 0.3932042101879913
}