{
  "image": "data\\raw\\images\\train\\F_2_4_888.jpg",
  "box": [
    447.1846618652344,
    725.4603271484375,
    655.117919921875,
    1027.31494140625
  ],
  "class": 3,
  "confidence": 0.7460354566574097,
  "uncertainty": 0.29824173645380386
}