{
  "image": "data\\raw\\images\\train\\F_2_9_2881.jpg",
  "box": [
    230.51893615722656,
    320.2967834472656,
    368.823974609375,
    479.39080810546875
  ],
  "class": 7,
  "confidence": 0.5006289482116699,
  "uncertainty": 0.3707443984198337
}