{
  "image": "data\\raw\\images\\train\\F_2_7_188.jpg",
  "box": [
    1546.7896728515625,
    723.4658813476562,
    1918.5238037109375,
    1072.3392333984375
  ],
  "class": 3,
  "confidence": 0.2787090241909027,
  "uncertainty": 0.4852857027120834
}