{
  "image": "data\\raw\\images\\train\\F_2_7_1938.jpg",
  "box": [
    620.7493896484375,
    425.8843688964844,
    704.3373413085938,
    657.2513427734375
  ],
  "class": 2,
  "confidence": 0.827163577079773,
  "uncertainty": 0.1791858183371931
}