{
  "image": "data\\raw\\images\\train\\F_2_2_179.jpg",
  "box": [
    1443.1158447265625,
    484.365234375,
    1504.7366943359375,
    549.3438720703125
  ],
  "class": 2,
  "confidence": 0.35869958996772766,
  "uncertainty": 0.339594335409404
}