{
  "image": "data\\raw\\images\\train\\F_2_6_1501.jpg",
  "box": [
    727.7550659179688,
    459.0692138671875,
    778.5513916015625,
    540.6351318359375
  ],
  "class": 2,
  "confidence": 0.49746039509773254,
  "uncertainty": 0.3087671920295593
}