{
  "image": "data\\raw\\images\\train\\F_2_1_484.jpg",
  "box": [
    1014.56298828125,
    464.16888427734375,
    1043.506591796875,
    508.74261474609375
  ],
  "class": 3,
  "confidence": 0.4340009391307831,
  "uncertainty": 0.4156875253399799
}