{
  "image": "data\\raw\\images\\train\\F_2_1_86.jpg",
  "box": [
    484.8602600097656,
    440.2686767578125,
    956.5770263671875,
    858.6967163085938
  ],
  "class": 2,
  "confidence": 0.9213035702705383,
  "uncertainty": 0.1263101167191285
}