{
  "image": "data\\raw\\images\\train\\F_2_3_335.jpg",
  "box": [
    947.823486328125,
    327.7637023925781,
    1071.8485107421875,
    416.1357421875
  ],
  "class": 7,
  "confidence": 0.3067888021469116,
  "uncertainty": 0.44246688343622564
}