{
  "image": "data\\raw\\images\\train\\F_2_9_481.jpg",
  "box": [
    7.974334716796875,
    385.49139404296875,
    501.9981994628906,
    637.4813232421875
  ],
  "class": 2,
  "confidence": 0.8870289325714111,
  "uncertainty": 0.1542857727970009
}