{
  "image": "data\\raw\\images\\train\\F_2_1_934.jpg",
  "box": [
    343.2701416015625,
    454.53460693359375,
    414.9178466796875,
    542.4532470703125
  ],
  "class": 7,
  "confidence": 0.6739729642868042,
  "uncertainty": 0.29685040258767315
}