{
  "image": "data\\raw\\images\\train\\F_2_6_1257.jpg",
  "box": [
    618.4426879882812,
    488.50360107421875,
    667.3665771484375,
    557.9690551757812
  ],
  "class": 2,
  "confidence": 0.2839830219745636,
  "uncertainty": 0.41347509771104396
}