{
  "image": "data\\raw\\images\\train\\F_2_1_622.jpg",
  "box": [
    651.886962890625,
    497.3868713378906,
    699.7952270507812,
    534.754638671875
  ],
  "class": 2,
  "confidence": 0.6243322491645813,
  "uncertainty": 0.21995614524509732
}