{
  "image": "data\\raw\\images\\train\\F_2_1_454.jpg",
  "box": [
    162.7125244140625,
    399.02008056640625,
    283.5093688964844,
    496.75958251953125
  ],
  "class": 7,
  "confidence": 0.512736439704895,
  "uncertainty": 0.42786148939221635
}