{
  "image": "data\\raw\\images\\train\\F_2_1_803.jpg",
  "box": [
    542.6568603515625,
    448.90594482421875,
    685.4617309570312,
    596.4114990234375
  ],
  "class": 7,
  "confidence": 0.4340749680995941,
  "uncertainty": 0.41109718376673765
}