{
  "image": "data\\raw\\images\\train\\F_2_1_782.jpg",
  "box": [
    1504.264892578125,
    495.39361572265625,
    1539.7012939453125,
    553.5601806640625
  ],
  "class": 3,
  "confidence": 0.5719779133796692,
  "uncertainty": 0.35589801500299384
}