{
  "image": "data\\raw\\images\\train\\F_2_9_3020.jpg",
  "box": [
    668.1909790039062,
    421.0615539550781,
    870.08056640625,
    581.8811645507812
  ],
  "class": 2,
  "confidence": 0.8463372588157654,
  "uncertainty": 0.15455382967169767
}