{
  "image": "data\\raw\\images\\train\\F_2_1_491.jpg",
  "box": [
    1600.9508056640625,
    409.10595703125,
    1838.1177978515625,
    574.2786254882812
  ],
  "class": 2,
  "confidence": 0.90387362241745,
  "uncertainty": 0.125018695434083
}