{
  "image": "data\\raw\\images\\train\\F_2_9_2876.jpg",
  "box": [
    1734.3812255859375,
    415.2225036621094,
    1890.5430908203125,
    565.3515014648438
  ],
  "class": 2,
  "confidence": 0.7876386046409607,
  "uncertainty": 0.17405162257062562
}