{
  "image": "data\\raw\\images\\train\\F_2_1_880.jpg",
  "box": [
    1713.35791015625,
    513.2396850585938,
    1764.61767578125,
    603.042724609375
  ],
  "class": 3,
  "confidence": 0.5816145539283752,
  "uncertainty": 0.3468581684612572
}