{
  "image": "data\\raw\\images\\train\\F_2_11_680.jpg",
  "box": [
    774.0386352539062,
    3.7685394287109375,
    1279.198486328125,
    709.611572265625
  ],
  "class": 7,
  "confidence": 0.9179248809814453,
  "uncertainty": 0.18874129858231276
}