{
  "image": "data\\raw\\images\\train\\F_2_1_890.jpg",
  "box": [
    1365.712890625,
    466.01220703125,
    1390.100830078125,
    504.4984130859375
  ],
  "class": 3,
  "confidence": 0.41237735748291016,
  "uncertainty": 0.42490696402726613
}