{
  "image": "data\\raw\\images\\train\\F_2_7_382.jpg",
  "box": [
    441.42462158203125,
    450.059326171875,
    907.12548828125,
    811.6298217773438
  ],
  "class": 2,
  "confidence": 0.9386022090911865,
  "uncertainty": 0.12679104972522892
}