{
  "image": "data\\raw\\images\\train\\F_2_3_303.jpg",
  "box": [
    560.35205078125,
    439.1427001953125,
    794.9365234375,
    655.129150390625
  ],
  "class": 2,
  "confidence": 0.8906270861625671,
  "uncertainty": 0.1295550919389305
}