{
  "image": "data\\raw\\images\\train\\F_2_2_913.jpg",
  "box": [
    439.92144775390625,
    572.55078125,
    482.96051025390625,
    635.9921264648438
  ],
  "class": 3,
  "confidence": 0.3268547058105469,
  "uncertainty": 0.46144149338345947
}