{
  "image": "data\\raw\\images\\train\\F_2_2_1229.jpg",
  "box": [
    1429.1834716796875,
    743.5843505859375,
    1919.46240234375,
    1072.649658203125
  ],
  "class": 3,
  "confidence": 0.6683585047721863,
  "uncertainty": 0.34374747563548314
}