{
  "image": "data\\raw\\images\\train\\F_2_6_36.jpg",
  "box": [
    1362.1365966796875,
    466.75390625,
    1454.671630859375,
    583.8947143554688
  ],
  "class": 7,
  "confidence": 0.2863580584526062,
  "uncertainty": 0.4557440425044202
}