{
  "image": "data\\raw\\images\\train\\F_2_2_166.jpg",
  "box": [
    837.156005859375,
    435.7314147949219,
    895.7545166015625,
    489.3804016113281
  ],
  "class": 2,
  "confidence": 0.28567659854888916,
  "uncertainty": 0.41367738086713257
}