{
  "image": "data\\raw\\images\\train\\F_2_1_714.jpg",
  "box": [
    417.8564758300781,
    604.2744140625,
    521.7437744140625,
    756.22705078125
  ],
  "class": 3,
  "confidence": 0.8094556331634521,
  "uncertainty": 0.26816493256740037
}