{
  "image": "data\\raw\\images\\train\\F_2_2_1187.jpg",
  "box": [
    1490.307373046875,
    523.6319580078125,
    1535.951171875,
    582.0404052734375
  ],
  "class": 2,
  "confidence": 0.30092209577560425,
  "uncertainty": 0.3739351871152396
}