{
  "image": "data\\raw\\images\\train\\F_2_2_98.jpg",
  "box": [
    1245.84521484375,
    440.89764404296875,
    1334.6517333984375,
    517.0098266601562
  ],
  "class": 2,
  "confidence": 0.433171808719635,
  "uncertainty": 0.37284120091353823
}