{
  "image": "data\\raw\\images\\train\\F_2_3_480.jpg",
  "box": [
    613.428466796875,
    397.1842346191406,
    1001.1759033203125,
    887.3172607421875
  ],
  "class": 7,
  "confidence": 0.6802551746368408,
  "uncertainty": 0.30708699970986075
}