{
  "image": "data\\raw\\images\\train\\F_2_2_317.jpg",
  "box": [
    1806.9371337890625,
    388.2955627441406,
    1918.4395751953125,
    464.4044494628906
  ],
  "class": 2,
  "confidence": 0.8279187679290771,
  "uncertainty": 0.15344508997727618
}