{
  "image": "data\\raw\\images\\train\\F_2_1_569.jpg",
  "box": [
    807.2598266601562,
    413.33514404296875,
    928.3624877929688,
    562.961181640625
  ],
  "class": 7,
  "confidence": 0.4762556552886963,
  "uncertainty": 0.3818116169594426
}