{
  "image": "data\\raw\\images\\train\\F_2_2_1351.jpg",
  "box": [
    1061.26953125,
    483.9758605957031,
    1208.8199462890625,
    607.810546875
  ],
  "class": 2,
  "confidence": 0.8116638660430908,
  "uncertainty": 0.15874151591413532
}