{
  "image": "data\\raw\\images\\train\\F_2_2_962.jpg",
  "box": [
    997.376220703125,
    495.2349853515625,
    1129.711669921875,
    572.225341796875
  ],
  "class": 7,
  "confidence": 0.6584709286689758,
  "uncertainty": 0.3687327982680591
}