{
  "image": "data\\raw\\images\\train\\F_2_1_893.jpg",
  "box": [
    198.04147338867188,
    426.42169189453125,
    678.205322265625,
    801.8095092773438
  ],
  "class": 2,
  "confidence": 0.9308815002441406,
  "uncertainty": 0.12658117343668657
}