{
  "image": "data\\raw\\images\\train\\F_2_7_1304.jpg",
  "box": [
    947.8994750976562,
    394.54150390625,
    1044.0399169921875,
    483.8834228515625
  ],
  "class": 2,
  "confidence": 0.6090213060379028,
  "uncertainty": 0.3302057000195333
}