{
  "image": "data\\raw\\images\\train\\F_2_1_439.jpg",
  "box": [
    1293.8829345703125,
    511.5069580078125,
    1421.47412109375,
    611.4237670898438
  ],
  "class": 2,
  "confidence": 0.8734015822410583,
  "uncertainty": 0.14228962854653482
}