{
  "image": "data\\raw\\images\\train\\F_2_2_1006.jpg",
  "box": [
    647.8701171875,
    429.7745361328125,
    1028.3406982421875,
    751.0728759765625
  ],
  "class": 2,
  "confidence": 0.8735740780830383,
  "uncertainty": 0.14896050794841764
}