{
  "image": "data\\raw\\images\\train\\F_2_7_680.jpg",
  "box": [
    445.7915954589844,
    516.8783569335938,
    614.2938232421875,
    644.2635498046875
  ],
  "class": 2,
  "confidence": 0.8617134690284729,
  "uncertainty": 0.14109427271883995
}