{
  "image": "data\\raw\\images\\train\\F_2_9_2886.jpg",
  "box": [
    966.586669921875,
    4.23321533203125,
    1918.07666015625,
    1060.885986328125
  ],
  "class": 5,
  "confidence": 0.8582354784011841,
  "uncertainty": 0.19325600599312875
}