{
  "image": "data\\raw\\images\\train\\F_2_2_779.jpg",
  "box": [
    1735.87646484375,
    465.1222229003906,
    1804.3095703125,
    618.21923828125
  ],
  "class": 2,
  "confidence": 0.578660249710083,
  "uncertainty": 0.2745527537570445
}