{
  "image": "data\\raw\\images\\train\\F_2_2_1238.jpg",
  "box": [
    1100.696533203125,
    426.30950927734375,
    1194.979736328125,
    463.503173828125
  ],
  "class": 2,
  "confidence": 0.4379974603652954,
  "uncertainty": 0.31264519936711965
}