{
  "image": "data\\raw\\images\\train\\F_2_9_310.jpg",
  "box": [
    97.56935119628906,
    762.999755859375,
    450.685791015625,
    1073.55615234375
  ],
  "class": 3,
  "confidence": 0.6068195700645447,
  "uncertainty": 0.3432223179189186
}