{
  "image": "data\\raw\\images\\train\\F_2_2_1049.jpg",
  "box": [
    832.2083129882812,
    473.0067443847656,
    1095.781005859375,
    704.3209228515625
  ],
  "class": 2,
  "confidence": 0.8092509508132935,
  "uncertainty": 0.27135537846248997
}