{
  "image": "data\\raw\\images\\train\\F_2_2_197.jpg",
  "box": [
    1863.778564453125,
    538.1885375976562,
    1919.26171875,
    749.7330322265625
  ],
  "class": 2,
  "confidence": 0.7062551379203796,
  "uncertainty": 0.25116563246202783
}