{
  "image": "data\\raw\\images\\train\\F_2_9_2626.jpg",
  "box": [
    1613.4429931640625,
    398.6177978515625,
    1698.3204345703125,
    499.095947265625
  ],
  "class": 7,
  "confidence": 0.5117037296295166,
  "uncertainty": 0.36208359605178714
}