{
  "image": "data\\raw\\images\\train\\F_2_7_2147.jpg",
  "box": [
    326.1217346191406,
    407.30145263671875,
    437.38397216796875,
    461.977294921875
  ],
  "class": 2,
  "confidence": 0.3160341680049896,
  "uncertainty": 0.4123952124308573
}