{
  "image": "data\\raw\\images\\train\\F_2_3_248.jpg",
  "box": [
    1276.9552001953125,
    725.4752197265625,
    1592.8597412109375,
    1070.5440673828125
  ],
  "class": 3,
  "confidence": 0.2599131464958191,
  "uncertainty": 0.49799552920643275
}