{
  "image": "data\\raw\\images\\train\\F_2_4_265.jpg",
  "box": [
    916.2119750976562,
    180.99119567871094,
    1228.71337890625,
    512.5388793945312
  ],
  "class": 7,
  "confidence": 0.8097308278083801,
  "uncertainty": 0.2574482234337962
}