{
  "image": "data\\raw\\images\\train\\F_2_5_247.jpg",
  "box": [
    0.503265380859375,
    607.8521728515625,
    121.47761535644531,
    806.4819946289062
  ],
  "class": 3,
  "confidence": 0.7826465964317322,
  "uncertainty": 0.26794716252393913
}