{
  "image": "data\\raw\\images\\train\\F_2_1_764.jpg",
  "box": [
    699.7572021484375,
    473.51531982421875,
    751.1066284179688,
    535.3339233398438
  ],
  "class": 7,
  "confidence": 0.29716989398002625,
  "uncertainty": 0.448189520861548
}