{
  "image": "data\\raw\\images\\train\\F_2_1_790.jpg",
  "box": [
    1122.6563720703125,
    482.7010803222656,
    1164.4664306640625,
    527.1011962890625
  ],
  "class": 2,
  "confidence": 0.33759093284606934,
  "uncertainty": 0.3852003411154787
}