{
  "image": "data\\raw\\images\\train\\F_2_10_210.jpg",
  "box": [
    774.650634765625,
    502.83050537109375,
    895.0050048828125,
    584.74658203125
  ],
  "class": 2,
  "confidence": 0.8599359393119812,
  "uncertainty": 0.13630564725731395
}