{
  "image": "data\\raw\\images\\train\\F_2_2_968.jpg",
  "box": [
    971.31591796875,
    454.0743713378906,
    1026.509521484375,
    534.50732421875
  ],
  "class": 2,
  "confidence": 0.46455782651901245,
  "uncertainty": 0.3395805695466305
}