{
  "image": "data\\raw\\images\\train\\F_2_5_37.jpg",
  "box": [
    1364.88232421875,
    445.95574951171875,
    1439.261962890625,
    539.6361694335938
  ],
  "class": 2,
  "confidence": 0.6608749032020569,
  "uncertainty": 0.26707112234688934
}