{
  "image": "data\\raw\\images\\train\\F_2_1_337.jpg",
  "box": [
    753.7743530273438,
    426.80804443359375,
    894.3929443359375,
    601.1827392578125
  ],
  "class": 7,
  "confidence": 0.8167104125022888,
  "uncertainty": 0.24317844657803944
}