{
  "image": "data\\raw\\images\\train\\F_2_9_830.jpg",
  "box": [
    979.9844970703125,
    437.9294128417969,
    1164.303955078125,
    644.907470703125
  ],
  "class": 2,
  "confidence": 0.873408317565918,
  "uncertainty": 0.13736176946263856
}