{
  "image": "data\\raw\\images\\train\\F_2_11_392.jpg",
  "box": [
    1715.78173828125,
    521.4632568359375,
    1770.4119873046875,
    618.1326904296875
  ],
  "class": 2,
  "confidence": 0.40872514247894287,
  "uncertainty": 0.3793275012104151
}