{
  "image": "data\\raw\\images\\train\\F_2_1_149.jpg",
  "box": [
    1100.103271484375,
    478.8424987792969,
    1135.70751953125,
    558.2623291015625
  ],
  "class": 2,
  "confidence": 0.3894825875759125,
  "uncertainty": 0.35226499745918655
}