{
  "image": "data\\raw\\images\\train\\F_2_7_1642.jpg",
  "box": [
    613.0155029296875,
    504.298828125,
    1919.1397705078125,
    1066.9383544921875
  ],
  "class": 2,
  "confidence": 0.9106104373931885,
  "uncertainty": 0.11732868231784568
}