{
  "image": "data\\raw\\images\\train\\F_2_3_248.jpg",
  "box": [
    686.5578002929688,
    516.6920166015625,
    735.68408203125,
    587.3941040039062
  ],
  "class": 3,
  "confidence": 0.6990038752555847,
  "uncertainty": 0.2956078701342468
}