{
  "image": "data\\raw\\images\\train\\F_2_2_1564.jpg",
  "box": [
    247.93601989746094,
    488.0443115234375,
    429.3802490234375,
    689.2037353515625
  ],
  "class": 2,
  "confidence": 0.7368975281715393,
  "uncertainty": 0.3079112250055627
}