{
  "image": "data\\raw\\images\\train\\F_2_7_1571.jpg",
  "box": [
    655.4225463867188,
    430.8157958984375,
    816.087158203125,
    567.2918090820312
  ],
  "class": 2,
  "confidence": 0.7257757782936096,
  "uncertainty": 0.2911096100931689
}