{
  "image": "data\\raw\\images\\train\\F_2_1_149.jpg",
  "box": [
    531.718505859375,
    580.3590087890625,
    669.9417114257812,
    777.2117919921875
  ],
  "class": 3,
  "confidence": 0.4579400420188904,
  "uncertainty": 0.47187424181060417
}