{
  "image": "data\\raw\\images\\train\\F_2_3_393.jpg",
  "box": [
    712.0296020507812,
    388.26104736328125,
    924.9613037109375,
    556.5618896484375
  ],
  "class": 5,
  "confidence": 0.44541406631469727,
  "uncertainty": 0.4362331938379028
}