{
  "image": "data\\raw\\images\\train\\F_2_2_1435.jpg",
  "box": [
    1289.940185546875,
    548.2794189453125,
    1375.85546875,
    680.1575927734375
  ],
  "class": 3,
  "confidence": 0.6806137561798096,
  "uncertainty": 0.3571599436497541
}