{
  "image": "data\\raw\\images\\train\\F_2_4_238.jpg",
  "box": [
    594.177978515625,
    327.74334716796875,
    793.987060546875,
    560.333251953125
  ],
  "class": 5,
  "confidence": 0.8421010375022888,
  "uncertainty": 0.23813488104444522
}