{
  "image": "data\\raw\\images\\train\\F_2_7_378.jpg",
  "box": [
    712.466552734375,
    493.93695068359375,
    783.29833984375,
    634.9017944335938
  ],
  "class": 2,
  "confidence": 0.43409836292266846,
  "uncertainty": 0.40893696071956825
}