{
  "image": "data\\raw\\images\\train\\F_2_1_116.jpg",
  "box": [
    1504.6904296875,
    444.79705810546875,
    1759.5750732421875,
    679.6785278320312
  ],
  "class": 2,
  "confidence": 0.35656216740608215,
  "uncertainty": 0.3791000972303086
}