{
  "image": "data\\raw\\images\\train\\F_2_1_957.jpg",
  "box": [
    606.0279541015625,
    415.05889892578125,
    677.2233276367188,
    478.18707275390625
  ],
  "class": 2,
  "confidence": 0.5836221575737,
  "uncertainty": 0.27707084475379196
}