{
  "image": "data\\raw\\images\\train\\F_2_1_362.jpg",
  "box": [
    1327.285888671875,
    517.701171875,
    1351.199462890625,
    567.706298828125
  ],
  "class": 2,
  "confidence": 0.4427724778652191,
  "uncertainty": 0.29823622503630726
}