{
  "image": "data\\raw\\images\\train\\F_2_9_2352.jpg",
  "box": [
    494.54803466796875,
    555.79052734375,
    579.6079711914062,
    678.915771484375
  ],
  "class": 3,
  "confidence": 0.39572787284851074,
  "uncertainty": 0.48402695138986107
}