{
  "image": "data\\raw\\images\\train\\F_2_9_2910.jpg",
  "box": [
    477.712646484375,
    2.41021728515625,
    1250.837158203125,
    825.0437622070312
  ],
  "class": 5,
  "confidence": 0.9088276028633118,
  "uncertainty": 0.1915970215575772
}