{
  "image": "data\\raw\\images\\train\\F_2_6_485.jpg",
  "box": [
    727.773681640625,
    269.4894104003906,
    1082.05712890625,
    648.214111328125
  ],
  "class": 5,
  "confidence": 0.9075531363487244,
  "uncertainty": 0.24725245356442888
}