{
  "image": "data\\raw\\images\\train\\F_2_7_898.jpg",
  "box": [
    1250.0621337890625,
    378.79638671875,
    1585.5179443359375,
    650.394775390625
  ],
  "class": 2,
  "confidence": 0.8768648505210876,
  "uncertainty": 0.14386312309552204
}