{
  "image": "data\\raw\\images\\train\\F_2_1_182.jpg",
  "box": [
    1012.5218505859375,
    442.17681884765625,
    1144.1807861328125,
    563.7394409179688
  ],
  "class": 2,
  "confidence": 0.6068020462989807,
  "uncertainty": 0.25097065536549856
}