{
  "image": "data\\raw\\images\\train\\F_2_7_1224.jpg",
  "box": [
    1597.880859375,
    416.73590087890625,
    1802.1192626953125,
    621.2161254882812
  ],
  "class": 2,
  "confidence": 0.525750458240509,
  "uncertainty": 0.30229469842524587
}