{
  "image": "data\\raw\\images\\train\\F_2_7_727.jpg",
  "box": [
    1235.158447265625,
    554.7583618164062,
    1343.308837890625,
    714.5211791992188
  ],
  "class": 3,
  "confidence": 0.8184711337089539,
  "uncertainty": 0.2636939507937485
}