{
  "image": "data\\raw\\images\\train\\F_2_2_1674.jpg",
  "box": [
    454.38555908203125,
    536.8877563476562,
    651.4612426757812,
    869.247802734375
  ],
  "class": 3,
  "confidence": 0.44736552238464355,
  "uncertainty": 0.4743204261142792
}