{
  "image": "data\\raw\\images\\train\\F_2_6_229.jpg",
  "box": [
    1034.48779296875,
    528.290771484375,
    1074.2237548828125,
    598.0094604492188
  ],
  "class": 3,
  "confidence": 0.31320247054100037,
  "uncertainty": 0.47611414444251715
}