{
  "image": "data\\raw\\images\\train\\F_2_3_347.jpg",
  "box": [
    0.42652130126953125,
    341.84307861328125,
    214.29464721679688,
    510.67730712890625
  ],
  "class": 5,
  "confidence": 0.5143445730209351,
  "uncertainty": 0.3631223154382454
}