{
  "image": "data\\raw\\images\\train\\F_2_8_900.jpg",
  "box": [
    393.2009582519531,
    411.35595703125,
    615.0814819335938,
    518.6287841796875
  ],
  "class": 2,
  "confidence": 0.6926677227020264,
  "uncertainty": 0.2069270946422201
}