{
  "image": "data\\raw\\images\\train\\F_2_2_1351.jpg",
  "box": [
    1220.129150390625,
    552.236328125,
    1291.9346923828125,
    666.31396484375
  ],
  "class": 3,
  "confidence": 0.5567429661750793,
  "uncertainty": 0.4140111950303748
}