{
  "image": "data\\raw\\images\\train\\F_2_8_1068.jpg",
  "box": [
    0.828094482421875,
    232.41256713867188,
    410.03070068359375,
    1068.090576171875
  ],
  "class": 2,
  "confidence": 0.8582623600959778,
  "uncertainty": 0.1962079423275257
}