{
  "image": "data\\raw\\images\\train\\F_2_2_35.jpg",
  "box": [
    530.9130249023438,
    512.3942260742188,
    558.6134033203125,
    543.8662109375
  ],
  "class": 2,
  "confidence": 0.29658243060112,
  "uncertainty": 0.4104789801165223
}