{
  "image": "data\\raw\\images\\train\\F_2_1_422.jpg",
  "box": [
    867.3140869140625,
    433.04754638671875,
    991.3446044921875,
    549.3517456054688
  ],
  "class": 2,
  "confidence": 0.6590570211410522,
  "uncertainty": 0.2211281617465145
}