{
  "image": "data\\raw\\images\\train\\F_2_1_214.jpg",
  "box": [
    1182.126708984375,
    482.5638427734375,
    1700.0526123046875,
    978.4923706054688
  ],
  "class": 2,
  "confidence": 0.9010694622993469,
  "uncertainty": 0.14065074913594053
}