{
  "image": "data\\raw\\images\\train\\F_2_8_1832.jpg",
  "box": [
    1875.97998046875,
    453.0412902832031,
    1919.2587890625,
    517.5037841796875
  ],
  "class": 3,
  "confidence": 0.5396298170089722,
  "uncertainty": 0.38681069376032723
}