{
  "image": "data\\raw\\images\\train\\F_2_7_525.jpg",
  "box": [
    0.0,
    411.0293884277344,
    98.99457550048828,
    495.569091796875
  ],
  "class": 2,
  "confidence": 0.4916599690914154,
  "uncertainty": 0.33994621840580463
}