{
  "image": "data\\raw\\images\\train\\F_2_9_784.jpg",
  "box": [
    1419.5877685546875,
    438.14501953125,
    1474.370361328125,
    533.1143188476562
  ],
  "class": 2,
  "confidence": 0.7400034070014954,
  "uncertainty": 0.19586193269433985
}