{
  "image": "data\\raw\\images\\train\\F_2_5_160.jpg",
  "box": [
    1169.920654296875,
    512.0806274414062,
    1355.994873046875,
    651.1342163085938
  ],
  "class": 2,
  "confidence": 0.8887913227081299,
  "uncertainty": 0.1303802205526558
}