{
  "image": "data\\raw\\images\\train\\F_2_7_182.jpg",
  "box": [
    817.5961303710938,
    339.33251953125,
    951.4451293945312,
    424.2290954589844
  ],
  "class": 7,
  "confidence": 0.41063323616981506,
  "uncertainty": 0.41699410348902516
}