{
  "image": "data\\raw\\images\\train\\F_2_4_794.jpg",
  "box": [
    802.5181274414062,
    597.9556884765625,
    910.7742919921875,
    757.6561889648438
  ],
  "class": 3,
  "confidence": 0.8047010898590088,
  "uncertainty": 0.278620608629021
}