{
  "image": "data\\raw\\images\\train\\F_2_9_2322.jpg",
  "box": [
    0.4649162292480469,
    386.8290710449219,
    77.22081756591797,
    708.6605224609375
  ],
  "class": 2,
  "confidence": 0.288657009601593,
  "uncertainty": 0.3894009586241976
}