{
  "image": "data\\raw\\images\\train\\F_2_6_107.jpg",
  "box": [
    1531.38623046875,
    586.8995361328125,
    1654.083740234375,
    799.48974609375
  ],
  "class": 3,
  "confidence": 0.6534116268157959,
  "uncertainty": 0.36524754527981146
}