{
  "image": "data\\raw\\images\\train\\F_2_8_812.jpg",
  "box": [
    1304.505859375,
    419.26824951171875,
    1406.18505859375,
    479.30816650390625
  ],
  "class": 2,
  "confidence": 0.3378456234931946,
  "uncertainty": 0.36332472226808993
}