{
  "image": "data\\raw\\images\\train\\F_2_2_796.jpg",
  "box": [
    1013.002685546875,
    503.30438232421875,
    1369.5390625,
    822.856201171875
  ],
  "class": 2,
  "confidence": 0.9199923276901245,
  "uncertainty": 0.12327172274505147
}