{
  "image": "data\\raw\\images\\train\\F_2_9_2527.jpg",
  "box": [
    1532.3695068359375,
    441.2518615722656,
    1580.515869140625,
    487.040771484375
  ],
  "class": 2,
  "confidence": 0.5099347829818726,
  "uncertainty": 0.33121274684769186
}