{
  "image": "data\\raw\\images\\train\\F_2_2_995.jpg",
  "box": [
    1248.1983642578125,
    483.8939208984375,
    1282.8353271484375,
    548.8455810546875
  ],
  "class": 2,
  "confidence": 0.5527007579803467,
  "uncertainty": 0.3095173665356804
}