{
  "image": "data\\raw\\images\\train\\F_2_8_822.jpg",
  "box": [
    637.6840209960938,
    529.4485473632812,
    850.7836303710938,
    906.5846557617188
  ],
  "class": 3,
  "confidence": 0.7763503193855286,
  "uncertainty": 0.28233377153451794
}