{
  "image": "data\\raw\\images\\train\\F_2_2_1146.jpg",
  "box": [
    1088.0792236328125,
    510.1141662597656,
    1153.1798095703125,
    542.3673095703125
  ],
  "class": 2,
  "confidence": 0.26427194476127625,
  "uncertainty": 0.44242831243570413
}