{
  "image": "data\\raw\\images\\train\\F_2_7_1854.jpg",
  "box": [
    1476.9049072265625,
    398.4679870605469,
    1875.9832763671875,
    757.3833618164062
  ],
  "class": 2,
  "confidence": 0.821265697479248,
  "uncertainty": 0.17301685872400194
}