{
  "image": "data\\raw\\images\\train\\F_2_4_278.jpg",
  "box": [
    739.2645874023438,
    469.3477478027344,
    896.2987060546875,
    642.2398681640625
  ],
  "class": 2,
  "confidence": 0.8491145968437195,
  "uncertainty": 0.18952735641883023
}