{
  "image": "data\\raw\\images\\train\\F_2_2_1461.jpg",
  "box": [
    1655.814697265625,
    790.219482421875,
    1917.544921875,
    1076.1112060546875
  ],
  "class": 3,
  "confidence": 0.4864939749240875,
  "uncertainty": 0.46229310639805704
}