{
  "image": "data\\raw\\images\\train\\F_2_2_1039.jpg",
  "box": [
    873.6088256835938,
    460.1877136230469,
    1207.413330078125,
    786.3136596679688
  ],
  "class": 2,
  "confidence": 0.9319543838500977,
  "uncertainty": 0.12005208645876242
}