{
  "image": "data\\raw\\images\\train\\F_2_2_1415.jpg",
  "box": [
    1206.680419921875,
    293.5049743652344,
    1550.0152587890625,
    718.892822265625
  ],
  "class": 7,
  "confidence": 0.9124335050582886,
  "uncertainty": 0.21679491474976748
}