{
  "image": "data\\raw\\images\\train\\F_2_2_894.jpg",
  "box": [
    756.5909423828125,
    394.5024719238281,
    1269.9102783203125,
    873.30712890625
  ],
  "class": 2,
  "confidence": 0.8813762664794922,
  "uncertainty": 0.14966351963985783
}