{
  "image": "data\\raw\\images\\train\\F_2_1_377.jpg",
  "box": [
    348.8387145996094,
    313.83123779296875,
    532.837646484375,
    464.25677490234375
  ],
  "class": 5,
  "confidence": 0.876935601234436,
  "uncertainty": 0.2004655850027157
}