{
  "image": "data\\raw\\images\\train\\F_2_8_1733.jpg",
  "box": [
    1203.403076171875,
    460.6264343261719,
    1244.9915771484375,
    512.327392578125
  ],
  "class": 7,
  "confidence": 0.586048424243927,
  "uncertainty": 0.32961854607351043
}