{
  "image": "data\\raw\\images\\train\\F_2_1_450.jpg",
  "box": [
    619.9618530273438,
    446.2607116699219,
    726.1151123046875,
    589.0574951171875
  ],
  "class": 2,
  "confidence": 0.6202952861785889,
  "uncertainty": 0.2678623184178485
}