{
  "image": "data\\raw\\images\\train\\F_2_2_795.jpg",
  "box": [
    1608.608642578125,
    598.2264404296875,
    1724.489501953125,
    688.2573852539062
  ],
  "class": 2,
  "confidence": 0.617624819278717,
  "uncertainty": 0.25050558791637173
}