{
  "image": "data\\raw\\images\\train\\F_2_1_14.jpg",
  "box": [
    1419.977783203125,
    206.74758911132812,
    1858.048095703125,
    682.1394653320312
  ],
  "class": 7,
  "confidence": 0.9311735033988953,
  "uncertainty": 0.19137515314632997
}