{
  "image": "data\\raw\\images\\train\\F_2_1_313.jpg",
  "box": [
    698.3409423828125,
    470.93115234375,
    767.0975341796875,
    556.8533935546875
  ],
  "class": 7,
  "confidence": 0.534294068813324,
  "uncertainty": 0.34349685723139756
}