{
  "image": "data\\raw\\images\\train\\F_2_11_938.jpg",
  "box": [
    547.0712890625,
    449.8551025390625,
    758.7283935546875,
    537.2049560546875
  ],
  "class": 2,
  "confidence": 0.7001065015792847,
  "uncertainty": 0.22153368753994757
}