{
  "image": "data\\raw\\images\\train\\F_2_2_771.jpg",
  "box": [
    1786.540283203125,
    521.9713134765625,
    1826.33935546875,
    598.6859130859375
  ],
  "class": 3,
  "confidence": 0.3113594055175781,
  "uncertainty": 0.4463398191394058
}