{
  "image": "data\\raw\\images\\train\\F_2_1_683.jpg",
  "box": [
    1852.253173828125,
    505.5733337402344,
    1889.080810546875,
    574.2353515625
  ],
  "class": 3,
  "confidence": 0.41627469658851624,
  "uncertainty": 0.41634214179433054
}