{
  "image": "data\\raw\\images\\train\\F_2_7_230.jpg",
  "box": [
    923.6500854492188,
    467.197265625,
    1061.6357421875,
    681.719970703125
  ],
  "class": 2,
  "confidence": 0.7615871429443359,
  "uncertainty": 0.24550779065336953
}