{
  "image": "data\\raw\\images\\train\\F_2_4_1026.jpg",
  "box": [
    1156.2008056640625,
    369.35113525390625,
    1227.0029296875,
    435.874755859375
  ],
  "class": 3,
  "confidence": 0.4298712909221649,
  "uncertainty": 0.48039930266806224
}