{
  "image": "data\\raw\\images\\train\\F_2_3_203.jpg",
  "box": [
    504.6601867675781,
    380.69989013671875,
    956.1910400390625,
    763.7200927734375
  ],
  "class": 2,
  "confidence": 0.9202587008476257,
  "uncertainty": 0.12940064273669424
}