{
  "image": "data\\raw\\images\\train\\F_2_9_583.jpg",
  "box": [
    1442.5897216796875,
    540.51416015625,
    1635.53173828125,
    841.1473388671875
  ],
  "class": 3,
  "confidence": 0.6978325843811035,
  "uncertainty": 0.3955949679283625
}