{
  "image": "data\\raw\\images\\train\\F_2_1_821.jpg",
  "box": [
    453.5768737792969,
    472.8023986816406,
    530.3681640625,
    532.187255859375
  ],
  "class": 2,
  "confidence": 0.7501683235168457,
  "uncertainty": 0.19534066113822582
}