{
  "image": "data\\raw\\images\\train\\F_2_7_60.jpg",
  "box": [
    1854.8031005859375,
    476.3272705078125,
    1919.3126220703125,
    507.74615478515625
  ],
  "class": 2,
  "confidence": 0.4034006595611572,
  "uncertainty": 0.35699910625810244
}