{
  "image": "data\\raw\\images\\train\\F_2_4_56.jpg",
  "box": [
    505.21820068359375,
    470.5480041503906,
    589.688232421875,
    605.047607421875
  ],
  "class": 3,
  "confidence": 0.7344405055046082,
  "uncertainty": 0.3421015723853009
}