{
  "image": "data\\raw\\images\\train\\F_2_11_392.jpg",
  "box": [
    1820.85791015625,
    487.95062255859375,
    1919.1778564453125,
    697.36181640625
  ],
  "class": 2,
  "confidence": 0.8219945430755615,
  "uncertainty": 0.19194231644669388
}