{
  "image": "data\\raw\\images\\train\\F_2_7_1739.jpg",
  "box": [
    257.2788391113281,
    867.28271484375,
    331.82476806640625,
    992.0972900390625
  ],
  "class": 3,
  "confidence": 0.687057375907898,
  "uncertainty": 0.348298819408262
}