{
  "image": "data\\raw\\images\\train\\F_2_1_390.jpg",
  "box": [
    1093.4632568359375,
    498.4942932128906,
    1123.0615234375,
    535.773681640625
  ],
  "class": 2,
  "confidence": 0.3137233853340149,
  "uncertainty": 0.34225734520254203
}