{
  "image": "data\\raw\\images\\train\\F_2_7_1638.jpg",
  "box": [
    90.63459777832031,
    447.0347900390625,
    599.8886108398438,
    781.0559692382812
  ],
  "class": 2,
  "confidence": 0.9191933274269104,
  "uncertainty": 0.13250477893395332
}