{
  "image": "data\\raw\\images\\train\\F_2_6_893.jpg",
  "box": [
    1158.52197265625,
    405.896728515625,
    1288.501220703125,
    574.5487670898438
  ],
  "class": 7,
  "confidence": 0.7297325134277344,
  "uncertainty": 0.29413320456446757
}