{
  "image": "data\\raw\\images\\train\\F_2_1_762.jpg",
  "box": [
    346.7823181152344,
    401.11541748046875,
    573.7391967773438,
    571.3910522460938
  ],
  "class": 7,
  "confidence": 0.434116393327713,
  "uncertainty": 0.4920169684053532
}