{
  "image": "data\\raw\\images\\train\\F_2_1_741.jpg",
  "box": [
    1443.46484375,
    499.06365966796875,
    1479.419189453125,
    544.5465087890625
  ],
  "class": 3,
  "confidence": 0.6052899360656738,
  "uncertainty": 0.3365634490023653
}