{
  "image": "data\\raw\\images\\train\\F_2_9_583.jpg",
  "box": [
    1736.458251953125,
    696.811279296875,
    1919.333984375,
    1070.7633056640625
  ],
  "class": 3,
  "confidence": 0.4921802580356598,
  "uncertainty": 0.4210355461323914
}