{
  "image": "data\\raw\\images\\train\\F_2_5_206.jpg",
  "box": [
    1590.30810546875,
    560.2506103515625,
    1667.61572265625,
    667.6500244140625
  ],
  "class": 3,
  "confidence": 0.36201536655426025,
  "uncertainty": 0.4868736287842843
}