{
  "image": "data\\raw\\images\\train\\F_2_7_1282.jpg",
  "box": [
    526.6084594726562,
    410.52191162109375,
    572.9354858398438,
    478.02484130859375
  ],
  "class": 3,
  "confidence": 0.530167818069458,
  "uncertainty": 0.3948966467140171
}