{
  "image": "data\\raw\\images\\train\\F_2_7_892.jpg",
  "box": [
    1085.75634765625,
    385.9422912597656,
    1201.176025390625,
    447.0418395996094
  ],
  "class": 2,
  "confidence": 0.46613380312919617,
  "uncertainty": 0.31764696942213666
}