{
  "image": "data\\raw\\images\\train\\F_2_9_2944.jpg",
  "box": [
    1503.8206787109375,
    424.23114013671875,
    1542.57568359375,
    474.35968017578125
  ],
  "class": 3,
  "confidence": 0.3982645273208618,
  "uncertainty": 0.4246630658223821
}