{
  "image": "data\\raw\\images\\train\\F_2_8_760.jpg",
  "box": [
    1694.9461669921875,
    441.378662109375,
    1919.1353759765625,
    1017.9976806640625
  ],
  "class": 2,
  "confidence": 0.900018036365509,
  "uncertainty": 0.18873955955254879
}