{
  "image": "data\\raw\\images\\train\\F_2_9_975.jpg",
  "box": [
    929.7998657226562,
    516.3531494140625,
    1049.2138671875,
    707.4464111328125
  ],
  "class": 3,
  "confidence": 0.7598820328712463,
  "uncertainty": 0.329626521787752
}