{
  "image": "data\\raw\\images\\train\\F_2_10_177.jpg",
  "box": [
    1053.6156005859375,
    480.6609191894531,
    1267.87841796875,
    705.704345703125
  ],
  "class": 2,
  "confidence": 0.8319199085235596,
  "uncertainty": 0.14705230954086426
}