{
  "image": "data\\raw\\images\\train\\F_2_7_695.jpg",
  "box": [
    1311.0545654296875,
    535.1947631835938,
    1367.65771484375,
    624.927978515625
  ],
  "class": 3,
  "confidence": 0.6146528720855713,
  "uncertainty": 0.35863122321176144
}