{
  "image": "data\\raw\\images\\train\\F_2_7_1989.jpg",
  "box": [
    707.2282104492188,
    407.6520080566406,
    808.7213745117188,
    562.8799438476562
  ],
  "class": 2,
  "confidence": 0.5703275799751282,
  "uncertainty": 0.31218210047579603
}