{
  "image": "data\\raw\\images\\train\\F_2_2_1588.jpg",
  "box": [
    141.35418701171875,
    315.6034240722656,
    370.78302001953125,
    497.2347106933594
  ],
  "class": 5,
  "confidence": 0.7363648414611816,
  "uncertainty": 0.3175748916742633
}