{
  "image": "data\\raw\\images\\train\\F_2_7_759.jpg",
  "box": [
    589.1859130859375,
    498.07965087890625,
    814.6153564453125,
    683.8123168945312
  ],
  "class": 2,
  "confidence": 0.8976629376411438,
  "uncertainty": 0.13419451059353177
}