{
  "image": "data\\raw\\images\\train\\F_2_2_772.jpg",
  "box": [
    255.75851440429688,
    443.0792541503906,
    528.4442138671875,
    643.0365600585938
  ],
  "class": 7,
  "confidence": 0.7940710783004761,
  "uncertainty": 0.36962976475199677
}