{
  "image": "data\\raw\\images\\train\\F_2_2_426.jpg",
  "box": [
    633.7018432617188,
    473.77752685546875,
    711.519287109375,
    528.01318359375
  ],
  "class": 2,
  "confidence": 0.6339519619941711,
  "uncertainty": 0.24721941156812408
}