{
  "image": "data\\raw\\images\\train\\F_2_1_559.jpg",
  "box": [
    1851.9327392578125,
    478.97662353515625,
    1919.2708740234375,
    616.798828125
  ],
  "class": 2,
  "confidence": 0.26542896032333374,
  "uncertainty": 0.3889488485504979
}