{
  "image": "data\\raw\\images\\train\\F_2_2_246.jpg",
  "box": [
    1559.1785888671875,
    464.94122314453125,
    1624.8504638671875,
    564.7531127929688
  ],
  "class": 2,
  "confidence": 0.34717002511024475,
  "uncertainty": 0.3876053784202101
}