{
  "image": "data\\raw\\images\\train\\F_2_1_349.jpg",
  "box": [
    1721.012451171875,
    433.5731506347656,
    1808.648193359375,
    478.28778076171875
  ],
  "class": 2,
  "confidence": 0.42478102445602417,
  "uncertainty": 0.422793783838758
}