{
  "image": "data\\raw\\images\\train\\F_2_6_1609.jpg",
  "box": [
    217.00726318359375,
    445.7740173339844,
    279.9527893066406,
    630.1627197265625
  ],
  "class": 7,
  "confidence": 0.30893024802207947,
  "uncertainty": 0.48009840657937586
}