{
  "image": "data\\raw\\images\\train\\F_2_3_387.jpg",
  "box": [
    431.234619140625,
    439.30426025390625,
    747.3431396484375,
    692.3497924804688
  ],
  "class": 2,
  "confidence": 0.9209563136100769,
  "uncertainty": 0.13955561995125484
}