{
  "image": "data\\raw\\images\\train\\F_2_7_222.jpg",
  "box": [
    1593.498779296875,
    427.3270568847656,
    1918.4227294921875,
    530.4346923828125
  ],
  "class": 2,
  "confidence": 0.338771253824234,
  "uncertainty": 0.3727901362321279
}