{
  "image": "data\\raw\\images\\train\\F_2_2_823.jpg",
  "box": [
    1124.983642578125,
    468.57733154296875,
    1596.776611328125,
    856.3753051757812
  ],
  "class": 2,
  "confidence": 0.9337748885154724,
  "uncertainty": 0.1332004647279154
}