{
  "image": "data\\raw\\images\\train\\F_2_2_1431.jpg",
  "box": [
    1117.859130859375,
    225.83966064453125,
    1289.981689453125,
    486.2906799316406
  ],
  "class": 7,
  "confidence": 0.770518958568573,
  "uncertainty": 0.28372306887742216
}