{
  "image": "data\\raw\\images\\train\\F_2_5_336.jpg",
  "box": [
    1179.7386474609375,
    357.9099426269531,
    1373.8216552734375,
    421.8494567871094
  ],
  "class": 7,
  "confidence": 0.2859174311161041,
  "uncertainty": 0.4603388241875536
}