{
  "image": "data\\raw\\images\\train\\F_2_2_978.jpg",
  "box": [
    0.5060920715332031,
    486.7584228515625,
    189.47930908203125,
    940.0667724609375
  ],
  "class": 2,
  "confidence": 0.9107156991958618,
  "uncertainty": 0.1771782495232761
}