{
  "image": "data\\raw\\images\\train\\F_2_9_2975.jpg",
  "box": [
    1276.404052734375,
    465.56304931640625,
    1307.25732421875,
    506.9765625
  ],
  "class": 3,
  "confidence": 0.29037031531333923,
  "uncertainty": 0.4884584947800651
}