{
  "image": "data\\raw\\images\\train\\F_2_9_434.jpg",
  "box": [
    1415.109619140625,
    590.2093505859375,
    1475.738525390625,
    667.504150390625
  ],
  "class": 3,
  "confidence": 0.6654669642448425,
  "uncertainty": 0.32731369514092246
}