{
  "image": "data\\raw\\images\\train\\F_2_3_246.jpg",
  "box": [
    964.25830078125,
    461.6928405761719,
    1375.590087890625,
    978.7752685546875
  ],
  "class": 2,
  "confidence": 0.7677831649780273,
  "uncertainty": 0.23478451693653984
}