{
  "image": "data\\raw\\images\\train\\F_2_11_735.jpg",
  "box": [
    1509.958740234375,
    2.3624267578125,
    1919.0013427734375,
    816.8512573242188
  ],
  "class": 7,
  "confidence": 0.9485198259353638,
  "uncertainty": 0.18820744282661314
}