{
  "image": "data\\raw\\images\\train\\F_2_2_1089.jpg",
  "box": [
    727.1126708984375,
    493.10626220703125,
    856.0626220703125,
    615.6527099609375
  ],
  "class": 2,
  "confidence": 0.6943619847297668,
  "uncertainty": 0.3009858798399083
}