{
  "image": "data\\raw\\images\\train\\F_2_6_554.jpg",
  "box": [
    180.1278839111328,
    593.3673706054688,
    283.94073486328125,
    746.5296630859375
  ],
  "class": 3,
  "confidence": 0.7739896774291992,
  "uncertainty": 0.30232292284798984
}