{
  "image": "data\\raw\\images\\train\\F_2_7_1295.jpg",
  "box": [
    77.05244445800781,
    423.54986572265625,
    455.2696838378906,
    487.0165100097656
  ],
  "class": 2,
  "confidence": 0.27414578199386597,
  "uncertainty": 0.47011756376961583
}