{
  "image": "data\\raw\\images\\train\\F_2_9_1337.jpg",
  "box": [
    1635.8741455078125,
    489.60198974609375,
    1919.7916259765625,
    659.1165771484375
  ],
  "class": 2,
  "confidence": 0.4961727559566498,
  "uncertainty": 0.3225884485448487
}