{
  "image": "data\\raw\\images\\train\\F_2_1_766.jpg",
  "box": [
    1862.7249755859375,
    466.1236572265625,
    1919.2994384765625,
    659.0308837890625
  ],
  "class": 2,
  "confidence": 0.7497897744178772,
  "uncertainty": 0.24103826350707558
}