{
  "image": "data\\raw\\images\\train\\F_2_8_1760.jpg",
  "box": [
    1012.4075317382812,
    385.48297119140625,
    1063.249267578125,
    461.42431640625
  ],
  "class": 3,
  "confidence": 0.6701817512512207,
  "uncertainty": 0.3698832867318232
}