{
  "image": "data\\raw\\images\\train\\F_2_9_2139.jpg",
  "box": [
    504.7052307128906,
    427.9909973144531,
    588.970947265625,
    507.6186218261719
  ],
  "class": 2,
  "confidence": 0.35258573293685913,
  "uncertainty": 0.3412765307800929
}