{
  "image": "data\\raw\\images\\train\\F_2_2_1401.jpg",
  "box": [
    1256.2410888671875,
    444.06463623046875,
    1358.8492431640625,
    557.7037353515625
  ],
  "class": 2,
  "confidence": 0.7185724377632141,
  "uncertainty": 0.2589722344396118
}