{
  "image": "data\\raw\\images\\train\\F_2_9_2755.jpg",
  "box": [
    3.8836669921875,
    4.9346923828125,
    1110.516357421875,
    956.9760131835938
  ],
  "class": 5,
  "confidence": 0.5870260000228882,
  "uncertainty": 0.3103759851117902
}