{
  "image": "data\\raw\\images\\train\\F_2_6_237.jpg",
  "box": [
    426.2584533691406,
    402.4225158691406,
    592.8099365234375,
    599.0172119140625
  ],
  "class": 7,
  "confidence": 0.3330431580543518,
  "uncertainty": 0.4505632322898075
}