{
  "image": "data\\raw\\images\\train\\F_2_7_821.jpg",
  "box": [
    1745.1610107421875,
    395.6729736328125,
    1842.9730224609375,
    510.73297119140625
  ],
  "class": 7,
  "confidence": 0.6394188404083252,
  "uncertainty": 0.312061633014373
}