{
  "image": "data\\raw\\images\\train\\F_2_9_433.jpg",
  "box": [
    1375.145751953125,
    502.056884765625,
    1489.6387939453125,
    625.840576171875
  ],
  "class": 7,
  "confidence": 0.7348827719688416,
  "uncertainty": 0.2763422174229181
}