{
  "image": "data\\raw\\images\\train\\F_2_2_1035.jpg",
  "box": [
    3.92706298828125,
    447.1266174316406,
    1468.46826171875,
    1068.04931640625
  ],
  "class": 2,
  "confidence": 0.9289360046386719,
  "uncertainty": 0.12028823897406177
}