{
  "image": "data\\raw\\images\\train\\F_2_6_321.jpg",
  "box": [
    864.377197265625,
    279.0214538574219,
    1324.125,
    491.30364990234375
  ],
  "class": 5,
  "confidence": 0.8407699465751648,
  "uncertainty": 0.3122377116607937
}