{
  "image": "data\\raw\\images\\train\\F_2_5_22.jpg",
  "box": [
    14.008781433105469,
    499.4953308105469,
    115.76973724365234,
    580.904541015625
  ],
  "class": 7,
  "confidence": 0.5413316488265991,
  "uncertainty": 0.3496040362809884
}