{
  "image": "data\\raw\\images\\train\\F_2_9_583.jpg",
  "box": [
    1225.60595703125,
    553.2653198242188,
    1296.99853515625,
    659.573486328125
  ],
  "class": 3,
  "confidence": 0.6884753704071045,
  "uncertainty": 0.32563693634662094
}