{
  "image": "data\\raw\\images\\train\\F_2_1_337.jpg",
  "box": [
    239.14410400390625,
    400.1457824707031,
    621.34033203125,
    819.901611328125
  ],
  "class": 7,
  "confidence": 0.7628254890441895,
  "uncertainty": 0.2824216920674329
}