{
  "image": "data\\raw\\images\\train\\F_2_1_539.jpg",
  "box": [
    1296.2523193359375,
    426.5841064453125,
    1373.548095703125,
    515.3741455078125
  ],
  "class": 7,
  "confidence": 0.6266821622848511,
  "uncertainty": 0.31392258048649124
}