{
  "image": "data\\raw\\images\\train\\F_2_1_564.jpg",
  "box": [
    0.33306884765625,
    495.8492431640625,
    166.7232666015625,
    717.555908203125
  ],
  "class": 2,
  "confidence": 0.8370348811149597,
  "uncertainty": 0.1781537535448927
}