{
  "image": "data\\raw\\images\\train\\F_2_3_321.jpg",
  "box": [
    487.05816650390625,
    581.2755126953125,
    569.09912109375,
    740.3203125
  ],
  "class": 3,
  "confidence": 0.443565309047699,
  "uncertainty": 0.47401673429092744
}