{
  "image": "data\\raw\\images\\train\\F_2_9_830.jpg",
  "box": [
    157.29043579101562,
    407.78375244140625,
    542.6044921875,
    816.3414916992188
  ],
  "class": 7,
  "confidence": 0.7697524428367615,
  "uncertainty": 0.2744748564828533
}