{
  "image": "data\\raw\\images\\train\\F_2_1_393.jpg",
  "box": [
    1287.811279296875,
    472.5341491699219,
    1440.888671875,
    628.133544921875
  ],
  "class": 7,
  "confidence": 0.6616314649581909,
  "uncertainty": 0.3271615640785037
}