{
  "image": "data\\raw\\images\\train\\F_2_2_1458.jpg",
  "box": [
    831.3773803710938,
    423.7032165527344,
    911.1123046875,
    493.5608825683594
  ],
  "class": 2,
  "confidence": 0.7226061820983887,
  "uncertainty": 0.2471752459919312
}