{
  "image": "data\\raw\\images\\train\\F_2_7_707.jpg",
  "box": [
    334.3204345703125,
    387.7387390136719,
    397.1401062011719,
    437.5102844238281
  ],
  "class": 2,
  "confidence": 0.3423806130886078,
  "uncertainty": 0.367612014341299
}