{
  "image": "data\\raw\\images\\train\\F_2_3_64.jpg",
  "box": [
    471.8441162109375,
    484.5658264160156,
    590.9886474609375,
    615.7037353515625
  ],
  "class": 2,
  "confidence": 0.7572464346885681,
  "uncertainty": 0.24599701883357122
}