{
  "image": "data\\raw\\images\\train\\F_2_4_238.jpg",
  "box": [
    731.5446166992188,
    433.33795166015625,
    839.6361694335938,
    589.66455078125
  ],
  "class": 2,
  "confidence": 0.654984176158905,
  "uncertainty": 0.27407038325168565
}