{
  "image": "data\\raw\\images\\train\\F_2_9_433.jpg",
  "box": [
    1712.733642578125,
    532.6636962890625,
    1786.96337890625,
    588.3875732421875
  ],
  "class": 2,
  "confidence": 0.3696999251842499,
  "uncertainty": 0.36551740242516656
}