{
  "image": "data\\raw\\images\\train\\F_2_8_986.jpg",
  "box": [
    1151.783203125,
    350.8510437011719,
    1552.51611328125,
    872.1806640625
  ],
  "class": 7,
  "confidence": 0.7174646258354187,
  "uncertainty": 0.3001407114343696
}