{
  "image": "data\\raw\\images\\train\\F_2_8_807.jpg",
  "box": [
    1648.5816650390625,
    443.0362243652344,
    1793.363525390625,
    613.9085693359375
  ],
  "class": 2,
  "confidence": 0.27614519000053406,
  "uncertainty": 0.4000462872562255
}