{
  "image": "data\\raw\\images\\train\\F_2_2_648.jpg",
  "box": [
    2.208984375,
    303.2923889160156,
    1173.550537109375,
    1065.848388671875
  ],
  "class": 2,
  "confidence": 0.5306509733200073,
  "uncertainty": 0.24286610292595204
}