{
  "image": "data\\raw\\images\\train\\F_2_2_1696.jpg",
  "box": [
    909.7122802734375,
    479.38922119140625,
    968.4422607421875,
    565.3213500976562
  ],
  "class": 2,
  "confidence": 0.6191755533218384,
  "uncertainty": 0.314451447317032
}