{
  "image": "data\\raw\\images\\train\\F_2_7_1981.jpg",
  "box": [
    0.376373291015625,
    320.410400390625,
    531.0379028320312,
    1014.305419921875
  ],
  "class": 2,
  "confidence": 0.8793269991874695,
  "uncertainty": 0.10416974855597316
}