{
  "image": "data\\raw\\images\\train\\F_2_2_845.jpg",
  "box": [
    0.381866455078125,
    478.2230529785156,
    250.07437133789062,
    745.9044799804688
  ],
  "class": 2,
  "confidence": 0.9264720678329468,
  "uncertainty": 0.11167670741800892
}