{
  "image": "data\\raw\\images\\train\\F_2_3_88.jpg",
  "box": [
    957.598876953125,
    353.0367431640625,
    1236.4769287109375,
    494.66302490234375
  ],
  "class": 5,
  "confidence": 0.7787640690803528,
  "uncertainty": 0.3899376823248856
}