{
  "image": "data\\raw\\images\\train\\F_2_1_803.jpg",
  "box": [
    1508.665283203125,
    473.7695617675781,
    1630.7120361328125,
    603.4521484375
  ],
  "class": 7,
  "confidence": 0.6403374075889587,
  "uncertainty": 0.3260440740994229
}