{
  "image": "data\\raw\\images\\train\\F_2_1_1127.jpg",
  "box": [
    1280.69580078125,
    446.0585632324219,
    1341.392822265625,
    502.2190246582031
  ],
  "class": 2,
  "confidence": 0.4925842881202698,
  "uncertainty": 0.2864171769270676
}