{
  "image": "data\\raw\\images\\train\\F_2_1_393.jpg",
  "box": [
    1488.195068359375,
    449.4253234863281,
    1560.070556640625,
    529.000732421875
  ],
  "class": 7,
  "confidence": 0.35632285475730896,
  "uncertainty": 0.4491204938992155
}