{
  "image": "data\\raw\\images\\train\\F_2_6_1737.jpg",
  "box": [
    556.609130859375,
    386.3416442871094,
    664.140380859375,
    504.7896423339844
  ],
  "class": 2,
  "confidence": 0.5070602893829346,
  "uncertainty": 0.37220653186454655
}