{
  "image": "data\\raw\\images\\train\\F_2_9_2626.jpg",
  "box": [
    1.765228271484375,
    4.0997314453125,
    538.766357421875,
    1061.5377197265625
  ],
  "class": 5,
  "confidence": 0.9309394359588623,
  "uncertainty": 0.1873286391484758
}