{
  "image": "data\\raw\\images\\train\\F_2_2_1434.jpg",
  "box": [
    1163.781494140625,
    443.2870788574219,
    1256.0908203125,
    526.930908203125
  ],
  "class": 2,
  "confidence": 0.6773489713668823,
  "uncertainty": 0.2513100364907554
}