{
  "image": "data\\raw\\images\\train\\F_2_6_1082.jpg",
  "box": [
    959.7731323242188,
    494.5388488769531,
    1056.57421875,
    614.9642333984375
  ],
  "class": 7,
  "confidence": 0.46622636914253235,
  "uncertainty": 0.43480594589456173
}