{
  "image": "data\\raw\\images\\train\\F_2_6_1794.jpg",
  "box": [
    1493.2957763671875,
    629.7584228515625,
    1621.34326171875,
    793.3782348632812
  ],
  "class": 3,
  "confidence": 0.780791163444519,
  "uncertainty": 0.28185674360244267
}