{
  "image": "data\\raw\\images\\train\\F_2_5_154.jpg",
  "box": [
    723.1202392578125,
    486.89996337890625,
    777.674560546875,
    562.805419921875
  ],
  "class": 3,
  "confidence": 0.6509079337120056,
  "uncertainty": 0.35698362926161525
}