{
  "image": "data\\raw\\images\\train\\F_2_7_521.jpg",
  "box": [
    651.9874877929688,
    444.7931213378906,
    859.1987915039062,
    597.9044189453125
  ],
  "class": 2,
  "confidence": 0.7172902226448059,
  "uncertainty": 0.2607848730693427
}