{
  "image": "data\\raw\\images\\train\\F_2_5_6.jpg",
  "box": [
    192.3621826171875,
    635.9337158203125,
    422.79248046875,
    954.4114379882812
  ],
  "class": 3,
  "confidence": 0.43706613779067993,
  "uncertainty": 0.491504084667716
}