{
  "image": "data\\raw\\images\\train\\F_2_1_943.jpg",
  "box": [
    1551.96533203125,
    409.7731018066406,
    1780.2041015625,
    646.5760498046875
  ],
  "class": 7,
  "confidence": 0.8518568873405457,
  "uncertainty": 0.23619974693581247
}