{
  "image": "data\\raw\\images\\train\\F_2_2_1022.jpg",
  "box": [
    674.8304443359375,
    441.356689453125,
    1152.2200927734375,
    971.860107421875
  ],
  "class": 2,
  "confidence": 0.9031238555908203,
  "uncertainty": 0.21869357703799805
}