{
  "image": "data\\raw\\images\\train\\F_2_3_248.jpg",
  "box": [
    1329.198974609375,
    825.3748168945312,
    1592.768310546875,
    1074.393798828125
  ],
  "class": 3,
  "confidence": 0.46699702739715576,
  "uncertainty": 0.40945626868271723
}