{
  "image": "data\\raw\\images\\train\\F_2_2_104.jpg",
  "box": [
    231.9074249267578,
    431.00994873046875,
    311.391845703125,
    568.27392578125
  ],
  "class": 5,
  "confidence": 0.30974626541137695,
  "uncertainty": 0.4518045628753936
}