{
  "image": "data\\raw\\images\\train\\F_2_11_465.jpg",
  "box": [
    882.9180908203125,
    491.41583251953125,
    929.953125,
    559.5700073242188
  ],
  "class": 3,
  "confidence": 0.6925985217094421,
  "uncertainty": 0.32215942829373556
}