{
  "image": "data\\raw\\images\\train\\F_2_1_450.jpg",
  "box": [
    954.216796875,
    361.281005859375,
    1101.050537109375,
    554.2648315429688
  ],
  "class": 7,
  "confidence": 0.840175986289978,
  "uncertainty": 0.33958928944600153
}