{
  "image": "data\\raw\\images\\train\\F_2_1_439.jpg",
  "box": [
    840.3167724609375,
    523.1881713867188,
    877.3099365234375,
    570.2199096679688
  ],
  "class": 3,
  "confidence": 0.5251564979553223,
  "uncertainty": 0.3731027665348096
}