{
  "image": "data\\raw\\images\\train\\F_2_9_2944.jpg",
  "box": [
    1124.73974609375,
    607.3697509765625,
    1268.358154296875,
    872.1253662109375
  ],
  "class": 3,
  "confidence": 0.6998355388641357,
  "uncertainty": 0.35228276261693175
}