{
  "image": "data\\raw\\images\\train\\F_2_1_934.jpg",
  "box": [
    502.66070556640625,
    423.0722351074219,
    710.4778442382812,
    678.751708984375
  ],
  "class": 7,
  "confidence": 0.5668937563896179,
  "uncertainty": 0.3474164185404927
}