{
  "image": "data\\raw\\images\\train\\F_2_2_831.jpg",
  "box": [
    1746.251953125,
    445.4383850097656,
    1864.3370361328125,
    490.1789245605469
  ],
  "class": 2,
  "confidence": 0.3625459372997284,
  "uncertainty": 0.34749487577572535
}