{
  "image": "data\\raw\\images\\train\\F_2_2_346.jpg",
  "box": [
    1206.06689453125,
    448.481689453125,
    1260.1998291015625,
    476.8143310546875
  ],
  "class": 2,
  "confidence": 0.26614823937416077,
  "uncertainty": 0.38753682624253694
}