{
  "image": "data\\raw\\images\\train\\F_2_9_2991.jpg",
  "box": [
    109.18297576904297,
    455.893798828125,
    212.831787109375,
    553.9500732421875
  ],
  "class": 3,
  "confidence": 0.3547482192516327,
  "uncertainty": 0.47104331682367107
}