{
  "image": "data\\raw\\images\\train\\F_2_3_531.jpg",
  "box": [
    519.6009521484375,
    330.5138244628906,
    859.2679443359375,
    579.5011596679688
  ],
  "class": 5,
  "confidence": 0.6398620009422302,
  "uncertainty": 0.36080432281123587
}