{
  "image": "data\\raw\\images\\train\\F_2_2_961.jpg",
  "box": [
    1694.7689208984375,
    459.60821533203125,
    1788.8646240234375,
    499.97930908203125
  ],
  "class": 2,
  "confidence": 0.2928221523761749,
  "uncertainty": 0.3968255353043662
}