{
  "image": "data\\raw\\images\\train\\F_2_1_788.jpg",
  "box": [
    536.22265625,
    436.56646728515625,
    660.2816162109375,
    587.2880859375
  ],
  "class": 7,
  "confidence": 0.6308543682098389,
  "uncertainty": 0.3207200929919585
}