{
  "image": "data\\raw\\images\\train\\F_2_8_1896.jpg",
  "box": [
    1215.743408203125,
    493.8020324707031,
    1413.08349609375,
    755.5225830078125
  ],
  "class": 3,
  "confidence": 0.8568539619445801,
  "uncertainty": 0.3097567712482884
}