{
  "image": "data\\raw\\images\\train\\F_2_7_459.jpg",
  "box": [
    343.6946105957031,
    483.6028747558594,
    869.5911254882812,
    901.3046875
  ],
  "class": 2,
  "confidence": 0.8646937012672424,
  "uncertainty": 0.2943313815888903
}