{
  "image": "data\\raw\\images\\train\\F_2_4_596.jpg",
  "box": [
    511.3459167480469,
    564.150634765625,
    609.0866088867188,
    734.251220703125
  ],
  "class": 3,
  "confidence": 0.7820634245872498,
  "uncertainty": 0.3129984144251034
}