{
  "image": "data\\raw\\images\\train\\F_2_2_306.jpg",
  "box": [
    680.8313598632812,
    455.2491455078125,
    754.36962890625,
    536.7237548828125
  ],
  "class": 7,
  "confidence": 0.40408480167388916,
  "uncertainty": 0.42161107445180873
}