{
  "image": "data\\raw\\images\\train\\F_2_8_1019.jpg",
  "box": [
    588.0009765625,
    431.1453552246094,
    726.34423828125,
    646.7996826171875
  ],
  "class": 2,
  "confidence": 0.48223695158958435,
  "uncertainty": 0.37530868078121743
}