{
  "image": "data\\raw\\images\\train\\F_2_1_843.jpg",
  "box": [
    92.19536590576172,
    348.4930114746094,
    268.3396911621094,
    566.86181640625
  ],
  "class": 7,
  "confidence": 0.7043915390968323,
  "uncertainty": 0.30678157333112543
}