{
  "image": "data\\raw\\images\\train\\F_2_2_197.jpg",
  "box": [
    637.4306640625,
    509.45068359375,
    682.27197265625,
    559.0267333984375
  ],
  "class": 2,
  "confidence": 0.26348963379859924,
  "uncertainty": 0.36347075798780704
}