{
  "image": "data\\raw\\images\\train\\F_2_9_579.jpg",
  "box": [
    22.241500854492188,
    850.3162841796875,
    600.3632202148438,
    1070.717529296875
  ],
  "class": 3,
  "confidence": 0.6430791020393372,
  "uncertainty": 0.44762546754743426
}