{
  "image": "data\\raw\\images\\train\\F_2_2_1433.jpg",
  "box": [
    981.7998046875,
    442.3953552246094,
    1018.2542724609375,
    493.1485290527344
  ],
  "class": 2,
  "confidence": 0.2643094062805176,
  "uncertainty": 0.4133968807358426
}