{
  "image": "data\\raw\\images\\train\\F_2_1_932.jpg",
  "box": [
    911.8885498046875,
    447.22943115234375,
    1013.2572021484375,
    590.1749267578125
  ],
  "class": 2,
  "confidence": 0.6860482692718506,
  "uncertainty": 0.297479970654703
}