{
  "image": "data\\raw\\images\\train\\F_2_1_383.jpg",
  "box": [
    1441.34716796875,
    457.2279052734375,
    1575.0977783203125,
    610.4902954101562
  ],
  "class": 2,
  "confidence": 0.31153321266174316,
  "uncertainty": 0.4827982356896129
}