{
  "image": "data\\raw\\images\\train\\F_2_1_661.jpg",
  "box": [
    692.6735229492188,
    403.7146911621094,
    989.75537109375,
    663.68505859375
  ],
  "class": 2,
  "confidence": 0.919463574886322,
  "uncertainty": 0.12819630055089012
}