{
  "image": "data\\raw\\images\\train\\F_2_9_3026.jpg",
  "box": [
    206.44171142578125,
    274.6775207519531,
    537.1572875976562,
    564.510986328125
  ],
  "class": 7,
  "confidence": 0.626145601272583,
  "uncertainty": 0.40726124527999324
}