{
  "image": "data\\raw\\images\\train\\F_2_2_1080.jpg",
  "box": [
    33.01190185546875,
    562.27783203125,
    124.71794128417969,
    684.9493408203125
  ],
  "class": 3,
  "confidence": 0.6909292340278625,
  "uncertainty": 0.3226845009624746
}