{
  "image": "data\\raw\\images\\train\\F_2_6_1833.jpg",
  "box": [
    317.33489990234375,
    578.1856689453125,
    453.03594970703125,
    747.45458984375
  ],
  "class": 3,
  "confidence": 0.7406079173088074,
  "uncertainty": 0.3151378726772205
}