{
  "image": "data\\raw\\images\\train\\F_2_1_337.jpg",
  "box": [
    1730.087158203125,
    426.8004455566406,
    1890.934814453125,
    577.40283203125
  ],
  "class": 2,
  "confidence": 0.8324123620986938,
  "uncertainty": 0.17946269125552844
}