{
  "image": "data\\raw\\images\\train\\F_2_8_900.jpg",
  "box": [
    124.5398941040039,
    398.9636535644531,
    297.57196044921875,
    528.8751220703125
  ],
  "class": 2,
  "confidence": 0.47075533866882324,
  "uncertainty": 0.3983783864688146
}