{
  "image": "data\\raw\\images\\train\\F_2_4_650.jpg",
  "box": [
    403.7522277832031,
    569.812255859375,
    491.43951416015625,
    709.525390625
  ],
  "class": 3,
  "confidence": 0.7343534231185913,
  "uncertainty": 0.35460795233410425
}