{
  "image": "data\\raw\\images\\train\\F_2_1_741.jpg",
  "box": [
    1043.433837890625,
    509.4850158691406,
    1092.57421875,
    577.7978515625
  ],
  "class": 3,
  "confidence": 0.6510009169578552,
  "uncertainty": 0.34641873370194365
}