{
  "image": "data\\raw\\images\\train\\F_2_1_450.jpg",
  "box": [
    257.9736328125,
    419.01141357421875,
    389.60260009765625,
    486.09100341796875
  ],
  "class": 7,
  "confidence": 0.5537893176078796,
  "uncertainty": 0.4058921197355316
}