{
  "image": "data\\raw\\images\\train\\F_2_8_935.jpg",
  "box": [
    713.9716186523438,
    649.5997924804688,
    871.9209594726562,
    858.2265014648438
  ],
  "class": 3,
  "confidence": 0.8132128715515137,
  "uncertainty": 0.2782785656343397
}