{
  "image": "data\\raw\\images\\train\\F_2_9_2348.jpg",
  "box": [
    623.87255859375,
    512.2662963867188,
    676.6646118164062,
    560.9736328125
  ],
  "class": 2,
  "confidence": 0.4336183965206146,
  "uncertainty": 0.33981971641363923
}