{
  "image": "data\\raw\\images\\train\\F_2_6_1430.jpg",
  "box": [
    1106.79931640625,
    775.2478637695312,
    1311.5672607421875,
    1074.460205078125
  ],
  "class": 3,
  "confidence": 0.768578052520752,
  "uncertainty": 0.3492053750365464
}