{
  "image": "data\\raw\\images\\train\\F_2_1_423.jpg",
  "box": [
    1665.444580078125,
    203.174072265625,
    1918.53515625,
    882.3179931640625
  ],
  "class": 5,
  "confidence": 0.9241867065429688,
  "uncertainty": 0.21590294774914232
}