{
  "image": "data\\raw\\images\\train\\F_2_8_745.jpg",
  "box": [
    425.1177062988281,
    414.0677490234375,
    579.2196044921875,
    541.8673095703125
  ],
  "class": 2,
  "confidence": 0.7690806984901428,
  "uncertainty": 0.19868426709946496
}