{
  "image": "data\\raw\\images\\train\\F_2_2_852.jpg",
  "box": [
    0.5811538696289062,
    756.022705078125,
    150.7174530029297,
    1071.8280029296875
  ],
  "class": 3,
  "confidence": 0.5709397792816162,
  "uncertainty": 0.372812595163038
}