{
  "image": "data\\raw\\images\\train\\F_2_2_1101.jpg",
  "box": [
    1218.7327880859375,
    454.5194091796875,
    1491.916259765625,
    676.90283203125
  ],
  "class": 2,
  "confidence": 0.8916796445846558,
  "uncertainty": 0.139453851214617
}