{
  "image": "data\\raw\\images\\train\\F_2_2_166.jpg",
  "box": [
    190.79632568359375,
    278.54461669921875,
    540.9844970703125,
    647.1747436523438
  ],
  "class": 5,
  "confidence": 0.9094498157501221,
  "uncertainty": 0.26162203856378563
}