{
  "image": "data\\raw\\images\\train\\F_2_1_632.jpg",
  "box": [
    319.80548095703125,
    436.51336669921875,
    416.072509765625,
    508.16107177734375
  ],
  "class": 2,
  "confidence": 0.6991302371025085,
  "uncertainty": 0.21275136261973332
}