{
  "image": "data\\raw\\images\\train\\F_2_11_734.jpg",
  "box": [
    1206.56787109375,
    473.3543701171875,
    1275.547607421875,
    546.950439453125
  ],
  "class": 2,
  "confidence": 0.7924889922142029,
  "uncertainty": 0.1741116260510982
}