{
  "image": "data\\raw\\images\\train\\F_2_2_793.jpg",
  "box": [
    1.4110794067382812,
    605.5634765625,
    76.97797393798828,
    751.4071655273438
  ],
  "class": 3,
  "confidence": 0.6558336615562439,
  "uncertainty": 0.3433009576417234
}