{
  "image": "data\\raw\\images\\train\\F_2_1_782.jpg",
  "box": [
    939.0516357421875,
    491.0140686035156,
    999.75439453125,
    595.2244873046875
  ],
  "class": 3,
  "confidence": 0.6715686321258545,
  "uncertainty": 0.3450919290210291
}