{
  "image": "data\\raw\\images\\train\\F_2_5_6.jpg",
  "box": [
    949.661865234375,
    508.92083740234375,
    1011.7371826171875,
    563.4685668945312
  ],
  "class": 2,
  "confidence": 0.4201129972934723,
  "uncertainty": 0.3244655754692305
}