{
  "image": "data\\raw\\images\\train\\F_2_8_1036.jpg",
  "box": [
    585.3433837890625,
    509.8272399902344,
    632.13720703125,
    570.3917236328125
  ],
  "class": 3,
  "confidence": 0.5737756490707397,
  "uncertainty": 0.3725518926409367
}