{
  "image": "data\\raw\\images\\train\\F_2_1_659.jpg",
  "box": [
    1792.655029296875,
    534.5938720703125,
    1828.41259765625,
    585.4274291992188
  ],
  "class": 3,
  "confidence": 0.6801311373710632,
  "uncertainty": 0.3070440137150288
}