{
  "image": "data\\raw\\images\\train\\F_2_7_872.jpg",
  "box": [
    1788.0582275390625,
    498.24755859375,
    1910.0255126953125,
    598.446533203125
  ],
  "class": 2,
  "confidence": 0.2590225636959076,
  "uncertainty": 0.4009838310172766
}