{
  "image": "data\\raw\\images\\train\\F_2_9_1891.jpg",
  "box": [
    877.4899291992188,
    560.5267333984375,
    935.8536987304688,
    651.9117431640625
  ],
  "class": 3,
  "confidence": 0.5618684887886047,
  "uncertainty": 0.37054766177800413
}