{
  "image": "data\\raw\\images\\train\\F_2_7_483.jpg",
  "box": [
    169.5084686279297,
    839.9066162109375,
    524.901123046875,
    1074.2625732421875
  ],
  "class": 3,
  "confidence": 0.6882957816123962,
  "uncertainty": 0.32037756359064984
}