{
  "image": "data\\raw\\images\\train\\F_2_2_1025.jpg",
  "box": [
    1.40240478515625,
    396.32958984375,
    1020.343505859375,
    1067.733642578125
  ],
  "class": 2,
  "confidence": 0.9500167369842529,
  "uncertainty": 0.06843261413093818
}