{
  "image": "data\\raw\\images\\train\\F_2_1_439.jpg",
  "box": [
    1511.7724609375,
    481.4433288574219,
    1574.92626953125,
    557.9346313476562
  ],
  "class": 7,
  "confidence": 0.4953247606754303,
  "uncertainty": 0.38332447431438843
}