{
  "image": "data\\raw\\images\\train\\F_2_1_337.jpg",
  "box": [
    128.4130096435547,
    399.8265380859375,
    268.0696105957031,
    502.84515380859375
  ],
  "class": 7,
  "confidence": 0.6690158843994141,
  "uncertainty": 0.29535767435376464
}