{
  "image": "data\\raw\\images\\train\\F_2_7_1804.jpg",
  "box": [
    0.28910064697265625,
    427.5535583496094,
    112.00581359863281,
    645.7706298828125
  ],
  "class": 2,
  "confidence": 0.7903792262077332,
  "uncertainty": 0.17077198848895986
}