{
  "image": "data\\raw\\images\\train\\F_2_7_829.jpg",
  "box": [
    0.915069580078125,
    525.7963256835938,
    481.2770690917969,
    1054.886474609375
  ],
  "class": 2,
  "confidence": 0.9303971529006958,
  "uncertainty": 0.11841468907777739
}