{
  "image": "data\\raw\\images\\train\\F_2_7_1518.jpg",
  "box": [
    433.03802490234375,
    377.95806884765625,
    724.45458984375,
    688.3515014648438
  ],
  "class": 2,
  "confidence": 0.7429474592208862,
  "uncertainty": 0.20208432202108656
}