{
  "image": "data\\raw\\images\\train\\F_2_5_20.jpg",
  "box": [
    1465.92041015625,
    454.54083251953125,
    1776.8800048828125,
    591.4083251953125
  ],
  "class": 5,
  "confidence": 0.7665380835533142,
  "uncertainty": 0.3063173880413327
}