{
  "image": "data\\raw\\images\\train\\F_2_1_741.jpg",
  "box": [
    1647.8968505859375,
    413.20037841796875,
    1846.351318359375,
    529.1306762695312
  ],
  "class": 5,
  "confidence": 0.5799227952957153,
  "uncertainty": 0.3593278153182442
}