{
  "image": "data\\raw\\images\\train\\F_2_1_29.jpg",
  "box": [
    1088.01025390625,
    243.23890686035156,
    1383.2838134765625,
    582.6494140625
  ],
  "class": 7,
  "confidence": 0.9329174160957336,
  "uncertainty": 0.1890734898683105
}