{
  "image": "data\\raw\\images\\train\\F_2_2_1351.jpg",
  "box": [
    152.0928497314453,
    531.8148193359375,
    223.87225341796875,
    659.6656494140625
  ],
  "class": 3,
  "confidence": 0.6768091320991516,
  "uncertainty": 0.3177890071634899
}