{
  "image": "data\\raw\\images\\train\\F_2_1_764.jpg",
  "box": [
    1474.258056640625,
    472.7165222167969,
    1512.748779296875,
    545.496826171875
  ],
  "class": 7,
  "confidence": 0.25188034772872925,
  "uncertainty": 0.4544238147961553
}