{
  "image": "data\\raw\\images\\train\\F_2_7_898.jpg",
  "box": [
    58.35951232910156,
    412.5694885253906,
    498.53863525390625,
    846.7542114257812
  ],
  "class": 2,
  "confidence": 0.8571075201034546,
  "uncertainty": 0.18298233597667307
}