{
  "image": "data\\raw\\images\\train\\F_2_2_1001.jpg",
  "box": [
    388.1044006347656,
    458.6481628417969,
    522.5191650390625,
    594.2939453125
  ],
  "class": 5,
  "confidence": 0.6605077981948853,
  "uncertainty": 0.3295582484528449
}