{
  "image": "data\\raw\\images\\train\\F_2_8_831.jpg",
  "box": [
    921.1776123046875,
    470.14874267578125,
    1019.1463623046875,
    558.3949584960938
  ],
  "class": 2,
  "confidence": 0.7473565340042114,
  "uncertainty": 0.19987971795468165
}