{
  "image": "data\\raw\\images\\train\\F_2_1_133.jpg",
  "box": [
    214.7790985107422,
    259.3385009765625,
    470.96685791015625,
    654.4892578125
  ],
  "class": 7,
  "confidence": 0.5397015810012817,
  "uncertainty": 0.3955251172787623
}