{
  "image": "data\\raw\\images\\train\\F_2_7_449.jpg",
  "box": [
    665.953125,
    712.84423828125,
    882.71044921875,
    1068.814208984375
  ],
  "class": 3,
  "confidence": 0.5654367208480835,
  "uncertainty": 0.44447538268905323
}