{
  "image": "data\\raw\\images\\train\\F_2_7_2147.jpg",
  "box": [
    1341.5093994140625,
    700.5838623046875,
    1552.1531982421875,
    1071.4412841796875
  ],
  "class": 3,
  "confidence": 0.45101386308670044,
  "uncertainty": 0.4600205648191677
}