{
  "image": "data\\raw\\images\\train\\F_2_1_1199.jpg",
  "box": [
    69.98625183105469,
    417.7841796875,
    119.58828735351562,
    476.77667236328125
  ],
  "class": 3,
  "confidence": 0.3972965478897095,
  "uncertainty": 0.42622805464926383
}