{
  "image": "data\\raw\\images\\train\\F_2_1_725.jpg",
  "box": [
    168.12884521484375,
    542.170166015625,
    252.59933471679688,
    676.7715454101562
  ],
  "class": 3,
  "confidence": 0.7711048722267151,
  "uncertainty": 0.30200959411986694
}