{
  "image": "data\\raw\\images\\train\\F_2_2_1516.jpg",
  "box": [
    0.5631752014160156,
    504.57110595703125,
    79.77909088134766,
    622.2064819335938
  ],
  "class": 3,
  "confidence": 0.4354640245437622,
  "uncertainty": 0.48296374503020456
}