{
  "image": "data\\raw\\images\\train\\F_2_1_661.jpg",
  "box": [
    1821.68359375,
    427.35174560546875,
    1919.307373046875,
    526.7896118164062
  ],
  "class": 7,
  "confidence": 0.535020112991333,
  "uncertainty": 0.3581930700131242
}