{
  "image": "data\\raw\\images\\train\\F_2_2_1067.jpg",
  "box": [
    803.722412109375,
    499.3848876953125,
    991.5465087890625,
    675.681640625
  ],
  "class": 2,
  "confidence": 0.8912606835365295,
  "uncertainty": 0.13960913693629673
}