{
  "image": "data\\raw\\images\\train\\F_2_4_238.jpg",
  "box": [
    1412.6868896484375,
    390.1669921875,
    1566.37353515625,
    510.57073974609375
  ],
  "class": 5,
  "confidence": 0.634864091873169,
  "uncertainty": 0.3273260237377621
}