{
  "image": "data\\raw\\images\\train\\F_2_2_831.jpg",
  "box": [
    425.5968017578125,
    454.10211181640625,
    509.73248291015625,
    551.545166015625
  ],
  "class": 2,
  "confidence": 0.3102521598339081,
  "uncertainty": 0.4079242342670326
}