{
  "image": "data\\raw\\images\\train\\F_2_8_1036.jpg",
  "box": [
    727.5819091796875,
    482.9241027832031,
    1011.0422973632812,
    710.2977294921875
  ],
  "class": 2,
  "confidence": 0.9081357717514038,
  "uncertainty": 0.12655894758711952
}