{
  "image": "data\\raw\\images\\train\\F_2_9_3020.jpg",
  "box": [
    683.4869384765625,
    268.4468078613281,
    920.72607421875,
    541.739013671875
  ],
  "class": 7,
  "confidence": 0.7858298420906067,
  "uncertainty": 0.31055093076927426
}