{
  "image": "data\\raw\\images\\train\\F_2_1_927.jpg",
  "box": [
    1780.209228515625,
    218.625,
    1919.326171875,
    775.304931640625
  ],
  "class": 7,
  "confidence": 0.8187714219093323,
  "uncertainty": 0.27292177837767206
}