{
  "image": "data\\raw\\images\\train\\F_2_1_802.jpg",
  "box": [
    1320.288818359375,
    465.4755859375,
    1393.325439453125,
    555.8037109375
  ],
  "class": 7,
  "confidence": 0.5502443909645081,
  "uncertainty": 0.3534904782033298
}