{
  "image": "data\\raw\\images\\train\\F_2_5_154.jpg",
  "box": [
    43.560428619384766,
    468.2816162109375,
    121.02925872802734,
    586.3128662109375
  ],
  "class": 2,
  "confidence": 0.33415621519088745,
  "uncertainty": 0.4312319686782812
}