{
  "image": "data\\raw\\images\\train\\F_2_2_1146.jpg",
  "box": [
    28.250839233398438,
    526.756103515625,
    450.97430419921875,
    946.406005859375
  ],
  "class": 2,
  "confidence": 0.8948112726211548,
  "uncertainty": 0.19137086669558606
}