{
  "image": "data\\raw\\images\\train\\F_2_4_950.jpg",
  "box": [
    615.740478515625,
    460.94989013671875,
    829.1834716796875,
    609.4757080078125
  ],
  "class": 7,
  "confidence": 0.42185837030410767,
  "uncertainty": 0.40846977554077724
}