{
  "image": "data\\raw\\images\\train\\F_2_8_1760.jpg",
  "box": [
    1064.11181640625,
    263.7472229003906,
    1133.48193359375,
    323.01141357421875
  ],
  "class": 2,
  "confidence": 0.6079120635986328,
  "uncertainty": 0.24394136002863748
}