{
  "image": "data\\raw\\images\\train\\F_2_2_839.jpg",
  "box": [
    817.4329833984375,
    586.0894775390625,
    926.2344360351562,
    748.749755859375
  ],
  "class": 3,
  "confidence": 0.7185106873512268,
  "uncertainty": 0.32545700172176734
}