{
  "image": "data\\raw\\images\\train\\F_2_8_956.jpg",
  "box": [
    1092.2838134765625,
    565.0205078125,
    1198.5478515625,
    710.379150390625
  ],
  "class": 3,
  "confidence": 0.8430636525154114,
  "uncertainty": 0.25344905177373633
}