{
  "image": "data\\raw\\images\\train\\F_2_1_893.jpg",
  "box": [
    1344.4149169921875,
    424.1690368652344,
    1406.3470458984375,
    510.5666198730469
  ],
  "class": 2,
  "confidence": 0.2534811198711395,
  "uncertainty": 0.41650193575170236
}