{
  "image": "data\\raw\\images\\train\\F_2_2_914.jpg",
  "box": [
    698.5457153320312,
    542.455322265625,
    729.8820190429688,
    588.9618530273438
  ],
  "class": 3,
  "confidence": 0.4718689024448395,
  "uncertainty": 0.4047497644440483
}