{
  "image": "data\\raw\\images\\train\\F_2_1_683.jpg",
  "box": [
    1745.559814453125,
    505.3911437988281,
    1777.929931640625,
    567.9117431640625
  ],
  "class": 3,
  "confidence": 0.3352962136268616,
  "uncertainty": 0.45280734340422335
}