{
  "image": "data\\raw\\images\\train\\F_2_2_896.jpg",
  "box": [
    602.56689453125,
    460.02471923828125,
    647.6170654296875,
    535.2388305664062
  ],
  "class": 3,
  "confidence": 0.4652014672756195,
  "uncertainty": 0.41961010784765834
}