{
  "image": "data\\raw\\images\\train\\F_2_2_1101.jpg",
  "box": [
    1529.587890625,
    421.53460693359375,
    1919.12158203125,
    969.5868530273438
  ],
  "class": 2,
  "confidence": 0.9103217720985413,
  "uncertainty": 0.13663038201495475
}