{
  "image": "data\\raw\\images\\train\\F_2_3_387.jpg",
  "box": [
    783.5011596679688,
    449.8040771484375,
    936.498046875,
    639.6883544921875
  ],
  "class": 2,
  "confidence": 0.8244638442993164,
  "uncertainty": 0.19152321643271464
}