{
  "image": "data\\raw\\images\\train\\F_2_7_1757.jpg",
  "box": [
    644.630859375,
    790.3040771484375,
    718.1317749023438,
    882.157470703125
  ],
  "class": 2,
  "confidence": 0.6941238641738892,
  "uncertainty": 0.22501926281292145
}