{
  "image": "data\\raw\\images\\train\\F_2_8_831.jpg",
  "box": [
    0.22573471069335938,
    358.3240966796875,
    81.45246887207031,
    502.44476318359375
  ],
  "class": 5,
  "confidence": 0.6731772422790527,
  "uncertainty": 0.3118572716939195
}