{
  "image": "data\\raw\\images\\train\\F_2_1_843.jpg",
  "box": [
    1530.308349609375,
    433.9236145019531,
    1622.44189453125,
    532.6727294921875
  ],
  "class": 2,
  "confidence": 0.6661649346351624,
  "uncertainty": 0.24275550694090664
}