{
  "image": "data\\raw\\images\\train\\F_2_7_2005.jpg",
  "box": [
    213.99716186523438,
    512.4310913085938,
    296.74957275390625,
    630.9318237304688
  ],
  "class": 3,
  "confidence": 0.721904993057251,
  "uncertainty": 0.311333801415034
}