{
  "image": "data\\raw\\images\\train\\F_2_2_272.jpg",
  "box": [
    445.8548583984375,
    513.1547241210938,
    552.0693359375,
    654.1146240234375
  ],
  "class": 3,
  "confidence": 0.7363928556442261,
  "uncertainty": 0.3118501917520175
}