{
  "image": "data\\raw\\images\\train\\F_2_3_428.jpg",
  "box": [
    1198.103515625,
    440.2806396484375,
    1273.972900390625,
    533.9147338867188
  ],
  "class": 2,
  "confidence": 0.6936495304107666,
  "uncertainty": 0.2991514164409619
}