{
  "image": "data\\raw\\images\\train\\F_2_8_886.jpg",
  "box": [
    86.05023193359375,
    518.0196533203125,
    191.65736389160156,
    632.4706420898438
  ],
  "class": 3,
  "confidence": 0.5076369643211365,
  "uncertainty": 0.426079777822519
}