{
  "image": "data\\raw\\images\\train\\F_2_1_624.jpg",
  "box": [
    1633.998046875,
    444.19390869140625,
    1713.656982421875,
    618.1903076171875
  ],
  "class": 7,
  "confidence": 0.5950608253479004,
  "uncertainty": 0.3514745829784523
}