{
  "image": "data\\raw\\images\\train\\F_2_10_122.jpg",
  "box": [
    717.3419189453125,
    334.68328857421875,
    922.7883911132812,
    572.4656982421875
  ],
  "class": 7,
  "confidence": 0.9091544151306152,
  "uncertainty": 0.21203909151948278
}