{
  "image": "data\\raw\\images\\train\\F_2_9_1377.jpg",
  "box": [
    1.1699981689453125,
    342.2978820800781,
    378.95574951171875,
    923.6068725585938
  ],
  "class": 7,
  "confidence": 0.4629111886024475,
  "uncertainty": 0.4492521351227929
}