{
  "image": "data\\raw\\images\\train\\F_2_6_169.jpg",
  "box": [
    1.2545928955078125,
    3.209300994873047,
    643.316650390625,
    384.39697265625
  ],
  "class": 5,
  "confidence": 0.8146023750305176,
  "uncertainty": 0.27027359572293247
}