{
  "image": "data\\raw\\images\\train\\F_2_3_199.jpg",
  "box": [
    1045.873046875,
    418.89117431640625,
    1213.023681640625,
    605.9970092773438
  ],
  "class": 7,
  "confidence": 0.5657619833946228,
  "uncertainty": 0.38485653860357305
}