{
  "image": "data\\raw\\images\\train\\F_2_6_893.jpg",
  "box": [
    824.3935546875,
    567.0601806640625,
    924.412353515625,
    750.760498046875
  ],
  "class": 3,
  "confidence": 0.6869029402732849,
  "uncertainty": 0.3650932126044704
}