{
  "image": "data\\raw\\images\\train\\F_2_2_113.jpg",
  "box": [
    1368.07373046875,
    494.1043395996094,
    1430.93505859375,
    558.461669921875
  ],
  "class": 2,
  "confidence": 0.31678441166877747,
  "uncertainty": 0.4603606830392932
}