{
  "image": "data\\raw\\images\\train\\F_2_7_521.jpg",
  "box": [
    133.79295349121094,
    467.45928955078125,
    251.81350708007812,
    611.782470703125
  ],
  "class": 2,
  "confidence": 0.42519399523735046,
  "uncertainty": 0.3884935775078172
}