{
  "image": "data\\raw\\images\\train\\F_2_1_788.jpg",
  "box": [
    13.228317260742188,
    410.8213806152344,
    298.96124267578125,
    743.85693359375
  ],
  "class": 7,
  "confidence": 0.679064154624939,
  "uncertainty": 0.33000781934158346
}