{
  "image": "data\\raw\\images\\train\\F_2_1_415.jpg",
  "box": [
    858.9755859375,
    441.07745361328125,
    979.79150390625,
    548.4290771484375
  ],
  "class": 7,
  "confidence": 0.5500620007514954,
  "uncertainty": 0.35025229348396486
}