{
  "image": "data\\raw\\images\\train\\F_2_9_2348.jpg",
  "box": [
    675.7972412109375,
    616.775146484375,
    786.5930786132812,
    809.6436767578125
  ],
  "class": 3,
  "confidence": 0.7102033495903015,
  "uncertainty": 0.31965905440371273
}