{
  "image": "data\\raw\\images\\train\\F_2_8_956.jpg",
  "box": [
    1190.55126953125,
    460.86260986328125,
    1299.2532958984375,
    528.7861328125
  ],
  "class": 2,
  "confidence": 0.5536400675773621,
  "uncertainty": 0.29097444804741557
}