{
  "image": "data\\raw\\images\\train\\F_2_1_790.jpg",
  "box": [
    1003.5071411132812,
    505.3464660644531,
    1023.7589721679688,
    538.67578125
  ],
  "class": 3,
  "confidence": 0.2814675271511078,
  "uncertainty": 0.46049946499100636
}