{
  "image": "data\\raw\\images\\train\\F_2_4_1041.jpg",
  "box": [
    22.877723693847656,
    389.2577819824219,
    180.75735473632812,
    504.9753112792969
  ],
  "class": 7,
  "confidence": 0.544200599193573,
  "uncertainty": 0.3508285273084546
}