{
  "image": "data\\raw\\images\\train\\F_2_7_222.jpg",
  "box": [
    1439.625732421875,
    430.25921630859375,
    1536.164794921875,
    494.3133544921875
  ],
  "class": 2,
  "confidence": 0.3874669373035431,
  "uncertainty": 0.408072659644905
}