{
  "image": "data\\raw\\images\\train\\F_2_2_1733.jpg",
  "box": [
    0.1496286392211914,
    432.9375,
    44.32740020751953,
    641.3161010742188
  ],
  "class": 5,
  "confidence": 0.2522309422492981,
  "uncertainty": 0.48177173242302024
}