{
  "image": "data\\raw\\images\\train\\F_2_2_1439.jpg",
  "box": [
    628.2467041015625,
    454.450439453125,
    674.9171142578125,
    521.1060180664062
  ],
  "class": 3,
  "confidence": 0.6599599123001099,
  "uncertainty": 0.3283676124832491
}