{
  "image": "data\\raw\\images\\train\\F_2_10_174.jpg",
  "box": [
    1599.134765625,
    395.5904846191406,
    1838.023681640625,
    507.5706481933594
  ],
  "class": 5,
  "confidence": 0.5561420321464539,
  "uncertainty": 0.3299934866860753
}