{
  "image": "data\\raw\\images\\train\\F_2_6_895.jpg",
  "box": [
    699.33837890625,
    605.646484375,
    812.7837524414062,
    834.99609375
  ],
  "class": 3,
  "confidence": 0.7249505519866943,
  "uncertainty": 0.3218526273278006
}