{
  "image": "data\\raw\\images\\train\\F_2_1_537.jpg",
  "box": [
    1299.297119140625,
    469.61480712890625,
    1389.18994140625,
    544.8938598632812
  ],
  "class": 2,
  "confidence": 0.3142091631889343,
  "uncertainty": 0.3636434114850551
}