{
  "image": "data\\raw\\images\\train\\F_2_4_25.jpg",
  "box": [
    1667.1324462890625,
    388.0079040527344,
    1919.1082763671875,
    883.4761962890625
  ],
  "class": 7,
  "confidence": 0.5342373847961426,
  "uncertainty": 0.3508542002465059
}