{
  "image": "data\\raw\\images\\train\\F_2_4_979.jpg",
  "box": [
    1548.77099609375,
    449.4481201171875,
    1631.74169921875,
    548.3556518554688
  ],
  "class": 7,
  "confidence": 0.33014485239982605,
  "uncertainty": 0.46011687549728253
}