{
  "image": "data\\raw\\images\\train\\F_2_1_406.jpg",
  "box": [
    890.3410034179688,
    519.8720703125,
    924.4136352539062,
    562.9644775390625
  ],
  "class": 3,
  "confidence": 0.5793571472167969,
  "uncertainty": 0.3557193028444783
}