{
  "image": "data\\raw\\images\\train\\F_2_1_957.jpg",
  "box": [
    0.46488189697265625,
    365.8612060546875,
    85.05513763427734,
    580.3172607421875
  ],
  "class": 7,
  "confidence": 0.7905198931694031,
  "uncertainty": 0.285401021782962
}