{
  "image": "data\\raw\\images\\train\\F_2_7_384.jpg",
  "box": [
    728.49951171875,
    401.7513427734375,
    934.9600830078125,
    677.9276733398438
  ],
  "class": 7,
  "confidence": 0.410269558429718,
  "uncertainty": 0.4878545080805971
}