{
  "image": "data\\raw\\images\\train\\F_2_6_1082.jpg",
  "box": [
    1323.2132568359375,
    513.5721435546875,
    1425.3377685546875,
    614.5203857421875
  ],
  "class": 2,
  "confidence": 0.39717599749565125,
  "uncertainty": 0.35687240894721006
}