{
  "image": "data\\raw\\images\\train\\F_2_2_648.jpg",
  "box": [
    1409.390380859375,
    474.0406494140625,
    1514.5137939453125,
    590.499755859375
  ],
  "class": 2,
  "confidence": 0.6490806341171265,
  "uncertainty": 0.28286580334663575
}