{
  "image": "data\\raw\\images\\train\\F_2_4_606.jpg",
  "box": [
    1377.6343994140625,
    468.2555236816406,
    1511.1907958984375,
    669.2855224609375
  ],
  "class": 2,
  "confidence": 0.49063050746917725,
  "uncertainty": 0.3787768797121803
}