{
  "image": "data\\raw\\images\\train\\F_2_2_793.jpg",
  "box": [
    1715.206787109375,
    531.176025390625,
    1852.560791015625,
    649.8275146484375
  ],
  "class": 3,
  "confidence": 0.4970708191394806,
  "uncertainty": 0.46756304706127644
}