{
  "image": "data\\raw\\images\\train\\F_2_5_281.jpg",
  "box": [
    1862.0152587890625,
    558.5564575195312,
    1919.1427001953125,
    720.191162109375
  ],
  "class": 2,
  "confidence": 0.6163354516029358,
  "uncertainty": 0.24754971312733764
}