{
  "image": "data\\raw\\images\\train\\F_2_5_183.jpg",
  "box": [
    1375.1490478515625,
    487.0469970703125,
    1498.7916259765625,
    688.5732421875
  ],
  "class": 2,
  "confidence": 0.6843029856681824,
  "uncertainty": 0.2785750841126377
}