{
  "image": "data\\raw\\images\\train\\F_2_3_335.jpg",
  "box": [
    773.209716796875,
    349.80853271484375,
    914.4774169921875,
    416.17401123046875
  ],
  "class": 7,
  "confidence": 0.49235451221466064,
  "uncertainty": 0.42943648432092607
}