{
  "image": "data\\raw\\images\\train\\F_2_1_880.jpg",
  "box": [
    851.1668701171875,
    463.3948974609375,
    937.2037353515625,
    540.4799194335938
  ],
  "class": 2,
  "confidence": 0.7155443429946899,
  "uncertainty": 0.2094370258576453
}