{
  "image": "data\\raw\\images\\train\\F_2_8_1921.jpg",
  "box": [
    797.9972534179688,
    490.2237854003906,
    844.1405639648438,
    564.80810546875
  ],
  "class": 2,
  "confidence": 0.3613898456096649,
  "uncertainty": 0.42316624073890546
}