{
  "image": "data\\raw\\images\\train\\F_2_2_1674.jpg",
  "box": [
    617.8076171875,
    445.4724426269531,
    735.7037963867188,
    558.9268798828125
  ],
  "class": 2,
  "confidence": 0.7251488566398621,
  "uncertainty": 0.26254410310984344
}