{
  "image": "data\\raw\\images\\train\\F_2_7_168.jpg",
  "box": [
    491.31536865234375,
    492.89410400390625,
    1918.626708984375,
    1069.010986328125
  ],
  "class": 2,
  "confidence": 0.9433402419090271,
  "uncertainty": 0.1070399572848992
}