{
  "image": "data\\raw\\images\\train\\F_2_1_725.jpg",
  "box": [
    644.6566162109375,
    449.72662353515625,
    712.3978881835938,
    533.317138671875
  ],
  "class": 7,
  "confidence": 0.5676326155662537,
  "uncertainty": 0.3467305196327964
}