{
  "image": "data\\raw\\images\\train\\F_2_2_1439.jpg",
  "box": [
    100.98056030273438,
    480.3370361328125,
    151.9694366455078,
    568.1824340820312
  ],
  "class": 3,
  "confidence": 0.6048364043235779,
  "uncertainty": 0.34487120724426573
}