{
  "image": "data\\raw\\images\\train\\F_2_11_391.jpg",
  "box": [
    240.51681518554688,
    403.82684326171875,
    659.5706176757812,
    840.5989379882812
  ],
  "class": 7,
  "confidence": 0.6457213759422302,
  "uncertainty": 0.27764420667223644
}