{
  "image": "data\\raw\\images\\train\\F_2_5_328.jpg",
  "box": [
    1776.485107421875,
    726.0043334960938,
    1919.070068359375,
    1048.4036865234375
  ],
  "class": 3,
  "confidence": 0.5696186423301697,
  "uncertainty": 0.40327756570167805
}