{
  "image": "data\\raw\\images\\train\\F_2_6_321.jpg",
  "box": [
    631.136474609375,
    620.6397705078125,
    738.7333984375,
    815.0791625976562
  ],
  "class": 3,
  "confidence": 0.7901746034622192,
  "uncertainty": 0.2904791894052716
}