{
  "image": "data\\raw\\images\\train\\F_2_6_1732.jpg",
  "box": [
    749.6336059570312,
    552.2353515625,
    830.2095336914062,
    682.7298583984375
  ],
  "class": 3,
  "confidence": 0.7440137267112732,
  "uncertainty": 0.2835196340335087
}