{
  "image": "data\\raw\\images\\train\\F_2_7_858.jpg",
  "box": [
    879.166015625,
    359.9728088378906,
    948.60595703125,
    432.8253479003906
  ],
  "class": 7,
  "confidence": 0.36732858419418335,
  "uncertainty": 0.444642740910522
}