{
  "image": "data\\raw\\images\\train\\F_2_2_985.jpg",
  "box": [
    1371.434814453125,
    419.0208435058594,
    1486.84375,
    616.5147705078125
  ],
  "class": 2,
  "confidence": 0.769661545753479,
  "uncertainty": 0.2803600796768037
}