{
  "image": "data\\raw\\images\\train\\F_2_9_350.jpg",
  "box": [
    44.346588134765625,
    356.5029296875,
    241.6406707763672,
    543.8251953125
  ],
  "class": 2,
  "confidence": 0.8050968647003174,
  "uncertainty": 0.2629410480891369
}