{
  "image": "data\\raw\\images\\train\\F_2_8_1760.jpg",
  "box": [
    161.14898681640625,
    390.9112243652344,
    685.8704833984375,
    709.100341796875
  ],
  "class": 2,
  "confidence": 0.926823616027832,
  "uncertainty": 0.14870576194356047
}