{
  "image": "data\\raw\\images\\train\\F_2_7_1850.jpg",
  "box": [
    851.496826171875,
    487.7662353515625,
    1212.509765625,
    791.9445190429688
  ],
  "class": 2,
  "confidence": 0.9176790714263916,
  "uncertainty": 0.12998081840841902
}