{
  "image": "data\\raw\\images\\train\\F_2_9_433.jpg",
  "box": [
    1117.59033203125,
    443.2001953125,
    1267.934814453125,
    627.4083251953125
  ],
  "class": 5,
  "confidence": 0.8931986093521118,
  "uncertainty": 0.18891142561158925
}