{
  "image": "data\\raw\\images\\train\\F_2_2_1045.jpg",
  "box": [
    451.96075439453125,
    601.0716552734375,
    702.7072143554688,
    1069.638671875
  ],
  "class": 3,
  "confidence": 0.7643964886665344,
  "uncertainty": 0.27425770813427053
}