{
  "image": "data\\raw\\images\\train\\F_2_7_210.jpg",
  "box": [
    868.5780029296875,
    443.0082092285156,
    962.468994140625,
    526.9739990234375
  ],
  "class": 2,
  "confidence": 0.26756250858306885,
  "uncertainty": 0.3935345364983276
}