{
  "image": "data\\raw\\images\\train\\F_2_1_821.jpg",
  "box": [
    548.8214721679688,
    378.7401123046875,
    747.1646118164062,
    622.3460083007812
  ],
  "class": 7,
  "confidence": 0.6289339065551758,
  "uncertainty": 0.38627791929453603
}