{
  "image": "data\\raw\\images\\train\\F_2_1_157.jpg",
  "box": [
    868.6705322265625,
    372.1614074707031,
    959.2769775390625,
    482.8569030761719
  ],
  "class": 7,
  "confidence": 0.43182098865509033,
  "uncertainty": 0.4992097014803157
}