{
  "image": "data\\raw\\images\\train\\F_2_11_738.jpg",
  "box": [
    1217.47802734375,
    471.3822326660156,
    1320.91357421875,
    557.5450439453125
  ],
  "class": 2,
  "confidence": 0.8213850259780884,
  "uncertainty": 0.15523350931524246
}