{
  "image": "data\\raw\\images\\train\\F_2_9_3025.jpg",
  "box": [
    392.5086364746094,
    282.54736328125,
    633.055908203125,
    568.2157592773438
  ],
  "class": 7,
  "confidence": 0.7555327415466309,
  "uncertainty": 0.3229105666860527
}