{
  "image": "data\\raw\\images\\train\\F_2_9_2348.jpg",
  "box": [
    1242.2435302734375,
    514.6912841796875,
    1294.81005859375,
    567.80224609375
  ],
  "class": 2,
  "confidence": 0.36933642625808716,
  "uncertainty": 0.3351336057275093
}