{
  "image": "data\\raw\\images\\train\\F_2_5_281.jpg",
  "box": [
    270.6605224609375,
    561.0620727539062,
    428.5816955566406,
    834.27099609375
  ],
  "class": 3,
  "confidence": 0.7046341300010681,
  "uncertainty": 0.39196318384990575
}