{
  "image": "data\\raw\\images\\train\\F_2_7_1563.jpg",
  "box": [
    526.2753295898438,
    487.13916015625,
    774.6223754882812,
    718.4253540039062
  ],
  "class": 2,
  "confidence": 0.8505457639694214,
  "uncertainty": 0.16470606599205068
}