{
  "image": "data\\raw\\images\\train\\F_2_2_27.jpg",
  "box": [
    760.0774536132812,
    459.8668212890625,
    909.7774658203125,
    582.19970703125
  ],
  "class": 2,
  "confidence": 0.7648535966873169,
  "uncertainty": 0.18573874340806706
}