{
  "image": "data\\raw\\images\\train\\F_2_9_335.jpg",
  "box": [
    961.7719116210938,
    420.8466796875,
    1049.0994873046875,
    526.6276245117188
  ],
  "class": 7,
  "confidence": 0.4372353255748749,
  "uncertainty": 0.4126974465284226
}