{
  "image": "data\\raw\\images\\train\\F_2_1_893.jpg",
  "box": [
    0.28931236267089844,
    395.3514404296875,
    60.9354248046875,
    533.199462890625
  ],
  "class": 2,
  "confidence": 0.4912034869194031,
  "uncertainty": 0.31153859467358447
}