{
  "image": "data\\raw\\images\\train\\F_2_8_812.jpg",
  "box": [
    1206.704345703125,
    506.82366943359375,
    1301.79150390625,
    731.4862060546875
  ],
  "class": 3,
  "confidence": 0.5629417896270752,
  "uncertainty": 0.43471744903668036
}