{
  "image": "data\\raw\\images\\train\\F_2_2_1653.jpg",
  "box": [
    958.3062744140625,
    472.4819641113281,
    1204.029052734375,
    729.3560791015625
  ],
  "class": 2,
  "confidence": 0.8885089755058289,
  "uncertainty": 0.16870369629915316
}