{
  "image": "data\\raw\\images\\train\\F_2_7_727.jpg",
  "box": [
    436.35498046875,
    390.9526062011719,
    601.7832641601562,
    583.21337890625
  ],
  "class": 5,
  "confidence": 0.5999789237976074,
  "uncertainty": 0.34348383238529634
}