{
  "image": "data\\raw\\images\\train\\F_2_1_1206.jpg",
  "box": [
    1844.3770751953125,
    443.7979431152344,
    1902.4390869140625,
    521.5494384765625
  ],
  "class": 2,
  "confidence": 0.29764336347579956,
  "uncertainty": 0.3866114611499577
}