{
  "image": "data\\raw\\images\\train\\F_2_2_864.jpg",
  "box": [
    1223.5916748046875,
    195.86297607421875,
    1918.276611328125,
    1066.403564453125
  ],
  "class": 7,
  "confidence": 0.9346731901168823,
  "uncertainty": 0.21224458831990944
}