{
  "image": "data\\raw\\images\\train\\F_2_1_9.jpg",
  "box": [
    1388.008056640625,
    118.51142883300781,
    1805.20263671875,
    500.0065612792969
  ],
  "class": 7,
  "confidence": 0.41030576825141907,
  "uncertainty": 0.422958871988664
}