{
  "image": "data\\raw\\images\\train\\F_2_4_876.jpg",
  "box": [
    697.5074462890625,
    482.6703186035156,
    1309.315673828125,
    973.441650390625
  ],
  "class": 2,
  "confidence": 0.9312968850135803,
  "uncertainty": 0.11483266090090663
}