{
  "image": "data\\raw\\images\\train\\F_2_4_844.jpg",
  "box": [
    0.7093276977539062,
    633.7266845703125,
    152.28302001953125,
    1070.65380859375
  ],
  "class": 3,
  "confidence": 0.6432050466537476,
  "uncertainty": 0.41248986027092926
}