{
  "image": "data\\raw\\images\\train\\F_2_1_341.jpg",
  "box": [
    1635.9041748046875,
    449.4879150390625,
    1715.887939453125,
    567.4064331054688
  ],
  "class": 3,
  "confidence": 0.7530694603919983,
  "uncertainty": 0.35135269171019995
}