{
  "image": "data\\raw\\images\\train\\F_2_2_1107.jpg",
  "box": [
    1506.8902587890625,
    441.727294921875,
    1832.474853515625,
    740.0842895507812
  ],
  "class": 2,
  "confidence": 0.8689721822738647,
  "uncertainty": 0.16000460377608366
}