{
  "image": "data\\raw\\images\\train\\F_2_9_2569.jpg",
  "box": [
    670.673583984375,
    442.3856506347656,
    814.002685546875,
    626.25048828125
  ],
  "class": 7,
  "confidence": 0.8597672581672668,
  "uncertainty": 0.22563265774171126
}