{
  "image": "data\\raw\\images\\train\\F_2_1_60.jpg",
  "box": [
    675.07861328125,
    427.7698059082031,
    807.1964111328125,
    575.5914306640625
  ],
  "class": 7,
  "confidence": 0.5941228866577148,
  "uncertainty": 0.3371252802591237
}