{
  "image": "data\\raw\\images\\train\\F_2_2_129.jpg",
  "box": [
    1062.98193359375,
    451.1091613769531,
    1128.420654296875,
    501.5160827636719
  ],
  "class": 2,
  "confidence": 0.5722422003746033,
  "uncertainty": 0.28386517564035774
}