{
  "image": "data\\raw\\images\\train\\F_2_8_932.jpg",
  "box": [
    1007.1346435546875,
    455.9669494628906,
    1113.535888671875,
    558.4989013671875
  ],
  "class": 2,
  "confidence": 0.7991710901260376,
  "uncertainty": 0.17489649908455146
}