{
  "image": "data\\raw\\images\\train\\F_2_1_485.jpg",
  "box": [
    1382.004638671875,
    486.575927734375,
    1483.928466796875,
    569.6649780273438
  ],
  "class": 2,
  "confidence": 0.6789063811302185,
  "uncertainty": 0.2054654258955043
}