{
  "image": "data\\raw\\images\\train\\F_2_8_1110.jpg",
  "box": [
    0.66815185546875,
    377.1126708984375,
    360.621826171875,
    1068.060791015625
  ],
  "class": 2,
  "confidence": 0.8810240626335144,
  "uncertainty": 0.14153537785104797
}