{
  "image": "data\\raw\\images\\train\\F_2_1_803.jpg",
  "box": [
    1303.6849365234375,
    467.5401611328125,
    1426.083251953125,
    573.833984375
  ],
  "class": 2,
  "confidence": 0.7579284310340881,
  "uncertainty": 0.22630174281588444
}