{
  "image": "data\\raw\\images\\train\\F_2_1_298.jpg",
  "box": [
    587.444580078125,
    366.7638244628906,
    659.804931640625,
    452.8669738769531
  ],
  "class": 5,
  "confidence": 0.5138735771179199,
  "uncertainty": 0.35102071264332546
}