{
  "image": "data\\raw\\images\\train\\F_2_2_970.jpg",
  "box": [
    834.2495727539062,
    508.6029968261719,
    887.3616943359375,
    583.713623046875
  ],
  "class": 2,
  "confidence": 0.6644842028617859,
  "uncertainty": 0.2399891355055517
}