{
  "image": "data\\raw\\images\\train\\F_2_10_92.jpg",
  "box": [
    75.92229461669922,
    568.57861328125,
    141.21542358398438,
    638.7595825195312
  ],
  "class": 3,
  "confidence": 0.3032374978065491,
  "uncertainty": 0.46347626157092064
}