{
  "image": "data\\raw\\images\\train\\F_2_1_876.jpg",
  "box": [
    0.5125007629394531,
    463.8219909667969,
    146.63912963867188,
    631.091796875
  ],
  "class": 7,
  "confidence": 0.29906901717185974,
  "uncertainty": 0.46292197267939067
}