{
  "image": "data\\raw\\images\\train\\F_2_6_895.jpg",
  "box": [
    477.1711120605469,
    431.02587890625,
    527.2427978515625,
    583.3474731445312
  ],
  "class": 2,
  "confidence": 0.5629734992980957,
  "uncertainty": 0.2858922790186227
}