{
  "image": "data\\raw\\images\\train\\F_2_7_819.jpg",
  "box": [
    749.2296752929688,
    424.3724670410156,
    832.965087890625,
    554.07373046875
  ],
  "class": 2,
  "confidence": 0.741604208946228,
  "uncertainty": 0.27524719700265016
}