{
  "image": "data\\raw\\images\\train\\F_2_7_1989.jpg",
  "box": [
    525.846435546875,
    403.9091491699219,
    629.5240478515625,
    477.1498718261719
  ],
  "class": 2,
  "confidence": 0.5391251444816589,
  "uncertainty": 0.3469720119324317
}