{
  "image": "data\\raw\\images\\train\\F_2_1_1066.jpg",
  "box": [
    353.8096923828125,
    519.867919921875,
    392.00994873046875,
    572.3926391601562
  ],
  "class": 3,
  "confidence": 0.5547894239425659,
  "uncertainty": 0.37477638231298294
}