{
  "image": "data\\raw\\images\\train\\F_2_8_1792.jpg",
  "box": [
    1571.581787109375,
    298.53924560546875,
    1631.403076171875,
    337.13067626953125
  ],
  "class": 2,
  "confidence": 0.3860136568546295,
  "uncertainty": 0.3265425962663818
}