{
  "image": "data\\raw\\images\\train\\F_2_2_1696.jpg",
  "box": [
    593.3829345703125,
    450.465087890625,
    844.5592041015625,
    663.6377563476562
  ],
  "class": 2,
  "confidence": 0.8976545929908752,
  "uncertainty": 0.1401248346293432
}