{
  "image": "data\\raw\\images\\train\\F_2_9_2006.jpg",
  "box": [
    894.861328125,
    261.809326171875,
    1188.37060546875,
    505.83251953125
  ],
  "class": 5,
  "confidence": 0.869720458984375,
  "uncertainty": 0.2731015964104832
}