{
  "image": "data\\raw\\images\\train\\F_2_7_413.jpg",
  "box": [
    912.7886352539062,
    478.2242431640625,
    1049.129638671875,
    603.1915283203125
  ],
  "class": 2,
  "confidence": 0.2959427833557129,
  "uncertainty": 0.40853539206998335
}