{
  "image": "data\\raw\\images\\train\\F_2_2_1714.jpg",
  "box": [
    374.579833984375,
    492.20343017578125,
    420.72119140625,
    553.6463012695312
  ],
  "class": 3,
  "confidence": 0.4456515610218048,
  "uncertainty": 0.40545714739394023
}