{
  "image": "data\\raw\\images\\train\\F_2_3_248.jpg",
  "box": [
    825.6692504882812,
    514.46142578125,
    869.4091186523438,
    593.1033935546875
  ],
  "class": 3,
  "confidence": 0.6598526835441589,
  "uncertainty": 0.3200091476677198
}