{
  "image": "data\\raw\\images\\train\\F_2_3_165.jpg",
  "box": [
    827.2249145507812,
    451.4731750488281,
    1006.0336303710938,
    502.8783874511719
  ],
  "class": 2,
  "confidence": 0.5221155881881714,
  "uncertainty": 0.3676929637518708
}