{
  "image": "data\\raw\\images\\train\\F_2_4_29.jpg",
  "box": [
    1060.73876953125,
    443.5005798339844,
    1111.93408203125,
    486.5495910644531
  ],
  "class": 2,
  "confidence": 0.3894231617450714,
  "uncertainty": 0.31788907921975057
}