{
  "image": "data\\raw\\images\\train\\F_2_7_817.jpg",
  "box": [
    170.60418701171875,
    462.9747314453125,
    254.2088623046875,
    595.3026733398438
  ],
  "class": 3,
  "confidence": 0.6518653631210327,
  "uncertainty": 0.3811791453044813
}