{
  "image": "data\\raw\\images\\train\\F_2_8_188.jpg",
  "box": [
    911.940673828125,
    444.3694152832031,
    1006.67431640625,
    504.70184326171875
  ],
  "class": 2,
  "confidence": 0.4564622640609741,
  "uncertainty": 0.3648810932296928
}