{
  "image": "data\\raw\\images\\train\\F_2_6_523.jpg",
  "box": [
    72.05145263671875,
    484.827880859375,
    127.31327819824219,
    584.9442749023438
  ],
  "class": 3,
  "confidence": 0.6061125993728638,
  "uncertainty": 0.336085668695189
}