{
  "image": "data\\raw\\images\\train\\F_2_3_191.jpg",
  "box": [
    828.696533203125,
    478.1553039550781,
    978.5599365234375,
    662.3230590820312
  ],
  "class": 2,
  "confidence": 0.8366361856460571,
  "uncertainty": 0.2352048674531907
}