{
  "image": "data\\raw\\images\\train\\F_2_8_807.jpg",
  "box": [
    1398.7919921875,
    429.5409851074219,
    1669.307861328125,
    666.6813354492188
  ],
  "class": 2,
  "confidence": 0.8957765698432922,
  "uncertainty": 0.1322901151639822
}