{
  "image": "data\\raw\\images\\train\\F_2_3_197.jpg",
  "box": [
    564.5114135742188,
    468.7164001464844,
    813.4129028320312,
    683.5718994140625
  ],
  "class": 2,
  "confidence": 0.881768524646759,
  "uncertainty": 0.13622642920701528
}