{
  "image": "data\\raw\\images\\train\\F_2_1_659.jpg",
  "box": [
    754.6702880859375,
    463.19879150390625,
    904.527099609375,
    625.8819580078125
  ],
  "class": 2,
  "confidence": 0.7493882179260254,
  "uncertainty": 0.3646820199222972
}