{
  "image": "data\\raw\\images\\train\\F_2_2_1212.jpg",
  "box": [
    369.6138916015625,
    433.67559814453125,
    530.3500366210938,
    574.1304931640625
  ],
  "class": 2,
  "confidence": 0.8713725805282593,
  "uncertainty": 0.14174886463128436
}