{
  "image": "data\\raw\\images\\train\\F_2_2_346.jpg",
  "box": [
    280.4552001953125,
    541.2963256835938,
    335.69921875,
    635.1281127929688
  ],
  "class": 3,
  "confidence": 0.5836965441703796,
  "uncertainty": 0.3671836002388178
}