{
  "image": "data\\raw\\images\\train\\F_2_8_930.jpg",
  "box": [
    1570.6123046875,
    236.78773498535156,
    1655.345458984375,
    298.79864501953125
  ],
  "class": 2,
  "confidence": 0.2642778754234314,
  "uncertainty": 0.3890647158023735
}