{
  "image": "data\\raw\\images\\train\\F_2_7_882.jpg",
  "box": [
    1798.85205078125,
    505.690673828125,
    1918.959716796875,
    1001.7892456054688
  ],
  "class": 2,
  "confidence": 0.8563228249549866,
  "uncertainty": 0.18914270195904676
}