{
  "image": "data\\raw\\images\\train\\F_2_2_1054.jpg",
  "box": [
    463.36578369140625,
    472.350830078125,
    1444.4110107421875,
    1068.757080078125
  ],
  "class": 2,
  "confidence": 0.9547463059425354,
  "uncertainty": 0.09439226956106006
}