{
  "image": "data\\raw\\images\\train\\F_2_6_1595.jpg",
  "box": [
    1552.4110107421875,
    738.2257690429688,
    1768.0411376953125,
    1072.45361328125
  ],
  "class": 3,
  "confidence": 0.6149085164070129,
  "uncertainty": 0.37525834068576097
}