{
  "image": "data\\raw\\images\\train\\F_2_1_659.jpg",
  "box": [
    1515.1474609375,
    486.0592346191406,
    1577.48388671875,
    552.9354248046875
  ],
  "class": 2,
  "confidence": 0.35938698053359985,
  "uncertainty": 0.3449840100210335
}