{
  "image": "data\\raw\\images\\train\\F_2_2_1034.jpg",
  "box": [
    8.217384338378906,
    398.281982421875,
    217.79653930664062,
    457.8671875
  ],
  "class": 7,
  "confidence": 0.39253440499305725,
  "uncertainty": 0.40993730279862844
}