{
  "image": "data\\raw\\images\\train\\F_2_8_1733.jpg",
  "box": [
    1278.513916015625,
    471.033935546875,
    1335.58935546875,
    526.5682373046875
  ],
  "class": 2,
  "confidence": 0.717782735824585,
  "uncertainty": 0.19368641851400853
}