{
  "image": "data\\raw\\images\\train\\F_2_1_659.jpg",
  "box": [
    0.4154090881347656,
    629.640869140625,
    107.92720031738281,
    799.9015502929688
  ],
  "class": 3,
  "confidence": 0.6451495885848999,
  "uncertainty": 0.31946021974725697
}