{
  "image": "data\\raw\\images\\train\\F_2_1_422.jpg",
  "box": [
    657.515869140625,
    451.74322509765625,
    699.7645263671875,
    491.6357421875
  ],
  "class": 2,
  "confidence": 0.38739314675331116,
  "uncertainty": 0.319032214371542
}