{
  "image": "data\\raw\\images\\train\\F_2_9_3025.jpg",
  "box": [
    620.5162353515625,
    204.65057373046875,
    975.3012084960938,
    663.8807373046875
  ],
  "class": 7,
  "confidence": 0.873230516910553,
  "uncertainty": 0.23671788785710862
}