{
  "image": "data\\raw\\images\\train\\F_2_8_1719.jpg",
  "box": [
    573.7215576171875,
    463.8340759277344,
    633.7988891601562,
    515.5489501953125
  ],
  "class": 2,
  "confidence": 0.720083475112915,
  "uncertainty": 0.1957783519663136
}