{
  "image": "data\\raw\\images\\train\\F_2_6_1496.jpg",
  "box": [
    1320.554931640625,
    668.7066040039062,
    1605.42822265625,
    1072.037109375
  ],
  "class": 3,
  "confidence": 0.49984025955200195,
  "uncertainty": 0.4302563142993863
}