{
  "image": "data\\raw\\images\\train\\F_2_5_20.jpg",
  "box": [
    650.4984130859375,
    512.330810546875,
    714.4849853515625,
    601.771240234375
  ],
  "class": 3,
  "confidence": 0.6881073117256165,
  "uncertainty": 0.3241864316700297
}