{
  "image": "data\\raw\\images\\train\\F_2_2_27.jpg",
  "box": [
    926.2054443359375,
    573.75927734375,
    1014.867431640625,
    703.870361328125
  ],
  "class": 3,
  "confidence": 0.7888655662536621,
  "uncertainty": 0.29005458686621705
}