{
  "image": "data\\raw\\images\\train\\F_2_2_241.jpg",
  "box": [
    1710.4544677734375,
    484.80657958984375,
    1812.1973876953125,
    539.7136840820312
  ],
  "class": 2,
  "confidence": 0.2700008153915405,
  "uncertainty": 0.48378142365826904
}