{
  "image": "data\\raw\\images\\train\\F_2_3_480.jpg",
  "box": [
    982.7836303710938,
    604.4957885742188,
    1082.912353515625,
    780.87939453125
  ],
  "class": 3,
  "confidence": 0.7317399978637695,
  "uncertainty": 0.3109233375059072
}