{
  "image": "data\\raw\\images\\train\\F_2_7_138.jpg",
  "box": [
    768.6509399414062,
    456.8791809082031,
    1038.734375,
    534.6336669921875
  ],
  "class": 2,
  "confidence": 0.5439299941062927,
  "uncertainty": 0.3235252786422905
}