{
  "image": "data\\raw\\images\\train\\F_2_7_1282.jpg",
  "box": [
    1835.5849609375,
    437.3690185546875,
    1914.721923828125,
    507.68316650390625
  ],
  "class": 2,
  "confidence": 0.4844925105571747,
  "uncertainty": 0.3779776318808677
}