{
  "image": "data\\raw\\images\\train\\F_2_2_1440.jpg",
  "box": [
    267.4825744628906,
    399.9244079589844,
    480.3685302734375,
    611.899169921875
  ],
  "class": 7,
  "confidence": 0.5222756862640381,
  "uncertainty": 0.36728808803272656
}