{
  "image": "data\\raw\\images\\train\\F_2_7_829.jpg",
  "box": [
    494.28424072265625,
    592.5708618164062,
    589.1009521484375,
    737.9035034179688
  ],
  "class": 3,
  "confidence": 0.6652734279632568,
  "uncertainty": 0.36367497758954687
}