{
  "image": "data\\raw\\images\\train\\F_2_6_862.jpg",
  "box": [
    1518.7305908203125,
    332.8874206542969,
    1918.904296875,
    1064.7490234375
  ],
  "class": 2,
  "confidence": 0.5554945468902588,
  "uncertainty": 0.27500546017575894
}