{
  "image": "data\\raw\\images\\train\\F_2_6_1393.jpg",
  "box": [
    1169.29931640625,
    442.8138427734375,
    1349.332275390625,
    946.67578125
  ],
  "class": 2,
  "confidence": 0.7160175442695618,
  "uncertainty": 0.20524349326649313
}