{
  "image": "data\\raw\\images\\train\\F_2_2_29.jpg",
  "box": [
    1501.613037109375,
    530.1058349609375,
    1668.2618408203125,
    614.0191650390625
  ],
  "class": 2,
  "confidence": 0.7388836145401001,
  "uncertainty": 0.17639862083958063
}