{
  "image": "data\\raw\\images\\train\\F_2_1_902.jpg",
  "box": [
    1164.152587890625,
    685.9736938476562,
    1388.53466796875,
    1031.43359375
  ],
  "class": 3,
  "confidence": 0.7438641786575317,
  "uncertainty": 0.3530340894445358
}