{
  "image": "data\\raw\\images\\train\\F_2_5_37.jpg",
  "box": [
    1522.321533203125,
    442.68310546875,
    1919.22314453125,
    860.3616943359375
  ],
  "class": 2,
  "confidence": 0.9426371455192566,
  "uncertainty": 0.11873365609487167
}