{
  "image": "data\\raw\\images\\train\\F_2_9_2769.jpg",
  "box": [
    1671.636474609375,
    514.0369262695312,
    1725.8818359375,
    598.293212890625
  ],
  "class": 3,
  "confidence": 0.771999180316925,
  "uncertainty": 0.2817523110868089
}