{
  "image": "data\\raw\\images\\train\\F_2_6_478.jpg",
  "box": [
    0.6326751708984375,
    523.697509765625,
    364.7694091796875,
    783.9097900390625
  ],
  "class": 2,
  "confidence": 0.928283154964447,
  "uncertainty": 0.11950847122193736
}