{
  "image": "data\\raw\\images\\train\\F_2_7_358.jpg",
  "box": [
    0.03604888916015625,
    707.0528564453125,
    69.8104019165039,
    885.813232421875
  ],
  "class": 3,
  "confidence": 0.5304135084152222,
  "uncertainty": 0.4221021388459845
}