{
  "image": "data\\raw\\images\\train\\F_2_8_1731.jpg",
  "box": [
    894.7886962890625,
    573.9063720703125,
    938.5863037109375,
    612.7805786132812
  ],
  "class": 2,
  "confidence": 0.6602191925048828,
  "uncertainty": 0.2116207899058744
}