{
  "image": "data\\raw\\images\\train\\F_2_1_569.jpg",
  "box": [
    437.66473388671875,
    385.1097412109375,
    560.3889770507812,
    501.81195068359375
  ],
  "class": 7,
  "confidence": 0.646835446357727,
  "uncertainty": 0.35830545025874877
}