{
  "image": "data\\raw\\images\\train\\F_2_1_588.jpg",
  "box": [
    127.34555053710938,
    555.9105834960938,
    211.6102294921875,
    654.0122680664062
  ],
  "class": 3,
  "confidence": 0.7578529715538025,
  "uncertainty": 0.3735741853665057
}