{
  "image": "data\\raw\\images\\train\\F_2_6_1505.jpg",
  "box": [
    890.4863891601562,
    571.6726684570312,
    996.0305786132812,
    799.0811767578125
  ],
  "class": 3,
  "confidence": 0.6731218099594116,
  "uncertainty": 0.3708994530296868
}