{
  "image": "data\\raw\\images\\train\\F_2_8_1556.jpg",
  "box": [
    1661.9256591796875,
    480.18389892578125,
    1919.1214599609375,
    1067.32763671875
  ],
  "class": 2,
  "confidence": 0.9295305609703064,
  "uncertainty": 0.14530200192789053
}