{
  "image": "data\\raw\\images\\train\\F_2_1_406.jpg",
  "box": [
    1258.082763671875,
    496.7804260253906,
    1300.61865234375,
    544.875
  ],
  "class": 2,
  "confidence": 0.5567373037338257,
  "uncertainty": 0.3014776455152267
}