{
  "image": "data\\raw\\images\\train\\F_2_6_1090.jpg",
  "box": [
    690.699462890625,
    414.83001708984375,
    770.3865966796875,
    519.6527709960938
  ],
  "class": 5,
  "confidence": 0.44043686985969543,
  "uncertainty": 0.3846745979229606
}