{
  "image": "data\\raw\\images\\train\\F_2_9_1377.jpg",
  "box": [
    4.439666748046875,
    635.0952758789062,
    373.3274230957031,
    1068.504638671875
  ],
  "class": 3,
  "confidence": 0.29246246814727783,
  "uncertainty": 0.4918760221223201
}