{
  "image": "data\\raw\\images\\train\\F_2_8_925.jpg",
  "box": [
    1036.219970703125,
    455.4156494140625,
    1185.2940673828125,
    639.2256469726562
  ],
  "class": 7,
  "confidence": 0.45789578557014465,
  "uncertainty": 0.4007091577457539
}