{
  "image": "data\\raw\\images\\train\\F_2_7_1981.jpg",
  "box": [
    555.3172607421875,
    434.0023498535156,
    878.9849853515625,
    633.8878173828125
  ],
  "class": 2,
  "confidence": 0.4855765700340271,
  "uncertainty": 0.36153000534090707
}