{
  "image": "data\\raw\\images\\train\\F_2_1_880.jpg",
  "box": [
    240.54830932617188,
    472.7559814453125,
    590.0526123046875,
    746.2606201171875
  ],
  "class": 2,
  "confidence": 0.9347643256187439,
  "uncertainty": 0.12254726059124887
}