{
  "image": "data\\raw\\images\\train\\F_2_7_1650.jpg",
  "box": [
    1357.0543212890625,
    438.2806091308594,
    1485.4661865234375,
    496.1087951660156
  ],
  "class": 2,
  "confidence": 0.2652629315853119,
  "uncertainty": 0.4397557613374101
}