{
  "image": "data\\raw\\images\\train\\F_2_8_1110.jpg",
  "box": [
    311.65924072265625,
    427.2398681640625,
    507.9277038574219,
    646.5094604492188
  ],
  "class": 2,
  "confidence": 0.5990197658538818,
  "uncertainty": 0.3456988526484539
}