{
  "image": "data\\raw\\images\\train\\F_2_1_620.jpg",
  "box": [
    1.7385520935058594,
    479.38165283203125,
    123.63870239257812,
    622.656005859375
  ],
  "class": 2,
  "confidence": 0.4955085515975952,
  "uncertainty": 0.3130855968105235
}