{
  "image": "data\\raw\\images\\train\\F_2_7_108.jpg",
  "box": [
    0.7361526489257812,
    359.5426025390625,
    377.70257568359375,
    861.7686767578125
  ],
  "class": 2,
  "confidence": 0.8083664178848267,
  "uncertainty": 0.21723921315511316
}