{
  "image": "data\\raw\\images\\train\\F_2_2_426.jpg",
  "box": [
    519.682373046875,
    439.9016418457031,
    610.2474975585938,
    545.551513671875
  ],
  "class": 7,
  "confidence": 0.7055651545524597,
  "uncertainty": 0.2845130169653849
}