{
  "image": "data\\raw\\images\\train\\F_2_9_2901.jpg",
  "box": [
    1332.7391357421875,
    394.103759765625,
    1527.80517578125,
    601.2451171875
  ],
  "class": 7,
  "confidence": 0.7088953256607056,
  "uncertainty": 0.3088653342635346
}