{
  "image": "data\\raw\\images\\train\\F_2_2_939.jpg",
  "box": [
    1292.9366455078125,
    512.5624389648438,
    1391.1434326171875,
    608.1544799804688
  ],
  "class": 2,
  "confidence": 0.8120052814483643,
  "uncertainty": 0.17235482369741373
}