{
  "image": "data\\raw\\images\\train\\F_2_7_188.jpg",
  "box": [
    1626.3087158203125,
    821.2987060546875,
    1919.1331787109375,
    1073.345703125
  ],
  "class": 3,
  "confidence": 0.645291268825531,
  "uncertainty": 0.31611452149126873
}