{
  "image": "data\\raw\\images\\train\\F_2_7_1497.jpg",
  "box": [
    1223.1339111328125,
    409.5451354980469,
    1468.694091796875,
    605.001708984375
  ],
  "class": 2,
  "confidence": 0.8983666300773621,
  "uncertainty": 0.13353498018054982
}