{
  "image": "data\\raw\\images\\train\\F_2_3_248.jpg",
  "box": [
    693.5186767578125,
    429.4796447753906,
    843.59130859375,
    565.851318359375
  ],
  "class": 5,
  "confidence": 0.4222584366798401,
  "uncertainty": 0.4492661868051779
}