{
  "image": "data\\raw\\images\\train\\F_2_1_485.jpg",
  "box": [
    1478.8756103515625,
    5.050689697265625,
    1918.597412109375,
    1051.756103515625
  ],
  "class": 7,
  "confidence": 0.9564806818962097,
  "uncertainty": 0.19567936615150788
}