{
  "image": "data\\raw\\images\\train\\F_2_8_1808.jpg",
  "box": [
    1354.81787109375,
    267.594482421875,
    1412.851318359375,
    314.10223388671875
  ],
  "class": 2,
  "confidence": 0.6048667430877686,
  "uncertainty": 0.24666639900196796
}