{
  "image": "data\\raw\\images\\train\\F_2_6_1257.jpg",
  "box": [
    691.0887451171875,
    459.5212097167969,
    1200.632080078125,
    868.1776123046875
  ],
  "class": 2,
  "confidence": 0.9392044544219971,
  "uncertainty": 0.1185533757027895
}