{
  "image": "data\\raw\\images\\train\\F_2_2_1473.jpg",
  "box": [
    69.5536880493164,
    579.16015625,
    190.71633911132812,
    748.3324584960938
  ],
  "class": 3,
  "confidence": 0.755651593208313,
  "uncertainty": 0.2909075386515634
}