{
  "image": "data\\raw\\images\\train\\F_2_1_810.jpg",
  "box": [
    283.5941162109375,
    439.44598388671875,
    525.1324462890625,
    685.6038208007812
  ],
  "class": 2,
  "confidence": 0.7712418437004089,
  "uncertainty": 0.2043554806320948
}