{
  "image": "data\\raw\\images\\train\\F_2_1_362.jpg",
  "box": [
    1649.576171875,
    439.2899169921875,
    1825.0771484375,
    588.17822265625
  ],
  "class": 7,
  "confidence": 0.8460251092910767,
  "uncertainty": 0.2223214880355121
}