{
  "image": "data\\raw\\images\\train\\F_2_6_1006.jpg",
  "box": [
    131.4961395263672,
    403.45733642578125,
    449.1177062988281,
    762.3510131835938
  ],
  "class": 5,
  "confidence": 0.37906137108802795,
  "uncertainty": 0.45942822351087925
}