{
  "image": "data\\raw\\images\\train\\F_2_6_223.jpg",
  "box": [
    859.4221801757812,
    426.98455810546875,
    1000.7935180664062,
    571.030517578125
  ],
  "class": 7,
  "confidence": 0.3025834560394287,
  "uncertainty": 0.44945952384087245
}