{
  "image": "data\\raw\\images\\train\\F_2_2_1039.jpg",
  "box": [
    1238.286865234375,
    437.677978515625,
    1919.120849609375,
    1068.468505859375
  ],
  "class": 2,
  "confidence": 0.9453584551811218,
  "uncertainty": 0.11627538653299155
}