{
  "image": "data\\raw\\images\\train\\F_2_7_391.jpg",
  "box": [
    890.0557250976562,
    560.898193359375,
    967.7861938476562,
    710.7244262695312
  ],
  "class": 3,
  "confidence": 0.5227813124656677,
  "uncertainty": 0.3859757274765993
}