{
  "image": "data\\raw\\images\\train\\F_2_1_940.jpg",
  "box": [
    1650.43603515625,
    516.9700927734375,
    1714.87841796875,
    612.7516479492188
  ],
  "class": 3,
  "confidence": 0.6623774766921997,
  "uncertainty": 0.3650621841754579
}