{
  "image": "data\\raw\\images\\train\\F_2_6_237.jpg",
  "box": [
    1675.494384765625,
    408.9793395996094,
    1750.045654296875,
    510.5254211425781
  ],
  "class": 2,
  "confidence": 0.42841529846191406,
  "uncertainty": 0.36493126279356275
}