{
  "image": "data\\raw\\images\\train\\F_2_2_380.jpg",
  "box": [
    223.9152374267578,
    677.3741455078125,
    383.9346923828125,
    846.1254272460938
  ],
  "class": 3,
  "confidence": 0.6697315573692322,
  "uncertainty": 0.34831530958022217
}