{
  "image": "data\\raw\\images\\train\\F_2_1_551.jpg",
  "box": [
    403.93585205078125,
    422.34979248046875,
    477.560791015625,
    513.7884521484375
  ],
  "class": 7,
  "confidence": 0.4973950982093811,
  "uncertainty": 0.3892211853903798
}