{
  "image": "data\\raw\\images\\train\\F_2_9_1377.jpg",
  "box": [
    7.4951934814453125,
    767.420654296875,
    269.3021240234375,
    1070.3994140625
  ],
  "class": 3,
  "confidence": 0.4500221014022827,
  "uncertainty": 0.42248605086338104
}