{
  "image": "data\\raw\\images\\train\\F_2_2_1292.jpg",
  "box": [
    1520.50341796875,
    461.41241455078125,
    1636.46923828125,
    493.04132080078125
  ],
  "class": 2,
  "confidence": 0.2592618763446808,
  "uncertainty": 0.4435718804018388
}