{
  "image": "data\\raw\\images\\train\\F_2_2_790.jpg",
  "box": [
    1491.8623046875,
    450.4755859375,
    1610.209228515625,
    580.8482055664062
  ],
  "class": 2,
  "confidence": 0.544766366481781,
  "uncertainty": 0.3210591363846813
}