{
  "image": "data\\raw\\images\\train\\F_2_6_519.jpg",
  "box": [
    45.01639938354492,
    466.4730224609375,
    170.36614990234375,
    559.5114135742188
  ],
  "class": 2,
  "confidence": 0.7904927730560303,
  "uncertainty": 0.21437047384459534
}