{
  "image": "data\\raw\\images\\train\\F_2_6_1490.jpg",
  "box": [
    549.591796875,
    751.2903442382812,
    750.1118774414062,
    1069.773681640625
  ],
  "class": 3,
  "confidence": 0.7309376001358032,
  "uncertainty": 0.3199118852916614
}