{
  "image": "data\\raw\\images\\train\\F_2_3_265.jpg",
  "box": [
    764.8512573242188,
    502.0688781738281,
    798.1248779296875,
    572.4923095703125
  ],
  "class": 3,
  "confidence": 0.4263386130332947,
  "uncertainty": 0.4197595622484376
}