{
  "image": "data\\raw\\images\\train\\F_2_9_2975.jpg",
  "box": [
    1028.2724609375,
    471.4018249511719,
    1087.3177490234375,
    552.3924560546875
  ],
  "class": 3,
  "confidence": 0.5789031982421875,
  "uncertainty": 0.39434588271283827
}