{
  "image": "data\\raw\\images\\train\\F_2_7_1654.jpg",
  "box": [
    761.8729248046875,
    506.3312072753906,
    1689.9949951171875,
    1067.551513671875
  ],
  "class": 2,
  "confidence": 0.9360223412513733,
  "uncertainty": 0.10142714349633106
}