{
  "image": "data\\raw\\images\\train\\F_2_7_1850.jpg",
  "box": [
    1170.346435546875,
    465.6125793457031,
    1258.894775390625,
    594.45068359375
  ],
  "class": 2,
  "confidence": 0.5942208766937256,
  "uncertainty": 0.3067994126335482
}