{
  "image": "data\\raw\\images\\train\\F_2_1_641.jpg",
  "box": [
    1078.70849609375,
    514.9730224609375,
    1105.93701171875,
    545.1422119140625
  ],
  "class": 2,
  "confidence": 0.34018927812576294,
  "uncertainty": 0.3579534243379351
}