{
  "image": "data\\raw\\images\\train\\F_2_1_559.jpg",
  "box": [
    176.02902221679688,
    458.8209228515625,
    298.48321533203125,
    563.9932250976562
  ],
  "class": 2,
  "confidence": 0.304517924785614,
  "uncertainty": 0.403533590036162
}