{
  "image": "data\\raw\\images\\train\\F_2_2_195.jpg",
  "box": [
    8.545257568359375,
    478.11181640625,
    290.8671569824219,
    840.9312744140625
  ],
  "class": 7,
  "confidence": 0.5683227181434631,
  "uncertainty": 0.40062452065074045
}