{
  "image": "data\\raw\\images\\train\\F_2_7_620.jpg",
  "box": [
    824.5127563476562,
    397.8827819824219,
    956.1765747070312,
    526.7685546875
  ],
  "class": 2,
  "confidence": 0.8096476793289185,
  "uncertainty": 0.17185622932457584
}