{
  "image": "data\\raw\\images\\train\\F_2_7_809.jpg",
  "box": [
    805.6197509765625,
    393.7762756347656,
    860.5484619140625,
    437.92584228515625
  ],
  "class": 2,
  "confidence": 0.25001922249794006,
  "uncertainty": 0.41839790689781176
}