{
  "image": "data\\raw\\images\\train\\F_2_8_760.jpg",
  "box": [
    870.4795532226562,
    447.3080749511719,
    898.2211303710938,
    486.89410400390625
  ],
  "class": 3,
  "confidence": 0.3850153386592865,
  "uncertainty": 0.4370977465691406
}