{
  "image": "data\\raw\\images\\train\\F_2_2_1489.jpg",
  "box": [
    639.911865234375,
    477.232177734375,
    778.8590698242188,
    626.3538208007812
  ],
  "class": 2,
  "confidence": 0.8417632579803467,
  "uncertainty": 0.16359975168504626
}