{
  "image": "data\\raw\\images\\train\\F_2_1_802.jpg",
  "box": [
    1229.73974609375,
    470.4718322753906,
    1280.4237060546875,
    532.060791015625
  ],
  "class": 2,
  "confidence": 0.5834040641784668,
  "uncertainty": 0.30712001899201935
}