{
  "image": "data\\raw\\images\\train\\F_2_7_856.jpg",
  "box": [
    962.4959106445312,
    481.37164306640625,
    1056.4375,
    553.9275512695312
  ],
  "class": 2,
  "confidence": 0.2900736629962921,
  "uncertainty": 0.42033179082936367
}