{
  "image": "data\\raw\\images\\train\\F_2_9_2470.jpg",
  "box": [
    1439.78564453125,
    470.0342102050781,
    1510.017578125,
    556.2823486328125
  ],
  "class": 2,
  "confidence": 0.6377048492431641,
  "uncertainty": 0.33719830777017723
}