{
  "image": "data\\raw\\images\\train\\F_2_2_1415.jpg",
  "box": [
    1090.106201171875,
    465.8220520019531,
    1204.362548828125,
    564.0555419921875
  ],
  "class": 2,
  "confidence": 0.7457084655761719,
  "uncertainty": 0.21333546963831018
}