{
  "image": "data\\raw\\images\\train\\F_2_7_1989.jpg",
  "box": [
    719.6617431640625,
    386.32232666015625,
    1298.0655517578125,
    884.696533203125
  ],
  "class": 2,
  "confidence": 0.5860303640365601,
  "uncertainty": 0.25580705114737123
}