{
  "image": "data\\raw\\images\\train\\F_2_1_397.jpg",
  "box": [
    1637.344482421875,
    418.5985107421875,
    1746.31201171875,
    539.47998046875
  ],
  "class": 7,
  "confidence": 0.4562344551086426,
  "uncertainty": 0.44751235080371266
}