{
  "image": "data\\raw\\images\\train\\F_2_7_1323.jpg",
  "box": [
    1579.949462890625,
    448.72357177734375,
    1763.151611328125,
    600.2704467773438
  ],
  "class": 2,
  "confidence": 0.296562135219574,
  "uncertainty": 0.41566734845969955
}