{
  "image": "data\\raw\\images\\train\\F_2_6_1143.jpg",
  "box": [
    655.420654296875,
    570.2315673828125,
    796.5810546875,
    773.872802734375
  ],
  "class": 3,
  "confidence": 0.8497418165206909,
  "uncertainty": 0.24653942792126643
}