{
  "image": "data\\raw\\images\\train\\F_2_8_956.jpg",
  "box": [
    1187.3701171875,
    437.42926025390625,
    1285.89111328125,
    470.93023681640625
  ],
  "class": 2,
  "confidence": 0.2689329981803894,
  "uncertainty": 0.4307645920614836
}