{
  "image": "data\\raw\\images\\train\\F_2_7_744.jpg",
  "box": [
    1187.9952392578125,
    618.63623046875,
    1388.3419189453125,
    1011.0151977539062
  ],
  "class": 3,
  "confidence": 0.49148425459861755,
  "uncertainty": 0.37989890628330325
}