{
  "image": "data\\raw\\images\\train\\F_2_2_317.jpg",
  "box": [
    509.154052734375,
    433.7564392089844,
    571.603271484375,
    501.21002197265625
  ],
  "class": 2,
  "confidence": 0.2751616835594177,
  "uncertainty": 0.3916079997174003
}