{
  "image": "data\\raw\\images\\train\\F_2_3_321.jpg",
  "box": [
    33.59523010253906,
    653.0357055664062,
    201.10940551757812,
    862.06640625
  ],
  "class": 3,
  "confidence": 0.6479622721672058,
  "uncertainty": 0.3732934589296612
}