{
  "image": "data\\raw\\images\\train\\F_2_2_1358.jpg",
  "box": [
    840.186279296875,
    405.71337890625,
    1100.0157470703125,
    712.106689453125
  ],
  "class": 2,
  "confidence": 0.5075072646141052,
  "uncertainty": 0.2908996786345466
}