{
  "image": "data\\raw\\images\\train\\F_2_1_537.jpg",
  "box": [
    1299.475830078125,
    469.03289794921875,
    1389.36083984375,
    544.8673095703125
  ],
  "class": 7,
  "confidence": 0.30424755811691284,
  "uncertainty": 0.4575596768131254
}