{
  "image": "data\\raw\\images\\train\\F_2_1_170.jpg",
  "box": [
    78.5738754272461,
    456.721435546875,
    345.8496398925781,
    641.89892578125
  ],
  "class": 2,
  "confidence": 0.6487666964530945,
  "uncertainty": 0.25581101782456034
}