{
  "image": "data\\raw\\images\\train\\F_2_8_1733.jpg",
  "box": [
    1148.82666015625,
    442.7648620605469,
    1188.23193359375,
    494.8395080566406
  ],
  "class": 7,
  "confidence": 0.564383327960968,
  "uncertainty": 0.32998284691417856
}