{
  "image": "data\\raw\\images\\train\\F_2_3_281.jpg",
  "box": [
    620.0592041015625,
    435.75897216796875,
    680.3582153320312,
    485.4766845703125
  ],
  "class": 2,
  "confidence": 0.3276374042034149,
  "uncertainty": 0.39969001726337783
}