{
  "image": "data\\raw\\images\\train\\F_2_1_661.jpg",
  "box": [
    677.4749755859375,
    402.7176818847656,
    761.6236572265625,
    568.6829833984375
  ],
  "class": 2,
  "confidence": 0.5549013018608093,
  "uncertainty": 0.35052278147335264
}