{
  "image": "data\\raw\\images\\train\\F_2_7_1232.jpg",
  "box": [
    0.9086208343505859,
    645.9425048828125,
    89.20509338378906,
    896.543212890625
  ],
  "class": 2,
  "confidence": 0.5286942720413208,
  "uncertainty": 0.31702342263150596
}