{
  "image": "data\\raw\\images\\train\\F_2_4_645.jpg",
  "box": [
    193.27798461914062,
    545.090576171875,
    355.1941223144531,
    817.450927734375
  ],
  "class": 3,
  "confidence": 0.2979377210140228,
  "uncertainty": 0.4903536889643306
}