{
  "image": "data\\raw\\images\\train\\F_2_9_536.jpg",
  "box": [
    1114.90869140625,
    511.5958557128906,
    1186.8427734375,
    576.0770263671875
  ],
  "class": 2,
  "confidence": 0.4667853116989136,
  "uncertainty": 0.32389675360931414
}