{
  "image": "data\\raw\\images\\train\\F_2_7_443.jpg",
  "box": [
    640.7503662109375,
    478.1361083984375,
    687.78173828125,
    689.1766967773438
  ],
  "class": 2,
  "confidence": 0.2577150762081146,
  "uncertainty": 0.48059278863838184
}