{
  "image": "data\\raw\\images\\train\\F_2_9_2348.jpg",
  "box": [
    1435.253662109375,
    514.2857666015625,
    1482.187744140625,
    548.8866577148438
  ],
  "class": 2,
  "confidence": 0.30905506014823914,
  "uncertainty": 0.4034230666785371
}