{
  "image": "data\\raw\\images\\train\\F_2_4_921.jpg",
  "box": [
    1664.620849609375,
    517.7528076171875,
    1770.2392578125,
    590.0897827148438
  ],
  "class": 2,
  "confidence": 0.6516008973121643,
  "uncertainty": 0.22487308759154784
}