{
  "image": "data\\raw\\images\\train\\F_2_6_1737.jpg",
  "box": [
    1197.2581787109375,
    384.041259765625,
    1548.78759765625,
    582.1743774414062
  ],
  "class": 2,
  "confidence": 0.8200758099555969,
  "uncertainty": 0.14720403367144558
}