{
  "image": "data\\raw\\images\\train\\F_2_2_104.jpg",
  "box": [
    916.0989990234375,
    530.0018920898438,
    952.3862915039062,
    602.8516845703125
  ],
  "class": 3,
  "confidence": 0.3513703942298889,
  "uncertainty": 0.4892844852020095
}