{
  "image": "data\\raw\\images\\train\\F_2_2_179.jpg",
  "box": [
    1538.94140625,
    512.367919921875,
    1565.389892578125,
    558.69384765625
  ],
  "class": 3,
  "confidence": 0.5422410368919373,
  "uncertainty": 0.35382629606585525
}