{
  "image": "data\\raw\\images\\train\\F_2_11_734.jpg",
  "box": [
    1061.4610595703125,
    480.1790771484375,
    1080.5087890625,
    518.05810546875
  ],
  "class": 3,
  "confidence": 0.25488731265068054,
  "uncertainty": 0.473134415726372
}