{
  "image": "data\\raw\\images\\train\\F_2_2_929.jpg",
  "box": [
    533.7978515625,
    488.7078552246094,
    575.161376953125,
    564.4979248046875
  ],
  "class": 3,
  "confidence": 0.5997241735458374,
  "uncertainty": 0.37470188826263456
}