{
  "image": "data\\raw\\images\\train\\F_2_2_1011.jpg",
  "box": [
    1418.755615234375,
    419.2218933105469,
    1494.63623046875,
    461.1653137207031
  ],
  "class": 2,
  "confidence": 0.39019352197647095,
  "uncertainty": 0.316734122740735
}