{
  "image": "data\\raw\\images\\train\\F_2_2_929.jpg",
  "box": [
    623.2055053710938,
    503.4533386230469,
    673.4478149414062,
    580.61181640625
  ],
  "class": 3,
  "confidence": 0.6339583396911621,
  "uncertainty": 0.36381785703637115
}