{
  "image": "data\\raw\\images\\train\\F_2_1_733.jpg",
  "box": [
    804.731689453125,
    445.55084228515625,
    893.431640625,
    517.4118041992188
  ],
  "class": 2,
  "confidence": 0.5773071050643921,
  "uncertainty": 0.26150114770140415
}