{
  "image": "data\\raw\\images\\train\\F_2_1_939.jpg",
  "box": [
    1307.3399658203125,
    492.24151611328125,
    1335.5074462890625,
    530.303466796875
  ],
  "class": 3,
  "confidence": 0.4330362379550934,
  "uncertainty": 0.3952656496211266
}