{
  "image": "data\\raw\\images\\train\\F_2_1_1080.jpg",
  "box": [
    493.1670227050781,
    584.3857421875,
    564.090576171875,
    704.4725341796875
  ],
  "class": 3,
  "confidence": 0.6580716371536255,
  "uncertainty": 0.3453160887599165
}