{
  "image": "data\\raw\\images\\train\\F_2_4_265.jpg",
  "box": [
    788.1447143554688,
    497.6109924316406,
    844.2771606445312,
    579.61328125
  ],
  "class": 3,
  "confidence": 0.7269525527954102,
  "uncertainty": 0.2876481181665018
}