{
  "image": "data\\raw\\images\\train\\F_2_1_957.jpg",
  "box": [
    86.98243713378906,
    421.1697998046875,
    248.19601440429688,
    608.0655517578125
  ],
  "class": 7,
  "confidence": 0.830337643623352,
  "uncertainty": 0.2405524025492234
}