{
  "image": "data\\raw\\images\\train\\F_2_2_197.jpg",
  "box": [
    1665.647705078125,
    568.9893798828125,
    1723.51220703125,
    657.8564453125
  ],
  "class": 3,
  "confidence": 0.7477458715438843,
  "uncertainty": 0.2996925707110902
}