{
  "image": "data\\raw\\images\\train\\F_2_9_3013.jpg",
  "box": [
    1111.603515625,
    252.98306274414062,
    1413.317626953125,
    616.036376953125
  ],
  "class": 7,
  "confidence": 0.8515387773513794,
  "uncertainty": 0.23644796907195437
}