{
  "image": "data\\raw\\images\\train\\F_2_6_861.jpg",
  "box": [
    969.8973388671875,
    412.87957763671875,
    1450.49755859375,
    844.9151000976562
  ],
  "class": 2,
  "confidence": 0.9327739477157593,
  "uncertainty": 0.1188157894987414
}