{
  "image": "data\\raw\\images\\train\\F_2_5_16.jpg",
  "box": [
    792.0120849609375,
    414.50518798828125,
    1056.3153076171875,
    670.440673828125
  ],
  "class": 7,
  "confidence": 0.7847559452056885,
  "uncertainty": 0.2578442547290719
}