{
  "image": "data\\raw\\images\\train\\F_2_4_56.jpg",
  "box": [
    785.5982666015625,
    416.1702575683594,
    1305.3746337890625,
    864.1610107421875
  ],
  "class": 2,
  "confidence": 0.9129599332809448,
  "uncertainty": 0.1379953928603776
}