{
  "image": "data\\raw\\images\\train\\F_2_2_795.jpg",
  "box": [
    176.1077880859375,
    446.9469909667969,
    466.57464599609375,
    590.0048217773438
  ],
  "class": 5,
  "confidence": 0.7641900777816772,
  "uncertainty": 0.32407121029628677
}