{
  "image": "data\\raw\\images\\train\\F_2_11_654.jpg",
  "box": [
    953.149658203125,
    388.65380859375,
    1030.231201171875,
    464.10552978515625
  ],
  "class": 7,
  "confidence": 0.43597376346588135,
  "uncertainty": 0.4109661047116785
}