{
  "image": "data\\raw\\images\\train\\F_2_1_766.jpg",
  "box": [
    615.2778930664062,
    493.93804931640625,
    679.8748779296875,
    561.9981689453125
  ],
  "class": 3,
  "confidence": 0.5085457563400269,
  "uncertainty": 0.3793677597620471
}