{
  "image": "data\\raw\\images\\train\\F_2_2_5.jpg",
  "box": [
    447.690673828125,
    404.41534423828125,
    720.1083984375,
    740.3995971679688
  ],
  "class": 7,
  "confidence": 0.5116172432899475,
  "uncertainty": 0.36900593957713856
}