{
  "image": "data\\raw\\images\\train\\F_2_2_246.jpg",
  "box": [
    1316.3564453125,
    427.5040283203125,
    1525.44189453125,
    684.0882568359375
  ],
  "class": 7,
  "confidence": 0.46558278799057007,
  "uncertainty": 0.3874414890218139
}