{
  "image": "data\\raw\\images\\train\\F_2_2_796.jpg",
  "box": [
    969.6421508789062,
    249.26983642578125,
    1231.61669921875,
    648.8033447265625
  ],
  "class": 7,
  "confidence": 0.3437497019767761,
  "uncertainty": 0.41359281108707957
}