{
  "image": "data\\raw\\images\\train\\F_2_9_1667.jpg",
  "box": [
    1499.343505859375,
    375.6048889160156,
    1867.507568359375,
    782.0076904296875
  ],
  "class": 7,
  "confidence": 0.5688403844833374,
  "uncertainty": 0.4967018048204854
}