{
  "image": "data\\raw\\images\\train\\F_2_1_1199.jpg",
  "box": [
    942.4700927734375,
    376.1589660644531,
    1175.082763671875,
    590.6234130859375
  ],
  "class": 2,
  "confidence": 0.815451443195343,
  "uncertainty": 0.1755378433947553
}