{
  "image": "data\\raw\\images\\train\\F_2_2_1489.jpg",
  "box": [
    2.001068115234375,
    352.3261413574219,
    671.0789794921875,
    1065.9287109375
  ],
  "class": 7,
  "confidence": 0.6389479041099548,
  "uncertainty": 0.2875622533801139
}