{
  "image": "data\\raw\\images\\train\\F_2_5_174.jpg",
  "box": [
    1344.500244140625,
    489.9298095703125,
    1415.287841796875,
    556.8964233398438
  ],
  "class": 3,
  "confidence": 0.2555506229400635,
  "uncertainty": 0.47169390170700715
}