{
  "image": "data\\raw\\images\\train\\F_2_2_767.jpg",
  "box": [
    1851.83642578125,
    390.9615478515625,
    1919.086669921875,
    547.911865234375
  ],
  "class": 7,
  "confidence": 0.5767063498497009,
  "uncertainty": 0.3400405960238726
}