{
  "image": "data\\raw\\images\\train\\F_2_7_1636.jpg",
  "box": [
    1253.7703857421875,
    362.9202575683594,
    1784.5302734375,
    516.8017578125
  ],
  "class": 2,
  "confidence": 0.44613298773765564,
  "uncertainty": 0.35318899290214956
}