{
  "image": "data\\raw\\images\\train\\F_2_2_1235.jpg",
  "box": [
    915.6273193359375,
    461.92913818359375,
    1088.4027099609375,
    629.9104614257812
  ],
  "class": 2,
  "confidence": 0.38979992270469666,
  "uncertainty": 0.37846193069911915
}