{
  "image": "data\\raw\\images\\train\\F_2_7_92.jpg",
  "box": [
    916.4837036132812,
    401.71856689453125,
    1063.9267578125,
    570.7203369140625
  ],
  "class": 2,
  "confidence": 0.5594348311424255,
  "uncertainty": 0.31370734157272173
}