{
  "image": "data\\raw\\images\\train\\F_2_6_1848.jpg",
  "box": [
    1.2298736572265625,
    354.3509216308594,
    398.7315673828125,
    1062.7744140625
  ],
  "class": 7,
  "confidence": 0.5905098915100098,
  "uncertainty": 0.34331338363364183
}