{
  "image": "data\\raw\\images\\train\\F_2_2_184.jpg",
  "box": [
    1314.6580810546875,
    457.92498779296875,
    1440.123291015625,
    553.8284912109375
  ],
  "class": 2,
  "confidence": 0.4661268889904022,
  "uncertainty": 0.37900244741687694
}