{
  "image": "data\\raw\\images\\train\\F_2_7_1739.jpg",
  "box": [
    1272.855712890625,
    426.3046875,
    1917.2567138671875,
    774.0507202148438
  ],
  "class": 5,
  "confidence": 0.7737481594085693,
  "uncertainty": 0.28746168381079507
}