{
  "image": "data\\raw\\images\\train\\F_2_1_797.jpg",
  "box": [
    442.2501220703125,
    425.1815185546875,
    557.648681640625,
    571.58203125
  ],
  "class": 7,
  "confidence": 0.7288152575492859,
  "uncertainty": 0.32899456769006385
}