{
  "image": "data\\raw\\images\\train\\F_2_7_384.jpg",
  "box": [
    1022.8456420898438,
    408.90802001953125,
    1321.41259765625,
    653.2044067382812
  ],
  "class": 2,
  "confidence": 0.7838701605796814,
  "uncertainty": 0.3807142189159418
}