{
  "image": "data\\raw\\images\\train\\F_2_7_138.jpg",
  "box": [
    1655.14013671875,
    656.6644287109375,
    1912.395263671875,
    1072.89892578125
  ],
  "class": 3,
  "confidence": 0.48030656576156616,
  "uncertainty": 0.3983802125141261
}