{
  "image": "data\\raw\\images\\train\\F_2_1_982.jpg",
  "box": [
    1027.9228515625,
    492.8463134765625,
    1085.306884765625,
    592.2592163085938
  ],
  "class": 3,
  "confidence": 0.6719658374786377,
  "uncertainty": 0.3460808296984313
}