{
  "image": "data\\raw\\images\\train\\F_2_3_119.jpg",
  "box": [
    1330.3280029296875,
    394.90283203125,
    1505.3687744140625,
    621.3094482421875
  ],
  "class": 7,
  "confidence": 0.616761326789856,
  "uncertainty": 0.3718157399978074
}