{
  "image": "data\\raw\\images\\train\\F_2_9_2573.jpg",
  "box": [
    1055.1595458984375,
    478.3591003417969,
    1083.1600341796875,
    525.0357666015625
  ],
  "class": 2,
  "confidence": 0.5211660861968994,
  "uncertainty": 0.32965625665987797
}