{
  "image": "data\\raw\\images\\train\\F_2_3_368.jpg",
  "box": [
    608.6475830078125,
    447.8441162109375,
    742.117919921875,
    594.9224853515625
  ],
  "class": 7,
  "confidence": 0.5125119686126709,
  "uncertainty": 0.4796066086523038
}