{
  "image": "data\\raw\\images\\train\\F_2_7_164.jpg",
  "box": [
    694.7976684570312,
    276.7330627441406,
    897.1197509765625,
    447.8079528808594
  ],
  "class": 5,
  "confidence": 0.8440895080566406,
  "uncertainty": 0.241433375074049
}