{
  "image": "data\\raw\\images\\train\\F_2_4_177.jpg",
  "box": [
    814.40478515625,
    386.5989074707031,
    1435.5574951171875,
    1006.6854248046875
  ],
  "class": 7,
  "confidence": 0.6652778387069702,
  "uncertainty": 0.32040633152009074
}