{
  "image": "data\\raw\\images\\train\\F_2_4_596.jpg",
  "box": [
    641.0924072265625,
    405.0861511230469,
    802.24462890625,
    581.1700439453125
  ],
  "class": 5,
  "confidence": 0.681803286075592,
  "uncertainty": 0.28545198753895673
}