{
  "image": "data\\raw\\images\\train\\F_2_5_328.jpg",
  "box": [
    79.76838684082031,
    567.95654296875,
    159.23899841308594,
    695.2520141601562
  ],
  "class": 3,
  "confidence": 0.6818846464157104,
  "uncertainty": 0.3592358985976462
}