{
  "image": "data\\raw\\images\\train\\F_2_8_925.jpg",
  "box": [
    678.7421875,
    471.5422668457031,
    843.6956176757812,
    606.407958984375
  ],
  "class": 2,
  "confidence": 0.8354073762893677,
  "uncertainty": 0.15980498709654517
}