{
  "image": "data\\raw\\images\\train\\F_2_8_935.jpg",
  "box": [
    1119.386962890625,
    549.1072998046875,
    1165.28662109375,
    613.390625
  ],
  "class": 3,
  "confidence": 0.4683595895767212,
  "uncertainty": 0.4237069210160047
}