{
  "image": "data\\raw\\images\\train\\F_2_9_2168.jpg",
  "box": [
    1127.8223876953125,
    2.64404296875,
    1917.840087890625,
    1063.7208251953125
  ],
  "class": 7,
  "confidence": 0.8452215790748596,
  "uncertainty": 0.2362579327653701
}