{
  "image": "data\\raw\\images\\train\\F_2_1_893.jpg",
  "box": [
    682.4089965820312,
    491.48480224609375,
    745.22119140625,
    574.4590454101562
  ],
  "class": 3,
  "confidence": 0.7489708662033081,
  "uncertainty": 0.30360258329518963
}