{
  "image": "data\\raw\\images\\train\\F_2_9_3020.jpg",
  "box": [
    1587.6463623046875,
    441.0819396972656,
    1712.4371337890625,
    563.67529296875
  ],
  "class": 2,
  "confidence": 0.8291198015213013,
  "uncertainty": 0.1824414521912351
}