{
  "image": "data\\raw\\images\\train\\F_2_7_858.jpg",
  "box": [
    184.1658477783203,
    393.284423828125,
    347.05023193359375,
    564.2185668945312
  ],
  "class": 7,
  "confidence": 0.33505120873451233,
  "uncertainty": 0.47090547065340504
}