{
  "image": "data\\raw\\images\\train\\F_2_6_229.jpg",
  "box": [
    1000.3428955078125,
    523.3148803710938,
    1047.294677734375,
    590.00927734375
  ],
  "class": 3,
  "confidence": 0.4999418258666992,
  "uncertainty": 0.38216525777231475
}