{
  "image": "data\\raw\\images\\train\\F_2_7_1688.jpg",
  "box": [
    729.4681396484375,
    407.6347961425781,
    1342.733154296875,
    904.779296875
  ],
  "class": 2,
  "confidence": 0.9239227771759033,
  "uncertainty": 0.12444734688929271
}