{
  "image": "data\\raw\\images\\train\\F_2_3_255.jpg",
  "box": [
    348.20904541015625,
    546.8116455078125,
    408.79827880859375,
    651.1207275390625
  ],
  "class": 3,
  "confidence": 0.7280814051628113,
  "uncertainty": 0.2934477956173472
}