{
  "image": "data\\raw\\images\\train\\F_2_2_1564.jpg",
  "box": [
    117.33016204833984,
    667.45751953125,
    259.89434814453125,
    913.81640625
  ],
  "class": 3,
  "confidence": 0.6965317130088806,
  "uncertainty": 0.352017645379011
}