{
  "image": "data\\raw\\images\\train\\F_2_1_214.jpg",
  "box": [
    1181.935546875,
    167.98056030273438,
    1695.89208984375,
    592.729248046875
  ],
  "class": 7,
  "confidence": 0.7348277568817139,
  "uncertainty": 0.34303586481435416
}