{
  "image": "data\\raw\\images\\train\\F_2_1_310.jpg",
  "box": [
    728.8743896484375,
    436.2135314941406,
    817.0427856445312,
    539.995849609375
  ],
  "class": 7,
  "confidence": 0.7598462104797363,
  "uncertainty": 0.26941892730950445
}