{
  "image": "data\\raw\\images\\train\\F_2_2_184.jpg",
  "box": [
    1520.5916748046875,
    485.71923828125,
    1559.4752197265625,
    541.1142578125
  ],
  "class": 2,
  "confidence": 0.29183393716812134,
  "uncertainty": 0.37089854553769636
}