{
  "image": "data\\raw\\images\\train\\F_2_2_1022.jpg",
  "box": [
    1.967559814453125,
    431.71160888671875,
    969.2685546875,
    1068.670654296875
  ],
  "class": 2,
  "confidence": 0.9538004398345947,
  "uncertainty": 0.09280782158672751
}