{
  "image": "data\\raw\\images\\train\\F_2_6_107.jpg",
  "box": [
    1847.4635009765625,
    423.5603942871094,
    1919.0841064453125,
    619.919677734375
  ],
  "class": 7,
  "confidence": 0.5591824054718018,
  "uncertainty": 0.3715119156381497
}