{
  "image": "data\\raw\\images\\train\\F_2_8_188.jpg",
  "box": [
    927.559326171875,
    352.2857666015625,
    1093.949462890625,
    495.15545654296875
  ],
  "class": 5,
  "confidence": 0.8293596506118774,
  "uncertainty": 0.2673965559164022
}