{
  "image": "data\\raw\\images\\train\\F_2_7_475.jpg",
  "box": [
    146.88856506347656,
    432.4375305175781,
    349.8305969238281,
    490.4295959472656
  ],
  "class": 2,
  "confidence": 0.45024538040161133,
  "uncertainty": 0.40782611969668675
}