{
  "image": "data\\raw\\images\\train\\F_2_2_772.jpg",
  "box": [
    346.33953857421875,
    494.9176940917969,
    611.1593017578125,
    776.221923828125
  ],
  "class": 2,
  "confidence": 0.8293139934539795,
  "uncertainty": 0.21690120499460486
}