{
  "image": "data\\raw\\images\\train\\F_2_7_1726.jpg",
  "box": [
    1523.480712890625,
    455.3566589355469,
    1629.2772216796875,
    506.5727233886719
  ],
  "class": 2,
  "confidence": 0.5477525591850281,
  "uncertainty": 0.3028893080398525
}