{
  "image": "data\\raw\\images\\train\\F_2_2_1516.jpg",
  "box": [
    983.693115234375,
    437.761962890625,
    1089.7666015625,
    528.1151733398438
  ],
  "class": 2,
  "confidence": 0.34729623794555664,
  "uncertainty": 0.4263987892684896
}