{
  "image": "data\\raw\\images\\train\\F_2_6_120.jpg",
  "box": [
    842.7388916015625,
    442.026123046875,
    908.742919921875,
    570.5711059570312
  ],
  "class": 2,
  "confidence": 0.6618413329124451,
  "uncertainty": 0.261445681379091
}