{
  "image": "data\\raw\\images\\train\\F_2_7_1282.jpg",
  "box": [
    856.7407836914062,
    351.318359375,
    938.9716186523438,
    409.2325439453125
  ],
  "class": 2,
  "confidence": 0.4177163541316986,
  "uncertainty": 0.3545811750682046
}