{
  "image": "data\\raw\\images\\train\\F_2_6_262.jpg",
  "box": [
    1414.696044921875,
    895.1068725585938,
    1670.3602294921875,
    1074.782470703125
  ],
  "class": 3,
  "confidence": 0.6445653438568115,
  "uncertainty": 0.3578520561049462
}