{
  "image": "data\\raw\\images\\train\\F_2_2_1308.jpg",
  "box": [
    1574.7462158203125,
    430.95135498046875,
    1728.3218994140625,
    595.8092651367188
  ],
  "class": 5,
  "confidence": 0.36700811982154846,
  "uncertainty": 0.4292793161742467
}