{
  "image": "data\\raw\\images\\train\\F_2_2_831.jpg",
  "box": [
    1197.884765625,
    438.1495056152344,
    1448.925537109375,
    555.403076171875
  ],
  "class": 2,
  "confidence": 0.42251765727996826,
  "uncertainty": 0.4644026140730147
}