{
  "image": "data\\raw\\images\\train\\F_2_2_1039.jpg",
  "box": [
    1140.1322021484375,
    451.80181884765625,
    1383.841552734375,
    701.6640625
  ],
  "class": 2,
  "confidence": 0.8805858492851257,
  "uncertainty": 0.1637526268899755
}