{
  "image": "data\\raw\\images\\train\\F_2_9_2940.jpg",
  "box": [
    656.404052734375,
    575.544677734375,
    846.92333984375,
    849.2850341796875
  ],
  "class": 3,
  "confidence": 0.7527658939361572,
  "uncertainty": 0.3520262006601547
}