{
  "image": "data\\raw\\images\\train\\F_2_2_380.jpg",
  "box": [
    185.85223388671875,
    538.3067016601562,
    227.6403350830078,
    567.4849853515625
  ],
  "class": 2,
  "confidence": 0.30158156156539917,
  "uncertainty": 0.357340120796085
}