{
  "image": "data\\raw\\images\\train\\F_2_7_1814.jpg",
  "box": [
    1446.201416015625,
    474.0491638183594,
    1723.5897216796875,
    735.4033203125
  ],
  "class": 2,
  "confidence": 0.5221874117851257,
  "uncertainty": 0.3173823996557653
}