{
  "image": "data\\raw\\images\\train\\F_2_5_328.jpg",
  "box": [
    1588.329345703125,
    523.467041015625,
    1746.24462890625,
    627.874755859375
  ],
  "class": 3,
  "confidence": 0.38125959038734436,
  "uncertainty": 0.4494428629694931
}