{
  "image": "data\\raw\\images\\train\\F_2_11_737.jpg",
  "box": [
    1222.4359130859375,
    458.9198913574219,
    1331.60888671875,
    550.56982421875
  ],
  "class": 2,
  "confidence": 0.8033830523490906,
  "uncertainty": 0.16605189063478998
}