{
  "image": "data\\raw\\images\\train\\F_2_11_465.jpg",
  "box": [
    1030.28955078125,
    439.61480712890625,
    1140.908203125,
    509.33148193359375
  ],
  "class": 2,
  "confidence": 0.3944075405597687,
  "uncertainty": 0.32934799535666487
}