{
  "image": "data\\raw\\images\\train\\F_2_1_446.jpg",
  "box": [
    502.8116455078125,
    445.418212890625,
    569.5545043945312,
    488.10723876953125
  ],
  "class": 2,
  "confidence": 0.38465163111686707,
  "uncertainty": 0.38421861675540364
}