{
  "image": "data\\raw\\images\\train\\F_2_1_701.jpg",
  "box": [
    1468.690673828125,
    471.1577453613281,
    1533.244384765625,
    547.533203125
  ],
  "class": 2,
  "confidence": 0.28771308064460754,
  "uncertainty": 0.36695689316038804
}