{
  "image": "data\\raw\\images\\train\\F_2_1_495.jpg",
  "box": [
    1144.8056640625,
    455.74237060546875,
    1205.6907958984375,
    530.1359252929688
  ],
  "class": 7,
  "confidence": 0.34807339310646057,
  "uncertainty": 0.4324321899032002
}