{
  "image": "data\\raw\\images\\train\\F_2_2_1516.jpg",
  "box": [
    604.6375732421875,
    449.7261657714844,
    747.869873046875,
    608.352294921875
  ],
  "class": 2,
  "confidence": 0.761016845703125,
  "uncertainty": 0.2158773629374494
}