{
  "image": "data\\raw\\images\\train\\F_2_2_1680.jpg",
  "box": [
    1622.211181640625,
    595.6349487304688,
    1753.987060546875,
    771.2225341796875
  ],
  "class": 3,
  "confidence": 0.6518328785896301,
  "uncertainty": 0.3762552269202209
}