{
  "image": "data\\raw\\images\\train\\F_2_8_1884.jpg",
  "box": [
    271.4564208984375,
    465.9359436035156,
    569.0692749023438,
    687.0968627929688
  ],
  "class": 7,
  "confidence": 0.3806098699569702,
  "uncertainty": 0.44672847379318675
}