{
  "image": "data\\raw\\images\\train\\F_2_2_1212.jpg",
  "box": [
    360.8809814453125,
    410.30255126953125,
    417.65576171875,
    460.0462646484375
  ],
  "class": 2,
  "confidence": 0.4061487317085266,
  "uncertainty": 0.3509205212715171
}