{
  "image": "data\\raw\\images\\train\\F_2_1_702.jpg",
  "box": [
    1458.35009765625,
    525.158935546875,
    1502.367919921875,
    590.0333862304688
  ],
  "class": 3,
  "confidence": 0.5165476202964783,
  "uncertainty": 0.37907117518817873
}