{
  "image": "data\\raw\\images\\train\\F_2_5_160.jpg",
  "box": [
    863.011474609375,
    507.28076171875,
    986.2384033203125,
    631.6121826171875
  ],
  "class": 2,
  "confidence": 0.8109396696090698,
  "uncertainty": 0.16419378699399206
}