{
  "image": "data\\raw\\images\\train\\F_2_1_328.jpg",
  "box": [
    1299.062255859375,
    447.30230712890625,
    1369.900634765625,
    527.1280517578125
  ],
  "class": 7,
  "confidence": 0.6123712658882141,
  "uncertainty": 0.38198638892343184
}