{
  "image": "data\\raw\\images\\train\\F_2_4_596.jpg",
  "box": [
    1564.46875,
    430.2008056640625,
    1857.5078125,
    571.7407836914062
  ],
  "class": 2,
  "confidence": 0.34037894010543823,
  "uncertainty": 0.3977047370366286
}