{
  "image": "data\\raw\\images\\train\\F_2_8_1828.jpg",
  "box": [
    1332.4931640625,
    416.8986511230469,
    1572.54345703125,
    578.5387573242188
  ],
  "class": 2,
  "confidence": 0.6102568507194519,
  "uncertainty": 0.25336356760928747
}