{
  "image": "data\\raw\\images\\train\\F_2_10_460.jpg",
  "box": [
    1213.3543701171875,
    512.87109375,
    1249.728271484375,
    539.0366821289062
  ],
  "class": 2,
  "confidence": 0.30181342363357544,
  "uncertainty": 0.35308244247989445
}