{
  "image": "data\\raw\\images\\train\\F_2_4_278.jpg",
  "box": [
    556.1441650390625,
    534.3062744140625,
    617.7046508789062,
    630.338623046875
  ],
  "class": 3,
  "confidence": 0.6719323992729187,
  "uncertainty": 0.3180657560173346
}