{
  "image": "data\\raw\\images\\train\\F_2_6_523.jpg",
  "box": [
    255.08151245117188,
    428.7623291015625,
    308.0412902832031,
    483.2537841796875
  ],
  "class": 2,
  "confidence": 0.5384758114814758,
  "uncertainty": 0.30030147671006246
}