{
  "image": "data\\raw\\images\\train\\F_2_3_98.jpg",
  "box": [
    400.16107177734375,
    303.03857421875,
    604.0995483398438,
    404.96820068359375
  ],
  "class": 5,
  "confidence": 0.6111363172531128,
  "uncertainty": 0.35920164705274
}