{
  "image": "data\\raw\\images\\train\\F_2_1_443.jpg",
  "box": [
    925.3840942382812,
    431.65411376953125,
    1039.2777099609375,
    562.7581787109375
  ],
  "class": 7,
  "confidence": 0.8378229141235352,
  "uncertainty": 0.3263694504349473
}