{
  "image": "data\\raw\\images\\train\\F_2_8_720.jpg",
  "box": [
    1529.4801025390625,
    544.0577392578125,
    1604.035400390625,
    653.337158203125
  ],
  "class": 2,
  "confidence": 0.42251789569854736,
  "uncertainty": 0.2998304032833688
}