{
  "image": "data\\raw\\images\\train\\F_2_8_1556.jpg",
  "box": [
    2.241668701171875,
    349.4286804199219,
    1525.782470703125,
    1067.059814453125
  ],
  "class": 2,
  "confidence": 0.9503169059753418,
  "uncertainty": 0.11027636264323405
}