{
  "image": "data\\raw\\images\\train\\F_2_2_1308.jpg",
  "box": [
    1573.6142578125,
    430.5963134765625,
    1727.781005859375,
    596.09912109375
  ],
  "class": 7,
  "confidence": 0.6945416331291199,
  "uncertainty": 0.30901462716233513
}