{
  "image": "data\\raw\\images\\train\\F_2_3_502.jpg",
  "box": [
    319.8492736816406,
    431.8128662109375,
    852.8047485351562,
    892.5613403320312
  ],
  "class": 2,
  "confidence": 0.9415650963783264,
  "uncertainty": 0.11683744701010639
}