{
  "image": "data\\raw\\images\\train\\F_2_1_561.jpg",
  "box": [
    1805.3272705078125,
    458.6146545410156,
    1919.2503662109375,
    657.0797119140625
  ],
  "class": 5,
  "confidence": 0.7234835028648376,
  "uncertainty": 0.4016425758965872
}