{
  "image": "data\\raw\\images\\train\\F_2_9_583.jpg",
  "box": [
    1.357818603515625,
    517.8976440429688,
    110.61975860595703,
    686.3810424804688
  ],
  "class": 3,
  "confidence": 0.5863669514656067,
  "uncertainty": 0.4087834469044593
}