{
  "image": "data\\raw\\images\\train\\F_2_9_2322.jpg",
  "box": [
    1307.56298828125,
    437.0206604003906,
    1411.352294921875,
    533.3890380859375
  ],
  "class": 2,
  "confidence": 0.7313584685325623,
  "uncertainty": 0.19572775966599248
}