{
  "image": "data\\raw\\images\\train\\F_2_9_1526.jpg",
  "box": [
    641.7239990234375,
    419.2403869628906,
    721.61962890625,
    573.0731201171875
  ],
  "class": 2,
  "confidence": 0.35370349884033203,
  "uncertainty": 0.41522392598958235
}