{
  "image": "data\\raw\\images\\train\\F_2_8_1826.jpg",
  "box": [
    1384.26220703125,
    416.0123291015625,
    1590.94384765625,
    580.8667602539062
  ],
  "class": 2,
  "confidence": 0.7572876214981079,
  "uncertainty": 0.23484439728644307
}