{
  "image": "data\\raw\\images\\train\\F_2_1_310.jpg",
  "box": [
    1083.4385986328125,
    444.8724060058594,
    1124.310546875,
    480.7914733886719
  ],
  "class": 2,
  "confidence": 0.5316940546035767,
  "uncertainty": 0.26898320244668034
}