{
  "image": "data\\raw\\images\\train\\F_2_11_194.jpg",
  "box": [
    1211.912109375,
    451.390380859375,
    1311.042236328125,
    556.8864135742188
  ],
  "class": 2,
  "confidence": 0.8458185791969299,
  "uncertainty": 0.1429728563901568
}