{
  "image": "data\\raw\\images\\train\\F_2_1_932.jpg",
  "box": [
    170.14181518554688,
    437.5760192871094,
    288.5675048828125,
    587.7958374023438
  ],
  "class": 2,
  "confidence": 0.406318724155426,
  "uncertainty": 0.34764836890095246
}