{
  "image": "data\\raw\\images\\train\\F_2_7_116.jpg",
  "box": [
    1071.517578125,
    430.0477294921875,
    1194.924560546875,
    672.686767578125
  ],
  "class": 2,
  "confidence": 0.5478714108467102,
  "uncertainty": 0.3147306860566293
}