{
  "image": "data\\raw\\images\\train\\F_2_9_2991.jpg",
  "box": [
    0.13506317138671875,
    455.8499450683594,
    142.28619384765625,
    583.9503173828125
  ],
  "class": 3,
  "confidence": 0.6890060901641846,
  "uncertainty": 0.35415398106060614
}