{
  "image": "data\\raw\\images\\train\\F_2_1_797.jpg",
  "box": [
    873.1953735351562,
    497.72833251953125,
    916.5770874023438,
    531.3212280273438
  ],
  "class": 2,
  "confidence": 0.3571176528930664,
  "uncertainty": 0.39008385279281793
}