{
  "image": "data\\raw\\images\\train\\F_2_1_765.jpg",
  "box": [
    149.98605346679688,
    327.5829772949219,
    432.7733154296875,
    582.9814453125
  ],
  "class": 5,
  "confidence": 0.8968799710273743,
  "uncertainty": 0.2711881317237754
}