{
  "image": "data\\raw\\images\\train\\F_2_6_1523.jpg",
  "box": [
    582.618896484375,
    478.11529541015625,
    848.1165161132812,
    686.986083984375
  ],
  "class": 2,
  "confidence": 0.9057402014732361,
  "uncertainty": 0.1314045636923252
}