{
  "image": "data\\raw\\images\\train\\F_2_7_896.jpg",
  "box": [
    1652.2470703125,
    434.4606628417969,
    1919.328369140625,
    925.629638671875
  ],
  "class": 7,
  "confidence": 0.5641111731529236,
  "uncertainty": 0.3774215146654177
}