{
  "image": "data\\raw\\images\\train\\F_2_6_107.jpg",
  "box": [
    1622.486572265625,
    406.2066650390625,
    1793.750244140625,
    613.9985961914062
  ],
  "class": 7,
  "confidence": 0.43862223625183105,
  "uncertainty": 0.41119355628550264
}