{
  "image": "data\\raw\\images\\train\\F_2_1_180.jpg",
  "box": [
    477.88531494140625,
    320.548828125,
    728.5497436523438,
    555.4661865234375
  ],
  "class": 7,
  "confidence": 0.8766307234764099,
  "uncertainty": 0.20752237824652991
}