{
  "image": "data\\raw\\images\\train\\F_2_7_813.jpg",
  "box": [
    594.5652465820312,
    403.464111328125,
    893.241455078125,
    738.9041748046875
  ],
  "class": 2,
  "confidence": 0.876374363899231,
  "uncertainty": 0.19517124684506587
}