{
  "image": "data\\raw\\images\\train\\F_2_8_1772.jpg",
  "box": [
    1111.5322265625,
    386.6298828125,
    1155.03955078125,
    451.249267578125
  ],
  "class": 3,
  "confidence": 0.5203347206115723,
  "uncertainty": 0.4128396149131308
}