{
  "image": "data\\raw\\images\\train\\F_2_1_397.jpg",
  "box": [
    963.5223999023438,
    497.3694763183594,
    1006.5210571289062,
    560.0098876953125
  ],
  "class": 3,
  "confidence": 0.6873621940612793,
  "uncertainty": 0.3085975172578324
}