{
  "image": "data\\raw\\images\\train\\F_2_2_238.jpg",
  "box": [
    786.4491577148438,
    500.22637939453125,
    843.6871948242188,
    574.6455688476562
  ],
  "class": 2,
  "confidence": 0.6252282857894897,
  "uncertainty": 0.24275467033085826
}