{
  "image": "data\\raw\\images\\train\\F_2_2_328.jpg",
  "box": [
    1244.541015625,
    442.9796447753906,
    1342.38037109375,
    525.58935546875
  ],
  "class": 2,
  "confidence": 0.8092958331108093,
  "uncertainty": 0.16598234957160185
}