{
  "image": "data\\raw\\images\\train\\F_2_3_641.jpg",
  "box": [
    1702.8409423828125,
    502.6431884765625,
    1752.091552734375,
    580.9407348632812
  ],
  "class": 3,
  "confidence": 0.30717816948890686,
  "uncertainty": 0.4656704788850802
}