{
  "image": "data\\raw\\images\\train\\F_2_8_754.jpg",
  "box": [
    1553.731201171875,
    399.6873779296875,
    1919.537109375,
    848.4638671875
  ],
  "class": 2,
  "confidence": 0.9020431637763977,
  "uncertainty": 0.16422186519808307
}