{
  "image": "data\\raw\\images\\train\\F_2_6_283.jpg",
  "box": [
    1414.186767578125,
    528.4293823242188,
    1515.310791015625,
    612.2902221679688
  ],
  "class": 3,
  "confidence": 0.39088353514671326,
  "uncertainty": 0.440574128676726
}