{
  "image": "data\\raw\\images\\train\\F_2_3_500.jpg",
  "box": [
    506.0305480957031,
    641.2052001953125,
    634.646728515625,
    853.1796875
  ],
  "class": 3,
  "confidence": 0.6579620242118835,
  "uncertainty": 0.3595565009822476
}