{
  "image": "data\\raw\\images\\train\\F_2_9_1427.jpg",
  "box": [
    725.4552612304688,
    438.64752197265625,
    783.9710083007812,
    497.82098388671875
  ],
  "class": 7,
  "confidence": 0.25867366790771484,
  "uncertainty": 0.453526357902012
}