{
  "image": "data\\raw\\images\\train\\F_2_11_302.jpg",
  "box": [
    192.111328125,
    372.49658203125,
    321.07373046875,
    524.816162109375
  ],
  "class": 7,
  "confidence": 0.4519519507884979,
  "uncertainty": 0.3997631384727162
}