{
  "image": "data\\raw\\images\\train\\F_2_1_730.jpg",
  "box": [
    1484.9454345703125,
    373.427490234375,
    1644.5614013671875,
    487.59796142578125
  ],
  "class": 7,
  "confidence": 0.3885960280895233,
  "uncertainty": 0.45039081126047714
}