{
  "image": "data\\raw\\images\\train\\F_2_5_247.jpg",
  "box": [
    1338.29052734375,
    459.5135192871094,
    1726.4754638671875,
    729.5817260742188
  ],
  "class": 7,
  "confidence": 0.7710001468658447,
  "uncertainty": 0.31275215960362013
}