{
  "image": "data\\raw\\images\\train\\F_2_2_779.jpg",
  "box": [
    1523.59375,
    367.8961486816406,
    1742.064208984375,
    651.862060546875
  ],
  "class": 7,
  "confidence": 0.8692948818206787,
  "uncertainty": 0.23378607801731566
}