{
  "image": "data\\raw\\images\\train\\F_2_4_950.jpg",
  "box": [
    1555.516845703125,
    454.20172119140625,
    1656.5233154296875,
    482.0796203613281
  ],
  "class": 2,
  "confidence": 0.5648991465568542,
  "uncertainty": 0.286755549879185
}