{
  "image": "data\\raw\\images\\train\\F_2_7_858.jpg",
  "box": [
    512.9657592773438,
    414.99530029296875,
    654.4323120117188,
    566.292724609375
  ],
  "class": 2,
  "confidence": 0.7644191384315491,
  "uncertainty": 0.20724978824682183
}