{
  "image": "data\\raw\\images\\train\\F_2_11_159.jpg",
  "box": [
    729.0338745117188,
    473.62939453125,
    791.926025390625,
    530.9852294921875
  ],
  "class": 2,
  "confidence": 0.5087960362434387,
  "uncertainty": 0.29180872764883503
}