{
  "image": "data\\raw\\images\\train\\F_2_1_29.jpg",
  "box": [
    831.71923828125,
    456.808349609375,
    862.4326171875,
    499.08831787109375
  ],
  "class": 3,
  "confidence": 0.544590175151825,
  "uncertainty": 0.36707594941164784
}