{
  "image": "data\\raw\\images\\train\\F_2_5_103.jpg",
  "box": [
    630.1428833007812,
    361.6473083496094,
    1917.826904296875,
    1069.5126953125
  ],
  "class": 2,
  "confidence": 0.9404064416885376,
  "uncertainty": 0.11339334493856443
}