{
  "image": "data\\raw\\images\\train\\F_2_1_399.jpg",
  "box": [
    1697.11962890625,
    437.3185729980469,
    1919.4931640625,
    592.93701171875
  ],
  "class": 7,
  "confidence": 0.3806683123111725,
  "uncertainty": 0.48525118771931947
}