{
  "image": "data\\raw\\images\\train\\F_2_7_403.jpg",
  "box": [
    810.9252319335938,
    383.3914489746094,
    1328.34716796875,
    957.701416015625
  ],
  "class": 2,
  "confidence": 0.7905847430229187,
  "uncertainty": 0.32312598516682
}