{
  "image": "data\\raw\\images\\train\\F_2_1_149.jpg",
  "box": [
    998.39892578125,
    476.00909423828125,
    1037.154296875,
    524.6431884765625
  ],
  "class": 2,
  "confidence": 0.30687057971954346,
  "uncertainty": 0.35395236030952903
}