{
  "image": "data\\raw\\images\\train\\F_2_7_1846.jpg",
  "box": [
    81.36707305908203,
    643.4901123046875,
    237.7078399658203,
    866.7973022460938
  ],
  "class": 3,
  "confidence": 0.6714009046554565,
  "uncertainty": 0.3583084764754857
}