{
  "image": "data\\raw\\images\\train\\F_2_9_199.jpg",
  "box": [
    1469.525390625,
    492.2615661621094,
    1559.099609375,
    564.150390625
  ],
  "class": 3,
  "confidence": 0.3136116862297058,
  "uncertainty": 0.49737892639988524
}