{
  "image": "data\\raw\\images\\train\\F_2_1_620.jpg",
  "box": [
    905.3497924804688,
    366.1161804199219,
    1249.310791015625,
    693.8924560546875
  ],
  "class": 7,
  "confidence": 0.9250693917274475,
  "uncertainty": 0.2040142201099554
}