{
  "image": "data\\raw\\images\\train\\F_2_3_500.jpg",
  "box": [
    661.3463745117188,
    447.3044128417969,
    1167.9287109375,
    812.9527587890625
  ],
  "class": 2,
  "confidence": 0.9429588317871094,
  "uncertainty": 0.11815350899475352
}