{
  "image": "data\\raw\\images\\train\\F_2_2_1694.jpg",
  "box": [
    624.7398071289062,
    461.798583984375,
    669.4320068359375,
    498.61505126953125
  ],
  "class": 2,
  "confidence": 0.31632453203201294,
  "uncertainty": 0.40007416266491536
}