{
  "image": "data\\raw\\images\\train\\F_2_11_170.jpg",
  "box": [
    1165.712890625,
    21.313270568847656,
    1807.1767578125,
    779.82421875
  ],
  "class": 7,
  "confidence": 0.891112208366394,
  "uncertainty": 0.2296103343404709
}