{
  "image": "data\\raw\\images\\train\\F_2_9_83.jpg",
  "box": [
    963.9395141601562,
    528.8380737304688,
    1101.917236328125,
    703.260498046875
  ],
  "class": 3,
  "confidence": 0.7994526028633118,
  "uncertainty": 0.2600211537682193
}