{
  "image": "data\\raw\\images\\train\\F_2_1_588.jpg",
  "box": [
    539.2713623046875,
    463.7611999511719,
    596.5468139648438,
    574.2662353515625
  ],
  "class": 2,
  "confidence": 0.2804868221282959,
  "uncertainty": 0.3730856457205718
}