{
  "image": "data\\raw\\images\\train\\F_2_9_1996.jpg",
  "box": [
    1279.39892578125,
    392.6401062011719,
    1633.343017578125,
    569.9327392578125
  ],
  "class": 2,
  "confidence": 0.703856885433197,
  "uncertainty": 0.27216904395158337
}