{
  "image": "data\\raw\\images\\train\\F_2_2_1229.jpg",
  "box": [
    1000.7473754882812,
    646.5474243164062,
    1353.49560546875,
    1071.316162109375
  ],
  "class": 3,
  "confidence": 0.44982093572616577,
  "uncertainty": 0.4909016924558968
}