{
  "image": "data\\raw\\images\\train\\F_2_1_140.jpg",
  "box": [
    0.9153900146484375,
    318.26861572265625,
    217.9944305419922,
    685.5831298828125
  ],
  "class": 7,
  "confidence": 0.7441149950027466,
  "uncertainty": 0.2916040637613127
}