{
  "image": "data\\raw\\images\\train\\F_2_2_449.jpg",
  "box": [
    476.71002197265625,
    456.8053894042969,
    538.7178344726562,
    521.5870361328125
  ],
  "class": 2,
  "confidence": 0.588573694229126,
  "uncertainty": 0.24227324076639928
}