{
  "image": "data\\raw\\images\\train\\F_2_1_802.jpg",
  "box": [
    1183.345703125,
    469.080322265625,
    1254.850830078125,
    538.1489868164062
  ],
  "class": 2,
  "confidence": 0.3594980835914612,
  "uncertainty": 0.4135899743862507
}