{
  "image": "data\\raw\\images\\train\\F_2_4_254.jpg",
  "box": [
    863.4911499023438,
    484.6641540527344,
    1290.351806640625,
    847.0885620117188
  ],
  "class": 2,
  "confidence": 0.9184294939041138,
  "uncertainty": 0.13926779448799628
}