{
  "image": "data\\raw\\images\\train\\F_2_9_2417.jpg",
  "box": [
    1566.7802734375,
    461.71112060546875,
    1701.764892578125,
    593.8175048828125
  ],
  "class": 2,
  "confidence": 0.770152747631073,
  "uncertainty": 0.18140232941560802
}