{
  "image": "data\\raw\\images\\train\\F_2_7_403.jpg",
  "box": [
    1.019256591796875,
    440.684326171875,
    310.70257568359375,
    908.6788330078125
  ],
  "class": 2,
  "confidence": 0.8408398628234863,
  "uncertainty": 0.31204305694595585
}