{
  "image": "data\\raw\\images\\train\\F_2_1_960.jpg",
  "box": [
    1341.8104248046875,
    457.04754638671875,
    1402.8760986328125,
    544.143310546875
  ],
  "class": 3,
  "confidence": 0.7351255416870117,
  "uncertainty": 0.3075397681654699
}