{
  "image": "data\\raw\\images\\train\\F_2_6_1625.jpg",
  "box": [
    0.412811279296875,
    620.30322265625,
    104.03512573242188,
    935.5728759765625
  ],
  "class": 3,
  "confidence": 0.7904748916625977,
  "uncertainty": 0.330566640123469
}