{
  "image": "data\\raw\\images\\train\\F_2_7_707.jpg",
  "box": [
    0.6620635986328125,
    399.2375793457031,
    79.62876892089844,
    516.0345458984375
  ],
  "class": 2,
  "confidence": 0.6340756416320801,
  "uncertainty": 0.3104958671177722
}