{
  "image": "data\\raw\\images\\train\\F_2_2_1466.jpg",
  "box": [
    1.7546882629394531,
    441.3065185546875,
    159.80825805664062,
    622.5975952148438
  ],
  "class": 7,
  "confidence": 0.5697219967842102,
  "uncertainty": 0.34137499381639197
}