{
  "image": "data\\raw\\images\\train\\F_2_2_1011.jpg",
  "box": [
    330.5598449707031,
    457.4409484863281,
    503.6788330078125,
    592.8927612304688
  ],
  "class": 2,
  "confidence": 0.8118540644645691,
  "uncertainty": 0.1664944952793307
}