{
  "image": "data\\raw\\images\\train\\F_2_8_986.jpg",
  "box": [
    290.90728759765625,
    555.2207641601562,
    536.233642578125,
    967.985595703125
  ],
  "class": 3,
  "confidence": 0.442295104265213,
  "uncertainty": 0.40696822456819043
}