{
  "image": "data\\raw\\images\\train\\F_2_9_552.jpg",
  "box": [
    1514.1856689453125,
    503.0872802734375,
    1722.93896484375,
    639.47705078125
  ],
  "class": 3,
  "confidence": 0.8199654221534729,
  "uncertainty": 0.3374665972096795
}