{
  "image": "data\\raw\\images\\train\\F_2_1_700.jpg",
  "box": [
    1737.29296875,
    588.2532958984375,
    1829.225830078125,
    724.1734619140625
  ],
  "class": 3,
  "confidence": 0.7779223918914795,
  "uncertainty": 0.31158528388788664
}