{
  "image": "data\\raw\\images\\train\\F_2_7_88.jpg",
  "box": [
    760.6270751953125,
    435.8173828125,
    868.2350463867188,
    603.5150756835938
  ],
  "class": 2,
  "confidence": 0.7097267508506775,
  "uncertainty": 0.22603309859713783
}