{
  "image": "data\\raw\\images\\train\\F_2_2_1557.jpg",
  "box": [
    1040.585205078125,
    469.6884765625,
    1918.5963134765625,
    1068.56640625
  ],
  "class": 2,
  "confidence": 0.9325962066650391,
  "uncertainty": 0.1271016777494376
}