{
  "image": "data\\raw\\images\\train\\F_2_6_107.jpg",
  "box": [
    882.5993041992188,
    386.4531555175781,
    1212.996337890625,
    794.7652587890625
  ],
  "class": 7,
  "confidence": 0.625973641872406,
  "uncertainty": 0.3409803955115042
}