{
  "image": "data\\raw\\images\\train\\F_2_9_1996.jpg",
  "box": [
    1040.95068359375,
    406.543212890625,
    1121.40478515625,
    489.0728759765625
  ],
  "class": 3,
  "confidence": 0.2878229320049286,
  "uncertainty": 0.49329147523213307
}