{
  "image": "data\\raw\\images\\train\\F_2_10_43.jpg",
  "box": [
    791.608154296875,
    592.3533935546875,
    875.4700927734375,
    721.737060546875
  ],
  "class": 3,
  "confidence": 0.7563937306404114,
  "uncertainty": 0.32734434814801433
}