{
  "image": "data\\raw\\images\\train\\F_2_11_170.jpg",
  "box": [
    1097.205810546875,
    268.4608154296875,
    1198.7940673828125,
    602.0858154296875
  ],
  "class": 7,
  "confidence": 0.73508620262146,
  "uncertainty": 0.3284272831593333
}