{
  "image": "data\\raw\\images\\train\\F_2_2_759.jpg",
  "box": [
    1652.1514892578125,
    490.06427001953125,
    1732.8094482421875,
    560.181396484375
  ],
  "class": 2,
  "confidence": 0.758874773979187,
  "uncertainty": 0.17571544933291228
}