{
  "image": "data\\raw\\images\\train\\F_2_7_443.jpg",
  "box": [
    1.0848541259765625,
    409.65948486328125,
    374.44329833984375,
    1069.04052734375
  ],
  "class": 2,
  "confidence": 0.9066510200500488,
  "uncertainty": 0.1515072880384674
}