{
  "image": "data\\raw\\images\\train\\F_2_1_372.jpg",
  "box": [
    1729.2550048828125,
    531.1529541015625,
    1789.7303466796875,
    606.03759765625
  ],
  "class": 3,
  "confidence": 0.6745755672454834,
  "uncertainty": 0.3481980076364379
}