{
  "image": "data\\raw\\images\\train\\F_2_2_939.jpg",
  "box": [
    338.0272216796875,
    694.4568481445312,
    498.77978515625,
    912.52294921875
  ],
  "class": 3,
  "confidence": 0.77543044090271,
  "uncertainty": 0.3043026393511311
}