{
  "image": "data\\raw\\images\\train\\F_2_1_1131.jpg",
  "box": [
    1495.885009765625,
    448.7231140136719,
    1527.6800537109375,
    490.2560119628906
  ],
  "class": 3,
  "confidence": 0.3652762174606323,
  "uncertainty": 0.4445070934088448
}