{
  "image": "data\\raw\\images\\train\\F_2_2_182.jpg",
  "box": [
    425.1101989746094,
    412.5865173339844,
    1003.645263671875,
    1068.0504150390625
  ],
  "class": 7,
  "confidence": 0.7125375866889954,
  "uncertainty": 0.2914075599320912
}