{
  "image": "data\\raw\\images\\train\\F_2_7_1260.jpg",
  "box": [
    656.6420288085938,
    421.0068054199219,
    689.8090209960938,
    468.0936584472656
  ],
  "class": 3,
  "confidence": 0.2701737582683563,
  "uncertainty": 0.45821520434157903
}