{
  "image": "data\\raw\\images\\train\\F_2_2_745.jpg",
  "box": [
    1532.03515625,
    389.0477294921875,
    1739.3470458984375,
    561.2094116210938
  ],
  "class": 7,
  "confidence": 0.3121299743652344,
  "uncertainty": 0.4777015617254988
}