{
  "image": "data\\raw\\images\\train\\F_2_8_930.jpg",
  "box": [
    1046.48779296875,
    425.49041748046875,
    1196.4267578125,
    616.6085815429688
  ],
  "class": 7,
  "confidence": 0.6624655723571777,
  "uncertainty": 0.3358646134776762
}