{
  "image": "data\\raw\\images\\train\\F_2_1_325.jpg",
  "box": [
    1193.4420166015625,
    430.49200439453125,
    1254.9046630859375,
    486.24053955078125
  ],
  "class": 7,
  "confidence": 0.48856958746910095,
  "uncertainty": 0.40411738697148675
}