{
  "image": "data\\raw\\images\\train\\F_2_2_1045.jpg",
  "box": [
    690.789306640625,
    449.5289306640625,
    846.4151611328125,
    614.3238525390625
  ],
  "class": 2,
  "confidence": 0.7157244086265564,
  "uncertainty": 0.2857856711003443
}