{
  "image": "data\\raw\\images\\train\\F_2_6_554.jpg",
  "box": [
    29.97700309753418,
    439.8826904296875,
    212.53219604492188,
    625.8900146484375
  ],
  "class": 2,
  "confidence": 0.5058714747428894,
  "uncertainty": 0.31712138668468154
}