{
  "image": "data\\raw\\images\\train\\F_2_6_107.jpg",
  "box": [
    0.2665901184082031,
    623.376953125,
    163.68844604492188,
    948.90478515625
  ],
  "class": 3,
  "confidence": 0.5471604466438293,
  "uncertainty": 0.3765662201598462
}