{
  "image": "data\\raw\\images\\train\\F_2_7_2347.jpg",
  "box": [
    187.65904235839844,
    503.42047119140625,
    320.1343688964844,
    660.1400756835938
  ],
  "class": 2,
  "confidence": 0.4688331186771393,
  "uncertainty": 0.33632754586996766
}