{
  "image": "data\\raw\\images\\train\\F_2_6_859.jpg",
  "box": [
    315.9053955078125,
    484.9398193359375,
    419.86322021484375,
    638.5980834960938
  ],
  "class": 3,
  "confidence": 0.43849730491638184,
  "uncertainty": 0.43526553138554874
}