{
  "image": "data\\raw\\images\\train\\F_2_2_1426.jpg",
  "box": [
    1051.70654296875,
    537.8186645507812,
    1119.75,
    635.5015869140625
  ],
  "class": 3,
  "confidence": 0.7363845109939575,
  "uncertainty": 0.28277674228000166
}