{
  "image": "data\\raw\\images\\train\\F_2_2_823.jpg",
  "box": [
    564.7337036132812,
    563.5491943359375,
    665.8240966796875,
    694.1713256835938
  ],
  "class": 3,
  "confidence": 0.8060539960861206,
  "uncertainty": 0.2806414487859115
}