{
  "image": "data\\raw\\images\\train\\F_2_7_1726.jpg",
  "box": [
    1150.544677734375,
    524.096923828125,
    1670.2657470703125,
    918.9091186523438
  ],
  "class": 2,
  "confidence": 0.9356033802032471,
  "uncertainty": 0.12457587523547345
}