{
  "image": "data\\raw\\images\\train\\F_2_8_754.jpg",
  "box": [
    466.5746154785156,
    453.4757080078125,
    819.4678955078125,
    683.5277709960938
  ],
  "class": 2,
  "confidence": 0.9088041186332703,
  "uncertainty": 0.1306588429693453
}