{
  "image": "data\\raw\\images\\train\\F_2_5_281.jpg",
  "box": [
    849.9113159179688,
    513.8847045898438,
    896.3717651367188,
    573.7971801757812
  ],
  "class": 3,
  "confidence": 0.5264946818351746,
  "uncertainty": 0.3747741228683662
}