{
  "image": "data\\raw\\images\\train\\F_2_2_1011.jpg",
  "box": [
    597.7193603515625,
    440.4048156738281,
    687.4117431640625,
    553.052978515625
  ],
  "class": 2,
  "confidence": 0.35852062702178955,
  "uncertainty": 0.41025855944177503
}