{
  "image": "data\\raw\\images\\train\\F_2_9_583.jpg",
  "box": [
    47.39973449707031,
    441.1358642578125,
    271.1872253417969,
    654.925048828125
  ],
  "class": 2,
  "confidence": 0.8476772308349609,
  "uncertainty": 0.17251833101798308
}