{
  "image": "data\\raw\\images\\train\\F_2_1_1066.jpg",
  "box": [
    641.90283203125,
    537.6173095703125,
    684.79931640625,
    595.8917236328125
  ],
  "class": 3,
  "confidence": 0.6732881665229797,
  "uncertainty": 0.3105290848471709
}