{
  "image": "data\\raw\\images\\train\\F_2_2_91.jpg",
  "box": [
    122.06847381591797,
    471.3717041015625,
    224.41427612304688,
    580.2681884765625
  ],
  "class": 2,
  "confidence": 0.7636759281158447,
  "uncertainty": 0.17732009370050786
}