{
  "image": "data\\raw\\images\\train\\F_2_1_341.jpg",
  "box": [
    1439.8828125,
    384.2405090332031,
    1572.60205078125,
    519.092041015625
  ],
  "class": 7,
  "confidence": 0.4473058879375458,
  "uncertainty": 0.39753986730050284
}