{
  "image": "data\\raw\\images\\train\\F_2_1_940.jpg",
  "box": [
    37.21937942504883,
    589.51513671875,
    147.1212158203125,
    737.361572265625
  ],
  "class": 3,
  "confidence": 0.78369140625,
  "uncertainty": 0.3144565431356393
}