{
  "image": "data\\raw\\images\\train\\F_2_9_3002.jpg",
  "box": [
    83.81422424316406,
    461.11468505859375,
    310.68768310546875,
    654.5231323242188
  ],
  "class": 2,
  "confidence": 0.7008454203605652,
  "uncertainty": 0.2944786317027908
}