{
  "image": "data\\raw\\images\\train\\F_2_2_1089.jpg",
  "box": [
    12.409355163574219,
    446.79949951171875,
    291.07855224609375,
    745.2003173828125
  ],
  "class": 5,
  "confidence": 0.6599063873291016,
  "uncertainty": 0.34849132448060854
}