{
  "image": "data\\raw\\images\\train\\F_2_7_2277.jpg",
  "box": [
    208.47047424316406,
    570.5657348632812,
    235.5219268798828,
    669.5684814453125
  ],
  "class": 3,
  "confidence": 0.37882545590400696,
  "uncertainty": 0.4984506657080488
}