{
  "image": "data\\raw\\images\\train\\F_2_6_1624.jpg",
  "box": [
    1734.0084228515625,
    438.0826416015625,
    1799.748779296875,
    511.47882080078125
  ],
  "class": 2,
  "confidence": 0.3885819613933563,
  "uncertainty": 0.3974105836562337
}