{
  "image": "data\\raw\\images\\train\\F_2_8_831.jpg",
  "box": [
    342.9549560546875,
    622.841796875,
    523.7872314453125,
    873.3681640625
  ],
  "class": 3,
  "confidence": 0.8178409934043884,
  "uncertainty": 0.33728527857397866
}