{
  "image": "data\\raw\\images\\train\\F_2_1_803.jpg",
  "box": [
    878.382568359375,
    461.5754699707031,
    950.4759521484375,
    571.93115234375
  ],
  "class": 2,
  "confidence": 0.5327575206756592,
  "uncertainty": 0.32648609317774574
}