{
  "image": "data\\raw\\images\\train\\F_2_1_782.jpg",
  "box": [
    1316.231201171875,
    461.0733642578125,
    1357.965576171875,
    511.10589599609375
  ],
  "class": 2,
  "confidence": 0.34496065974235535,
  "uncertainty": 0.33832132182546537
}