{
  "image": "data\\raw\\images\\train\\F_2_1_561.jpg",
  "box": [
    1394.0482177734375,
    492.9166259765625,
    1443.343505859375,
    596.7088623046875
  ],
  "class": 7,
  "confidence": 0.284883052110672,
  "uncertainty": 0.49690800575632915
}