{
  "image": "data\\raw\\images\\train\\F_2_7_1278.jpg",
  "box": [
    805.7413330078125,
    333.039306640625,
    851.0496826171875,
    393.90093994140625
  ],
  "class": 7,
  "confidence": 0.47077932953834534,
  "uncertainty": 0.37782888106842577
}