{
  "image": "data\\raw\\images\\train\\F_2_9_433.jpg",
  "box": [
    0.8234710693359375,
    422.457275390625,
    695.5147705078125,
    1060.763671875
  ],
  "class": 2,
  "confidence": 0.9496236443519592,
  "uncertainty": 0.1469268917159277
}