{
  "image": "data\\raw\\images\\train\\F_2_9_2876.jpg",
  "box": [
    1195.128662109375,
    341.2238464355469,
    1366.4124755859375,
    479.91778564453125
  ],
  "class": 7,
  "confidence": 0.3364524245262146,
  "uncertainty": 0.49158792043368205
}