{
  "image": "data\\raw\\images\\train\\F_2_9_2322.jpg",
  "box": [
    0.40036582946777344,
    386.9574279785156,
    79.23729705810547,
    706.475830078125
  ],
  "class": 7,
  "confidence": 0.42989420890808105,
  "uncertainty": 0.4243023593890263
}