{
  "image": "data\\raw\\images\\train\\F_2_2_823.jpg",
  "box": [
    674.2694091796875,
    487.232666015625,
    723.0144653320312,
    550.833984375
  ],
  "class": 3,
  "confidence": 0.33642685413360596,
  "uncertainty": 0.4685257536457684
}