{
  "image": "data\\raw\\images\\train\\F_2_1_354.jpg",
  "box": [
    1818.93896484375,
    505.8556823730469,
    1918.940185546875,
    861.0938720703125
  ],
  "class": 2,
  "confidence": 0.8704655766487122,
  "uncertainty": 0.1886248561953658
}