{
  "image": "data\\raw\\images\\train\\F_2_4_207.jpg",
  "box": [
    0.768218994140625,
    239.94314575195312,
    418.8507385253906,
    648.5048828125
  ],
  "class": 5,
  "confidence": 0.8804408311843872,
  "uncertainty": 0.29416232228886685
}