{
  "image": "data\\raw\\images\\train\\F_2_2_1316.jpg",
  "box": [
    1326.670166015625,
    411.17425537109375,
    1437.7862548828125,
    533.0968627929688
  ],
  "class": 2,
  "confidence": 0.5913580060005188,
  "uncertainty": 0.3073324115144718
}