{
  "image": "data\\raw\\images\\train\\F_2_2_1316.jpg",
  "box": [
    426.3104553222656,
    368.63031005859375,
    575.8992919921875,
    534.1895141601562
  ],
  "class": 5,
  "confidence": 0.4910567104816437,
  "uncertainty": 0.44571881914122874
}