{
  "image": "data\\raw\\images\\train\\F_2_2_1086.jpg",
  "box": [
    686.8840942382812,
    429.27362060546875,
    778.9421997070312,
    474.0023193359375
  ],
  "class": 2,
  "confidence": 0.2950926125049591,
  "uncertainty": 0.38824280122996685
}