{
  "image": "data\\raw\\images\\train\\F_2_2_908.jpg",
  "box": [
    275.10504150390625,
    568.187255859375,
    330.9154357910156,
    645.6080932617188
  ],
  "class": 3,
  "confidence": 0.6123126149177551,
  "uncertainty": 0.35810730738197377
}