{
  "image": "data\\raw\\images\\train\\F_2_6_925.jpg",
  "box": [
    605.1817016601562,
    412.86712646484375,
    905.5377197265625,
    781.3529663085938
  ],
  "class": 2,
  "confidence": 0.5166247487068176,
  "uncertainty": 0.283174957376724
}