{
  "image": "data\\raw\\images\\train\\F_2_6_1609.jpg",
  "box": [
    0.650299072265625,
    408.56854248046875,
    226.9932403564453,
    811.7960205078125
  ],
  "class": 7,
  "confidence": 0.8071149587631226,
  "uncertainty": 0.24794150907421236
}