{
  "image": "data\\raw\\images\\train\\F_2_8_900.jpg",
  "box": [
    1054.775634765625,
    411.0436706542969,
    1209.366455078125,
    544.9619750976562
  ],
  "class": 2,
  "confidence": 0.7801363468170166,
  "uncertainty": 0.1792851948271102
}