{
  "image": "data\\raw\\images\\train\\F_2_1_411.jpg",
  "box": [
    1485.9658203125,
    463.06866455078125,
    1593.848388671875,
    577.5567016601562
  ],
  "class": 7,
  "confidence": 0.715253472328186,
  "uncertainty": 0.2964066862824513
}