{
  "image": "data\\raw\\images\\train\\F_2_2_1277.jpg",
  "box": [
    521.8716430664062,
    439.6007080078125,
    795.5826416015625,
    792.645263671875
  ],
  "class": 7,
  "confidence": 0.7564224004745483,
  "uncertainty": 0.27427912134243365
}