{
  "image": "data\\raw\\images\\train\\F_2_7_192.jpg",
  "box": [
    1400.739990234375,
    663.2295532226562,
    1720.7947998046875,
    1072.2132568359375
  ],
  "class": 3,
  "confidence": 0.6930769085884094,
  "uncertainty": 0.3607311364551447
}