{
  "image": "data\\raw\\images\\train\\F_2_2_420.jpg",
  "box": [
    86.94374084472656,
    472.6650390625,
    181.02178955078125,
    546.9193115234375
  ],
  "class": 2,
  "confidence": 0.7530674934387207,
  "uncertainty": 0.19256025312832598
}