{
  "image": "data\\raw\\images\\train\\F_2_6_985.jpg",
  "box": [
    1659.1746826171875,
    816.03369140625,
    1918.972412109375,
    1072.282470703125
  ],
  "class": 3,
  "confidence": 0.4183548092842102,
  "uncertainty": 0.4102582333603387
}