{
  "image": "data\\raw\\images\\train\\F_2_8_1947.jpg",
  "box": [
    825.6696166992188,
    380.77294921875,
    1332.819091796875,
    841.9191284179688
  ],
  "class": 2,
  "confidence": 0.5366567969322205,
  "uncertainty": 0.3327947349408866
}