{
  "image": "data\\raw\\images\\train\\F_2_1_810.jpg",
  "box": [
    735.5050659179688,
    466.5821228027344,
    877.5289306640625,
    608.180908203125
  ],
  "class": 2,
  "confidence": 0.7358843684196472,
  "uncertainty": 0.20572545439099624
}