{
  "image": "data\\raw\\images\\train\\F_2_7_142.jpg",
  "box": [
    2.689058303833008,
    434.720947265625,
    88.35366821289062,
    639.6666870117188
  ],
  "class": 2,
  "confidence": 0.2761440575122833,
  "uncertainty": 0.43215810460368087
}