{
  "image": "data\\raw\\images\\train\\F_2_1_313.jpg",
  "box": [
    1159.8887939453125,
    471.05963134765625,
    1192.88134765625,
    502.96514892578125
  ],
  "class": 2,
  "confidence": 0.28860747814178467,
  "uncertainty": 0.35730691913590257
}