{
  "image": "data\\raw\\images\\train\\F_2_3_167.jpg",
  "box": [
    0.8830833435058594,
    772.6063842773438,
    150.98858642578125,
    1074.85205078125
  ],
  "class": 3,
  "confidence": 0.6596559286117554,
  "uncertainty": 0.3631146204623514
}