{
  "image": "data\\raw\\images\\train\\F_2_4_794.jpg",
  "box": [
    483.1541748046875,
    491.9755554199219,
    751.3291625976562,
    696.867919921875
  ],
  "class": 2,
  "confidence": 0.9148240089416504,
  "uncertainty": 0.13299555925463658
}