{
  "image": "data\\raw\\images\\train\\F_2_2_857.jpg",
  "box": [
    1037.508544921875,
    404.4960021972656,
    1218.3017578125,
    633.35546875
  ],
  "class": 7,
  "confidence": 0.4508856236934662,
  "uncertainty": 0.41050446907365484
}