{
  "image": "data\\raw\\images\\train\\F_2_2_975.jpg",
  "box": [
    1087.6048583984375,
    479.0218505859375,
    1145.6287841796875,
    548.0350341796875
  ],
  "class": 2,
  "confidence": 0.41675814986228943,
  "uncertainty": 0.3452683481394479
}