{
  "image": "data\\raw\\images\\train\\F_2_5_195.jpg",
  "box": [
    1034.8895263671875,
    391.4058837890625,
    1140.203125,
    550.3260498046875
  ],
  "class": 7,
  "confidence": 0.5688050985336304,
  "uncertainty": 0.34658778964187464
}