{
  "image": "data\\raw\\images\\train\\F_2_2_961.jpg",
  "box": [
    636.0687255859375,
    484.2886962890625,
    830.7950439453125,
    667.988525390625
  ],
  "class": 2,
  "confidence": 0.4079934060573578,
  "uncertainty": 0.3294521489296944
}