{
  "image": "data\\raw\\images\\train\\F_2_2_485.jpg",
  "box": [
    296.33819580078125,
    575.3382568359375,
    403.8890380859375,
    696.392578125
  ],
  "class": 3,
  "confidence": 0.6119179129600525,
  "uncertainty": 0.3622937733193516
}