{
  "image": "data\\raw\\images\\train\\F_2_7_435.jpg",
  "box": [
    943.48095703125,
    368.58673095703125,
    1655.40625,
    1062.91943359375
  ],
  "class": 2,
  "confidence": 0.9253862500190735,
  "uncertainty": 0.17921228246747556
}