{
  "image": "data\\raw\\images\\train\\F_2_1_328.jpg",
  "box": [
    1222.30419921875,
    491.23175048828125,
    1276.354736328125,
    557.8919067382812
  ],
  "class": 2,
  "confidence": 0.4912680983543396,
  "uncertainty": 0.2934776252322828
}