{
  "image": "data\\raw\\images\\train\\F_2_7_2333.jpg",
  "box": [
    0.8491973876953125,
    410.841796875,
    274.0736083984375,
    1024.046630859375
  ],
  "class": 2,
  "confidence": 0.8794512748718262,
  "uncertainty": 0.1663947071898355
}