{
  "image": "data\\raw\\images\\train\\F_2_11_164.jpg",
  "box": [
    651.902099609375,
    457.721923828125,
    740.2999267578125,
    564.166259765625
  ],
  "class": 7,
  "confidence": 0.42433837056159973,
  "uncertainty": 0.4058507305072409
}