{
  "image": "data\\raw\\images\\train\\F_2_1_377.jpg",
  "box": [
    105.4764404296875,
    290.14117431640625,
    336.918212890625,
    481.2994384765625
  ],
  "class": 5,
  "confidence": 0.9083382487297058,
  "uncertainty": 0.1853221462827464
}