{
  "image": "data\\raw\\images\\train\\F_2_2_1550.jpg",
  "box": [
    409.92388916015625,
    460.98284912109375,
    587.9884643554688,
    688.5654296875
  ],
  "class": 2,
  "confidence": 0.7914127111434937,
  "uncertainty": 0.24468624696705119
}