{
  "image": "data\\raw\\images\\train\\F_2_6_1794.jpg",
  "box": [
    1297.9951171875,
    464.9664001464844,
    1508.9227294921875,
    741.8665771484375
  ],
  "class": 5,
  "confidence": 0.45127761363983154,
  "uncertainty": 0.4932780060706843
}