{
  "image": "data\\raw\\images\\train\\F_2_7_2147.jpg",
  "box": [
    191.0885009765625,
    423.3774719238281,
    774.89404296875,
    891.2781372070312
  ],
  "class": 2,
  "confidence": 0.9374802708625793,
  "uncertainty": 0.1374669981110884
}