{
  "image": "data\\raw\\images\\train\\F_2_5_37.jpg",
  "box": [
    1186.3221435546875,
    463.7743835449219,
    1217.5709228515625,
    517.2991943359375
  ],
  "class": 3,
  "confidence": 0.5257980227470398,
  "uncertainty": 0.39577940525477606
}