{
  "image": "data\\raw\\images\\train\\F_2_7_42.jpg",
  "box": [
    1601.306396484375,
    502.6106872558594,
    1674.2607421875,
    555.68359375
  ],
  "class": 2,
  "confidence": 0.5022025108337402,
  "uncertainty": 0.2960393408415471
}