{
  "image": "data\\raw\\images\\train\\F_2_1_890.jpg",
  "box": [
    843.123779296875,
    483.21612548828125,
    876.3592529296875,
    522.7753295898438
  ],
  "class": 3,
  "confidence": 0.440462201833725,
  "uncertainty": 0.40631519836737723
}