{
  "image": "data\\raw\\images\\train\\F_2_8_1931.jpg",
  "box": [
    471.32080078125,
    393.3906555175781,
    571.2658081054688,
    502.8148498535156
  ],
  "class": 7,
  "confidence": 0.42716237902641296,
  "uncertainty": 0.45520749225747514
}