{
  "image": "data\\raw\\images\\train\\F_2_1_730.jpg",
  "box": [
    1139.6710205078125,
    446.56158447265625,
    1186.9443359375,
    526.8101196289062
  ],
  "class": 2,
  "confidence": 0.32577815651893616,
  "uncertainty": 0.4327568638490464
}