{
  "image": "data\\raw\\images\\train\\F_2_11_168.jpg",
  "box": [
    0.9503631591796875,
    434.6787414550781,
    494.22711181640625,
    861.56591796875
  ],
  "class": 2,
  "confidence": 0.9358319640159607,
  "uncertainty": 0.11639740024370115
}