{
  "image": "data\\raw\\images\\train\\F_2_1_454.jpg",
  "box": [
    753.646728515625,
    498.965576171875,
    812.31005859375,
    592.6217041015625
  ],
  "class": 3,
  "confidence": 0.5892033576965332,
  "uncertainty": 0.3841310976007938
}