{
  "image": "data\\raw\\images\\train\\F_2_2_745.jpg",
  "box": [
    1629.8206787109375,
    492.48541259765625,
    1702.8109130859375,
    573.013916015625
  ],
  "class": 2,
  "confidence": 0.280123770236969,
  "uncertainty": 0.40377136789936857
}