{
  "image": "data\\raw\\images\\train\\F_2_2_1284.jpg",
  "box": [
    969.9246826171875,
    457.41644287109375,
    1254.1248779296875,
    675.9909057617188
  ],
  "class": 2,
  "confidence": 0.9152974486351013,
  "uncertainty": 0.12275266523044448
}