{
  "image": "data\\raw\\images\\train\\F_2_3_347.jpg",
  "box": [
    219.64938354492188,
    380.8282470703125,
    487.47607421875,
    692.4812622070312
  ],
  "class": 7,
  "confidence": 0.8988081812858582,
  "uncertainty": 0.22393545369931972
}