{
  "image": "data\\raw\\images\\train\\F_2_1_897.jpg",
  "box": [
    1329.731689453125,
    472.08929443359375,
    1351.049072265625,
    510.8624267578125
  ],
  "class": 3,
  "confidence": 0.4088740944862366,
  "uncertainty": 0.41184433808987053
}