{
  "image": "data\\raw\\images\\train\\F_2_11_159.jpg",
  "box": [
    1645.6475830078125,
    496.7743835449219,
    1697.4949951171875,
    573.5318603515625
  ],
  "class": 2,
  "confidence": 0.36891424655914307,
  "uncertainty": 0.3618152139279423
}