{
  "image": "data\\raw\\images\\train\\F_2_7_1816.jpg",
  "box": [
    240.3350372314453,
    640.8400268554688,
    420.8896484375,
    899.6969604492188
  ],
  "class": 3,
  "confidence": 0.6157789826393127,
  "uncertainty": 0.38661373149931627
}