{
  "image": "data\\raw\\images\\train\\F_2_10_43.jpg",
  "box": [
    721.2845458984375,
    531.0518188476562,
    760.2401123046875,
    590.4979248046875
  ],
  "class": 3,
  "confidence": 0.6107688546180725,
  "uncertainty": 0.3488518315238625
}