{
  "image": "data\\raw\\images\\train\\F_2_4_42.jpg",
  "box": [
    213.76670837402344,
    495.0986328125,
    286.2181396484375,
    614.1890869140625
  ],
  "class": 3,
  "confidence": 0.6843274831771851,
  "uncertainty": 0.3412033155358329
}