{
  "image": "data\\raw\\images\\train\\F_2_2_179.jpg",
  "box": [
    1.5079193115234375,
    225.35650634765625,
    708.3925170898438,
    745.1141357421875
  ],
  "class": 5,
  "confidence": 0.9353089332580566,
  "uncertainty": 0.25658963234201887
}