{
  "image": "data\\raw\\images\\train\\F_2_6_66.jpg",
  "box": [
    558.6480712890625,
    367.3384094238281,
    805.005126953125,
    630.9197387695312
  ],
  "class": 7,
  "confidence": 0.7186458706855774,
  "uncertainty": 0.39276059526832907
}