{
  "image": "data\\raw\\images\\train\\F_2_6_1388.jpg",
  "box": [
    1170.876220703125,
    388.7231140136719,
    1919.1617431640625,
    1067.8958740234375
  ],
  "class": 2,
  "confidence": 0.9573492407798767,
  "uncertainty": 0.05329981297867283
}