{
  "image": "data\\raw\\images\\train\\F_2_1_902.jpg",
  "box": [
    1414.086669921875,
    473.68560791015625,
    1458.546875,
    505.00543212890625
  ],
  "class": 2,
  "confidence": 0.5725547075271606,
  "uncertainty": 0.24991263647731998
}