{
  "image": "data\\raw\\images\\train\\F_2_11_168.jpg",
  "box": [
    1093.0653076171875,
    203.41409301757812,
    1464.98291015625,
    643.2879638671875
  ],
  "class": 7,
  "confidence": 0.8034294247627258,
  "uncertainty": 0.25719090292583924
}