{
  "image": "data\\raw\\images\\train\\F_2_3_203.jpg",
  "box": [
    1183.4271240234375,
    336.47161865234375,
    1350.2471923828125,
    538.0277099609375
  ],
  "class": 7,
  "confidence": 0.7613129615783691,
  "uncertainty": 0.35497888607903355
}