{
  "image": "data\\raw\\images\\train\\F_2_7_1997.jpg",
  "box": [
    1007.2999877929688,
    691.2304077148438,
    1227.211181640625,
    999.829833984375
  ],
  "class": 3,
  "confidence": 0.7892723679542542,
  "uncertainty": 0.26900155826890204
}