{
  "image": "data\\raw\\images\\train\\F_2_1_829.jpg",
  "box": [
    1380.967041015625,
    498.9873046875,
    1423.4609375,
    571.760986328125
  ],
  "class": 3,
  "confidence": 0.5266542434692383,
  "uncertainty": 0.3828014313070657
}