{
  "image": "data\\raw\\images\\train\\F_2_4_42.jpg",
  "box": [
    985.0045166015625,
    405.57220458984375,
    1089.8536376953125,
    531.5811767578125
  ],
  "class": 2,
  "confidence": 0.553850531578064,
  "uncertainty": 0.26438347706007603
}