{
  "image": "data\\raw\\images\\train\\F_2_2_1688.jpg",
  "box": [
    1332.8857421875,
    497.779541015625,
    1397.2568359375,
    587.7072143554688
  ],
  "class": 3,
  "confidence": 0.7053844332695007,
  "uncertainty": 0.3130698977225341
}