{
  "image": "data\\raw\\images\\train\\F_2_1_657.jpg",
  "box": [
    225.39431762695312,
    551.3677368164062,
    324.3207092285156,
    697.4899291992188
  ],
  "class": 3,
  "confidence": 0.7015653252601624,
  "uncertainty": 0.3170322572887065
}