{
  "image": "data\\raw\\images\\train\\F_2_11_344.jpg",
  "box": [
    671.0724487304688,
    510.0418395996094,
    713.8674926757812,
    574.638671875
  ],
  "class": 3,
  "confidence": 0.6119281053543091,
  "uncertainty": 0.3590061961272148
}