{
  "image": "data\\raw\\images\\train\\F_2_8_807.jpg",
  "box": [
    1753.51513671875,
    517.1011962890625,
    1881.014404296875,
    678.0587768554688
  ],
  "class": 3,
  "confidence": 0.745101809501648,
  "uncertainty": 0.3591189312003386
}