{
  "image": "data\\raw\\images\\train\\F_2_6_1498.jpg",
  "box": [
    1121.837890625,
    684.3480224609375,
    1298.88671875,
    962.411376953125
  ],
  "class": 3,
  "confidence": 0.8635651469230652,
  "uncertainty": 0.25628286152578633
}