{
  "image": "data\\raw\\images\\train\\F_2_3_652.jpg",
  "box": [
    1308.650634765625,
    449.1622009277344,
    1428.2967529296875,
    549.445556640625
  ],
  "class": 2,
  "confidence": 0.874417781829834,
  "uncertainty": 0.13144143886861237
}