{
  "image": "data\\raw\\images\\train\\F_2_8_983.jpg",
  "box": [
    1700.715087890625,
    370.94512939453125,
    1919.422119140625,
    584.83447265625
  ],
  "class": 2,
  "confidence": 0.8214561343193054,
  "uncertainty": 0.29988382211996606
}