{
  "image": "data\\raw\\images\\train\\F_2_1_561.jpg",
  "box": [
    0.0,
    515.4524536132812,
    256.6954345703125,
    652.7049560546875
  ],
  "class": 2,
  "confidence": 0.8922507762908936,
  "uncertainty": 0.1284132804618323
}