{
  "image": "data\\raw\\images\\train\\F_2_9_2886.jpg",
  "box": [
    86.84667205810547,
    678.6600952148438,
    294.438232421875,
    1034.4151611328125
  ],
  "class": 3,
  "confidence": 0.6884428262710571,
  "uncertainty": 0.34603900466823195
}