{
  "image": "data\\raw\\images\\train\\F_2_8_956.jpg",
  "box": [
    1696.0491943359375,
    419.82421875,
    1855.8197021484375,
    563.9696044921875
  ],
  "class": 2,
  "confidence": 0.6265810132026672,
  "uncertainty": 0.2379187470186317
}