{
  "image": "data\\raw\\images\\train\\F_2_7_483.jpg",
  "box": [
    456.2795104980469,
    403.5530090332031,
    621.40576171875,
    463.4369201660156
  ],
  "class": 2,
  "confidence": 0.42792078852653503,
  "uncertainty": 0.334114093915532
}