{
  "image": "data\\raw\\images\\train\\F_2_9_350.jpg",
  "box": [
    412.6676025390625,
    343.1436767578125,
    507.86932373046875,
    402.9602966308594
  ],
  "class": 2,
  "confidence": 0.47154900431632996,
  "uncertainty": 0.3680891857290383
}