{
  "image": "data\\raw\\images\\train\\F_2_2_197.jpg",
  "box": [
    1773.9766845703125,
    578.5022583007812,
    1856.625,
    691.0880737304688
  ],
  "class": 3,
  "confidence": 0.7877180576324463,
  "uncertainty": 0.30087774549332813
}