{
  "image": "data\\raw\\images\\train\\F_2_9_2195.jpg",
  "box": [
    665.2391967773438,
    365.4520568847656,
    1042.74169921875,
    764.7035522460938
  ],
  "class": 7,
  "confidence": 0.7766902446746826,
  "uncertainty": 0.35015083569734373
}