{
  "image": "data\\raw\\images\\train\\F_2_2_1680.jpg",
  "box": [
    1063.98291015625,
    462.89337158203125,
    1387.92529296875,
    733.0391235351562
  ],
  "class": 2,
  "confidence": 0.9136481285095215,
  "uncertainty": 0.1424152598808705
}