{
  "image": "data\\raw\\images\\train\\F_2_7_813.jpg",
  "box": [
    727.0918579101562,
    347.642822265625,
    806.0277099609375,
    404.3491516113281
  ],
  "class": 2,
  "confidence": 0.2741774916648865,
  "uncertainty": 0.3813400883790229
}