{
  "image": "data\\raw\\images\\train\\F_2_2_978.jpg",
  "box": [
    1000.125732421875,
    441.92864990234375,
    1036.4901123046875,
    481.80792236328125
  ],
  "class": 2,
  "confidence": 0.253033310174942,
  "uncertainty": 0.41985800145964225
}