{
  "image": "data\\raw\\images\\train\\F_2_2_1008.jpg",
  "box": [
    46.91326904296875,
    455.1499328613281,
    253.57223510742188,
    600.41259765625
  ],
  "class": 2,
  "confidence": 0.5582736134529114,
  "uncertainty": 0.30338419834516295
}