{
  "image": "data\\raw\\images\\train\\F_2_9_407.jpg",
  "box": [
    1787.763916015625,
    492.61151123046875,
    1852.951416015625,
    542.745361328125
  ],
  "class": 2,
  "confidence": 0.6168016791343689,
  "uncertainty": 0.2847289336950812
}