{
  "image": "data\\raw\\images\\train\\F_2_2_795.jpg",
  "box": [
    1821.7972412109375,
    499.0751953125,
    1919.1463623046875,
    704.6098022460938
  ],
  "class": 5,
  "confidence": 0.7293880581855774,
  "uncertainty": 0.2817900997553768
}