{
  "image": "data\\raw\\images\\train\\F_2_4_844.jpg",
  "box": [
    523.3690795898438,
    549.46142578125,
    790.14404296875,
    910.9158935546875
  ],
  "class": 3,
  "confidence": 0.7215050458908081,
  "uncertainty": 0.3263563988970022
}