{
  "image": "data\\raw\\images\\train\\F_2_1_450.jpg",
  "box": [
    1248.830810546875,
    454.8335266113281,
    1328.0982666015625,
    517.1368408203125
  ],
  "class": 2,
  "confidence": 0.6973448991775513,
  "uncertainty": 0.20871260045218684
}