{
  "image": "data\\raw\\images\\train\\F_2_6_567.jpg",
  "box": [
    52.312782287597656,
    456.9530029296875,
    222.0468292236328,
    667.640380859375
  ],
  "class": 2,
  "confidence": 0.7826804518699646,
  "uncertainty": 0.17988135938647948
}