{
  "image": "data\\raw\\images\\train\\F_2_9_2320.jpg",
  "box": [
    853.5712280273438,
    495.454833984375,
    900.4854125976562,
    560.5234375
  ],
  "class": 3,
  "confidence": 0.40572115778923035,
  "uncertainty": 0.437977886530533
}