{
  "image": "data\\raw\\images\\train\\F_2_6_1000.jpg",
  "box": [
    1.45953369140625,
    367.9395446777344,
    299.54583740234375,
    1055.402587890625
  ],
  "class": 7,
  "confidence": 0.5789905786514282,
  "uncertainty": 0.3533129643314761
}