{
  "image": "data\\raw\\images\\train\\F_2_8_1070.jpg",
  "box": [
    837.3418579101562,
    521.335693359375,
    927.2345581054688,
    609.2823486328125
  ],
  "class": 2,
  "confidence": 0.538263201713562,
  "uncertainty": 0.31504728156047834
}