{
  "image": "data\\raw\\images\\train\\F_2_11_370.jpg",
  "box": [
    767.4520263671875,
    446.4637756347656,
    909.7674560546875,
    564.417724609375
  ],
  "class": 2,
  "confidence": 0.8579580783843994,
  "uncertainty": 0.14360240825381998
}