{
  "image": "data\\raw\\images\\train\\F_2_1_764.jpg",
  "box": [
    1187.82080078125,
    481.7955322265625,
    1303.307373046875,
    569.9525756835938
  ],
  "class": 2,
  "confidence": 0.7469915747642517,
  "uncertainty": 0.19082020334511074
}