{
  "image": "data\\raw\\images\\train\\F_2_1_742.jpg",
  "box": [
    1303.397216796875,
    488.8572692871094,
    1343.6845703125,
    513.6656494140625
  ],
  "class": 2,
  "confidence": 0.6853439211845398,
  "uncertainty": 0.20001862982739058
}