{
  "image": "data\\raw\\images\\train\\F_2_10_210.jpg",
  "box": [
    1265.8428955078125,
    386.46624755859375,
    1422.0618896484375,
    584.9967041015625
  ],
  "class": 7,
  "confidence": 0.6007866263389587,
  "uncertainty": 0.31654400266546096
}