{
  "image": "data\\raw\\images\\train\\F_2_9_3002.jpg",
  "box": [
    716.9459838867188,
    365.1712646484375,
    907.7698974609375,
    565.2500610351562
  ],
  "class": 7,
  "confidence": 0.515224039554596,
  "uncertainty": 0.38558342633269194
}