{
  "image": "data\\raw\\images\\train\\F_2_7_817.jpg",
  "box": [
    0.3437919616699219,
    626.8365478515625,
    109.20518493652344,
    866.0118408203125
  ],
  "class": 3,
  "confidence": 0.6380064487457275,
  "uncertainty": 0.3847641326438587
}