{
  "image": "data\\raw\\images\\train\\F_2_7_382.jpg",
  "box": [
    0.540252685546875,
    384.71649169921875,
    211.25491333007812,
    805.447021484375
  ],
  "class": 7,
  "confidence": 0.6509952545166016,
  "uncertainty": 0.3198954504211895
}