{
  "image": "data\\raw\\images\\train\\F_2_7_1232.jpg",
  "box": [
    136.9589080810547,
    710.8936157226562,
    323.62939453125,
    945.4306640625
  ],
  "class": 3,
  "confidence": 0.6731528639793396,
  "uncertainty": 0.3461686530881542
}