{
  "image": "data\\raw\\images\\train\\F_2_7_378.jpg",
  "box": [
    402.18804931640625,
    569.5960083007812,
    476.52557373046875,
    671.0517578125
  ],
  "class": 3,
  "confidence": 0.6664556264877319,
  "uncertainty": 0.3527505036423729
}