{
  "image": "data\\raw\\images\\train\\F_2_4_260.jpg",
  "box": [
    600.9798583984375,
    541.923828125,
    654.3507080078125,
    627.90576171875
  ],
  "class": 3,
  "confidence": 0.6427428722381592,
  "uncertainty": 0.3383592430519867
}