{
  "image": "data\\raw\\images\\train\\F_2_1_622.jpg",
  "box": [
    1371.744873046875,
    494.2803955078125,
    1540.814208984375,
    625.4258422851562
  ],
  "class": 2,
  "confidence": 0.7034724354743958,
  "uncertainty": 0.220448861293552
}