{
  "image": "data\\raw\\images\\train\\F_2_7_18.jpg",
  "box": [
    167.17202758789062,
    477.188232421875,
    753.495849609375,
    920.240478515625
  ],
  "class": 2,
  "confidence": 0.9243285655975342,
  "uncertainty": 0.13533927374230986
}