{
  "image": "data\\raw\\images\\train\\F_2_7_771.jpg",
  "box": [
    1334.870849609375,
    593.6376953125,
    1511.3955078125,
    708.5535278320312
  ],
  "class": 2,
  "confidence": 0.3160034716129303,
  "uncertainty": 0.41276808423676475
}