{
  "image": "data\\raw\\images\\train\\F_2_6_534.jpg",
  "box": [
    178.7332763671875,
    425.6121826171875,
    428.5533142089844,
    617.091552734375
  ],
  "class": 2,
  "confidence": 0.8673679828643799,
  "uncertainty": 0.17441232918321353
}