{
  "image": "data\\raw\\images\\train\\F_2_2_894.jpg",
  "box": [
    2.1613311767578125,
    5.102874755859375,
    571.8217163085938,
    1061.9317626953125
  ],
  "class": 7,
  "confidence": 0.9107359647750854,
  "uncertainty": 0.22178354464455835
}