{
  "image": "data\\raw\\images\\train\\F_2_7_1997.jpg",
  "box": [
    770.97802734375,
    415.579833984375,
    1057.925537109375,
    665.2188720703125
  ],
  "class": 2,
  "confidence": 0.8645939826965332,
  "uncertainty": 0.15426207849797635
}