{
  "image": "data\\raw\\images\\train\\F_2_3_191.jpg",
  "box": [
    1086.76904296875,
    488.56658935546875,
    1238.246337890625,
    620.8397827148438
  ],
  "class": 2,
  "confidence": 0.7437089681625366,
  "uncertainty": 0.18326861876784875
}