{
  "image": "data\\raw\\images\\train\\F_2_7_1317.jpg",
  "box": [
    703.4989013671875,
    480.7636413574219,
    829.7341918945312,
    646.852783203125
  ],
  "class": 2,
  "confidence": 0.7783963680267334,
  "uncertainty": 0.24816091420294276
}