{
  "image": "data\\raw\\images\\train\\F_2_10_153.jpg",
  "box": [
    722.1109008789062,
    487.2998046875,
    764.89990234375,
    554.9568481445312
  ],
  "class": 3,
  "confidence": 0.42866355180740356,
  "uncertainty": 0.42791027601877835
}