{
  "image": "data\\raw\\images\\train\\F_2_8_1896.jpg",
  "box": [
    1662.01220703125,
    563.3240966796875,
    1919.12939453125,
    790.28515625
  ],
  "class": 3,
  "confidence": 0.8719951510429382,
  "uncertainty": 0.2932919255186724
}