{
  "image": "data\\raw\\images\\train\\F_2_3_464.jpg",
  "box": [
    0.9335403442382812,
    428.60101318359375,
    221.59127807617188,
    706.935791015625
  ],
  "class": 7,
  "confidence": 0.502281904220581,
  "uncertainty": 0.4418139982705554
}