{
  "image": "data\\raw\\images\\train\\F_2_8_1770.jpg",
  "box": [
    1216.359375,
    321.6268615722656,
    1366.7431640625,
    453.2806091308594
  ],
  "class": 2,
  "confidence": 0.7316171526908875,
  "uncertainty": 0.29118512897416665
}