{
  "image": "data\\raw\\images\\train\\F_2_7_1812.jpg",
  "box": [
    0.34265613555908203,
    529.8804931640625,
    44.49800491333008,
    826.29638671875
  ],
  "class": 3,
  "confidence": 0.3926592767238617,
  "uncertainty": 0.4824818580621837
}