{
  "image": "data\\raw\\images\\train\\F_2_6_485.jpg",
  "box": [
    593.6143798828125,
    518.2446899414062,
    644.1585693359375,
    633.3737182617188
  ],
  "class": 3,
  "confidence": 0.661758303642273,
  "uncertainty": 0.34161472709758645
}