{
  "image": "data\\raw\\images\\train\\F_2_1_1080.jpg",
  "box": [
    624.1466064453125,
    568.1912841796875,
    686.8783569335938,
    667.9645385742188
  ],
  "class": 3,
  "confidence": 0.6819679737091064,
  "uncertainty": 0.32437934401950164
}