{
  "image": "data\\raw\\images\\train\\F_2_1_337.jpg",
  "box": [
    1106.154052734375,
    368.7694091796875,
    1199.744384765625,
    481.819091796875
  ],
  "class": 7,
  "confidence": 0.6847570538520813,
  "uncertainty": 0.36212502918545464
}