{
  "image": "data\\raw\\images\\train\\F_2_7_475.jpg",
  "box": [
    931.6334838867188,
    403.17791748046875,
    1519.80517578125,
    1036.891357421875
  ],
  "class": 2,
  "confidence": 0.9157624244689941,
  "uncertainty": 0.2581248751880842
}