{
  "image": "data\\raw\\images\\train\\F_2_9_2910.jpg",
  "box": [
    175.48822021484375,
    548.8230590820312,
    303.2748107910156,
    729.1544189453125
  ],
  "class": 3,
  "confidence": 0.5359647274017334,
  "uncertainty": 0.41649288447653815
}