{
  "image": "data\\raw\\images\\train\\F_2_3_428.jpg",
  "box": [
    1019.0564575195312,
    438.19134521484375,
    1261.830810546875,
    646.7565307617188
  ],
  "class": 2,
  "confidence": 0.9201986193656921,
  "uncertainty": 0.12675022674864522
}