{
  "image": "data\\raw\\images\\train\\F_2_2_979.jpg",
  "box": [
    171.62786865234375,
    380.58197021484375,
    317.6606140136719,
    542.225830078125
  ],
  "class": 2,
  "confidence": 0.39598605036735535,
  "uncertainty": 0.32359168253528175
}