{
  "image": "data\\raw\\images\\train\\F_2_6_551.jpg",
  "box": [
    509.187255859375,
    498.2936096191406,
    636.4825439453125,
    605.1978759765625
  ],
  "class": 2,
  "confidence": 0.761985182762146,
  "uncertainty": 0.1706174973345327
}