{
  "image": "data\\raw\\images\\train\\F_2_8_1935.jpg",
  "box": [
    542.4390258789062,
    421.3728332519531,
    622.3490600585938,
    555.212646484375
  ],
  "class": 2,
  "confidence": 0.3475677967071533,
  "uncertainty": 0.48054460522239906
}