{
  "image": "data\\raw\\images\\train\\F_2_3_201.jpg",
  "box": [
    1107.964599609375,
    348.96038818359375,
    1294.372314453125,
    552.8079833984375
  ],
  "class": 7,
  "confidence": 0.8344717025756836,
  "uncertainty": 0.27247221240851216
}