{
  "image": "data\\raw\\images\\train\\F_2_1_1127.jpg",
  "box": [
    1576.34814453125,
    457.2133483886719,
    1695.806884765625,
    595.340576171875
  ],
  "class": 2,
  "confidence": 0.5715779066085815,
  "uncertainty": 0.2607376862845735
}