{
  "image": "data\\raw\\images\\train\\F_2_2_328.jpg",
  "box": [
    1665.201416015625,
    489.76318359375,
    1739.120361328125,
    601.15771484375
  ],
  "class": 3,
  "confidence": 0.6946717500686646,
  "uncertainty": 0.3374872879828535
}