{
  "image": "data\\raw\\images\\train\\F_2_9_2569.jpg",
  "box": [
    377.08636474609375,
    491.04052734375,
    478.203125,
    541.793701171875
  ],
  "class": 2,
  "confidence": 0.30953794717788696,
  "uncertainty": 0.3696075999949504
}