{
  "image": "data\\raw\\images\\train\\F_2_8_1731.jpg",
  "box": [
    595.1210327148438,
    598.4893798828125,
    742.5257568359375,
    774.372802734375
  ],
  "class": 7,
  "confidence": 0.49390679597854614,
  "uncertainty": 0.38471392505371277
}