{
  "image": "data\\raw\\images\\train\\F_2_7_1816.jpg",
  "box": [
    552.3751831054688,
    450.41363525390625,
    1919.2109375,
    1068.744384765625
  ],
  "class": 2,
  "confidence": 0.956244945526123,
  "uncertainty": 0.10476412953555801
}