{
  "image": "data\\raw\\images\\train\\F_2_7_1850.jpg",
  "box": [
    401.165771484375,
    681.524658203125,
    574.0186157226562,
    989.655517578125
  ],
  "class": 3,
  "confidence": 0.7744290232658386,
  "uncertainty": 0.3308993003223182
}