{
  "image": "data\\raw\\images\\train\\F_2_4_25.jpg",
  "box": [
    1195.1246337890625,
    394.8453369140625,
    1255.5728759765625,
    450.0420227050781
  ],
  "class": 2,
  "confidence": 0.4572117328643799,
  "uncertainty": 0.33468998798401683
}