{
  "image": "data\\raw\\images\\train\\F_2_1_411.jpg",
  "box": [
    1430.290771484375,
    465.6830749511719,
    1502.147216796875,
    550.2799072265625
  ],
  "class": 2,
  "confidence": 0.39894118905067444,
  "uncertainty": 0.3216520347782707
}