{
  "image": "data\\raw\\images\\train\\F_2_7_1814.jpg",
  "box": [
    550.4369506835938,
    484.4820556640625,
    739.3475952148438,
    726.8885498046875
  ],
  "class": 2,
  "confidence": 0.8724000453948975,
  "uncertainty": 0.20972525385768076
}