{
  "image": "data\\raw\\images\\train\\F_2_8_935.jpg",
  "box": [
    1225.9014892578125,
    574.3677368164062,
    1301.7530517578125,
    699.7183837890625
  ],
  "class": 3,
  "confidence": 0.7328367233276367,
  "uncertainty": 0.2962953555752801
}