{
  "image": "data\\raw\\images\\train\\F_2_1_446.jpg",
  "box": [
    1416.557373046875,
    206.58392333984375,
    1878.28857421875,
    704.8525390625
  ],
  "class": 7,
  "confidence": 0.8502583503723145,
  "uncertainty": 0.23017893857345528
}