{
  "image": "data\\raw\\images\\train\\F_2_4_281.jpg",
  "box": [
    232.077392578125,
    570.9771728515625,
    319.03363037109375,
    697.00732421875
  ],
  "class": 3,
  "confidence": 0.7158308029174805,
  "uncertainty": 0.32518307285969905
}