{
  "image": "data\\raw\\images\\train\\F_2_8_1864.jpg",
  "box": [
    1066.452880859375,
    548.9291381835938,
    1287.945068359375,
    673.9136962890625
  ],
  "class": 7,
  "confidence": 0.401274174451828,
  "uncertainty": 0.4486225930269517
}