{
  "image": "data\\raw\\images\\train\\F_2_1_1191.jpg",
  "box": [
    1734.7503662109375,
    449.41021728515625,
    1799.1427001953125,
    498.85162353515625
  ],
  "class": 2,
  "confidence": 0.25786104798316956,
  "uncertainty": 0.44312362633889524
}