{
  "image": "data\\raw\\images\\train\\F_2_7_1306.jpg",
  "box": [
    931.2685546875,
    384.5577392578125,
    1104.885498046875,
    537.0862426757812
  ],
  "class": 2,
  "confidence": 0.8144071102142334,
  "uncertainty": 0.18384970550324353
}