{
  "image": "data\\raw\\images\\train\\F_2_1_180.jpg",
  "box": [
    736.5789184570312,
    378.21038818359375,
    1099.84130859375,
    761.5021362304688
  ],
  "class": 2,
  "confidence": 0.5656202435493469,
  "uncertainty": 0.27150596423529383
}