{
  "image": "data\\raw\\images\\train\\F_2_2_1431.jpg",
  "box": [
    1.50018310546875,
    180.99014282226562,
    967.7135009765625,
    1064.7452392578125
  ],
  "class": 7,
  "confidence": 0.6419479846954346,
  "uncertainty": 0.30137968595603404
}