{
  "image": "data\\raw\\images\\train\\F_2_9_2006.jpg",
  "box": [
    1283.101806640625,
    386.3048095703125,
    1711.6708984375,
    504.02337646484375
  ],
  "class": 5,
  "confidence": 0.8012968897819519,
  "uncertainty": 0.37212787067611713
}