{
  "image": "data\\raw\\images\\train\\F_2_2_845.jpg",
  "box": [
    249.98025512695312,
    348.6882019042969,
    901.757568359375,
    1067.168701171875
  ],
  "class": 7,
  "confidence": 0.831926167011261,
  "uncertainty": 0.2264027418072102
}