{
  "image": "data\\raw\\images\\train\\F_2_3_14.jpg",
  "box": [
    772.2218627929688,
    413.0537109375,
    880.130859375,
    558.891357421875
  ],
  "class": 2,
  "confidence": 0.3730374574661255,
  "uncertainty": 0.4093510206281725
}