{
  "image": "data\\raw\\images\\train\\F_2_3_248.jpg",
  "box": [
    565.6505737304688,
    508.09295654296875,
    614.2874755859375,
    581.7438354492188
  ],
  "class": 3,
  "confidence": 0.4609964191913605,
  "uncertainty": 0.44076400849000247
}