{
  "image": "data\\raw\\images\\train\\F_2_9_2573.jpg",
  "box": [
    1014.3245849609375,
    473.4736633300781,
    1068.36669921875,
    546.2855224609375
  ],
  "class": 2,
  "confidence": 0.6139149069786072,
  "uncertainty": 0.23634053038315678
}