{
  "image": "data\\raw\\images\\train\\F_2_1_552.jpg",
  "box": [
    2.1602325439453125,
    329.9517517089844,
    251.37213134765625,
    590.37060546875
  ],
  "class": 7,
  "confidence": 0.786845862865448,
  "uncertainty": 0.2797309681038118
}