{
  "image": "data\\raw\\images\\train\\F_2_7_1722.jpg",
  "box": [
    864.7820434570312,
    414.80914306640625,
    1363.4326171875,
    831.4227905273438
  ],
  "class": 7,
  "confidence": 0.5301077365875244,
  "uncertainty": 0.3912037096742978
}