{
  "image": "data\\raw\\images\\train\\F_2_1_1066.jpg",
  "box": [
    0.47332763671875,
    398.05291748046875,
    135.17349243164062,
    1067.4906005859375
  ],
  "class": 5,
  "confidence": 0.5089216232299805,
  "uncertainty": 0.4482206227006894
}