{
  "image": "data\\raw\\images\\train\\F_2_9_3002.jpg",
  "box": [
    1140.5906982421875,
    420.5419006347656,
    1222.1553955078125,
    482.0798034667969
  ],
  "class": 7,
  "confidence": 0.34429705142974854,
  "uncertainty": 0.4477863871295881
}