{
  "image": "data\\raw\\images\\train\\F_2_1_9.jpg",
  "box": [
    1722.578857421875,
    5.513946533203125,
    1918.79052734375,
    939.385009765625
  ],
  "class": 7,
  "confidence": 0.41245710849761963,
  "uncertainty": 0.4681880181001353
}