{
  "image": "data\\raw\\images\\train\\F_2_1_695.jpg",
  "box": [
    146.8659210205078,
    362.4152526855469,
    314.36309814453125,
    515.257080078125
  ],
  "class": 7,
  "confidence": 0.36587125062942505,
  "uncertainty": 0.4374460741707641
}