{
  "image": "data\\raw\\images\\train\\F_2_7_1638.jpg",
  "box": [
    479.5533142089844,
    430.0547790527344,
    716.248779296875,
    658.3463134765625
  ],
  "class": 7,
  "confidence": 0.7473466992378235,
  "uncertainty": 0.3223615776192078
}