{
  "image": "data\\raw\\images\\train\\F_2_7_100.jpg",
  "box": [
    57.514617919921875,
    806.8961791992188,
    316.10528564453125,
    1076.58740234375
  ],
  "class": 3,
  "confidence": 0.695634126663208,
  "uncertainty": 0.33409352606088444
}