{
  "image": "data\\raw\\images\\train\\F_2_1_626.jpg",
  "box": [
    13.453102111816406,
    382.8946838378906,
    238.83709716796875,
    537.1221313476562
  ],
  "class": 7,
  "confidence": 0.4345245659351349,
  "uncertainty": 0.4890656988571528
}