{
  "image": "data\\raw\\images\\train\\F_2_7_686.jpg",
  "box": [
    372.9426574707031,
    489.77801513671875,
    464.4583740234375,
    588.1934814453125
  ],
  "class": 2,
  "confidence": 0.5948185920715332,
  "uncertainty": 0.33556626659977784
}