{
  "image": "data\\raw\\images\\train\\F_2_9_818.jpg",
  "box": [
    756.550537109375,
    476.08544921875,
    826.4884643554688,
    577.1402587890625
  ],
  "class": 2,
  "confidence": 0.35128694772720337,
  "uncertainty": 0.375578932850632
}