{
  "image": "data\\raw\\images\\train\\F_2_2_1221.jpg",
  "box": [
    0.767852783203125,
    422.4758605957031,
    371.4534912109375,
    735.8553466796875
  ],
  "class": 2,
  "confidence": 0.57428377866745,
  "uncertainty": 0.3070399340732728
}