{
  "image": "data\\raw\\images\\train\\F_2_7_242.jpg",
  "box": [
    1215.416748046875,
    430.72430419921875,
    1779.3349609375,
    824.361328125
  ],
  "class": 2,
  "confidence": 0.3271774649620056,
  "uncertainty": 0.49797001103167493
}