{
  "image": "data\\raw\\images\\train\\F_2_7_1654.jpg",
  "box": [
    776.36279296875,
    444.7568664550781,
    922.2235107421875,
    483.5450134277344
  ],
  "class": 2,
  "confidence": 0.4551212787628174,
  "uncertainty": 0.3656260376342999
}