{
  "image": "data\\raw\\images\\train\\F_2_2_179.jpg",
  "box": [
    1410.7109375,
    488.427978515625,
    1438.523681640625,
    526.6492919921875
  ],
  "class": 2,
  "confidence": 0.41637223958969116,
  "uncertainty": 0.3480278886197783
}