{
  "image": "data\\raw\\images\\train\\F_2_1_700.jpg",
  "box": [
    1290.95654296875,
    473.43927001953125,
    1357.913818359375,
    492.1566162109375
  ],
  "class": 2,
  "confidence": 0.25448471307754517,
  "uncertainty": 0.4093673286641579
}