{
  "image": "data\\raw\\images\\train\\F_2_7_1744.jpg",
  "box": [
    577.5115966796875,
    442.35150146484375,
    644.453857421875,
    485.6714172363281
  ],
  "class": 2,
  "confidence": 0.4802742302417755,
  "uncertainty": 0.32426220156803404
}