{
  "image": "data\\raw\\images\\train\\F_2_1_843.jpg",
  "box": [
    1491.657958984375,
    467.76287841796875,
    1553.681640625,
    553.41943359375
  ],
  "class": 3,
  "confidence": 0.6606444120407104,
  "uncertainty": 0.3210745634453606
}