{
  "image": "data\\raw\\images\\train\\F_2_8_1731.jpg",
  "box": [
    61.624717712402344,
    733.4439697265625,
    201.6548309326172,
    927.73681640625
  ],
  "class": 3,
  "confidence": 0.8117832541465759,
  "uncertainty": 0.27985576384551625
}