{
  "image": "data\\raw\\images\\train\\F_2_6_1143.jpg",
  "box": [
    1.2980804443359375,
    153.91946411132812,
    364.64495849609375,
    681.078125
  ],
  "class": 7,
  "confidence": 0.8983849287033081,
  "uncertainty": 0.22495486134226284
}