{
  "image": "data\\raw\\images\\train\\F_2_9_2195.jpg",
  "box": [
    1316.2733154296875,
    171.12643432617188,
    1894.311767578125,
    799.0771484375
  ],
  "class": 7,
  "confidence": 0.9483195543289185,
  "uncertainty": 0.23496834830325364
}