{
  "image": "data\\raw\\images\\train\\F_2_6_519.jpg",
  "box": [
    160.60037231445312,
    523.0233154296875,
    214.69349670410156,
    580.692138671875
  ],
  "class": 3,
  "confidence": 0.3846462368965149,
  "uncertainty": 0.4369449439515025
}