{
  "image": "data\\raw\\images\\train\\F_2_1_418.jpg",
  "box": [
    1839.755126953125,
    534.5809326171875,
    1919.2060546875,
    711.8223876953125
  ],
  "class": 2,
  "confidence": 0.8374861478805542,
  "uncertainty": 0.18219892620617004
}