{
  "image": "data\\raw\\images\\train\\F_2_2_1080.jpg",
  "box": [
    120.10787963867188,
    600.9136352539062,
    330.422119140625,
    913.0535888671875
  ],
  "class": 3,
  "confidence": 0.3802618980407715,
  "uncertainty": 0.46384189996664393
}