{
  "image": "data\\raw\\images\\train\\F_2_7_898.jpg",
  "box": [
    778.7406005859375,
    399.2445373535156,
    862.953369140625,
    445.9576721191406
  ],
  "class": 2,
  "confidence": 0.295884370803833,
  "uncertainty": 0.4583319007059006
}