{
  "image": "data\\raw\\images\\train\\F_2_7_134.jpg",
  "box": [
    0.719329833984375,
    404.21881103515625,
    173.2686309814453,
    676.6182250976562
  ],
  "class": 2,
  "confidence": 0.5554171204566956,
  "uncertainty": 0.28345998180951965
}