{
  "image": "data\\raw\\images\\train\\F_2_1_742.jpg",
  "box": [
    1624.5552978515625,
    542.263916015625,
    1654.6695556640625,
    616.6609497070312
  ],
  "class": 3,
  "confidence": 0.5520768165588379,
  "uncertainty": 0.3793275439020882
}