{
  "image": "data\\raw\\images\\train\\F_2_4_177.jpg",
  "box": [
    506.23992919921875,
    526.2498779296875,
    648.2964477539062,
    699.0626220703125
  ],
  "class": 7,
  "confidence": 0.680839478969574,
  "uncertainty": 0.3079763017760901
}