{
  "image": "data\\raw\\images\\train\\F_2_7_809.jpg",
  "box": [
    161.30950927734375,
    500.0528564453125,
    295.2425537109375,
    643.0730590820312
  ],
  "class": 2,
  "confidence": 0.8014148473739624,
  "uncertainty": 0.20071233578713116
}