{
  "image": "data\\raw\\images\\train\\F_2_4_265.jpg",
  "box": [
    1.8027191162109375,
    264.38690185546875,
    658.114990234375,
    1063.93603515625
  ],
  "class": 2,
  "confidence": 0.8971272110939026,
  "uncertainty": 0.107351589622706
}