{
  "image": "data\\raw\\images\\train\\F_2_6_519.jpg",
  "box": [
    383.211181640625,
    469.8580322265625,
    534.030029296875,
    604.0348510742188
  ],
  "class": 2,
  "confidence": 0.886301577091217,
  "uncertainty": 0.13212885613108427
}