{
  "image": "data\\raw\\images\\train\\F_2_7_1329.jpg",
  "box": [
    461.5621032714844,
    510.0931091308594,
    568.344970703125,
    665.3076171875
  ],
  "class": 2,
  "confidence": 0.8189573287963867,
  "uncertainty": 0.2656264938795797
}