{
  "image": "data\\raw\\images\\train\\F_2_3_88.jpg",
  "box": [
    362.5558776855469,
    468.94464111328125,
    1440.4656982421875,
    1066.5662841796875
  ],
  "class": 2,
  "confidence": 0.9370929002761841,
  "uncertainty": 0.1079579286927765
}