{
  "image": "data\\raw\\images\\train\\F_2_9_2974.jpg",
  "box": [
    665.8785400390625,
    447.3326110839844,
    756.14013671875,
    540.2659912109375
  ],
  "class": 2,
  "confidence": 0.2655524015426636,
  "uncertainty": 0.4428294492176194
}