{
  "image": "data\\raw\\images\\train\\F_2_9_3025.jpg",
  "box": [
    1237.90380859375,
    470.0977478027344,
    1329.541748046875,
    559.1102294921875
  ],
  "class": 2,
  "confidence": 0.7441744208335876,
  "uncertainty": 0.2765596883555055
}