{
  "image": "data\\raw\\images\\train\\F_2_1_89.jpg",
  "box": [
    1059.884765625,
    363.7749938964844,
    1228.9603271484375,
    618.564208984375
  ],
  "class": 7,
  "confidence": 0.2911570072174072,
  "uncertainty": 0.4960760571820901
}