{
  "image": "data\\raw\\images\\train\\F_2_3_293.jpg",
  "box": [
    708.9404296875,
    279.7627258300781,
    1633.4798583984375,
    1068.11572265625
  ],
  "class": 7,
  "confidence": 0.7686660885810852,
  "uncertainty": 0.2661965373564552
}