{
  "image": "data\\raw\\images\\train\\F_2_7_658.jpg",
  "box": [
    580.6978759765625,
    538.6111450195312,
    614.799072265625,
    596.2423095703125
  ],
  "class": 3,
  "confidence": 0.5199614763259888,
  "uncertainty": 0.4069381399664484
}