{
  "image": "data\\raw\\images\\train\\F_2_7_1282.jpg",
  "box": [
    337.6736755371094,
    501.72564697265625,
    421.83233642578125,
    625.9956665039062
  ],
  "class": 3,
  "confidence": 0.6770272850990295,
  "uncertainty": 0.3265023938973609
}