{
  "image": "data\\raw\\images\\train\\F_2_9_1658.jpg",
  "box": [
    1.383544921875,
    507.9964599609375,
    864.03369140625,
    1067.6806640625
  ],
  "class": 2,
  "confidence": 0.960468590259552,
  "uncertainty": 0.09789365273083755
}