{
  "image": "data\\raw\\images\\train\\F_2_2_1440.jpg",
  "box": [
    522.892578125,
    477.7171630859375,
    574.78515625,
    556.2041625976562
  ],
  "class": 3,
  "confidence": 0.5967772006988525,
  "uncertainty": 0.36926258651791416
}