{
  "image": "data\\raw\\images\\train\\F_2_9_3020.jpg",
  "box": [
    1244.357666015625,
    361.951171875,
    1306.043701171875,
    517.3064575195312
  ],
  "class": 7,
  "confidence": 0.6603837609291077,
  "uncertainty": 0.3395365057525863
}