{
  "image": "data\\raw\\images\\train\\F_2_5_20.jpg",
  "box": [
    990.865234375,
    505.54193115234375,
    1056.8277587890625,
    619.981689453125
  ],
  "class": 3,
  "confidence": 0.6755443215370178,
  "uncertainty": 0.337685555628159
}