{
  "image": "data\\raw\\images\\train\\F_2_11_738.jpg",
  "box": [
    1139.4208984375,
    472.91748046875,
    1202.361328125,
    532.1830444335938
  ],
  "class": 2,
  "confidence": 0.7959349155426025,
  "uncertainty": 0.15999413659848302
}