{
  "image": "data\\raw\\images\\train\\F_2_6_518.jpg",
  "box": [
    24.660587310791016,
    473.58544921875,
    374.82464599609375,
    771.9354858398438
  ],
  "class": 2,
  "confidence": 0.9088355898857117,
  "uncertainty": 0.13749647111366153
}