{
  "image": "data\\raw\\images\\train\\F_2_9_2352.jpg",
  "box": [
    1034.1671142578125,
    436.3320007324219,
    1105.076904296875,
    502.9185791015625
  ],
  "class": 2,
  "confidence": 0.3876495659351349,
  "uncertainty": 0.4442746026263357
}