{
  "image": "data\\raw\\images\\train\\F_2_9_335.jpg",
  "box": [
    675.577392578125,
    467.66864013671875,
    720.2974853515625,
    528.6614379882812
  ],
  "class": 3,
  "confidence": 0.6820008754730225,
  "uncertainty": 0.33294674152794745
}