{
  "image": "data\\raw\\images\\train\\F_2_1_897.jpg",
  "box": [
    969.95361328125,
    649.9945678710938,
    1155.6280517578125,
    931.6111450195312
  ],
  "class": 3,
  "confidence": 0.7248955368995667,
  "uncertainty": 0.36004189542343706
}