{
  "image": "data\\raw\\images\\train\\F_2_3_177.jpg",
  "box": [
    0.501434326171875,
    462.998291015625,
    908.8800048828125,
    1067.57666015625
  ],
  "class": 2,
  "confidence": 0.9490220546722412,
  "uncertainty": 0.09580331234259161
}