{
  "image": "data\\raw\\images\\train\\F_2_1_491.jpg",
  "box": [
    1018.2324829101562,
    437.0810852050781,
    1052.640625,
    474.6530456542969
  ],
  "class": 2,
  "confidence": 0.26614394783973694,
  "uncertainty": 0.36333580510511204
}