{
  "image": "data\\raw\\images\\train\\F_2_8_1814.jpg",
  "box": [
    1152.549072265625,
    457.9642639160156,
    1317.2750244140625,
    595.8539428710938
  ],
  "class": 7,
  "confidence": 0.4691697061061859,
  "uncertainty": 0.48746355325071566
}