{
  "image": "data\\raw\\images\\train\\F_2_1_943.jpg",
  "box": [
    163.89231872558594,
    545.916015625,
    227.50799560546875,
    652.0379638671875
  ],
  "class": 3,
  "confidence": 0.717082679271698,
  "uncertainty": 0.31927235010165006
}