{
  "image": "data\\raw\\images\\train\\F_2_1_588.jpg",
  "box": [
    1875.6265869140625,
    426.0685729980469,
    1919.2840576171875,
    526.6755981445312
  ],
  "class": 2,
  "confidence": 0.3649086058139801,
  "uncertainty": 0.3476377167434727
}