{
  "image": "data\\raw\\images\\train\\F_2_6_551.jpg",
  "box": [
    358.5899658203125,
    610.3185424804688,
    458.858154296875,
    727.6327514648438
  ],
  "class": 3,
  "confidence": 0.6962205767631531,
  "uncertainty": 0.36194513896204167
}