{
  "image": "data\\raw\\images\\train\\F_2_2_241.jpg",
  "box": [
    1610.013671875,
    496.701171875,
    1835.263427734375,
    685.8981323242188
  ],
  "class": 2,
  "confidence": 0.877978503704071,
  "uncertainty": 0.15442257500499407
}