{
  "image": "data\\raw\\images\\train\\F_2_3_383.jpg",
  "box": [
    256.8851318359375,
    398.0893249511719,
    413.9769287109375,
    475.5303039550781
  ],
  "class": 5,
  "confidence": 0.7580321431159973,
  "uncertainty": 0.27586237710815253
}