{
  "image": "data\\raw\\images\\train\\F_2_1_214.jpg",
  "box": [
    1.1370849609375,
    449.50103759765625,
    390.6394958496094,
    932.7784423828125
  ],
  "class": 2,
  "confidence": 0.9048281908035278,
  "uncertainty": 0.12917829232471445
}