{
  "image": "data\\raw\\images\\train\\F_2_2_1696.jpg",
  "box": [
    820.3677978515625,
    469.4622802734375,
    881.9886474609375,
    556.5228881835938
  ],
  "class": 2,
  "confidence": 0.28637072443962097,
  "uncertainty": 0.4076329982695252
}