{
  "image": "data\\raw\\images\\train\\F_2_7_1744.jpg",
  "box": [
    516.2838134765625,
    387.07635498046875,
    563.918701171875,
    442.30169677734375
  ],
  "class": 7,
  "confidence": 0.4374699890613556,
  "uncertainty": 0.3972517387007986
}