{
  "image": "data\\raw\\images\\train\\F_2_7_1331.jpg",
  "box": [
    856.3681640625,
    441.4307556152344,
    946.7655029296875,
    509.3324890136719
  ],
  "class": 2,
  "confidence": 0.3550571799278259,
  "uncertainty": 0.4075823280274422
}