{
  "image": "data\\raw\\images\\train\\F_2_1_940.jpg",
  "box": [
    235.6966094970703,
    465.16204833984375,
    331.61053466796875,
    560.6422119140625
  ],
  "class": 5,
  "confidence": 0.49005377292633057,
  "uncertainty": 0.39815636248414493
}