{
  "image": "data\\raw\\images\\train\\F_2_8_1772.jpg",
  "box": [
    1599.170654296875,
    276.9346618652344,
    1669.4267578125,
    327.70184326171875
  ],
  "class": 2,
  "confidence": 0.44655975699424744,
  "uncertainty": 0.31606208714789447
}