{
  "image": "data\\raw\\images\\train\\F_2_2_29.jpg",
  "box": [
    590.4873046875,
    605.3697509765625,
    659.233154296875,
    744.0675659179688
  ],
  "class": 3,
  "confidence": 0.6936041116714478,
  "uncertainty": 0.35160505533821124
}