{
  "image": "data\\raw\\images\\train\\F_2_2_745.jpg",
  "box": [
    53.677093505859375,
    443.2147521972656,
    733.72509765625,
    977.6805419921875
  ],
  "class": 2,
  "confidence": 0.8664314150810242,
  "uncertainty": 0.3281302997250839
}