{
  "image": "data\\raw\\images\\train\\F_2_1_943.jpg",
  "box": [
    1816.4249267578125,
    502.1333312988281,
    1882.12353515625,
    636.72265625
  ],
  "class": 3,
  "confidence": 0.5127986073493958,
  "uncertainty": 0.42260659509876103
}