{
  "image": "data\\raw\\images\\train\\F_2_10_468.jpg",
  "box": [
    948.7179565429688,
    416.278564453125,
    1025.1396484375,
    489.24334716796875
  ],
  "class": 2,
  "confidence": 0.7863420844078064,
  "uncertainty": 0.17542611589559515
}