{
  "image": "data\\raw\\images\\train\\F_2_2_412.jpg",
  "box": [
    355.7735595703125,
    421.546142578125,
    517.9669189453125,
    561.9552001953125
  ],
  "class": 2,
  "confidence": 0.8925775289535522,
  "uncertainty": 0.13926533860668433
}