{
  "image": "data\\raw\\images\\train\\F_2_2_871.jpg",
  "box": [
    1283.18798828125,
    141.08660888671875,
    1917.5533447265625,
    1063.283935546875
  ],
  "class": 7,
  "confidence": 0.8922927379608154,
  "uncertainty": 0.22697545636568106
}