{
  "image": "data\\raw\\images\\train\\F_2_8_930.jpg",
  "box": [
    1319.2327880859375,
    200.83653259277344,
    1454.903076171875,
    279.31170654296875
  ],
  "class": 5,
  "confidence": 0.28652217984199524,
  "uncertainty": 0.45102313315473574
}