{
  "image": "data\\raw\\images\\train\\F_2_1_1127.jpg",
  "box": [
    1548.9268798828125,
    457.1179504394531,
    1602.6199951171875,
    548.2183837890625
  ],
  "class": 2,
  "confidence": 0.5200678706169128,
  "uncertainty": 0.3196839228986473
}