{
  "image": "data\\raw\\images\\train\\F_2_1_927.jpg",
  "box": [
    731.3349609375,
    524.081787109375,
    773.7532958984375,
    580.3726806640625
  ],
  "class": 3,
  "confidence": 0.6152462959289551,
  "uncertainty": 0.3404576838904769
}