{
  "image": "data\\raw\\images\\train\\F_2_2_1476.jpg",
  "box": [
    1137.62060546875,
    662.7141723632812,
    1364.322998046875,
    974.3959350585938
  ],
  "class": 3,
  "confidence": 0.7648484110832214,
  "uncertainty": 0.2995418249126675
}