{
  "image": "data\\raw\\images\\train\\F_2_9_2259.jpg",
  "box": [
    1691.799072265625,
    427.1868896484375,
    1795.777099609375,
    474.103271484375
  ],
  "class": 2,
  "confidence": 0.5561142563819885,
  "uncertainty": 0.2555930468068649
}