{
  "image": "data\\raw\\images\\train\\F_2_1_700.jpg",
  "box": [
    155.86390686035156,
    595.8355712890625,
    244.17457580566406,
    720.2862548828125
  ],
  "class": 3,
  "confidence": 0.7741311192512512,
  "uncertainty": 0.2815155202066655
}