{
  "image": "data\\raw\\images\\train\\F_2_1_657.jpg",
  "box": [
    1541.0826416015625,
    468.48193359375,
    1731.6375732421875,
    591.5467529296875
  ],
  "class": 2,
  "confidence": 0.7710340023040771,
  "uncertainty": 0.24166742086062942
}