{
  "image": "data\\raw\\images\\train\\F_2_2_1377.jpg",
  "box": [
    853.5198974609375,
    440.6615295410156,
    1268.0684814453125,
    936.483642578125
  ],
  "class": 2,
  "confidence": 0.4945232570171356,
  "uncertainty": 0.30656304325513206
}