{
  "image": "data\\raw\\images\\train\\F_2_1_495.jpg",
  "box": [
    1610.046142578125,
    499.1883544921875,
    1649.168212890625,
    561.0794677734375
  ],
  "class": 3,
  "confidence": 0.6143101453781128,
  "uncertainty": 0.34454279876370464
}