{
  "image": "data\\raw\\images\\train\\F_2_2_317.jpg",
  "box": [
    389.7744140625,
    537.1341552734375,
    458.9644775390625,
    655.756103515625
  ],
  "class": 3,
  "confidence": 0.6167190074920654,
  "uncertainty": 0.3559194550995361
}