{
  "image": "data\\raw\\images\\train\\F_2_8_935.jpg",
  "box": [
    407.1404113769531,
    525.6029663085938,
    584.5039672851562,
    660.0254516601562
  ],
  "class": 3,
  "confidence": 0.678340494632721,
  "uncertainty": 0.41641791033371145
}