{
  "image": "data\\raw\\images\\train\\F_2_7_2333.jpg",
  "box": [
    354.24981689453125,
    866.794921875,
    679.5120239257812,
    1073.8685302734375
  ],
  "class": 3,
  "confidence": 0.8049812912940979,
  "uncertainty": 0.2668811896603591
}