{
  "image": "data\\raw\\images\\train\\F_2_8_934.jpg",
  "box": [
    1226.6539306640625,
    581.810791015625,
    1312.7435302734375,
    709.3877563476562
  ],
  "class": 3,
  "confidence": 0.7565597891807556,
  "uncertainty": 0.2872943221673226
}