{
  "image": "data\\raw\\images\\train\\F_2_6_229.jpg",
  "box": [
    450.1952819824219,
    580.8084106445312,
    527.3336181640625,
    703.55908203125
  ],
  "class": 3,
  "confidence": 0.6944378614425659,
  "uncertainty": 0.34961006096098796
}