{
  "image": "data\\raw\\images\\train\\F_2_7_437.jpg",
  "box": [
    851.0099487304688,
    444.94158935546875,
    1061.282470703125,
    651.3474731445312
  ],
  "class": 2,
  "confidence": 0.5831270813941956,
  "uncertainty": 0.3252940267595565
}