{
  "image": "data\\raw\\images\\train\\F_2_2_1692.jpg",
  "box": [
    1.2772064208984375,
    314.6693115234375,
    393.57110595703125,
    1063.8402099609375
  ],
  "class": 7,
  "confidence": 0.5628144145011902,
  "uncertainty": 0.3401036652750205
}