{
  "image": "data\\raw\\images\\train\\F_2_7_1804.jpg",
  "box": [
    1425.117431640625,
    521.170654296875,
    1780.447509765625,
    771.3890380859375
  ],
  "class": 3,
  "confidence": 0.9006749987602234,
  "uncertainty": 0.2503207068387925
}