{
  "image": "data\\raw\\images\\train\\F_2_9_2834.jpg",
  "box": [
    72.48892974853516,
    344.9577941894531,
    262.78558349609375,
    504.8370666503906
  ],
  "class": 7,
  "confidence": 0.8166990876197815,
  "uncertainty": 0.24782102835391628
}