{
  "image": "data\\raw\\images\\train\\F_2_2_113.jpg",
  "box": [
    781.9234619140625,
    543.4231567382812,
    823.1815185546875,
    626.3410034179688
  ],
  "class": 3,
  "confidence": 0.3492390215396881,
  "uncertainty": 0.44917093301195427
}