{
  "image": "data\\raw\\images\\train\\F_2_2_779.jpg",
  "box": [
    561.2642822265625,
    480.9320983886719,
    704.0861206054688,
    644.838623046875
  ],
  "class": 2,
  "confidence": 0.6528029441833496,
  "uncertainty": 0.3326118819057594
}