{
  "image": "data\\raw\\images\\train\\F_2_8_893.jpg",
  "box": [
    872.177490234375,
    582.8699340820312,
    956.7967529296875,
    665.6354370117188
  ],
  "class": 3,
  "confidence": 0.5958049297332764,
  "uncertainty": 0.46447520245027146
}