{
  "image": "data\\raw\\images\\train\\F_2_2_1054.jpg",
  "box": [
    576.0244140625,
    433.96142578125,
    736.8553466796875,
    492.2354736328125
  ],
  "class": 2,
  "confidence": 0.3946002721786499,
  "uncertainty": 0.3738502695215773
}