{
  "image": "data\\raw\\images\\train\\F_2_1_439.jpg",
  "box": [
    894.4169311523438,
    478.5758056640625,
    1050.658935546875,
    625.360595703125
  ],
  "class": 2,
  "confidence": 0.824438750743866,
  "uncertainty": 0.158698247916077
}