{
  "image": "data\\raw\\images\\train\\F_2_2_793.jpg",
  "box": [
    1631.8817138671875,
    537.643310546875,
    1731.932373046875,
    618.0203247070312
  ],
  "class": 2,
  "confidence": 0.4442428648471832,
  "uncertainty": 0.33383003297236163
}