{
  "image": "data\\raw\\images\\train\\F_2_3_183.jpg",
  "box": [
    0.86700439453125,
    463.3788757324219,
    1153.310302734375,
    1068.2718505859375
  ],
  "class": 2,
  "confidence": 0.9486551880836487,
  "uncertainty": 0.10300034778566514
}