{
  "image": "data\\raw\\images\\train\\F_2_9_2569.jpg",
  "box": [
    570.3383178710938,
    435.7647705078125,
    673.7987670898438,
    559.674072265625
  ],
  "class": 5,
  "confidence": 0.40908336639404297,
  "uncertainty": 0.4432462416944231
}