{
  "image": "data\\raw\\images\\train\\F_2_6_145.jpg",
  "box": [
    1045.4893798828125,
    666.682861328125,
    1206.024169921875,
    897.2272338867188
  ],
  "class": 3,
  "confidence": 0.8507158756256104,
  "uncertainty": 0.25895743789993586
}