{
  "image": "data\\raw\\images\\train\\F_2_1_701.jpg",
  "box": [
    1811.607421875,
    485.0672607421875,
    1918.9749755859375,
    591.7644653320312
  ],
  "class": 5,
  "confidence": 0.4478515088558197,
  "uncertainty": 0.37414475404238684
}