{
  "image": "data\\raw\\images\\train\\F_2_9_2417.jpg",
  "box": [
    670.1624145507812,
    456.188232421875,
    1091.5250244140625,
    850.882080078125
  ],
  "class": 2,
  "confidence": 0.9248913526535034,
  "uncertainty": 0.13225146537766708
}