{
  "image": "data\\raw\\images\\train\\F_2_7_864.jpg",
  "box": [
    339.2279357910156,
    432.4591064453125,
    437.9593505859375,
    547.60498046875
  ],
  "class": 2,
  "confidence": 0.5241001844406128,
  "uncertainty": 0.3397186183891999
}