{
  "image": "data\\raw\\images\\train\\F_2_9_350.jpg",
  "box": [
    0.13153839111328125,
    391.5608825683594,
    168.07748413085938,
    613.5441284179688
  ],
  "class": 2,
  "confidence": 0.9006878733634949,
  "uncertainty": 0.119765159334429
}