{
  "image": "data\\raw\\images\\train\\F_2_9_343.jpg",
  "box": [
    0.26239013671875,
    450.4417419433594,
    165.15939331054688,
    612.64990234375
  ],
  "class": 2,
  "confidence": 0.552775502204895,
  "uncertainty": 0.2480814782889458
}