{
  "image": "data\\raw\\images\\train\\F_2_2_813.jpg",
  "box": [
    200.49188232421875,
    412.0877380371094,
    1450.58837890625,
    1068.0430908203125
  ],
  "class": 2,
  "confidence": 0.9482218027114868,
  "uncertainty": 0.10584374307559753
}