{
  "image": "data\\raw\\images\\train\\F_2_6_566.jpg",
  "box": [
    1162.9508056640625,
    467.6337890625,
    1221.9840087890625,
    532.6931762695312
  ],
  "class": 2,
  "confidence": 0.39772069454193115,
  "uncertainty": 0.32855012954901747
}