{
  "image": "data\\raw\\images\\train\\F_2_1_659.jpg",
  "box": [
    787.2507934570312,
    471.1696472167969,
    1051.765625,
    702.9957275390625
  ],
  "class": 2,
  "confidence": 0.9109054803848267,
  "uncertainty": 0.12759852529657195
}