{
  "image": "data\\raw\\images\\train\\F_2_6_1710.jpg",
  "box": [
    556.8037719726562,
    781.5623779296875,
    877.6107177734375,
    1068.25244140625
  ],
  "class": 3,
  "confidence": 0.740474283695221,
  "uncertainty": 0.2956307890571086
}