{
  "image": "data\\raw\\images\\train\\F_2_9_2470.jpg",
  "box": [
    1377.306640625,
    483.79486083984375,
    1445.63623046875,
    536.560546875
  ],
  "class": 2,
  "confidence": 0.7288602590560913,
  "uncertainty": 0.19008975939125194
}