{
  "image": "data\\raw\\images\\train\\F_2_1_730.jpg",
  "box": [
    938.816162109375,
    428.5162353515625,
    983.0701904296875,
    488.38037109375
  ],
  "class": 2,
  "confidence": 0.25720733404159546,
  "uncertainty": 0.40597733406483905
}