{
  "image": "data\\raw\\images\\train\\F_2_3_32.jpg",
  "box": [
    52.22325897216797,
    657.38134765625,
    291.20025634765625,
    1018.0698852539062
  ],
  "class": 3,
  "confidence": 0.7697179317474365,
  "uncertainty": 0.3127015469815797
}