{
  "image": "data\\raw\\images\\train\\F_2_1_399.jpg",
  "box": [
    870.9860229492188,
    479.9856262207031,
    926.4964599609375,
    530.1279296875
  ],
  "class": 2,
  "confidence": 0.47340190410614014,
  "uncertainty": 0.28677458304185394
}