{
  "image": "data\\raw\\images\\train\\F_2_1_701.jpg",
  "box": [
    1606.629638671875,
    503.3200378417969,
    1653.514892578125,
    587.7581787109375
  ],
  "class": 3,
  "confidence": 0.6285728812217712,
  "uncertainty": 0.32726828316366074
}