{
  "image": "data\\raw\\images\\train\\F_2_2_252.jpg",
  "box": [
    639.0818481445312,
    478.69134521484375,
    749.2882690429688,
    609.114990234375
  ],
  "class": 7,
  "confidence": 0.7129191160202026,
  "uncertainty": 0.2799040670281146
}