{
  "image": "data\\raw\\images\\train\\F_2_2_1588.jpg",
  "box": [
    628.6162109375,
    631.0845947265625,
    791.0208740234375,
    896.3040771484375
  ],
  "class": 3,
  "confidence": 0.7375838160514832,
  "uncertainty": 0.3705550158593885
}