{
  "image": "data\\raw\\images\\train\\F_2_2_787.jpg",
  "box": [
    1549.054931640625,
    500.2028503417969,
    1620.086669921875,
    565.91455078125
  ],
  "class": 3,
  "confidence": 0.3160935342311859,
  "uncertainty": 0.4665523123796196
}