{
  "image": "data\\raw\\images\\train\\F_2_9_3014.jpg",
  "box": [
    1461.2032470703125,
    441.5181884765625,
    1567.1781005859375,
    527.1454467773438
  ],
  "class": 2,
  "confidence": 0.8241070508956909,
  "uncertainty": 0.1548160105888988
}