{
  "image": "data\\raw\\images\\train\\F_2_2_256.jpg",
  "box": [
    1059.060546875,
    433.8431396484375,
    1125.4583740234375,
    504.45208740234375
  ],
  "class": 2,
  "confidence": 0.40567541122436523,
  "uncertainty": 0.38615370013818884
}