{
  "image": "data\\raw\\images\\train\\F_2_1_351.jpg",
  "box": [
    1428.637939453125,
    504.32879638671875,
    1565.87255859375,
    638.4048461914062
  ],
  "class": 2,
  "confidence": 0.719785749912262,
  "uncertainty": 0.23056014351100224
}