{
  "image": "data\\raw\\images\\train\\F_2_1_932.jpg",
  "box": [
    1637.9542236328125,
    392.9638366699219,
    1767.957275390625,
    552.8560791015625
  ],
  "class": 7,
  "confidence": 0.6587923169136047,
  "uncertainty": 0.2867052517896064
}