{
  "image": "data\\raw\\images\\train\\F_2_5_336.jpg",
  "box": [
    1.250244140625,
    335.1766662597656,
    302.15972900390625,
    1064.4334716796875
  ],
  "class": 6,
  "confidence": 0.3049933910369873,
  "uncertainty": 0.31391400791916757
}