{
  "image": "data\\raw\\images\\train\\F_2_7_70.jpg",
  "box": [
    425.8733825683594,
    443.07275390625,
    541.279052734375,
    475.8716125488281
  ],
  "class": 2,
  "confidence": 0.3152814209461212,
  "uncertainty": 0.38918069299852087
}