{
  "image": "data\\raw\\images\\train\\F_2_1_31.jpg",
  "box": [
    1514.497802734375,
    452.2625427246094,
    1720.33935546875,
    607.55078125
  ],
  "class": 2,
  "confidence": 0.8256027698516846,
  "uncertainty": 0.16531254223463498
}