{
  "image": "data\\raw\\images\\train\\F_2_9_2959.jpg",
  "box": [
    830.5609130859375,
    155.53436279296875,
    1296.387451171875,
    742.2661743164062
  ],
  "class": 5,
  "confidence": 0.4988343417644501,
  "uncertainty": 0.35937263688270504
}