{
  "image": "data\\raw\\images\\train\\F_2_7_779.jpg",
  "box": [
    928.1559448242188,
    377.3939208984375,
    1145.98291015625,
    548.9891357421875
  ],
  "class": 2,
  "confidence": 0.7705783247947693,
  "uncertainty": 0.2455734768690759
}