{
  "image": "data\\raw\\images\\train\\F_2_9_2195.jpg",
  "box": [
    1037.30517578125,
    464.5632019042969,
    1715.2685546875,
    1064.3387451171875
  ],
  "class": 2,
  "confidence": 0.7591786980628967,
  "uncertainty": 0.20664959209638967
}