{
  "image": "data\\raw\\images\\train\\F_2_7_1210.jpg",
  "box": [
    743.7526245117188,
    422.78631591796875,
    1183.69677734375,
    835.8751220703125
  ],
  "class": 2,
  "confidence": 0.9245731830596924,
  "uncertainty": 0.13115044844778892
}