{
  "image": "data\\raw\\images\\train\\F_2_1_495.jpg",
  "box": [
    743.2113647460938,
    449.43365478515625,
    882.1051025390625,
    590.89892578125
  ],
  "class": 7,
  "confidence": 0.7369577884674072,
  "uncertainty": 0.3061921995448841
}