{
  "image": "data\\raw\\images\\train\\F_2_9_1095.jpg",
  "box": [
    582.0382690429688,
    394.0227355957031,
    911.704833984375,
    775.7391357421875
  ],
  "class": 7,
  "confidence": 0.5533181428909302,
  "uncertainty": 0.3582042400163474
}