{
  "image": "data\\raw\\images\\train\\F_2_2_401.jpg",
  "box": [
    832.7265014648438,
    424.36578369140625,
    1014.6937866210938,
    581.535400390625
  ],
  "class": 2,
  "confidence": 0.8783088326454163,
  "uncertainty": 0.13503262820979417
}