{
  "image": "data\\raw\\images\\train\\F_2_9_1909.jpg",
  "box": [
    645.1171875,
    527.9686279296875,
    712.8890991210938,
    644.9462890625
  ],
  "class": 3,
  "confidence": 0.6190762519836426,
  "uncertainty": 0.3657411652657284
}