{
  "image": "data\\raw\\images\\train\\F_2_9_343.jpg",
  "box": [
    1440.03515625,
    424.3470153808594,
    1521.166259765625,
    530.116943359375
  ],
  "class": 7,
  "confidence": 0.2801034152507782,
  "uncertainty": 0.4630971557825031
}