{
  "image": "data\\raw\\images\\train\\F_2_1_450.jpg",
  "box": [
    1204.09130859375,
    451.01275634765625,
    1264.107666015625,
    501.1259765625
  ],
  "class": 2,
  "confidence": 0.666917622089386,
  "uncertainty": 0.24645547701491863
}