{
  "image": "data\\raw\\images\\train\\F_2_2_964.jpg",
  "box": [
    768.1671752929688,
    518.3910522460938,
    933.5502319335938,
    658.9563598632812
  ],
  "class": 2,
  "confidence": 0.8854340314865112,
  "uncertainty": 0.12815979570763786
}