{
  "image": "data\\raw\\images\\train\\F_2_3_515.jpg",
  "box": [
    0.7458572387695312,
    451.0796813964844,
    323.46014404296875,
    914.763427734375
  ],
  "class": 2,
  "confidence": 0.639278769493103,
  "uncertainty": 0.3866934335458526
}