{
  "image": "data\\raw\\images\\train\\F_2_9_2975.jpg",
  "box": [
    1135.3701171875,
    482.99212646484375,
    1183.184814453125,
    558.9677124023438
  ],
  "class": 3,
  "confidence": 0.6550751328468323,
  "uncertainty": 0.3664490507955348
}