{
  "image": "data\\raw\\images\\train\\F_2_5_281.jpg",
  "box": [
    909.4539184570312,
    510.6673583984375,
    961.7719116210938,
    564.2359619140625
  ],
  "class": 3,
  "confidence": 0.6695441603660583,
  "uncertainty": 0.31595371602989863
}