{
  "image": "data\\raw\\images\\train\\F_2_7_1822.jpg",
  "box": [
    1.737030029296875,
    463.5420227050781,
    493.29290771484375,
    1068.350341796875
  ],
  "class": 2,
  "confidence": 0.8517769575119019,
  "uncertainty": 0.14908422365270674
}