{
  "image": "data\\raw\\images\\train\\F_2_1_310.jpg",
  "box": [
    950.3084716796875,
    405.9059143066406,
    1011.01513671875,
    485.5915832519531
  ],
  "class": 7,
  "confidence": 0.7483330965042114,
  "uncertainty": 0.2758767070548597
}