{
  "image": "data\\raw\\images\\train\\F_2_1_588.jpg",
  "box": [
    1561.329833984375,
    359.9905700683594,
    1716.087646484375,
    527.082763671875
  ],
  "class": 7,
  "confidence": 0.38850200176239014,
  "uncertainty": 0.4211327065232326
}