{
  "image": "data\\raw\\images\\train\\F_2_1_969.jpg",
  "box": [
    912.3717041015625,
    465.71954345703125,
    994.8409423828125,
    546.5195922851562
  ],
  "class": 7,
  "confidence": 0.27714672684669495,
  "uncertainty": 0.49923477067806304
}