{
  "image": "data\\raw\\images\\train\\F_2_9_1524.jpg",
  "box": [
    467.8781433105469,
    389.5025939941406,
    720.4835205078125,
    806.7442626953125
  ],
  "class": 5,
  "confidence": 0.5000019073486328,
  "uncertainty": 0.37199118295472244
}