{
  "image": "data\\raw\\images\\train\\F_2_7_2347.jpg",
  "box": [
    576.2803344726562,
    426.6409912109375,
    1552.2755126953125,
    1066.00390625
  ],
  "class": 2,
  "confidence": 0.9048534035682678,
  "uncertainty": 0.1177356931966243
}