{
  "image": "data\\raw\\images\\train\\F_2_5_22.jpg",
  "box": [
    774.5440063476562,
    550.9725341796875,
    862.0523071289062,
    668.61376953125
  ],
  "class": 3,
  "confidence": 0.5909218788146973,
  "uncertainty": 0.39725548436199987
}