{
  "image": "data\\raw\\images\\train\\F_2_1_423.jpg",
  "box": [
    628.9039306640625,
    481.89019775390625,
    672.9166259765625,
    521.6270751953125
  ],
  "class": 2,
  "confidence": 0.6630225777626038,
  "uncertainty": 0.20662792618385342
}