{
  "image": "data\\raw\\images\\train\\F_2_7_134.jpg",
  "box": [
    0.2691192626953125,
    705.5896606445312,
    194.86903381347656,
    1069.88671875
  ],
  "class": 3,
  "confidence": 0.5515713095664978,
  "uncertainty": 0.4260835218926086
}