{
  "image": "data\\raw\\images\\train\\F_2_5_174.jpg",
  "box": [
    717.4966430664062,
    371.7852783203125,
    1044.3094482421875,
    706.010498046875
  ],
  "class": 7,
  "confidence": 0.824627697467804,
  "uncertainty": 0.24278012850571673
}