{
  "image": "data\\raw\\images\\train\\F_2_7_1891.jpg",
  "box": [
    1180.6475830078125,
    428.5316162109375,
    1253.2379150390625,
    574.7005004882812
  ],
  "class": 2,
  "confidence": 0.7037439346313477,
  "uncertainty": 0.3189995131988637
}