{
  "image": "data\\raw\\images\\train\\F_2_9_3026.jpg",
  "box": [
    1156.667724609375,
    503.3844909667969,
    1206.656982421875,
    582.1683349609375
  ],
  "class": 3,
  "confidence": 0.5948181748390198,
  "uncertainty": 0.38323580544021396
}