{
  "image": "data\\raw\\images\\train\\F_2_9_2140.jpg",
  "box": [
    217.830078125,
    423.0641784667969,
    264.4737548828125,
    455.1894836425781
  ],
  "class": 2,
  "confidence": 0.2935931384563446,
  "uncertainty": 0.36613473893718385
}