{
  "image": "data\\raw\\images\\train\\F_2_9_2755.jpg",
  "box": [
    1626.5460205078125,
    506.02056884765625,
    1668.4412841796875,
    581.69580078125
  ],
  "class": 3,
  "confidence": 0.5144696235656738,
  "uncertainty": 0.3982075337610889
}