{
  "image": "data\\raw\\images\\train\\F_2_6_977.jpg",
  "box": [
    1429.590087890625,
    527.1982421875,
    1642.92041015625,
    754.7291259765625
  ],
  "class": 7,
  "confidence": 0.48212262988090515,
  "uncertainty": 0.3831736907537584
}