{
  "image": "data\\raw\\images\\train\\F_2_2_1312.jpg",
  "box": [
    1129.766845703125,
    440.291015625,
    1199.61279296875,
    491.3682861328125
  ],
  "class": 2,
  "confidence": 0.5137122869491577,
  "uncertainty": 0.29330047140651183
}