{
  "image": "data\\raw\\images\\train\\F_2_1_161.jpg",
  "box": [
    511.6758728027344,
    391.625,
    641.2149658203125,
    528.9249267578125
  ],
  "class": 7,
  "confidence": 0.7111369371414185,
  "uncertainty": 0.34772838034088926
}