{
  "image": "data\\raw\\images\\train\\F_2_7_892.jpg",
  "box": [
    574.667236328125,
    414.69561767578125,
    744.4193115234375,
    637.1212158203125
  ],
  "class": 2,
  "confidence": 0.7025763392448425,
  "uncertainty": 0.3313847343432991
}