{
  "image": "data\\raw\\images\\train\\F_2_1_695.jpg",
  "box": [
    507.2921142578125,
    463.95220947265625,
    546.996337890625,
    494.30352783203125
  ],
  "class": 2,
  "confidence": 0.3616071045398712,
  "uncertainty": 0.3852641157352074
}