{
  "image": "data\\raw\\images\\train\\F_2_11_512.jpg",
  "box": [
    707.2509765625,
    397.4779357910156,
    781.3526611328125,
    494.5624694824219
  ],
  "class": 7,
  "confidence": 0.32681041955947876,
  "uncertainty": 0.44577876202113137
}