{
  "image": "data\\raw\\images\\train\\F_2_7_222.jpg",
  "box": [
    809.44189453125,
    476.77777099609375,
    1336.9500732421875,
    1015.99658203125
  ],
  "class": 2,
  "confidence": 0.9068366289138794,
  "uncertainty": 0.20582270896193008
}