{
  "image": "data\\raw\\images\\train\\F_2_2_1434.jpg",
  "box": [
    0.368499755859375,
    473.5235595703125,
    117.40766143798828,
    600.1651611328125
  ],
  "class": 2,
  "confidence": 0.7964398860931396,
  "uncertainty": 0.23360947039707278
}