{
  "image": "data\\raw\\images\\train\\F_2_3_433.jpg",
  "box": [
    494.9001159667969,
    344.5474853515625,
    678.20849609375,
    389.3577880859375
  ],
  "class": 2,
  "confidence": 0.2890666425228119,
  "uncertainty": 0.472949213605374
}