{
  "image": "data\\raw\\images\\train\\F_2_3_281.jpg",
  "box": [
    506.70697021484375,
    524.4306640625,
    584.7246704101562,
    638.2699584960938
  ],
  "class": 3,
  "confidence": 0.7812307476997375,
  "uncertainty": 0.2759544334798064
}