{
  "image": "data\\raw\\images\\train\\F_2_7_1278.jpg",
  "box": [
    654.416015625,
    444.66796875,
    695.4429931640625,
    504.4911804199219
  ],
  "class": 3,
  "confidence": 0.4979259967803955,
  "uncertainty": 0.39462975542881656
}