{
  "image": "data\\raw\\images\\train\\F_2_2_1221.jpg",
  "box": [
    1329.3245849609375,
    648.51953125,
    1511.339111328125,
    861.7520141601562
  ],
  "class": 3,
  "confidence": 0.84158855676651,
  "uncertainty": 0.2547805220405074
}