{
  "image": "data\\raw\\images\\train\\F_2_8_754.jpg",
  "box": [
    1194.140380859375,
    475.177490234375,
    1239.7666015625,
    533.7109985351562
  ],
  "class": 2,
  "confidence": 0.5677585005760193,
  "uncertainty": 0.26616630094804583
}