{
  "image": "data\\raw\\images\\train\\F_2_7_256.jpg",
  "box": [
    1384.8115234375,
    411.00921630859375,
    1729.31787109375,
    489.1649169921875
  ],
  "class": 2,
  "confidence": 0.31474658846855164,
  "uncertainty": 0.4822460256479117
}