{
  "image": "data\\raw\\images\\train\\F_2_11_654.jpg",
  "box": [
    992.4415283203125,
    447.21759033203125,
    1058.50244140625,
    514.7698364257812
  ],
  "class": 2,
  "confidence": 0.42256489396095276,
  "uncertainty": 0.35658852654134937
}