{
  "image": "data\\raw\\images\\train\\F_2_9_2417.jpg",
  "box": [
    1523.6217041015625,
    479.77679443359375,
    1560.703125,
    517.020263671875
  ],
  "class": 2,
  "confidence": 0.29688432812690735,
  "uncertainty": 0.36119239455870805
}