{
  "image": "data\\raw\\images\\train\\F_2_6_478.jpg",
  "box": [
    835.4903564453125,
    439.1692199707031,
    1046.1614990234375,
    644.27392578125
  ],
  "class": 5,
  "confidence": 0.7905139327049255,
  "uncertainty": 0.2573369137004652
}