{
  "image": "data\\raw\\images\\train\\F_2_10_460.jpg",
  "box": [
    888.1710205078125,
    504.4245300292969,
    1056.505615234375,
    637.95458984375
  ],
  "class": 2,
  "confidence": 0.8487244844436646,
  "uncertainty": 0.1522083290347889
}