{
  "image": "data\\raw\\images\\train\\F_2_2_1557.jpg",
  "box": [
    272.0229797363281,
    419.177490234375,
    664.857421875,
    892.30810546875
  ],
  "class": 7,
  "confidence": 0.7873327136039734,
  "uncertainty": 0.2628091975135765
}