{
  "image": "data\\raw\\images\\train\\F_2_1_624.jpg",
  "box": [
    909.4869384765625,
    463.8399658203125,
    1008.7176513671875,
    584.9736938476562
  ],
  "class": 7,
  "confidence": 0.744391143321991,
  "uncertainty": 0.2714349450514316
}