{
  "image": "data\\raw\\images\\train\\F_2_6_64.jpg",
  "box": [
    2.680755615234375,
    517.720947265625,
    199.49400329589844,
    687.7991943359375
  ],
  "class": 7,
  "confidence": 0.35305431485176086,
  "uncertainty": 0.4689416605724113
}