{
  "image": "data\\raw\\images\\train\\F_2_2_238.jpg",
  "box": [
    1517.7103271484375,
    491.6041259765625,
    1807.232666015625,
    699.421142578125
  ],
  "class": 2,
  "confidence": 0.9086071252822876,
  "uncertainty": 0.12810215330290486
}