{
  "image": "data\\raw\\images\\train\\F_2_1_372.jpg",
  "box": [
    837.620361328125,
    493.49774169921875,
    863.1557006835938,
    539.4341430664062
  ],
  "class": 3,
  "confidence": 0.5238730311393738,
  "uncertainty": 0.3780675228994314
}