{
  "image": "data\\raw\\images\\train\\F_2_8_754.jpg",
  "box": [
    1013.6896362304688,
    474.5174560546875,
    1067.72998046875,
    550.562255859375
  ],
  "class": 7,
  "confidence": 0.4697841703891754,
  "uncertainty": 0.37403308127365126
}