{
  "image": "data\\raw\\images\\train\\F_2_2_1440.jpg",
  "box": [
    1060.91064453125,
    432.21502685546875,
    1103.78515625,
    531.8319702148438
  ],
  "class": 2,
  "confidence": 0.5607877969741821,
  "uncertainty": 0.30255598530803973
}