{
  "image": "data\\raw\\images\\train\\F_2_6_1623.jpg",
  "box": [
    1615.3157958984375,
    527.6705932617188,
    1693.9720458984375,
    660.9362182617188
  ],
  "class": 3,
  "confidence": 0.6808624267578125,
  "uncertainty": 0.3218366596318702
}