{
  "image": "data\\raw\\images\\train\\F_2_1_551.jpg",
  "box": [
    588.5654296875,
    447.25762939453125,
    757.2610473632812,
    571.5322265625
  ],
  "class": 2,
  "confidence": 0.7283143401145935,
  "uncertainty": 0.19668720481005342
}