{
  "image": "data\\raw\\images\\train\\F_2_2_129.jpg",
  "box": [
    13.874436378479004,
    457.9288330078125,
    85.7526626586914,
    545.4164428710938
  ],
  "class": 3,
  "confidence": 0.6911322474479675,
  "uncertainty": 0.3191798956300533
}