{
  "image": "data\\raw\\images\\train\\F_2_8_1036.jpg",
  "box": [
    1170.2603759765625,
    482.0256042480469,
    1375.815185546875,
    654.464111328125
  ],
  "class": 2,
  "confidence": 0.858558714389801,
  "uncertainty": 0.20270864539821715
}