{
  "image": "data\\raw\\images\\train\\F_2_9_1397.jpg",
  "box": [
    1542.744140625,
    354.252197265625,
    1919.12548828125,
    606.4274291992188
  ],
  "class": 5,
  "confidence": 0.45265525579452515,
  "uncertainty": 0.47140257271406333
}