{
  "image": "data\\raw\\images\\train\\F_2_2_831.jpg",
  "box": [
    778.8067016601562,
    133.56024169921875,
    1108.56640625,
    632.30810546875
  ],
  "class": 7,
  "confidence": 0.4354110360145569,
  "uncertainty": 0.4208308693222518
}