{
  "image": "data\\raw\\images\\train\\F_2_6_1545.jpg",
  "box": [
    1292.2705078125,
    288.4085998535156,
    1776.8353271484375,
    829.1251831054688
  ],
  "class": 7,
  "confidence": 0.9400075078010559,
  "uncertainty": 0.2571181223831845
}