{
  "image": "data\\raw\\images\\train\\F_2_1_951.jpg",
  "box": [
    598.27099609375,
    438.9236755371094,
    658.6146850585938,
    486.9837341308594
  ],
  "class": 2,
  "confidence": 0.534460186958313,
  "uncertainty": 0.2648342098120803
}