{
  "image": "data\\raw\\images\\train\\F_2_2_129.jpg",
  "box": [
    1623.742431640625,
    515.7152709960938,
    1695.5634765625,
    608.7469482421875
  ],
  "class": 3,
  "confidence": 0.6258321404457092,
  "uncertainty": 0.35329181338734444
}