{
  "image": "data\\raw\\images\\train\\F_2_9_1607.jpg",
  "box": [
    1483.45458984375,
    410.9542236328125,
    1919.6513671875,
    1053.814208984375
  ],
  "class": 2,
  "confidence": 0.6301811933517456,
  "uncertainty": 0.2826880705226915
}