{
  "image": "data\\raw\\images\\train\\F_2_2_1054.jpg",
  "box": [
    621.468017578125,
    382.8701477050781,
    755.2428588867188,
    487.8699645996094
  ],
  "class": 5,
  "confidence": 0.4981568157672882,
  "uncertainty": 0.4287894275318656
}