{
  "image": "data\\raw\\images\\train\\F_2_7_68.jpg",
  "box": [
    832.8753662109375,
    349.9886169433594,
    1012.565185546875,
    451.6502380371094
  ],
  "class": 5,
  "confidence": 0.4150102138519287,
  "uncertainty": 0.4347466978188027
}