{
  "image": "data\\raw\\images\\train\\F_2_1_987.jpg",
  "box": [
    944.091552734375,
    494.668212890625,
    987.4849853515625,
    550.7010498046875
  ],
  "class": 3,
  "confidence": 0.6439831256866455,
  "uncertainty": 0.34185127829241513
}