{
  "image": "data\\raw\\images\\train\\F_2_8_1561.jpg",
  "box": [
    1219.403564453125,
    431.6327819824219,
    1842.65185546875,
    937.946533203125
  ],
  "class": 2,
  "confidence": 0.887470006942749,
  "uncertainty": 0.18159628566861874
}