{
  "image": "data\\raw\\images\\train\\F_2_2_1431.jpg",
  "box": [
    1008.04833984375,
    392.29998779296875,
    1163.5220947265625,
    523.068115234375
  ],
  "class": 2,
  "confidence": 0.8555012345314026,
  "uncertainty": 0.15193455938514133
}