{
  "image": "data\\raw\\images\\train\\F_2_3_500.jpg",
  "box": [
    0.31487274169921875,
    423.491943359375,
    270.3228759765625,
    1066.954345703125
  ],
  "class": 2,
  "confidence": 0.9040564894676208,
  "uncertainty": 0.15456682144394485
}