{
  "image": "data\\raw\\images\\train\\F_2_2_846.jpg",
  "box": [
    973.201171875,
    321.7503662109375,
    1314.63134765625,
    697.0233154296875
  ],
  "class": 7,
  "confidence": 0.780508816242218,
  "uncertainty": 0.2702035933135192
}