{
  "image": "data\\raw\\images\\train\\F_2_2_808.jpg",
  "box": [
    734.73388671875,
    208.91482543945312,
    971.7427368164062,
    546.2686157226562
  ],
  "class": 7,
  "confidence": 0.8331876993179321,
  "uncertainty": 0.26136986407551044
}