{
  "image": "data\\raw\\images\\train\\F_2_2_1674.jpg",
  "box": [
    377.80169677734375,
    434.94696044921875,
    440.6639099121094,
    489.091064453125
  ],
  "class": 2,
  "confidence": 0.32852333784103394,
  "uncertainty": 0.3636910426330851
}