{
  "image": "data\\raw\\images\\train\\F_2_11_376.jpg",
  "box": [
    1048.455078125,
    344.8221130371094,
    1335.498291015625,
    657.8380126953125
  ],
  "class": 7,
  "confidence": 0.9409915208816528,
  "uncertainty": 0.1927985438501124
}