{
  "image": "data\\raw\\images\\train\\F_2_7_60.jpg",
  "box": [
    1763.1148681640625,
    473.0085754394531,
    1850.4114990234375,
    509.41790771484375
  ],
  "class": 2,
  "confidence": 0.34667909145355225,
  "uncertainty": 0.3745392895563832
}