{
  "image": "data\\raw\\images\\train\\F_2_1_372.jpg",
  "box": [
    547.3478393554688,
    628.711181640625,
    663.6568603515625,
    806.3802490234375
  ],
  "class": 3,
  "confidence": 0.735215425491333,
  "uncertainty": 0.3368206435320125
}