{
  "image": "data\\raw\\images\\train\\F_2_6_1090.jpg",
  "box": [
    748.093017578125,
    441.283447265625,
    1229.2138671875,
    842.8389892578125
  ],
  "class": 2,
  "confidence": 0.9211875200271606,
  "uncertainty": 0.13460361123698425
}