{
  "image": "data\\raw\\images\\train\\F_2_1_765.jpg",
  "box": [
    1258.353759765625,
    487.03717041015625,
    1345.648193359375,
    563.925537109375
  ],
  "class": 2,
  "confidence": 0.7504363656044006,
  "uncertainty": 0.18675261500584556
}