{
  "image": "data\\raw\\images\\train\\F_2_1_725.jpg",
  "box": [
    1606.647216796875,
    468.597900390625,
    1662.74853515625,
    517.264404296875
  ],
  "class": 2,
  "confidence": 0.42734935879707336,
  "uncertainty": 0.28634946919231014
}