{
  "image": "data\\raw\\images\\train\\F_2_2_1697.jpg",
  "box": [
    914.2406616210938,
    479.5989990234375,
    992.1751098632812,
    561.8732299804688
  ],
  "class": 2,
  "confidence": 0.464809775352478,
  "uncertainty": 0.35498572367748965
}