{
  "image": "data\\raw\\images\\train\\F_2_2_825.jpg",
  "box": [
    432.42755126953125,
    469.8842468261719,
    575.3759765625,
    627.3170166015625
  ],
  "class": 2,
  "confidence": 0.7604607939720154,
  "uncertainty": 0.21014828186375062
}