{
  "image": "data\\raw\\images\\train\\F_2_2_238.jpg",
  "box": [
    1536.5504150390625,
    445.0881042480469,
    1592.0013427734375,
    511.4845275878906
  ],
  "class": 7,
  "confidence": 0.26270806789398193,
  "uncertainty": 0.4678575680653147
}