{
  "image": "data\\raw\\images\\train\\F_2_2_1458.jpg",
  "box": [
    570.1187744140625,
    465.58251953125,
    607.767333984375,
    518.93505859375
  ],
  "class": 3,
  "confidence": 0.3593968451023102,
  "uncertainty": 0.4514694503068382
}