{
  "image": "data\\raw\\images\\train\\F_2_3_236.jpg",
  "box": [
    537.1846923828125,
    610.921630859375,
    615.0218505859375,
    762.019775390625
  ],
  "class": 3,
  "confidence": 0.6639168858528137,
  "uncertainty": 0.3537107208382146
}