{
  "image": "data\\raw\\images\\train\\F_2_9_2823.jpg",
  "box": [
    729.94482421875,
    439.4555969238281,
    787.7061767578125,
    521.04638671875
  ],
  "class": 7,
  "confidence": 0.30722951889038086,
  "uncertainty": 0.4336010197299013
}