{
  "image": "data\\raw\\images\\train\\F_2_7_521.jpg",
  "box": [
    184.13438415527344,
    427.89349365234375,
    515.4388427734375,
    619.4647216796875
  ],
  "class": 2,
  "confidence": 0.3083439767360687,
  "uncertainty": 0.49090309516831454
}