{
  "image": "data\\raw\\images\\train\\F_2_1_1084.jpg",
  "box": [
    1407.3388671875,
    365.7484130859375,
    1659.541015625,
    566.5645751953125
  ],
  "class": 5,
  "confidence": 0.8796323537826538,
  "uncertainty": 0.19540996741397973
}