{
  "image": "data\\raw\\images\\train\\F_2_5_206.jpg",
  "box": [
    707.9217529296875,
    571.254638671875,
    805.1201171875,
    729.992431640625
  ],
  "class": 3,
  "confidence": 0.7218111753463745,
  "uncertainty": 0.34543850898474754
}