{
  "image": "data\\raw\\images\\train\\F_2_2_446.jpg",
  "box": [
    1416.03466796875,
    379.67724609375,
    1607.513916015625,
    451.3080139160156
  ],
  "class": 5,
  "confidence": 0.7610287666320801,
  "uncertainty": 0.25664472988737574
}