{
  "image": "data\\raw\\images\\train\\F_2_7_435.jpg",
  "box": [
    727.6290893554688,
    427.55035400390625,
    935.7149047851562,
    550.7308959960938
  ],
  "class": 2,
  "confidence": 0.47483474016189575,
  "uncertainty": 0.4079155575094463
}