{
  "image": "data\\raw\\images\\train\\F_2_4_42.jpg",
  "box": [
    661.1544189453125,
    462.25128173828125,
    707.0235595703125,
    532.26318359375
  ],
  "class": 3,
  "confidence": 0.5900928974151611,
  "uncertainty": 0.37336330985004385
}