{
  "image": "data\\raw\\images\\train\\F_2_7_1759.jpg",
  "box": [
    362.4947204589844,
    620.0958862304688,
    744.53369140625,
    915.1278076171875
  ],
  "class": 2,
  "confidence": 0.9024615287780762,
  "uncertainty": 0.13188844288625853
}