{
  "image": "data\\raw\\images\\train\\F_2_9_3026.jpg",
  "box": [
    1332.45556640625,
    302.4779052734375,
    1635.911865234375,
    627.727783203125
  ],
  "class": 7,
  "confidence": 0.8753154277801514,
  "uncertainty": 0.2340228427886883
}