{
  "image": "data\\raw\\images\\train\\F_2_1_298.jpg",
  "box": [
    1381.602783203125,
    219.43167114257812,
    1596.108154296875,
    443.3272705078125
  ],
  "class": 7,
  "confidence": 0.33627039194107056,
  "uncertainty": 0.4588256264679383
}