{
  "image": "data\\raw\\images\\train\\F_2_2_822.jpg",
  "box": [
    596.7596435546875,
    643.5440063476562,
    751.2269897460938,
    863.4085693359375
  ],
  "class": 3,
  "confidence": 0.8446637988090515,
  "uncertainty": 0.259671813076888
}