{
  "image": "data\\raw\\images\\train\\F_2_5_293.jpg",
  "box": [
    779.6423950195312,
    620.947509765625,
    896.6303100585938,
    850.84765625
  ],
  "class": 3,
  "confidence": 0.7663915157318115,
  "uncertainty": 0.3206950204878828
}