{
  "image": "data\\raw\\images\\train\\F_2_2_1714.jpg",
  "box": [
    746.63330078125,
    425.5090026855469,
    963.64794921875,
    689.64208984375
  ],
  "class": 7,
  "confidence": 0.7348422408103943,
  "uncertainty": 0.28849937885560806
}