{
  "image": "data\\raw\\images\\train\\F_2_7_2324.jpg",
  "box": [
    612.2393798828125,
    467.5533142089844,
    956.7808227539062,
    776.4669799804688
  ],
  "class": 2,
  "confidence": 0.8201239109039307,
  "uncertainty": 0.2224733318143903
}