{
  "image": "data\\raw\\images\\train\\F_2_3_433.jpg",
  "box": [
    0.9936676025390625,
    81.06733703613281,
    214.13900756835938,
    678.40673828125
  ],
  "class": 5,
  "confidence": 0.9154912829399109,
  "uncertainty": 0.2064777060600429
}