{
  "image": "data\\raw\\images\\train\\F_2_11_391.jpg",
  "box": [
    1046.675537109375,
    448.9930114746094,
    1152.516357421875,
    537.648681640625
  ],
  "class": 2,
  "confidence": 0.8783725500106812,
  "uncertainty": 0.13435668895480496
}