{
  "image": "data\\raw\\images\\train\\F_2_1_843.jpg",
  "box": [
    547.31591796875,
    471.67840576171875,
    594.7410888671875,
    556.6014404296875
  ],
  "class": 3,
  "confidence": 0.5742714405059814,
  "uncertainty": 0.37419396573420477
}