{
  "image": "data\\raw\\images\\train\\F_2_2_1039.jpg",
  "box": [
    423.44195556640625,
    440.5655822753906,
    506.6600341796875,
    526.9461669921875
  ],
  "class": 2,
  "confidence": 0.5521775484085083,
  "uncertainty": 0.3063728125459625
}