{
  "image": "data\\raw\\images\\train\\F_2_1_641.jpg",
  "box": [
    0.49491119384765625,
    470.772705078125,
    101.44976806640625,
    587.4600830078125
  ],
  "class": 2,
  "confidence": 0.49728256464004517,
  "uncertainty": 0.28706602351236166
}