{
  "image": "data\\raw\\images\\train\\F_2_8_1780.jpg",
  "box": [
    162.2572021484375,
    399.95306396484375,
    686.9757080078125,
    718.6492309570312
  ],
  "class": 2,
  "confidence": 0.8013225197792053,
  "uncertainty": 0.37965285414445615
}