{
  "image": "data\\raw\\images\\train\\F_2_7_1802.jpg",
  "box": [
    401.4229431152344,
    425.536376953125,
    610.9322509765625,
    564.326904296875
  ],
  "class": 2,
  "confidence": 0.38277754187583923,
  "uncertainty": 0.49913257592668525
}