{
  "image": "data\\raw\\images\\train\\F_2_2_412.jpg",
  "box": [
    447.38067626953125,
    368.4223937988281,
    474.11663818359375,
    402.0852355957031
  ],
  "class": 2,
  "confidence": 0.28292331099510193,
  "uncertainty": 0.3746102729396699
}