{
  "image": "data\\raw\\images\\train\\F_2_1_60.jpg",
  "box": [
    1661.6328125,
    429.07623291015625,
    1919.2021484375,
    1054.2843017578125
  ],
  "class": 2,
  "confidence": 0.9341491460800171,
  "uncertainty": 0.15621927545658199
}