{
  "image": "data\\raw\\images\\train\\F_2_2_246.jpg",
  "box": [
    963.69677734375,
    466.52667236328125,
    1006.6396484375,
    555.5471801757812
  ],
  "class": 2,
  "confidence": 0.6298871040344238,
  "uncertainty": 0.25531252171294083
}