{
  "image": "data\\raw\\images\\train\\F_2_2_773.jpg",
  "box": [
    1.0623092651367188,
    153.67034912109375,
    224.54293823242188,
    1074.0465087890625
  ],
  "class": 7,
  "confidence": 0.7981439828872681,
  "uncertainty": 0.33636258345135484
}