{
  "image": "data\\raw\\images\\train\\F_2_9_1397.jpg",
  "box": [
    856.7254028320312,
    491.6034851074219,
    1270.683349609375,
    849.4329833984375
  ],
  "class": 2,
  "confidence": 0.9299770593643188,
  "uncertainty": 0.1314525163669617
}