{
  "image": "data\\raw\\images\\train\\F_2_2_798.jpg",
  "box": [
    1072.7919921875,
    478.67724609375,
    1498.8984375,
    860.3992309570312
  ],
  "class": 2,
  "confidence": 0.9278838038444519,
  "uncertainty": 0.13035574672355044
}