{
  "image": "data\\raw\\images\\train\\F_2_7_1652.jpg",
  "box": [
    1695.6917724609375,
    469.2450256347656,
    1775.4400634765625,
    667.151123046875
  ],
  "class": 2,
  "confidence": 0.30508190393447876,
  "uncertainty": 0.46126287848410596
}