{
  "image": "data\\raw\\images\\train\\F_2_7_872.jpg",
  "box": [
    681.0753173828125,
    444.97412109375,
    806.406494140625,
    544.2337646484375
  ],
  "class": 2,
  "confidence": 0.2854308784008026,
  "uncertainty": 0.43899701734929286
}