{
  "image": "data\\raw\\images\\train\\F_2_6_521.jpg",
  "box": [
    284.83966064453125,
    563.4520263671875,
    341.6246032714844,
    674.8222045898438
  ],
  "class": 3,
  "confidence": 0.4064360558986664,
  "uncertainty": 0.4736532837908272
}