{
  "image": "data\\raw\\images\\train\\F_2_7_384.jpg",
  "box": [
    0.3745307922363281,
    604.6444091796875,
    101.60945892333984,
    795.2631225585938
  ],
  "class": 3,
  "confidence": 0.39379289746284485,
  "uncertainty": 0.4313683738457582
}