{
  "image": "data\\raw\\images\\train\\F_2_2_1564.jpg",
  "box": [
    771.9576416015625,
    482.35894775390625,
    1768.7362060546875,
    1069.517822265625
  ],
  "class": 2,
  "confidence": 0.9154725670814514,
  "uncertainty": 0.07802867444138803
}