{
  "image": "data\\raw\\images\\train\\F_2_2_1045.jpg",
  "box": [
    632.9430541992188,
    471.9081115722656,
    705.7977905273438,
    576.7491455078125
  ],
  "class": 2,
  "confidence": 0.5108718276023865,
  "uncertainty": 0.31767890705478813
}