{
  "image": "data\\raw\\images\\train\\F_2_2_815.jpg",
  "box": [
    244.96710205078125,
    613.0194091796875,
    408.2496643066406,
    844.41650390625
  ],
  "class": 3,
  "confidence": 0.6811518669128418,
  "uncertainty": 0.3440039151637216
}