{
  "image": "data\\raw\\images\\train\\F_2_2_98.jpg",
  "box": [
    960.1007080078125,
    406.49005126953125,
    1036.365966796875,
    450.084716796875
  ],
  "class": 7,
  "confidence": 0.3378518223762512,
  "uncertainty": 0.4315677709260716
}