{
  "image": "data\\raw\\images\\train\\F_2_2_197.jpg",
  "box": [
    459.92578125,
    555.96142578125,
    496.1304931640625,
    608.5899658203125
  ],
  "class": 3,
  "confidence": 0.47782206535339355,
  "uncertainty": 0.39380268190910955
}