{
  "image": "data\\raw\\images\\train\\F_2_7_390.jpg",
  "box": [
    0.8868255615234375,
    441.2148742675781,
    685.7326049804688,
    1066.0501708984375
  ],
  "class": 2,
  "confidence": 0.9489007592201233,
  "uncertainty": 0.09588452600932078
}