{
  "image": "data\\raw\\images\\train\\F_2_1_700.jpg",
  "box": [
    446.9850769042969,
    556.4434204101562,
    506.2680358886719,
    642.2224731445312
  ],
  "class": 3,
  "confidence": 0.7245350480079651,
  "uncertainty": 0.3057985261354081
}