{
  "image": "data\\raw\\images\\train\\F_2_7_441.jpg",
  "box": [
    801.5404052734375,
    461.3766174316406,
    1000.9349365234375,
    706.2926025390625
  ],
  "class": 2,
  "confidence": 0.7334378957748413,
  "uncertainty": 0.2612085256227318
}