{
  "image": "data\\raw\\images\\train\\F_2_1_661.jpg",
  "box": [
    1169.65185546875,
    613.1915283203125,
    1369.62548828125,
    915.3319702148438
  ],
  "class": 3,
  "confidence": 0.7399975061416626,
  "uncertainty": 0.35858342467163956
}