{
  "image": "data\\raw\\images\\train\\F_2_11_577.jpg",
  "box": [
    1559.710205078125,
    487.15576171875,
    1611.723388671875,
    537.5784912109375
  ],
  "class": 2,
  "confidence": 0.5402358174324036,
  "uncertainty": 0.2968009208453669
}