{
  "image": "data\\raw\\images\\train\\F_2_7_1650.jpg",
  "box": [
    639.730224609375,
    441.0603332519531,
    1117.4404296875,
    803.5201416015625
  ],
  "class": 2,
  "confidence": 0.8275007009506226,
  "uncertainty": 0.21160593385028215
}