{
  "image": "data\\raw\\images\\train\\F_2_1_339.jpg",
  "box": [
    894.6567993164062,
    422.55267333984375,
    1079.179443359375,
    629.0861206054688
  ],
  "class": 7,
  "confidence": 0.733476996421814,
  "uncertainty": 0.29748852533707987
}