{
  "image": "data\\raw\\images\\train\\F_2_9_2967.jpg",
  "box": [
    904.8275756835938,
    195.18914794921875,
    1334.47021484375,
    735.19189453125
  ],
  "class": 5,
  "confidence": 0.854469895362854,
  "uncertainty": 0.21405008720481988
}