{
  "image": "data\\raw\\images\\train\\F_2_8_789.jpg",
  "box": [
    1079.59765625,
    520.3651733398438,
    1119.8797607421875,
    584.569580078125
  ],
  "class": 3,
  "confidence": 0.5976110696792603,
  "uncertainty": 0.3454008866553986
}