{
  "image": "data\\raw\\images\\train\\F_2_2_911.jpg",
  "box": [
    765.3154296875,
    319.1571960449219,
    1307.7178955078125,
    945.5586547851562
  ],
  "class": 7,
  "confidence": 0.8923384547233582,
  "uncertainty": 0.22043258162777535
}