{
  "image": "data\\raw\\images\\train\\F_2_6_534.jpg",
  "box": [
    752.4462890625,
    490.2081298828125,
    801.7950439453125,
    570.8981323242188
  ],
  "class": 3,
  "confidence": 0.6561295390129089,
  "uncertainty": 0.354570645916453
}