{
  "image": "data\\raw\\images\\train\\F_2_1_1080.jpg",
  "box": [
    913.159912109375,
    437.6243591308594,
    1209.177490234375,
    786.1902465820312
  ],
  "class": 7,
  "confidence": 0.7807508707046509,
  "uncertainty": 0.280280393628235
}