{
  "image": "data\\raw\\images\\train\\F_2_2_798.jpg",
  "box": [
    627.2092895507812,
    427.760009765625,
    752.1344604492188,
    478.0745544433594
  ],
  "class": 7,
  "confidence": 0.3361396789550781,
  "uncertainty": 0.4374672817353495
}