{
  "image": "data\\raw\\images\\train\\F_2_2_1073.jpg",
  "box": [
    888.7494506835938,
    413.121337890625,
    957.7714233398438,
    468.42047119140625
  ],
  "class": 5,
  "confidence": 0.2774398922920227,
  "uncertainty": 0.45110682397174934
}