{
  "image": "data\\raw\\images\\train\\F_2_3_293.jpg",
  "box": [
    573.1821899414062,
    331.6077880859375,
    718.7581787109375,
    481.8436279296875
  ],
  "class": 7,
  "confidence": 0.2704380750656128,
  "uncertainty": 0.494411383973296
}