{
  "image": "data\\raw\\images\\train\\F_2_7_1759.jpg",
  "box": [
    0.8754730224609375,
    599.4669189453125,
    416.6844177246094,
    1068.188720703125
  ],
  "class": 2,
  "confidence": 0.940436601638794,
  "uncertainty": 0.11355930795258101
}