{
  "image": "data\\raw\\images\\train\\F_2_7_1656.jpg",
  "box": [
    1682.8568115234375,
    436.91693115234375,
    1747.1766357421875,
    494.28131103515625
  ],
  "class": 2,
  "confidence": 0.26285606622695923,
  "uncertainty": 0.4226358098090819
}