{
  "image": "data\\raw\\images\\train\\F_2_6_567.jpg",
  "box": [
    375.4649963378906,
    608.1573486328125,
    451.8966979980469,
    790.7596435546875
  ],
  "class": 3,
  "confidence": 0.6250951290130615,
  "uncertainty": 0.34585808874420204
}