{
  "image": "data\\raw\\images\\train\\F_2_2_840.jpg",
  "box": [
    769.2347412109375,
    313.94293212890625,
    1064.8953857421875,
    620.4640502929688
  ],
  "class": 5,
  "confidence": 0.8722003698348999,
  "uncertainty": 0.25385855686707626
}