{
  "image": "data\\raw\\images\\train\\F_2_1_9.jpg",
  "box": [
    729.0228271484375,
    282.0143737792969,
    1173.634521484375,
    416.8829040527344
  ],
  "class": 5,
  "confidence": 0.7232818007469177,
  "uncertainty": 0.3197964322061163
}