{
  "image": "data\\raw\\images\\train\\F_2_2_1008.jpg",
  "box": [
    401.0129699707031,
    416.1492919921875,
    648.440673828125,
    586.7164306640625
  ],
  "class": 7,
  "confidence": 0.832241952419281,
  "uncertainty": 0.25931462946797446
}