{
  "image": "data\\raw\\images\\train\\F_2_1_957.jpg",
  "box": [
    866.4898681640625,
    441.4478759765625,
    1285.962158203125,
    803.9796752929688
  ],
  "class": 2,
  "confidence": 0.9189690947532654,
  "uncertainty": 0.13614350575701134
}