{
  "image": "data\\raw\\images\\train\\F_2_11_467.jpg",
  "box": [
    928.3314208984375,
    519.7164916992188,
    980.949951171875,
    596.4173583984375
  ],
  "class": 3,
  "confidence": 0.5462996959686279,
  "uncertainty": 0.3727178413373228
}