{
  "image": "data\\raw\\images\\train\\F_2_1_802.jpg",
  "box": [
    1084.262451171875,
    429.77801513671875,
    1142.4202880859375,
    503.6159362792969
  ],
  "class": 7,
  "confidence": 0.26036375761032104,
  "uncertainty": 0.4845528486912378
}