{
  "image": "data\\raw\\images\\train\\F_2_8_1772.jpg",
  "box": [
    1190.955810546875,
    431.8349304199219,
    1250.098388671875,
    527.231201171875
  ],
  "class": 3,
  "confidence": 0.7417991757392883,
  "uncertainty": 0.3251973821919266
}