{
  "image": "data\\raw\\images\\train\\F_2_8_946.jpg",
  "box": [
    1.3674774169921875,
    746.1119384765625,
    414.8962097167969,
    1069.051025390625
  ],
  "class": 3,
  "confidence": 0.5258529782295227,
  "uncertainty": 0.4453774934540479
}