{
  "image": "data\\raw\\images\\train\\F_2_2_1588.jpg",
  "box": [
    858.373046875,
    429.2010498046875,
    1176.02392578125,
    766.166748046875
  ],
  "class": 2,
  "confidence": 0.9069114327430725,
  "uncertainty": 0.16091049117496375
}