{
  "image": "data\\raw\\images\\train\\F_2_1_454.jpg",
  "box": [
    860.7097778320312,
    443.0241394042969,
    952.0673217773438,
    561.2393188476562
  ],
  "class": 2,
  "confidence": 0.7068706750869751,
  "uncertainty": 0.23318587414562625
}