{
  "image": "data\\raw\\images\\train\\F_2_11_465.jpg",
  "box": [
    1570.3209228515625,
    449.2023010253906,
    1662.7093505859375,
    489.9815368652344
  ],
  "class": 2,
  "confidence": 0.40403497219085693,
  "uncertainty": 0.4086918718384424
}