{
  "image": "data\\raw\\images\\train\\F_2_2_765.jpg",
  "box": [
    1756.918701171875,
    459.34930419921875,
    1919.4765625,
    605.2769775390625
  ],
  "class": 5,
  "confidence": 0.4202798306941986,
  "uncertainty": 0.41146978078898944
}