{
  "image": "data\\raw\\images\\train\\F_2_5_154.jpg",
  "box": [
    217.6150360107422,
    399.2713623046875,
    416.08392333984375,
    646.7830810546875
  ],
  "class": 2,
  "confidence": 0.27696430683135986,
  "uncertainty": 0.3781721922299701
}