{
  "image": "data\\raw\\images\\train\\F_2_2_197.jpg",
  "box": [
    144.509033203125,
    479.4381408691406,
    244.18492126464844,
    598.059326171875
  ],
  "class": 7,
  "confidence": 0.6614700555801392,
  "uncertainty": 0.32435939539665287
}