{
  "image": "data\\raw\\images\\train\\F_2_4_876.jpg",
  "box": [
    871.8724365234375,
    453.68060302734375,
    994.1905517578125,
    489.220458984375
  ],
  "class": 2,
  "confidence": 0.2797706425189972,
  "uncertainty": 0.39570655760570517
}