{
  "image": "data\\raw\\images\\train\\F_2_1_164.jpg",
  "box": [
    612.0245361328125,
    492.7995300292969,
    665.8086547851562,
    563.7750244140625
  ],
  "class": 3,
  "confidence": 0.6442911028862,
  "uncertainty": 0.3500554388951563
}