{
  "image": "data\\raw\\images\\train\\F_2_6_950.jpg",
  "box": [
    1274.62890625,
    686.2011108398438,
    1435.853515625,
    903.6168823242188
  ],
  "class": 3,
  "confidence": 0.6897890567779541,
  "uncertainty": 0.3106174207525779
}