{
  "image": "data\\raw\\images\\train\\F_2_9_339.jpg",
  "box": [
    1065.0478515625,
    446.6860656738281,
    1115.09423828125,
    482.8017883300781
  ],
  "class": 2,
  "confidence": 0.2626567482948303,
  "uncertainty": 0.41032381352192326
}