{
  "image": "data\\raw\\images\\train\\F_2_11_646.jpg",
  "box": [
    910.3165283203125,
    445.579833984375,
    994.60986328125,
    573.2371215820312
  ],
  "class": 7,
  "confidence": 0.7482443451881409,
  "uncertainty": 0.28665873136181025
}