{
  "image": "data\\raw\\images\\train\\F_2_9_975.jpg",
  "box": [
    502.09222412109375,
    433.55181884765625,
    922.263427734375,
    937.8484497070312
  ],
  "class": 7,
  "confidence": 0.7010813355445862,
  "uncertainty": 0.3015471419152024
}