{
  "image": "data\\raw\\images\\train\\F_2_2_1086.jpg",
  "box": [
    1291.8896484375,
    614.9052734375,
    1409.8699951171875,
    810.8106079101562
  ],
  "class": 3,
  "confidence": 0.7437713146209717,
  "uncertainty": 0.3250599367139728
}