{
  "image": "data\\raw\\images\\train\\F_2_6_859.jpg",
  "box": [
    1.1931610107421875,
    307.6933288574219,
    337.39959716796875,
    1065.094482421875
  ],
  "class": 7,
  "confidence": 0.7170039415359497,
  "uncertainty": 0.27396848701086945
}