{
  "image": "data\\raw\\images\\train\\F_2_2_966.jpg",
  "box": [
    961.991455078125,
    444.0332336425781,
    1075.04052734375,
    538.9483642578125
  ],
  "class": 2,
  "confidence": 0.8121668100357056,
  "uncertainty": 0.16040703571207046
}