{
  "image": "data\\raw\\images\\train\\F_2_2_968.jpg",
  "box": [
    775.6365966796875,
    424.3318176269531,
    948.1728515625,
    572.2171630859375
  ],
  "class": 2,
  "confidence": 0.8374247550964355,
  "uncertainty": 0.1504447355157384
}