{
  "image": "data\\raw\\images\\train\\F_2_1_659.jpg",
  "box": [
    1382.954345703125,
    497.1773986816406,
    1431.066650390625,
    542.3134765625
  ],
  "class": 2,
  "confidence": 0.6851567029953003,
  "uncertainty": 0.2192412078210017
}