{
  "image": "data\\raw\\images\\train\\F_2_2_745.jpg",
  "box": [
    43.3604736328125,
    472.07061767578125,
    1842.566162109375,
    1069.215087890625
  ],
  "class": 2,
  "confidence": 0.9529370069503784,
  "uncertainty": 0.12624851392515413
}