{
  "image": "data\\raw\\images\\train\\F_2_1_742.jpg",
  "box": [
    1233.1153564453125,
    482.3008117675781,
    1285.9947509765625,
    539.2146606445312
  ],
  "class": 2,
  "confidence": 0.5673708915710449,
  "uncertainty": 0.27885575102617366
}