{
  "image": "data\\raw\\images\\train\\F_2_2_1201.jpg",
  "box": [
    622.824462890625,
    414.55718994140625,
    722.2305908203125,
    442.9219665527344
  ],
  "class": 2,
  "confidence": 0.2616473138332367,
  "uncertainty": 0.46412703929069676
}