{
  "image": "data\\raw\\images\\train\\F_2_2_939.jpg",
  "box": [
    1220.0079345703125,
    518.9193115234375,
    1284.7130126953125,
    593.800537109375
  ],
  "class": 2,
  "confidence": 0.553332507610321,
  "uncertainty": 0.263607620980676
}