{
  "image": "data\\raw\\images\\train\\F_2_1_1131.jpg",
  "box": [
    1196.759033203125,
    578.613037109375,
    1328.0712890625,
    777.3837890625
  ],
  "class": 3,
  "confidence": 0.8155881762504578,
  "uncertainty": 0.2791111158597648
}