{
  "image": "data\\raw\\images\\train\\F_2_1_765.jpg",
  "box": [
    1225.9229736328125,
    495.4263916015625,
    1255.150634765625,
    541.722412109375
  ],
  "class": 2,
  "confidence": 0.5266920328140259,
  "uncertainty": 0.27140742587592204
}