{
  "image": "data\\raw\\images\\train\\F_2_11_324.jpg",
  "box": [
    1143.3857421875,
    434.2037658691406,
    1172.476806640625,
    467.8816223144531
  ],
  "class": 2,
  "confidence": 0.5390138030052185,
  "uncertainty": 0.262737783024083
}