{
  "image": "data\\raw\\images\\train\\F_2_1_951.jpg",
  "box": [
    664.6883544921875,
    445.5661926269531,
    710.5552978515625,
    559.1511840820312
  ],
  "class": 5,
  "confidence": 0.4297815263271332,
  "uncertainty": 0.40589085737306274
}