{
  "image": "data\\raw\\images\\train\\F_2_3_197.jpg",
  "box": [
    805.0695190429688,
    331.8851623535156,
    861.27099609375,
    395.65576171875
  ],
  "class": 7,
  "confidence": 0.5477529764175415,
  "uncertainty": 0.36087727160098126
}