{
  "image": "data\\raw\\images\\train\\F_2_7_1834.jpg",
  "box": [
    1.5266876220703125,
    4.2615966796875,
    229.1415252685547,
    1054.811767578125
  ],
  "class": 5,
  "confidence": 0.8886463046073914,
  "uncertainty": 0.17305884592048204
}