{
  "image": "data\\raw\\images\\train\\F_2_6_283.jpg",
  "box": [
    640.166015625,
    503.4440002441406,
    837.9226684570312,
    655.2591552734375
  ],
  "class": 3,
  "confidence": 0.7651057243347168,
  "uncertainty": 0.32775525391445454
}