{
  "image": "data\\raw\\images\\train\\F_2_2_104.jpg",
  "box": [
    350.6944580078125,
    416.4158935546875,
    458.25030517578125,
    477.38909912109375
  ],
  "class": 5,
  "confidence": 0.41970834136009216,
  "uncertainty": 0.4309360466267906
}