{
  "image": "data\\raw\\images\\train\\F_2_8_1070.jpg",
  "box": [
    881.829345703125,
    511.68145751953125,
    1128.707275390625,
    723.0488891601562
  ],
  "class": 2,
  "confidence": 0.9127978086471558,
  "uncertainty": 0.13902572235000898
}