{
  "image": "data\\raw\\images\\train\\F_2_1_742.jpg",
  "box": [
    419.7347717285156,
    508.3878479003906,
    472.6478576660156,
    555.6077880859375
  ],
  "class": 3,
  "confidence": 0.34190067648887634,
  "uncertainty": 0.48495770845273223
}