{
  "image": "data\\raw\\images\\train\\F_2_1_788.jpg",
  "box": [
    1070.0614013671875,
    455.2524719238281,
    1108.0733642578125,
    494.1343688964844
  ],
  "class": 2,
  "confidence": 0.4160524606704712,
  "uncertainty": 0.3047891229644934
}