{
  "image": "data\\raw\\images\\train\\F_2_1_264.jpg",
  "box": [
    564.9803466796875,
    453.0587158203125,
    611.626953125,
    486.7098388671875
  ],
  "class": 2,
  "confidence": 0.251931756734848,
  "uncertainty": 0.4221526784527182
}