{
  "image": "data\\raw\\images\\train\\F_2_7_188.jpg",
  "box": [
    949.1127319335938,
    429.0482482910156,
    1082.818359375,
    493.3166198730469
  ],
  "class": 2,
  "confidence": 0.5298808813095093,
  "uncertainty": 0.28711616597526646
}