{
  "image": "data\\raw\\images\\train\\F_2_7_382.jpg",
  "box": [
    1067.739501953125,
    453.58758544921875,
    1431.019287109375,
    735.6732177734375
  ],
  "class": 2,
  "confidence": 0.2507615387439728,
  "uncertainty": 0.42394345308271203
}