{
  "image": "data\\raw\\images\\train\\F_2_7_409.jpg",
  "box": [
    659.228271484375,
    930.9649658203125,
    972.0184326171875,
    1075.4366455078125
  ],
  "class": 3,
  "confidence": 0.44530031085014343,
  "uncertainty": 0.4841630311112354
}