{
  "image": "data\\raw\\images\\train\\F_2_4_207.jpg",
  "box": [
    1122.715087890625,
    325.1022033691406,
    1831.222900390625,
    971.521728515625
  ],
  "class": 2,
  "confidence": 0.9089643955230713,
  "uncertainty": 0.14341205106453475
}