{
  "image": "data\\raw\\images\\train\\F_2_1_60.jpg",
  "box": [
    1434.797607421875,
    452.1622009277344,
    1687.7889404296875,
    648.556884765625
  ],
  "class": 2,
  "confidence": 0.919308602809906,
  "uncertainty": 0.13473985830165736
}