{
  "image": "data\\raw\\images\\train\\F_2_1_251.jpg",
  "box": [
    987.279052734375,
    552.282958984375,
    1176.5643310546875,
    885.5026245117188
  ],
  "class": 3,
  "confidence": 0.560685396194458,
  "uncertainty": 0.39597664415012285
}