{
  "image": "data\\raw\\images\\train\\F_2_1_495.jpg",
  "box": [
    110.81000518798828,
    414.917724609375,
    236.89404296875,
    486.70330810546875
  ],
  "class": 2,
  "confidence": 0.3785623013973236,
  "uncertainty": 0.4504877591931582
}