{
  "image": "data\\raw\\images\\train\\F_2_1_417.jpg",
  "box": [
    1098.87060546875,
    423.1068420410156,
    1166.6343994140625,
    497.7944641113281
  ],
  "class": 7,
  "confidence": 0.4939654469490051,
  "uncertainty": 0.3650117281056337
}