{
  "image": "data\\raw\\images\\train\\F_2_9_2140.jpg",
  "box": [
    152.78497314453125,
    432.56964111328125,
    231.9178466796875,
    474.95928955078125
  ],
  "class": 2,
  "confidence": 0.4746583104133606,
  "uncertainty": 0.32200014135172833
}