{
  "image": "data\\raw\\images\\train\\F_2_9_3016.jpg",
  "box": [
    1502.415283203125,
    262.607666015625,
    1754.31640625,
    553.3111572265625
  ],
  "class": 7,
  "confidence": 0.9227840304374695,
  "uncertainty": 0.21215007521678325
}