{
  "image": "data\\raw\\images\\train\\F_2_8_1733.jpg",
  "box": [
    1126.66943359375,
    428.6043701171875,
    1157.8485107421875,
    464.2442626953125
  ],
  "class": 7,
  "confidence": 0.26077955961227417,
  "uncertainty": 0.48560579727640535
}