{
  "image": "data\\raw\\images\\train\\F_2_2_845.jpg",
  "box": [
    1777.68310546875,
    214.07958984375,
    1918.88818359375,
    1067.503173828125
  ],
  "class": 7,
  "confidence": 0.8359375,
  "uncertainty": 0.316985133421007
}