{
  "image": "data\\raw\\images\\train\\F_2_9_1916.jpg",
  "box": [
    288.76934814453125,
    450.15289306640625,
    344.8060302734375,
    494.9761962890625
  ],
  "class": 2,
  "confidence": 0.5022344589233398,
  "uncertainty": 0.27006928769892957
}