{
  "image": "data\\raw\\images\\train\\F_2_7_110.jpg",
  "box": [
    384.3223571777344,
    492.0658264160156,
    482.5882873535156,
    562.931884765625
  ],
  "class": 2,
  "confidence": 0.3077898323535919,
  "uncertainty": 0.436434517976942
}