{
  "image": "data\\raw\\images\\train\\F_2_2_1696.jpg",
  "box": [
    918.8809204101562,
    596.5314331054688,
    1033.00732421875,
    763.8046875
  ],
  "class": 3,
  "confidence": 0.8240342140197754,
  "uncertainty": 0.25761397701544786
}