{
  "image": "data\\raw\\images\\train\\F_2_9_199.jpg",
  "box": [
    866.5286865234375,
    418.1361083984375,
    976.951904296875,
    512.45458984375
  ],
  "class": 7,
  "confidence": 0.4549528956413269,
  "uncertainty": 0.4713714938265475
}