{
  "image": "data\\raw\\images\\train\\F_2_7_346.jpg",
  "box": [
    201.4376678466797,
    369.558837890625,
    494.29595947265625,
    481.98394775390625
  ],
  "class": 7,
  "confidence": 0.4991741180419922,
  "uncertainty": 0.37389788770637683
}