{
  "image": "data\\raw\\images\\train\\F_2_4_972.jpg",
  "box": [
    510.76092529296875,
    490.7352294921875,
    700.8771362304688,
    636.884521484375
  ],
  "class": 2,
  "confidence": 0.8910999298095703,
  "uncertainty": 0.12627152046732723
}