{
  "image": "data\\raw\\images\\train\\F_2_1_1084.jpg",
  "box": [
    743.18798828125,
    438.054931640625,
    807.6171875,
    579.4616088867188
  ],
  "class": 2,
  "confidence": 0.57399582862854,
  "uncertainty": 0.31496604932419897
}