{
  "image": "data\\raw\\images\\train\\F_2_6_145.jpg",
  "box": [
    393.72784423828125,
    463.20263671875,
    501.475341796875,
    609.94921875
  ],
  "class": 7,
  "confidence": 0.28527024388313293,
  "uncertainty": 0.4762207648109046
}