{
  "image": "data\\raw\\images\\train\\F_2_2_1588.jpg",
  "box": [
    1469.94287109375,
    377.2339782714844,
    1611.2958984375,
    447.9418029785156
  ],
  "class": 5,
  "confidence": 0.46257689595222473,
  "uncertainty": 0.37612387358098975
}