{
  "image": "data\\raw\\images\\train\\F_2_1_422.jpg",
  "box": [
    699.176025390625,
    497.52362060546875,
    749.2947998046875,
    571.8119506835938
  ],
  "class": 3,
  "confidence": 0.5290511846542358,
  "uncertainty": 0.37808997329385663
}