{
  "image": "data\\raw\\images\\train\\F_2_1_462.jpg",
  "box": [
    996.4005126953125,
    441.48431396484375,
    1055.4786376953125,
    496.1210632324219
  ],
  "class": 2,
  "confidence": 0.7159601449966431,
  "uncertainty": 0.2013505230718741
}