{
  "image": "data\\raw\\images\\train\\F_2_2_1489.jpg",
  "box": [
    211.50865173339844,
    725.8350830078125,
    374.639404296875,
    835.8280029296875
  ],
  "class": 2,
  "confidence": 0.5980043411254883,
  "uncertainty": 0.2914590252330337
}