{
  "image": "data\\raw\\images\\train\\F_2_1_552.jpg",
  "box": [
    516.4888305664062,
    421.6541748046875,
    718.385986328125,
    569.0703735351562
  ],
  "class": 7,
  "confidence": 0.761018693447113,
  "uncertainty": 0.2794681757840643
}