{
  "image": "data\\raw\\images\\train\\F_2_2_98.jpg",
  "box": [
    309.6318054199219,
    480.4456787109375,
    384.9756774902344,
    595.3632202148438
  ],
  "class": 2,
  "confidence": 0.2711133360862732,
  "uncertainty": 0.4439929190120168
}