{
  "image": "data\\raw\\images\\train\\F_2_6_515.jpg",
  "box": [
    974.2124633789062,
    506.7713928222656,
    1019.852783203125,
    561.49853515625
  ],
  "class": 2,
  "confidence": 0.27300599217414856,
  "uncertainty": 0.41352520134937487
}