{
  "image": "data\\raw\\images\\train\\F_2_2_1205.jpg",
  "box": [
    34.387664794921875,
    440.0752258300781,
    239.14956665039062,
    687.3001098632812
  ],
  "class": 7,
  "confidence": 0.7621472477912903,
  "uncertainty": 0.2717642916968944
}