{
  "image": "data\\raw\\images\\train\\F_2_1_715.jpg",
  "box": [
    683.9718017578125,
    422.9051513671875,
    854.0233154296875,
    630.206787109375
  ],
  "class": 7,
  "confidence": 0.5714985132217407,
  "uncertainty": 0.35089526290444206
}