{
  "image": "data\\raw\\images\\train\\F_2_6_567.jpg",
  "box": [
    1111.322021484375,
    469.11871337890625,
    1171.00439453125,
    572.673583984375
  ],
  "class": 2,
  "confidence": 0.33481094241142273,
  "uncertainty": 0.3502067727930948
}