{
  "image": "data\\raw\\images\\train\\F_2_1_22.jpg",
  "box": [
    1749.1959228515625,
    461.74273681640625,
    1919.1119384765625,
    629.357177734375
  ],
  "class": 2,
  "confidence": 0.9076727628707886,
  "uncertainty": 0.13313686215919454
}