{
  "image": "data\\raw\\images\\train\\F_2_2_346.jpg",
  "box": [
    491.3780822753906,
    552.4125366210938,
    593.05615234375,
    734.35009765625
  ],
  "class": 3,
  "confidence": 0.7782638072967529,
  "uncertainty": 0.297276853977045
}