{
  "image": "data\\raw\\images\\train\\F_2_2_246.jpg",
  "box": [
    988.310302734375,
    414.02374267578125,
    1234.7164306640625,
    719.4653930664062
  ],
  "class": 7,
  "confidence": 0.5503456592559814,
  "uncertainty": 0.3575833624790575
}