{
  "image": "data\\raw\\images\\train\\F_2_1_762.jpg",
  "box": [
    1063.7545166015625,
    466.4156494140625,
    1147.2762451171875,
    556.8505859375
  ],
  "class": 7,
  "confidence": 0.46064242720603943,
  "uncertainty": 0.4190034460000071
}