{
  "image": "data\\raw\\images\\train\\F_2_7_382.jpg",
  "box": [
    1059.88427734375,
    431.59149169921875,
    1287.464599609375,
    678.072509765625
  ],
  "class": 2,
  "confidence": 0.7456035614013672,
  "uncertainty": 0.35903345767568157
}