{
  "image": "data\\raw\\images\\train\\F_2_2_1474.jpg",
  "box": [
    1277.4864501953125,
    422.6858825683594,
    1455.1141357421875,
    792.2230224609375
  ],
  "class": 7,
  "confidence": 0.5152997970581055,
  "uncertainty": 0.427523181495147
}