{
  "image": "data\\raw\\images\\train\\F_2_8_893.jpg",
  "box": [
    1416.924072265625,
    498.220458984375,
    1631.151611328125,
    686.7255859375
  ],
  "class": 2,
  "confidence": 0.8050401210784912,
  "uncertainty": 0.20060679023609918
}