{
  "image": "data\\raw\\images\\train\\F_2_2_1001.jpg",
  "box": [
    895.1512451171875,
    540.2587890625,
    981.070556640625,
    695.9639892578125
  ],
  "class": 3,
  "confidence": 0.6463730335235596,
  "uncertainty": 0.3621621431891439
}