{
  "image": "data\\raw\\images\\train\\F_2_1_56.jpg",
  "box": [
    1005.7391967773438,
    411.49859619140625,
    1225.802978515625,
    608.0775146484375
  ],
  "class": 2,
  "confidence": 0.882668137550354,
  "uncertainty": 0.14609007618651404
}