{
  "image": "data\\raw\\images\\train\\F_2_7_1310.jpg",
  "box": [
    316.5242919921875,
    581.72998046875,
    368.6296691894531,
    658.6248168945312
  ],
  "class": 3,
  "confidence": 0.6685963273048401,
  "uncertainty": 0.3260621837297309
}