{
  "image": "data\\raw\\images\\train\\F_2_1_406.jpg",
  "box": [
    465.1307373046875,
    462.4529113769531,
    543.7457885742188,
    554.8126220703125
  ],
  "class": 7,
  "confidence": 0.730933666229248,
  "uncertainty": 0.2767485190969328
}