{
  "image": "data\\raw\\images\\train\\F_2_9_2995.jpg",
  "box": [
    1159.07421875,
    429.52496337890625,
    1819.656494140625,
    979.78125
  ],
  "class": 2,
  "confidence": 0.9309186935424805,
  "uncertainty": 0.12992776525464317
}