{
  "image": "data\\raw\\images\\train\\F_2_9_3019.jpg",
  "box": [
    1432.3662109375,
    439.03155517578125,
    1620.4515380859375,
    593.9944458007812
  ],
  "class": 2,
  "confidence": 0.8957414627075195,
  "uncertainty": 0.13079909564427938
}