{
  "image": "data\\raw\\images\\train\\F_2_9_2883.jpg",
  "box": [
    810.6022338867188,
    7.35992431640625,
    1918.20166015625,
    1061.75927734375
  ],
  "class": 7,
  "confidence": 0.9117394089698792,
  "uncertainty": 0.1798910362497793
}