{
  "image": "data\\raw\\images\\train\\F_2_6_1430.jpg",
  "box": [
    1399.99169921875,
    390.2823486328125,
    1919.273193359375,
    1069.580810546875
  ],
  "class": 2,
  "confidence": 0.9321901798248291,
  "uncertainty": 0.15006838718692683
}