{
  "image": "data\\raw\\images\\train\\F_2_4_56.jpg",
  "box": [
    254.62083435058594,
    532.754638671875,
    468.76837158203125,
    823.889404296875
  ],
  "class": 3,
  "confidence": 0.5359545350074768,
  "uncertainty": 0.43447879969798286
}