{
  "image": "data\\raw\\images\\train\\F_2_5_183.jpg",
  "box": [
    1442.55078125,
    530.4937744140625,
    1586.3544921875,
    805.5531005859375
  ],
  "class": 3,
  "confidence": 0.46435970067977905,
  "uncertainty": 0.4667359242206799
}