{
  "image": "data\\raw\\images\\train\\F_2_7_686.jpg",
  "box": [
    0.6550025939941406,
    413.1163330078125,
    186.72030639648438,
    868.4983520507812
  ],
  "class": 7,
  "confidence": 0.7702746391296387,
  "uncertainty": 0.2617362406300873
}