{
  "image": "data\\raw\\images\\train\\F_2_7_475.jpg",
  "box": [
    392.41058349609375,
    432.30487060546875,
    587.4120483398438,
    490.23138427734375
  ],
  "class": 2,
  "confidence": 0.34870296716690063,
  "uncertainty": 0.3678575175623144
}