{
  "image": "data\\raw\\images\\train\\F_2_5_328.jpg",
  "box": [
    1321.6959228515625,
    455.89947509765625,
    1457.3258056640625,
    617.6842041015625
  ],
  "class": 7,
  "confidence": 0.3356653153896332,
  "uncertainty": 0.48573640050705325
}