{
  "image": "data\\raw\\images\\train\\F_2_11_170.jpg",
  "box": [
    1733.6077880859375,
    477.6951599121094,
    1886.7747802734375,
    649.3138427734375
  ],
  "class": 2,
  "confidence": 0.8641682267189026,
  "uncertainty": 0.15418519862830693
}