{
  "image": "data\\raw\\images\\train\\F_2_7_2333.jpg",
  "box": [
    545.1802978515625,
    173.85122680664062,
    1079.2000732421875,
    717.9739990234375
  ],
  "class": 5,
  "confidence": 0.9188708066940308,
  "uncertainty": 0.25147442855916374
}