{
  "image": "data\\raw\\images\\train\\F_2_8_1520.jpg",
  "box": [
    1720.10888671875,
    710.19677734375,
    1916.30859375,
    991.3284301757812
  ],
  "class": 3,
  "confidence": 0.8088635802268982,
  "uncertainty": 0.27419422522529474
}