{
  "image": "data\\raw\\images\\train\\F_2_11_646.jpg",
  "box": [
    493.2298583984375,
    496.40338134765625,
    713.189697265625,
    636.9927368164062
  ],
  "class": 7,
  "confidence": 0.6978528499603271,
  "uncertainty": 0.3321257976055883
}