{
  "image": "data\\raw\\images\\train\\F_2_11_467.jpg",
  "box": [
    1405.9061279296875,
    512.2456665039062,
    1428.99609375,
    571.3040161132812
  ],
  "class": 3,
  "confidence": 0.5480124354362488,
  "uncertainty": 0.40102136963073887
}