{
  "image": "data\\raw\\images\\train\\F_2_7_837.jpg",
  "box": [
    919.2528076171875,
    612.1482543945312,
    960.8583984375,
    653.4660034179688
  ],
  "class": 2,
  "confidence": 0.6383647322654724,
  "uncertainty": 0.22220885823275555
}