{
  "image": "data\\raw\\images\\train\\F_2_1_764.jpg",
  "box": [
    1447.8658447265625,
    472.5499267578125,
    1512.462158203125,
    546.0579833984375
  ],
  "class": 7,
  "confidence": 0.3209071159362793,
  "uncertainty": 0.44941855630570715
}