{
  "image": "data\\raw\\images\\train\\F_2_7_864.jpg",
  "box": [
    0.0,
    416.86468505859375,
    413.33514404296875,
    761.4390869140625
  ],
  "class": 2,
  "confidence": 0.9168524146080017,
  "uncertainty": 0.12749069357579443
}