{
  "image": "data\\raw\\images\\train\\F_2_2_485.jpg",
  "box": [
    268.0740966796875,
    552.914306640625,
    317.6620788574219,
    659.4835205078125
  ],
  "class": 3,
  "confidence": 0.4284510016441345,
  "uncertainty": 0.47894302974853986
}