{
  "image": "data\\raw\\images\\train\\F_2_9_2352.jpg",
  "box": [
    380.8348693847656,
    446.75189208984375,
    469.207763671875,
    552.0844116210938
  ],
  "class": 7,
  "confidence": 0.599818229675293,
  "uncertainty": 0.3412235152232067
}