{
  "image": "data\\raw\\images\\train\\F_2_7_437.jpg",
  "box": [
    339.22979736328125,
    630.8966064453125,
    706.8781127929688,
    988.20166015625
  ],
  "class": 3,
  "confidence": 0.6596285104751587,
  "uncertainty": 0.4590018517423951
}