{
  "image": "data\\raw\\images\\train\\F_2_9_2006.jpg",
  "box": [
    695.6749267578125,
    426.4747009277344,
    771.3803100585938,
    505.0009460449219
  ],
  "class": 2,
  "confidence": 0.5483085513114929,
  "uncertainty": 0.3040085618610466
}