{
  "image": "data\\raw\\images\\train\\F_2_2_836.jpg",
  "box": [
    946.8480834960938,
    613.90478515625,
    1083.5703125,
    867.7791137695312
  ],
  "class": 3,
  "confidence": 0.7552201151847839,
  "uncertainty": 0.325367342705552
}