{
  "image": "data\\raw\\images\\train\\F_2_7_242.jpg",
  "box": [
    1553.584716796875,
    357.3994445800781,
    1919.15771484375,
    1067.900146484375
  ],
  "class": 2,
  "confidence": 0.9099640250205994,
  "uncertainty": 0.15658040003918214
}