{
  "image": "data\\raw\\images\\train\\F_2_2_970.jpg",
  "box": [
    875.3519897460938,
    470.01763916015625,
    1036.130615234375,
    616.5635375976562
  ],
  "class": 2,
  "confidence": 0.8101701140403748,
  "uncertainty": 0.16487378295209765
}