{
  "image": "data\\raw\\images\\train\\F_2_5_87.jpg",
  "box": [
    45.348602294921875,
    426.6502990722656,
    175.24331665039062,
    516.889404296875
  ],
  "class": 3,
  "confidence": 0.6692740321159363,
  "uncertainty": 0.3324088132590509
}