{
  "image": "data\\raw\\images\\train\\F_2_6_1498.jpg",
  "box": [
    818.84423828125,
    455.29833984375,
    1022.1658935546875,
    629.5178833007812
  ],
  "class": 2,
  "confidence": 0.8873066902160645,
  "uncertainty": 0.14711386798086784
}