{
  "image": "data\\raw\\images\\train\\F_2_3_119.jpg",
  "box": [
    498.3560485839844,
    435.90582275390625,
    856.8560791015625,
    728.2582397460938
  ],
  "class": 2,
  "confidence": 0.9227122664451599,
  "uncertainty": 0.12697174008152637
}