{
  "image": "data\\raw\\images\\train\\F_2_2_437.jpg",
  "box": [
    1.3523712158203125,
    449.11358642578125,
    421.32427978515625,
    856.1800537109375
  ],
  "class": 2,
  "confidence": 0.9159138798713684,
  "uncertainty": 0.1482693207584439
}