{
  "image": "data\\raw\\images\\train\\F_2_9_862.jpg",
  "box": [
    1227.615966796875,
    422.05023193359375,
    1918.880126953125,
    853.3717041015625
  ],
  "class": 7,
  "confidence": 0.473858118057251,
  "uncertainty": 0.4022801096556697
}