{
  "image": "data\\raw\\images\\train\\F_2_1_880.jpg",
  "box": [
    919.86474609375,
    466.9840393066406,
    963.19189453125,
    513.4879760742188
  ],
  "class": 2,
  "confidence": 0.4842381179332733,
  "uncertainty": 0.30986929840241495
}