{
  "image": "data\\raw\\images\\train\\F_2_3_411.jpg",
  "box": [
    548.9065551757812,
    346.9078674316406,
    1420.5216064453125,
    1065.116943359375
  ],
  "class": 2,
  "confidence": 0.8521204590797424,
  "uncertainty": 0.14637932240051144
}