{
  "image": "data\\raw\\images\\train\\F_2_1_450.jpg",
  "box": [
    1324.0279541015625,
    459.123046875,
    1374.217529296875,
    516.3731689453125
  ],
  "class": 2,
  "confidence": 0.639305591583252,
  "uncertainty": 0.21842841703384705
}