{
  "image": "data\\raw\\images\\train\\F_2_9_1423.jpg",
  "box": [
    960.607177734375,
    456.8111572265625,
    1592.3668212890625,
    981.8867797851562
  ],
  "class": 2,
  "confidence": 0.9426743984222412,
  "uncertainty": 0.1329476051887792
}