{
  "image": "data\\raw\\images\\train\\F_2_6_551.jpg",
  "box": [
    197.41470336914062,
    571.0416870117188,
    270.2928771972656,
    680.688720703125
  ],
  "class": 3,
  "confidence": 0.5768371224403381,
  "uncertainty": 0.36140610739908646
}