{
  "image": "data\\raw\\images\\train\\F_2_9_3013.jpg",
  "box": [
    1846.162353515625,
    463.15411376953125,
    1919.2847900390625,
    633.676025390625
  ],
  "class": 2,
  "confidence": 0.3098633289337158,
  "uncertainty": 0.48563596480086074
}