{
  "image": "data\\raw\\images\\train\\F_2_9_2214.jpg",
  "box": [
    0.9544143676757812,
    268.45465087890625,
    302.2455139160156,
    588.2891845703125
  ],
  "class": 7,
  "confidence": 0.4614609181880951,
  "uncertainty": 0.41629899069787085
}