{
  "image": "data\\raw\\images\\train\\F_2_8_1957.jpg",
  "box": [
    806.4202880859375,
    393.1661682128906,
    1314.452880859375,
    854.900390625
  ],
  "class": 2,
  "confidence": 0.9275241494178772,
  "uncertainty": 0.13102935266969873
}