{
  "image": "data\\raw\\images\\train\\F_2_9_343.jpg",
  "box": [
    747.5025634765625,
    517.0079345703125,
    846.4979248046875,
    610.943359375
  ],
  "class": 3,
  "confidence": 0.47544074058532715,
  "uncertainty": 0.46484985956109004
}