{
  "image": "data\\raw\\images\\train\\F_2_8_1618.jpg",
  "box": [
    1343.858154296875,
    457.4367370605469,
    1766.781494140625,
    715.5906982421875
  ],
  "class": 2,
  "confidence": 0.8308050036430359,
  "uncertainty": 0.21409277791886555
}