{
  "image": "data\\raw\\images\\train\\F_2_1_797.jpg",
  "box": [
    1247.040283203125,
    492.1878662109375,
    1366.2109375,
    605.2349853515625
  ],
  "class": 7,
  "confidence": 0.48055437207221985,
  "uncertainty": 0.38029258915642206
}