{
  "image": "data\\raw\\images\\train\\F_2_7_686.jpg",
  "box": [
    1102.92431640625,
    523.994873046875,
    1297.150390625,
    617.0736083984375
  ],
  "class": 2,
  "confidence": 0.29152438044548035,
  "uncertainty": 0.3958521711812258
}