{
  "image": "data\\raw\\images\\train\\F_2_1_573.jpg",
  "box": [
    773.5361328125,
    499.494384765625,
    815.9881591796875,
    551.7997436523438
  ],
  "class": 3,
  "confidence": 0.5191746950149536,
  "uncertainty": 0.37021355260606237
}