{
  "image": "data\\raw\\images\\train\\F_2_9_2959.jpg",
  "box": [
    68.11398315429688,
    710.4879150390625,
    440.5340576171875,
    1074.2298583984375
  ],
  "class": 3,
  "confidence": 0.7415172457695007,
  "uncertainty": 0.30646493591517343
}