{
  "image": "data\\raw\\images\\train\\F_2_1_890.jpg",
  "box": [
    347.12725830078125,
    437.5643310546875,
    437.3486328125,
    466.26336669921875
  ],
  "class": 2,
  "confidence": 0.29620373249053955,
  "uncertainty": 0.38116140559614503
}