{
  "image": "data\\raw\\images\\train\\F_2_7_403.jpg",
  "box": [
    125.76882934570312,
    390.21331787109375,
    492.91876220703125,
    854.8873291015625
  ],
  "class": 7,
  "confidence": 0.6603905558586121,
  "uncertainty": 0.3627821593478507
}