{
  "image": "data\\raw\\images\\train\\F_2_8_1070.jpg",
  "box": [
    415.3887939453125,
    485.37139892578125,
    614.4024047851562,
    702.62158203125
  ],
  "class": 2,
  "confidence": 0.8406565189361572,
  "uncertainty": 0.25988822588287
}