{
  "image": "data\\raw\\images\\train\\F_2_9_2352.jpg",
  "box": [
    1615.729736328125,
    488.3312072753906,
    1867.547119140625,
    678.4287109375
  ],
  "class": 2,
  "confidence": 0.8809230923652649,
  "uncertainty": 0.14121495300179543
}