{
  "image": "data\\raw\\images\\train\\F_2_6_286.jpg",
  "box": [
    1128.131591796875,
    556.896728515625,
    1247.557861328125,
    676.9400634765625
  ],
  "class": 3,
  "confidence": 0.5406126976013184,
  "uncertainty": 0.4137046443033982
}