{
  "image": "data\\raw\\images\\train\\F_2_1_251.jpg",
  "box": [
    677.726806640625,
    379.7769470214844,
    782.0707397460938,
    464.9466247558594
  ],
  "class": 5,
  "confidence": 0.6189550161361694,
  "uncertainty": 0.3092794563504908
}