{
  "image": "data\\raw\\images\\train\\F_2_7_445.jpg",
  "box": [
    721.0687866210938,
    550.6868896484375,
    812.849853515625,
    701.0523071289062
  ],
  "class": 3,
  "confidence": 0.5467289090156555,
  "uncertainty": 0.4246504583006168
}