{
  "image": "data\\raw\\images\\train\\F_2_2_35.jpg",
  "box": [
    549.0671997070312,
    553.4393310546875,
    610.0094604492188,
    638.7990112304688
  ],
  "class": 3,
  "confidence": 0.7194864153862,
  "uncertainty": 0.30619118561355396
}