{
  "image": "data\\raw\\images\\train\\F_2_9_2991.jpg",
  "box": [
    391.53570556640625,
    454.4233703613281,
    767.4305419921875,
    859.091796875
  ],
  "class": 2,
  "confidence": 0.9288777112960815,
  "uncertainty": 0.1522499551927582
}