{
  "image": "data\\raw\\images\\train\\F_2_8_1258.jpg",
  "box": [
    1555.5693359375,
    654.0906372070312,
    1682.535400390625,
    827.6292114257812
  ],
  "class": 3,
  "confidence": 0.7556036710739136,
  "uncertainty": 0.30872267364102607
}