{
  "image": "data\\raw\\images\\train\\F_2_8_1110.jpg",
  "box": [
    191.06924438476562,
    433.6029968261719,
    440.492919921875,
    787.2416381835938
  ],
  "class": 2,
  "confidence": 0.8814714550971985,
  "uncertainty": 0.15910783911378168
}