{
  "image": "data\\raw\\images\\train\\F_2_7_2343.jpg",
  "box": [
    242.1365203857422,
    699.9790649414062,
    454.076171875,
    1001.022216796875
  ],
  "class": 3,
  "confidence": 0.7961965203285217,
  "uncertainty": 0.2806491621317552
}