{
  "image": "data\\raw\\images\\train\\F_2_4_260.jpg",
  "box": [
    742.52734375,
    172.0320281982422,
    1093.759765625,
    518.6429443359375
  ],
  "class": 7,
  "confidence": 0.578827440738678,
  "uncertainty": 0.34024626036196703
}