{
  "image": "data\\raw\\images\\train\\F_2_7_154.jpg",
  "box": [
    657.5769653320312,
    424.4731750488281,
    807.2947998046875,
    585.1041870117188
  ],
  "class": 2,
  "confidence": 0.3300459384918213,
  "uncertainty": 0.440097831979352
}