{
  "image": "data\\raw\\images\\train\\F_2_2_837.jpg",
  "box": [
    1273.7879638671875,
    575.3303833007812,
    1371.43408203125,
    745.19775390625
  ],
  "class": 3,
  "confidence": 0.6920931339263916,
  "uncertainty": 0.3302396042881856
}