{
  "image": "data\\raw\\images\\train\\F_2_3_14.jpg",
  "box": [
    1724.1309814453125,
    760.0733642578125,
    1919.1580810546875,
    1072.383544921875
  ],
  "class": 3,
  "confidence": 0.4908638596534729,
  "uncertainty": 0.4338970313151421
}