{
  "image": "data\\raw\\images\\train\\F_2_9_2944.jpg",
  "box": [
    1436.0767822265625,
    369.36053466796875,
    1492.9874267578125,
    417.7583312988281
  ],
  "class": 2,
  "confidence": 0.5723974108695984,
  "uncertainty": 0.24838016442214544
}