{
  "image": "data\\raw\\images\\train\\F_2_2_761.jpg",
  "box": [
    476.1214599609375,
    416.1889343261719,
    680.1725463867188,
    461.2026672363281
  ],
  "class": 2,
  "confidence": 0.3739088773727417,
  "uncertainty": 0.4239517306261321
}