{
  "image": "data\\raw\\images\\train\\F_2_8_1935.jpg",
  "box": [
    615.4663696289062,
    369.6719970703125,
    723.0401000976562,
    486.11297607421875
  ],
  "class": 2,
  "confidence": 0.3302583396434784,
  "uncertainty": 0.4702587657320386
}