{
  "image": "data\\raw\\images\\train\\F_2_9_1409.jpg",
  "box": [
    0.5559768676757812,
    356.87713623046875,
    206.37615966796875,
    1067.143798828125
  ],
  "class": 2,
  "confidence": 0.5360479354858398,
  "uncertainty": 0.28341491461384016
}