{
  "image": "data\\raw\\images\\train\\F_2_3_197.jpg",
  "box": [
    814.4393920898438,
    430.67449951171875,
    1063.545654296875,
    745.0358276367188
  ],
  "class": 2,
  "confidence": 0.8655842542648315,
  "uncertainty": 0.22375939001542322
}