{
  "image": "data\\raw\\images\\train\\F_2_1_682.jpg",
  "box": [
    1585.6204833984375,
    489.2511291503906,
    1618.7969970703125,
    542.8421630859375
  ],
  "class": 3,
  "confidence": 0.4885581433773041,
  "uncertainty": 0.38541564298612657
}