{
  "image": "data\\raw\\images\\train\\F_2_6_436.jpg",
  "box": [
    1110.1190185546875,
    634.0665283203125,
    1254.47021484375,
    876.4915771484375
  ],
  "class": 3,
  "confidence": 0.7829214334487915,
  "uncertainty": 0.31647347015863414
}