{
  "image": "data\\raw\\images\\train\\F_2_2_1182.jpg",
  "box": [
    880.0072021484375,
    444.51861572265625,
    984.5501708984375,
    584.3012084960938
  ],
  "class": 5,
  "confidence": 0.37565386295318604,
  "uncertainty": 0.45396193269923035
}