{
  "image": "data\\raw\\images\\train\\F_2_1_802.jpg",
  "box": [
    948.8464965820312,
    455.37908935546875,
    1004.161376953125,
    502.519775390625
  ],
  "class": 2,
  "confidence": 0.30134376883506775,
  "uncertainty": 0.4047164829273775
}