{
  "image": "data\\raw\\images\\train\\F_2_10_174.jpg",
  "box": [
    1134.368896484375,
    369.0555725097656,
    1288.769775390625,
    562.964111328125
  ],
  "class": 7,
  "confidence": 0.8189460039138794,
  "uncertainty": 0.313220978779319
}