{
  "image": "data\\raw\\images\\train\\F_2_8_1772.jpg",
  "box": [
    1124.91015625,
    312.1335754394531,
    1221.841064453125,
    391.4328918457031
  ],
  "class": 2,
  "confidence": 0.7130842208862305,
  "uncertainty": 0.22091176752974676
}