{
  "image": "data\\raw\\images\\train\\F_2_7_134.jpg",
  "box": [
    1064.9190673828125,
    432.401123046875,
    1315.523681640625,
    509.727783203125
  ],
  "class": 2,
  "confidence": 0.36271628737449646,
  "uncertainty": 0.37702664713868983
}