{
  "image": "data\\raw\\images\\train\\F_2_6_977.jpg",
  "box": [
    1621.5523681640625,
    518.826416015625,
    1919.1126708984375,
    870.3462524414062
  ],
  "class": 2,
  "confidence": 0.8857918977737427,
  "uncertainty": 0.14864339355906
}