{
  "image": "data\\raw\\images\\train\\F_2_1_323.jpg",
  "box": [
    690.8150634765625,
    459.48797607421875,
    783.2911376953125,
    564.4257202148438
  ],
  "class": 7,
  "confidence": 0.7100147008895874,
  "uncertainty": 0.29163138732984817
}