{
  "image": "data\\raw\\images\\train\\F_2_7_1630.jpg",
  "box": [
    1014.9292602539062,
    380.641845703125,
    1163.158935546875,
    477.532470703125
  ],
  "class": 2,
  "confidence": 0.3503011465072632,
  "uncertainty": 0.4080696202286998
}