{
  "image": "data\\raw\\images\\train\\F_2_6_1737.jpg",
  "box": [
    728.3238525390625,
    383.81988525390625,
    781.9383544921875,
    443.51141357421875
  ],
  "class": 2,
  "confidence": 0.25202757120132446,
  "uncertainty": 0.4171705484730823
}