{
  "image": "data\\raw\\images\\train\\F_2_1_1131.jpg",
  "box": [
    1.2843017578125,
    347.5440368652344,
    589.607177734375,
    903.4041137695312
  ],
  "class": 2,
  "confidence": 0.6106197237968445,
  "uncertainty": 0.2457284252611992
}