{
  "image": "data\\raw\\images\\train\\F_2_1_675.jpg",
  "box": [
    1.384735107421875,
    359.01068115234375,
    473.2449951171875,
    863.23779296875
  ],
  "class": 7,
  "confidence": 0.9293921589851379,
  "uncertainty": 0.22170095029777026
}