{
  "image": "data\\raw\\images\\train\\F_2_1_180.jpg",
  "box": [
    333.7254943847656,
    445.215087890625,
    456.5621337890625,
    589.3602905273438
  ],
  "class": 7,
  "confidence": 0.6068465709686279,
  "uncertainty": 0.3365019709754456
}