{
  "image": "data\\raw\\images\\train\\F_2_2_306.jpg",
  "box": [
    681.5513916015625,
    455.2319641113281,
    754.911376953125,
    536.6728515625
  ],
  "class": 2,
  "confidence": 0.45899349451065063,
  "uncertainty": 0.307689942863007
}