{
  "image": "data\\raw\\images\\train\\F_2_9_2956.jpg",
  "box": [
    1.2846908569335938,
    700.42236328125,
    259.5265197753906,
    1071.1116943359375
  ],
  "class": 3,
  "confidence": 0.8002333641052246,
  "uncertainty": 0.28141758539627554
}