{
  "image": "data\\raw\\images\\train\\F_2_6_1501.jpg",
  "box": [
    406.4918518066406,
    464.04620361328125,
    483.6850891113281,
    619.9068603515625
  ],
  "class": 2,
  "confidence": 0.5965428352355957,
  "uncertainty": 0.29900282532598293
}