{
  "image": "data\\raw\\images\\train\\F_2_2_311.jpg",
  "box": [
    1547.3397216796875,
    441.378173828125,
    1581.2314453125,
    465.788330078125
  ],
  "class": 2,
  "confidence": 0.4087503254413605,
  "uncertainty": 0.3048239938166568
}