{
  "image": "data\\raw\\images\\train\\F_2_7_138.jpg",
  "box": [
    554.9974975585938,
    468.0253601074219,
    698.5996704101562,
    584.3065185546875
  ],
  "class": 2,
  "confidence": 0.4683353900909424,
  "uncertainty": 0.3530570734195337
}