{
  "image": "data\\raw\\images\\train\\F_2_2_939.jpg",
  "box": [
    886.3870239257812,
    634.0167846679688,
    967.2160034179688,
    762.4302978515625
  ],
  "class": 3,
  "confidence": 0.7669918537139893,
  "uncertainty": 0.29833741354280224
}