{
  "image": "data\\raw\\images\\train\\F_2_2_274.jpg",
  "box": [
    1202.4049072265625,
    482.92303466796875,
    1253.838134765625,
    581.9913330078125
  ],
  "class": 2,
  "confidence": 0.4979894161224365,
  "uncertainty": 0.3105224579106091
}