{
  "image": "data\\raw\\images\\train\\F_2_4_162.jpg",
  "box": [
    1653.4215087890625,
    660.834716796875,
    1727.7249755859375,
    848.7613525390625
  ],
  "class": 3,
  "confidence": 0.7840981483459473,
  "uncertainty": 0.2810390303267572
}