{
  "image": "data\\raw\\images\\train\\F_2_2_96.jpg",
  "box": [
    0.11390304565429688,
    427.7870178222656,
    96.29353332519531,
    534.3935546875
  ],
  "class": 2,
  "confidence": 0.5297542810440063,
  "uncertainty": 0.33222538031766585
}