{
  "image": "data\\raw\\images\\train\\F_2_1_1191.jpg",
  "box": [
    1722.95947265625,
    495.3511047363281,
    1769.05224609375,
    575.0513305664062
  ],
  "class": 3,
  "confidence": 0.393771767616272,
  "uncertainty": 0.4339531102470151
}