{
  "image": "data\\raw\\images\\train\\F_2_9_2271.jpg",
  "box": [
    1753.6025390625,
    416.12420654296875,
    1919.225830078125,
    796.5119018554688
  ],
  "class": 7,
  "confidence": 0.7637386918067932,
  "uncertainty": 0.2939826867846549
}