{
  "image": "data\\raw\\images\\train\\F_2_1_849.jpg",
  "box": [
    1501.81103515625,
    427.5522766113281,
    1658.5001220703125,
    588.3367309570312
  ],
  "class": 2,
  "confidence": 0.29929396510124207,
  "uncertainty": 0.4329722749793178
}