{
  "image": "data\\raw\\images\\train\\F_2_9_1527.jpg",
  "box": [
    1238.668701171875,
    434.86724853515625,
    1419.880859375,
    601.427978515625
  ],
  "class": 2,
  "confidence": 0.8849794864654541,
  "uncertainty": 0.13111062818089242
}