{
  "image": "data\\raw\\images\\train\\F_2_11_734.jpg",
  "box": [
    1098.576171875,
    508.6029052734375,
    1138.070556640625,
    547.7237548828125
  ],
  "class": 3,
  "confidence": 0.6161397099494934,
  "uncertainty": 0.34247115790749205
}