{
  "image": "data\\raw\\images\\train\\F_2_11_436.jpg",
  "box": [
    1374.505615234375,
    539.51025390625,
    1409.2364501953125,
    560.9780883789062
  ],
  "class": 2,
  "confidence": 0.32779940962791443,
  "uncertainty": 0.3460055769950582
}