{
  "image": "data\\raw\\images\\train\\F_2_1_443.jpg",
  "box": [
    1136.2525634765625,
    403.7806396484375,
    1255.065673828125,
    570.42822265625
  ],
  "class": 5,
  "confidence": 0.7316055297851562,
  "uncertainty": 0.2898670313855666
}