{
  "image": "data\\raw\\images\\train\\F_2_1_362.jpg",
  "box": [
    1135.098388671875,
    441.44915771484375,
    1237.843505859375,
    566.9624633789062
  ],
  "class": 5,
  "confidence": 0.4546507000923157,
  "uncertainty": 0.37051879467305043
}