{
  "image": "data\\raw\\images\\train\\F_2_9_3016.jpg",
  "box": [
    889.8180541992188,
    218.8330535888672,
    1232.58740234375,
    631.3182983398438
  ],
  "class": 7,
  "confidence": 0.9047439098358154,
  "uncertainty": 0.23015270490334744
}