{
  "image": "data\\raw\\images\\train\\F_2_11_392.jpg",
  "box": [
    814.7634887695312,
    465.1513366699219,
    860.7196655273438,
    502.7663269042969
  ],
  "class": 2,
  "confidence": 0.5058264136314392,
  "uncertainty": 0.2577886526655942
}