{
  "image": "data\\raw\\images\\train\\F_2_1_1127.jpg",
  "box": [
    757.0758056640625,
    711.1100463867188,
    973.5097045898438,
    1050.505126953125
  ],
  "class": 3,
  "confidence": 0.8356302380561829,
  "uncertainty": 0.27824809468436984
}