{
  "image": "data\\raw\\images\\train\\F_2_5_247.jpg",
  "box": [
    880.7612915039062,
    682.5429077148438,
    1050.2333984375,
    972.3907470703125
  ],
  "class": 3,
  "confidence": 0.8255533576011658,
  "uncertainty": 0.29783277427684696
}