{
  "image": "data\\raw\\images\\train\\F_2_9_1916.jpg",
  "box": [
    635.31982421875,
    571.1392822265625,
    705.945068359375,
    683.2564697265625
  ],
  "class": 3,
  "confidence": 0.7344732284545898,
  "uncertainty": 0.2876632053076382
}