{
  "image": "data\\raw\\images\\train\\F_2_7_779.jpg",
  "box": [
    1408.0191650390625,
    389.3905334472656,
    1833.7943115234375,
    727.338623046875
  ],
  "class": 2,
  "confidence": 0.9422224164009094,
  "uncertainty": 0.12124463955843362
}