{
  "image": "data\\raw\\images\\train\\F_2_9_434.jpg",
  "box": [
    0.8029632568359375,
    422.66143798828125,
    695.2163696289062,
    1060.7523193359375
  ],
  "class": 2,
  "confidence": 0.9486232399940491,
  "uncertainty": 0.1473244478052038
}