{
  "image": "data\\raw\\images\\train\\F_2_3_500.jpg",
  "box": [
    1270.8072509765625,
    382.66497802734375,
    1784.9219970703125,
    1026.397705078125
  ],
  "class": 7,
  "confidence": 0.7944905757904053,
  "uncertainty": 0.2667685964176161
}