{
  "image": "data\\raw\\images\\train\\F_2_1_116.jpg",
  "box": [
    910.4490966796875,
    276.94427490234375,
    1130.3265380859375,
    566.945556640625
  ],
  "class": 7,
  "confidence": 0.7876119613647461,
  "uncertainty": 0.37364571471843505
}