{
  "image": "data\\raw\\images\\train\\F_2_4_669.jpg",
  "box": [
    0.19363975524902344,
    525.0108032226562,
    57.25770568847656,
    733.202880859375
  ],
  "class": 3,
  "confidence": 0.7442078590393066,
  "uncertainty": 0.2964472251819681
}