{
  "image": "data\\raw\\images\\train\\F_2_3_293.jpg",
  "box": [
    280.9521789550781,
    407.031005859375,
    410.65997314453125,
    515.384033203125
  ],
  "class": 2,
  "confidence": 0.7102384567260742,
  "uncertainty": 0.20526659032346523
}