{
  "image": "data\\raw\\images\\train\\F_2_4_33.jpg",
  "box": [
    786.3627319335938,
    499.6112365722656,
    837.3539428710938,
    585.8988647460938
  ],
  "class": 3,
  "confidence": 0.5113109946250916,
  "uncertainty": 0.41108898932128013
}