{
  "image": "data\\raw\\images\\train\\F_2_2_864.jpg",
  "box": [
    1041.0343017578125,
    426.42926025390625,
    1146.77978515625,
    590.8206787109375
  ],
  "class": 7,
  "confidence": 0.6428429484367371,
  "uncertainty": 0.3134792575206283
}