{
  "image": "data\\raw\\images\\train\\F_2_1_56.jpg",
  "box": [
    916.6270751953125,
    257.1495666503906,
    1142.7864990234375,
    470.8786926269531
  ],
  "class": 7,
  "confidence": 0.7710410952568054,
  "uncertainty": 0.28969857306039354
}