{
  "image": "data\\raw\\images\\train\\F_2_7_483.jpg",
  "box": [
    127.22233581542969,
    468.5999450683594,
    348.65753173828125,
    693.8348388671875
  ],
  "class": 2,
  "confidence": 0.3613273799419403,
  "uncertainty": 0.4238888633386574
}