{
  "image": "data\\raw\\images\\train\\F_2_5_20.jpg",
  "box": [
    264.9919738769531,
    452.1983642578125,
    641.25927734375,
    629.9046020507812
  ],
  "class": 2,
  "confidence": 0.8793835043907166,
  "uncertainty": 0.15023684798247516
}