{
  "image": "data\\raw\\images\\train\\F_2_11_738.jpg",
  "box": [
    1564.3099365234375,
    1.424835205078125,
    1918.6285400390625,
    907.8268432617188
  ],
  "class": 7,
  "confidence": 0.9345331788063049,
  "uncertainty": 0.22433730912135658
}