{
  "image": "data\\raw\\images\\train\\F_2_7_1790.jpg",
  "box": [
    0.7279586791992188,
    384.41510009765625,
    281.85760498046875,
    1069.1400146484375
  ],
  "class": 2,
  "confidence": 0.8505034446716309,
  "uncertainty": 0.18381428454430654
}