{
  "image": "data\\raw\\images\\train\\F_2_2_961.jpg",
  "box": [
    1045.904541015625,
    513.6426391601562,
    1142.451171875,
    592.7897338867188
  ],
  "class": 2,
  "confidence": 0.7305546402931213,
  "uncertainty": 0.19293697989687816
}