{
  "image": "data\\raw\\images\\train\\F_2_3_303.jpg",
  "box": [
    0.3768424987792969,
    454.2889709472656,
    144.13607788085938,
    1068.79443359375
  ],
  "class": 2,
  "confidence": 0.8163251876831055,
  "uncertainty": 0.22468836130057074
}