{
  "image": "data\\raw\\images\\train\\F_2_9_579.jpg",
  "box": [
    564.5798950195312,
    485.2742614746094,
    750.9056396484375,
    672.07568359375
  ],
  "class": 3,
  "confidence": 0.8275077939033508,
  "uncertainty": 0.26964204647759143
}