{
  "image": "data\\raw\\images\\train\\F_2_10_162.jpg",
  "box": [
    871.918212890625,
    426.61376953125,
    970.9683837890625,
    540.8851318359375
  ],
  "class": 7,
  "confidence": 0.6151533126831055,
  "uncertainty": 0.32918732639051823
}