{
  "image": "data\\raw\\images\\train\\F_2_2_1426.jpg",
  "box": [
    1520.2261962890625,
    426.93402099609375,
    1581.9583740234375,
    478.95941162109375
  ],
  "class": 2,
  "confidence": 0.3852737247943878,
  "uncertainty": 0.38540938393091956
}