{
  "image": "data\\raw\\images\\train\\F_2_7_809.jpg",
  "box": [
    327.116943359375,
    570.5592041015625,
    375.9421691894531,
    681.2275390625
  ],
  "class": 3,
  "confidence": 0.575200080871582,
  "uncertainty": 0.3857976040060244
}