{
  "image": "data\\raw\\images\\train\\F_2_1_741.jpg",
  "box": [
    1159.84912109375,
    464.9257507324219,
    1228.7734375,
    526.08837890625
  ],
  "class": 2,
  "confidence": 0.5548567771911621,
  "uncertainty": 0.27152794716843576
}