{
  "image": "data\\raw\\images\\train\\F_2_2_1584.jpg",
  "box": [
    132.60589599609375,
    348.7200622558594,
    269.4410400390625,
    461.9100036621094
  ],
  "class": 7,
  "confidence": 0.4471900761127472,
  "uncertainty": 0.42985859105698004
}