{
  "image": "data\\raw\\images\\train\\F_2_1_958.jpg",
  "box": [
    1733.09130859375,
    455.5267333984375,
    1793.48974609375,
    505.6492919921875
  ],
  "class": 2,
  "confidence": 0.5703631639480591,
  "uncertainty": 0.2708642646774205
}