{
  "image": "data\\raw\\images\\train\\F_2_2_767.jpg",
  "box": [
    1698.6529541015625,
    459.8011779785156,
    1760.4971923828125,
    542.768310546875
  ],
  "class": 3,
  "confidence": 0.4042290449142456,
  "uncertainty": 0.4058343963842878
}