{
  "image": "data\\raw\\images\\train\\F_2_1_174.jpg",
  "box": [
    1547.302490234375,
    490.1177978515625,
    1767.5087890625,
    650.0184326171875
  ],
  "class": 2,
  "confidence": 0.759760856628418,
  "uncertainty": 0.23427352368438126
}