{
  "image": "data\\raw\\images\\train\\F_2_1_893.jpg",
  "box": [
    1182.322021484375,
    433.55712890625,
    1228.260009765625,
    475.90283203125
  ],
  "class": 2,
  "confidence": 0.5930141806602478,
  "uncertainty": 0.25043384332295093
}