{
  "image": "data\\raw\\images\\train\\F_2_9_1658.jpg",
  "box": [
    381.1962890625,
    321.4043273925781,
    1232.937744140625,
    626.6361694335938
  ],
  "class": 5,
  "confidence": 0.6233375072479248,
  "uncertainty": 0.39975880440707307
}