{
  "image": "data\\raw\\images\\train\\F_2_3_311.jpg",
  "box": [
    426.14044189453125,
    411.4212341308594,
    607.825927734375,
    571.3173828125
  ],
  "class": 2,
  "confidence": 0.8805477023124695,
  "uncertainty": 0.16799899497714318
}