{
  "image": "data\\raw\\images\\train\\F_2_2_979.jpg",
  "box": [
    350.01507568359375,
    369.86224365234375,
    499.3222961425781,
    485.31683349609375
  ],
  "class": 7,
  "confidence": 0.4802434742450714,
  "uncertainty": 0.4671258994647327
}