{
  "image": "data\\raw\\images\\train\\F_2_1_765.jpg",
  "box": [
    824.619140625,
    476.39080810546875,
    904.2626953125,
    572.43896484375
  ],
  "class": 7,
  "confidence": 0.7372292876243591,
  "uncertainty": 0.2743332269129093
}