{
  "image": "data\\raw\\images\\train\\F_2_1_537.jpg",
  "box": [
    1526.87841796875,
    481.1743469238281,
    1587.6148681640625,
    578.396240234375
  ],
  "class": 2,
  "confidence": 0.28389614820480347,
  "uncertainty": 0.4727320065730194
}