{
  "image": "data\\raw\\images\\train\\F_2_2_1022.jpg",
  "box": [
    661.3601684570312,
    292.828369140625,
    957.421142578125,
    466.9517822265625
  ],
  "class": 7,
  "confidence": 0.5007672309875488,
  "uncertainty": 0.3767953104896959
}