{
  "image": "data\\raw\\images\\train\\F_2_10_213.jpg",
  "box": [
    527.2130126953125,
    524.642578125,
    732.587890625,
    650.6654663085938
  ],
  "class": 2,
  "confidence": 0.8781782388687134,
  "uncertainty": 0.1374267197071142
}