{
  "image": "data\\raw\\images\\train\\F_2_6_321.jpg",
  "box": [
    1847.9176025390625,
    459.30535888671875,
    1915.0169677734375,
    557.5326538085938
  ],
  "class": 2,
  "confidence": 0.43751463294029236,
  "uncertainty": 0.32551260805754045
}