{
  "image": "data\\raw\\images\\train\\F_2_7_202.jpg",
  "box": [
    1.736297607421875,
    487.98089599609375,
    1038.2177734375,
    1066.53076171875
  ],
  "class": 2,
  "confidence": 0.9199380874633789,
  "uncertainty": 0.11506872097381282
}