{
  "image": "data\\raw\\images\\train\\F_2_2_311.jpg",
  "box": [
    256.84033203125,
    390.0339660644531,
    565.6741943359375,
    745.771484375
  ],
  "class": 7,
  "confidence": 0.7876259088516235,
  "uncertainty": 0.2602317397504963
}