{
  "image": "data\\raw\\images\\train\\F_2_7_744.jpg",
  "box": [
    1440.181640625,
    589.002197265625,
    1627.125,
    828.5556640625
  ],
  "class": 3,
  "confidence": 0.6896827220916748,
  "uncertainty": 0.44685200618811055
}