{
  "image": "data\\raw\\images\\train\\F_2_4_254.jpg",
  "box": [
    185.4191436767578,
    378.5570983886719,
    623.7581787109375,
    801.6820678710938
  ],
  "class": 2,
  "confidence": 0.48127952218055725,
  "uncertainty": 0.3021379103348645
}