{
  "image": "data\\raw\\images\\train\\F_2_7_2005.jpg",
  "box": [
    405.4349670410156,
    364.0107421875,
    527.1469116210938,
    412.2674560546875
  ],
  "class": 5,
  "confidence": 0.29669561982154846,
  "uncertainty": 0.47812132130595403
}