{
  "image": "data\\raw\\images\\train\\F_2_7_817.jpg",
  "box": [
    753.7021484375,
    412.838623046875,
    869.52197265625,
    557.781982421875
  ],
  "class": 2,
  "confidence": 0.7861034274101257,
  "uncertainty": 0.23185358367513237
}