{
  "image": "data\\raw\\images\\train\\F_2_1_390.jpg",
  "box": [
    1736.05517578125,
    538.6867065429688,
    1783.98046875,
    611.9158325195312
  ],
  "class": 3,
  "confidence": 0.41938894987106323,
  "uncertainty": 0.43789950868166194
}