{
  "image": "data\\raw\\images\\train\\F_2_8_1953.jpg",
  "box": [
    381.09930419921875,
    465.04742431640625,
    814.8477783203125,
    899.724609375
  ],
  "class": 3,
  "confidence": 0.8958385586738586,
  "uncertainty": 0.33012497550410863
}