{
  "image": "data\\raw\\images\\train\\F_2_1_762.jpg",
  "box": [
    342.4530029296875,
    495.9875793457031,
    437.8779602050781,
    607.158935546875
  ],
  "class": 7,
  "confidence": 0.5741184949874878,
  "uncertainty": 0.3424233380961729
}