{
  "image": "data\\raw\\images\\train\\F_2_11_170.jpg",
  "box": [
    0.6106796264648438,
    302.5450744628906,
    133.89739990234375,
    550.1749877929688
  ],
  "class": 5,
  "confidence": 0.7791162729263306,
  "uncertainty": 0.24945255496416707
}