{
  "image": "data\\raw\\images\\train\\F_2_8_1618.jpg",
  "box": [
    1532.3956298828125,
    435.365478515625,
    1919.414794921875,
    1067.216552734375
  ],
  "class": 2,
  "confidence": 0.8987247943878174,
  "uncertainty": 0.15500221220411503
}