{
  "image": "data\\raw\\images\\train\\F_2_11_344.jpg",
  "box": [
    860.24560546875,
    477.4767150878906,
    889.1400146484375,
    502.7655944824219
  ],
  "class": 2,
  "confidence": 0.31651386618614197,
  "uncertainty": 0.3457505480806706
}