{
  "image": "data\\raw\\images\\train\\F_2_2_825.jpg",
  "box": [
    535.370849609375,
    564.820068359375,
    624.8681030273438,
    689.396728515625
  ],
  "class": 3,
  "confidence": 0.8098902106285095,
  "uncertainty": 0.26760180961944025
}