{
  "image": "data\\raw\\images\\train\\F_2_7_1304.jpg",
  "box": [
    819.8413696289062,
    424.59832763671875,
    936.7468872070312,
    540.0331420898438
  ],
  "class": 2,
  "confidence": 0.725979208946228,
  "uncertainty": 0.2681968032000019
}