{
  "image": "data\\raw\\images\\train\\F_2_2_328.jpg",
  "box": [
    1320.868408203125,
    440.2890930175781,
    1399.545654296875,
    515.83056640625
  ],
  "class": 2,
  "confidence": 0.7107543349266052,
  "uncertainty": 0.23468804543788596
}