{
  "image": "data\\raw\\images\\train\\F_2_1_143.jpg",
  "box": [
    353.0021667480469,
    666.0917358398438,
    532.014892578125,
    976.96142578125
  ],
  "class": 3,
  "confidence": 0.5946648120880127,
  "uncertainty": 0.39902499259172297
}