{
  "image": "data\\raw\\images\\train\\F_2_7_707.jpg",
  "box": [
    386.048583984375,
    393.6849060058594,
    566.5037841796875,
    553.2694091796875
  ],
  "class": 2,
  "confidence": 0.8767077326774597,
  "uncertainty": 0.14085936229589716
}