{
  "image": "data\\raw\\images\\train\\F_2_1_298.jpg",
  "box": [
    1380.4725341796875,
    204.96551513671875,
    1772.09912109375,
    447.36529541015625
  ],
  "class": 7,
  "confidence": 0.40213942527770996,
  "uncertainty": 0.49414659767794594
}