{
  "image": "data\\raw\\images\\train\\F_2_2_1473.jpg",
  "box": [
    1326.221435546875,
    366.89208984375,
    1799.298095703125,
    913.9693603515625
  ],
  "class": 7,
  "confidence": 0.7326641082763672,
  "uncertainty": 0.294207119328944
}