{
  "image": "data\\raw\\images\\train\\F_2_2_1433.jpg",
  "box": [
    1764.8316650390625,
    563.6768798828125,
    1915.3721923828125,
    747.631591796875
  ],
  "class": 3,
  "confidence": 0.7257100939750671,
  "uncertainty": 0.3066783065082731
}