{
  "image": "data\\raw\\images\\train\\F_2_1_174.jpg",
  "box": [
    1789.695556640625,
    475.6313781738281,
    1919.233154296875,
    642.3380126953125
  ],
  "class": 2,
  "confidence": 0.3245478570461273,
  "uncertainty": 0.3832524063993723
}