{
  "image": "data\\raw\\images\\train\\F_2_1_940.jpg",
  "box": [
    1397.120849609375,
    423.71685791015625,
    1483.64892578125,
    527.4102783203125
  ],
  "class": 7,
  "confidence": 0.6345358490943909,
  "uncertainty": 0.3277567215891769
}