{
  "image": "data\\raw\\images\\train\\F_2_5_154.jpg",
  "box": [
    903.5524291992188,
    452.4756774902344,
    986.4479370117188,
    518.5260009765625
  ],
  "class": 2,
  "confidence": 0.7161232233047485,
  "uncertainty": 0.20935608748057702
}