{
  "image": "data\\raw\\images\\train\\F_2_6_895.jpg",
  "box": [
    1766.846923828125,
    564.29052734375,
    1918.929931640625,
    1067.5712890625
  ],
  "class": 2,
  "confidence": 0.8708095550537109,
  "uncertainty": 0.1720175531912552
}