{
  "image": "data\\raw\\images\\train\\F_2_10_162.jpg",
  "box": [
    484.2864990234375,
    202.97836303710938,
    903.6485595703125,
    667.838623046875
  ],
  "class": 7,
  "confidence": 0.9542015194892883,
  "uncertainty": 0.20573737214136528
}