{
  "image": "data\\raw\\images\\train\\F_2_2_767.jpg",
  "box": [
    1342.052734375,
    469.8602600097656,
    1382.63037109375,
    533.1267700195312
  ],
  "class": 3,
  "confidence": 0.4833245575428009,
  "uncertainty": 0.4053342568150401
}