{
  "image": "data\\raw\\images\\train\\F_2_2_1609.jpg",
  "box": [
    180.85531616210938,
    389.2173156738281,
    309.65008544921875,
    427.2021789550781
  ],
  "class": 2,
  "confidence": 0.29924795031547546,
  "uncertainty": 0.40141521195403684
}