{
  "image": "data\\raw\\images\\train\\F_2_7_138.jpg",
  "box": [
    1087.099853515625,
    462.6441650390625,
    1246.78466796875,
    522.6754760742188
  ],
  "class": 2,
  "confidence": 0.39416974782943726,
  "uncertainty": 0.3370875831749605
}