{
  "image": "data\\raw\\images\\train\\F_2_6_925.jpg",
  "box": [
    508.773681640625,
    471.7876281738281,
    626.957763671875,
    717.35791015625
  ],
  "class": 2,
  "confidence": 0.7805264592170715,
  "uncertainty": 0.18678227999731423
}