{
  "image": "data\\raw\\images\\train\\F_2_3_197.jpg",
  "box": [
    632.1793212890625,
    397.1060485839844,
    755.5521240234375,
    476.1036071777344
  ],
  "class": 7,
  "confidence": 0.38690707087516785,
  "uncertainty": 0.4083234255112532
}