{
  "image": "data\\raw\\images\\train\\F_2_7_1518.jpg",
  "box": [
    714.7344360351562,
    373.8287658691406,
    974.5345458984375,
    557.658935546875
  ],
  "class": 2,
  "confidence": 0.5499005317687988,
  "uncertainty": 0.35328635717778434
}