{
  "image": "data\\raw\\images\\train\\F_2_7_501.jpg",
  "box": [
    2.5406341552734375,
    427.2528991699219,
    230.4902801513672,
    777.9182739257812
  ],
  "class": 2,
  "confidence": 0.2508966624736786,
  "uncertainty": 0.4241873945074731
}