{
  "image": "data\\raw\\images\\train\\F_2_2_1031.jpg",
  "box": [
    659.732666015625,
    429.7115478515625,
    793.4862670898438,
    565.9739990234375
  ],
  "class": 2,
  "confidence": 0.85161292552948,
  "uncertainty": 0.17793962799440732
}