{
  "image": "data\\raw\\images\\train\\F_2_2_1368.jpg",
  "box": [
    0.23896408081054688,
    467.3558349609375,
    135.11915588378906,
    603.8442993164062
  ],
  "class": 2,
  "confidence": 0.7051235437393188,
  "uncertainty": 0.20378646747000562
}