{
  "image": "data\\raw\\images\\train\\F_2_7_1963.jpg",
  "box": [
    865.8982543945312,
    357.19464111328125,
    1387.075927734375,
    850.74609375
  ],
  "class": 2,
  "confidence": 0.9048504829406738,
  "uncertainty": 0.13067810651671
}