{
  "image": "data\\raw\\images\\train\\F_2_10_119.jpg",
  "box": [
    626.4549560546875,
    381.668701171875,
    720.78076171875,
    540.3751220703125
  ],
  "class": 7,
  "confidence": 0.7031192779541016,
  "uncertainty": 0.3168028132688908
}