{
  "image": "data\\raw\\images\\train\\F_2_7_1786.jpg",
  "box": [
    909.8574829101562,
    333.0274658203125,
    1013.5592651367188,
    400.4808654785156
  ],
  "class": 2,
  "confidence": 0.6376515030860901,
  "uncertainty": 0.2979107052627863
}