{
  "image": "data\\raw\\images\\train\\F_2_1_1066.jpg",
  "box": [
    755.6723022460938,
    514.010986328125,
    788.8934326171875,
    564.5816650390625
  ],
  "class": 3,
  "confidence": 0.4950045943260193,
  "uncertainty": 0.39199383978504115
}