{
  "image": "data\\raw\\images\\train\\F_2_7_695.jpg",
  "box": [
    1391.3316650390625,
    542.589599609375,
    1438.546875,
    599.25341796875
  ],
  "class": 3,
  "confidence": 0.32923102378845215,
  "uncertainty": 0.46278361477287794
}