{
  "image": "data\\raw\\images\\train\\F_2_9_2974.jpg",
  "box": [
    578.147705078125,
    352.828125,
    870.746337890625,
    528.6082763671875
  ],
  "class": 7,
  "confidence": 0.6041815876960754,
  "uncertainty": 0.41979648570781153
}