{
  "image": "data\\raw\\images\\train\\F_2_2_311.jpg",
  "box": [
    1295.93798828125,
    517.1912841796875,
    1361.72265625,
    607.4730834960938
  ],
  "class": 3,
  "confidence": 0.7384742498397827,
  "uncertainty": 0.29265447713064535
}