{
  "image": "data\\raw\\images\\train\\F_2_8_983.jpg",
  "box": [
    129.83984375,
    481.5335998535156,
    260.645751953125,
    677.2431640625
  ],
  "class": 3,
  "confidence": 0.40866342186927795,
  "uncertainty": 0.49418204316490233
}