{
  "image": "data\\raw\\images\\train\\F_2_7_182.jpg",
  "box": [
    0.5099029541015625,
    490.2626037597656,
    140.1031036376953,
    847.761474609375
  ],
  "class": 3,
  "confidence": 0.4473344087600708,
  "uncertainty": 0.4287999007036817
}