{
  "image": "data\\raw\\images\\train\\F_2_7_1650.jpg",
  "box": [
    726.2515258789062,
    485.20068359375,
    1919.6162109375,
    1069.61181640625
  ],
  "class": 2,
  "confidence": 0.9322580695152283,
  "uncertainty": 0.10603845820760507
}