{
  "image": "data\\raw\\images\\train\\F_2_1_251.jpg",
  "box": [
    816.1552734375,
    355.5912780761719,
    930.4359741210938,
    501.0401916503906
  ],
  "class": 7,
  "confidence": 0.5553770661354065,
  "uncertainty": 0.38183690720007574
}