{
  "image": "data\\raw\\images\\train\\F_2_11_392.jpg",
  "box": [
    53.00889587402344,
    396.71466064453125,
    617.243408203125,
    1001.5352783203125
  ],
  "class": 7,
  "confidence": 0.7661688923835754,
  "uncertainty": 0.23449809849527053
}