{
  "image": "data\\raw\\images\\train\\F_2_1_632.jpg",
  "box": [
    270.4293212890625,
    465.970458984375,
    319.96826171875,
    526.5620727539062
  ],
  "class": 3,
  "confidence": 0.43771597743034363,
  "uncertainty": 0.42173536551452306
}