{
  "image": "data\\raw\\images\\train\\F_2_2_1489.jpg",
  "box": [
    733.6887817382812,
    435.835693359375,
    1091.536376953125,
    791.30712890625
  ],
  "class": 2,
  "confidence": 0.8864561319351196,
  "uncertainty": 0.2056615574602791
}