{
  "image": "data\\raw\\images\\train\\F_2_7_727.jpg",
  "box": [
    1378.868408203125,
    415.39306640625,
    1569.094482421875,
    581.8635864257812
  ],
  "class": 2,
  "confidence": 0.8607701659202576,
  "uncertainty": 0.14587433621144733
}