{
  "image": "data\\raw\\images\\train\\F_2_2_902.jpg",
  "box": [
    807.0889892578125,
    383.57275390625,
    1102.604736328125,
    725.8482666015625
  ],
  "class": 7,
  "confidence": 0.9392450451850891,
  "uncertainty": 0.19115033139327403
}