{
  "image": "data\\raw\\images\\train\\F_2_9_2915.jpg",
  "box": [
    3.892822265625,
    6.561859130859375,
    1012.995849609375,
    1061.369140625
  ],
  "class": 7,
  "confidence": 0.3068825304508209,
  "uncertainty": 0.4042730094130671
}