{
  "image": "data\\raw\\images\\train\\F_2_5_206.jpg",
  "box": [
    1650.259521484375,
    519.6080932617188,
    1796.399169921875,
    675.0547485351562
  ],
  "class": 3,
  "confidence": 0.6875447630882263,
  "uncertainty": 0.3576510882945584
}