{
  "image": "data\\raw\\images\\train\\F_2_8_1838.jpg",
  "box": [
    1808.9278564453125,
    534.3231201171875,
    1916.0386962890625,
    677.89892578125
  ],
  "class": 3,
  "confidence": 0.7719569802284241,
  "uncertainty": 0.285749114055367
}