{
  "image": "data\\raw\\images\\train\\F_2_3_153.jpg",
  "box": [
    442.6248779296875,
    519.4007568359375,
    1206.08154296875,
    1067.424560546875
  ],
  "class": 2,
  "confidence": 0.9404639005661011,
  "uncertainty": 0.10373325732558111
}