{
  "image": "data\\raw\\images\\train\\F_2_9_2320.jpg",
  "box": [
    1504.017333984375,
    494.1771240234375,
    1554.6793212890625,
    578.482666015625
  ],
  "class": 3,
  "confidence": 0.6688202619552612,
  "uncertainty": 0.329856119053697
}