{
  "image": "data\\raw\\images\\train\\F_2_1_157.jpg",
  "box": [
    828.2634887695312,
    468.8064880371094,
    867.3356323242188,
    525.543212890625
  ],
  "class": 3,
  "confidence": 0.574091911315918,
  "uncertainty": 0.3637891105380548
}