{
  "image": "data\\raw\\images\\train\\F_2_1_1127.jpg",
  "box": [
    1439.6217041015625,
    502.7811584472656,
    1491.041015625,
    593.3707275390625
  ],
  "class": 3,
  "confidence": 0.6063047647476196,
  "uncertainty": 0.35154441841016293
}