{
  "image": "data\\raw\\images\\train\\F_2_6_1498.jpg",
  "box": [
    1250.70947265625,
    365.3726806640625,
    1551.6983642578125,
    735.3909912109375
  ],
  "class": 7,
  "confidence": 0.8601634502410889,
  "uncertainty": 0.3029641686003843
}