{
  "image": "data\\raw\\images\\train\\F_2_1_797.jpg",
  "box": [
    1428.6749267578125,
    497.2857971191406,
    1659.6507568359375,
    681.4168701171875
  ],
  "class": 2,
  "confidence": 0.8711335062980652,
  "uncertainty": 0.14810803996930877
}