{
  "image": "data\\raw\\images\\train\\F_2_6_1006.jpg",
  "box": [
    0.9463577270507812,
    471.87823486328125,
    305.01556396484375,
    1028.6671142578125
  ],
  "class": 2,
  "confidence": 0.9272690415382385,
  "uncertainty": 0.1305488211718907
}