{
  "image": "data\\raw\\images\\train\\F_2_2_1358.jpg",
  "box": [
    629.2125244140625,
    590.7343139648438,
    763.5379638671875,
    825.2811279296875
  ],
  "class": 3,
  "confidence": 0.5908520817756653,
  "uncertainty": 0.39959919314628217
}