{
  "image": "data\\raw\\images\\train\\F_2_8_1838.jpg",
  "box": [
    1465.3824462890625,
    521.7905883789062,
    1546.8028564453125,
    636.7059936523438
  ],
  "class": 3,
  "confidence": 0.7179139256477356,
  "uncertainty": 0.3295147568846949
}