{
  "image": "data\\raw\\images\\train\\F_2_1_810.jpg",
  "box": [
    881.2620849609375,
    553.435791015625,
    948.20654296875,
    650.9766845703125
  ],
  "class": 3,
  "confidence": 0.605523943901062,
  "uncertainty": 0.34215935226240896
}