{
  "image": "data\\raw\\images\\train\\F_2_6_518.jpg",
  "box": [
    653.43603515625,
    524.4398803710938,
    720.17138671875,
    567.9429931640625
  ],
  "class": 2,
  "confidence": 0.43250176310539246,
  "uncertainty": 0.294532180710973
}