{
  "image": "data\\raw\\images\\train\\F_2_2_367.jpg",
  "box": [
    377.4595947265625,
    481.1949462890625,
    447.20111083984375,
    571.8751831054688
  ],
  "class": 2,
  "confidence": 0.26720064878463745,
  "uncertainty": 0.4007135272721862
}