{
  "image": "data\\raw\\images\\train\\F_2_10_186.jpg",
  "box": [
    735.563232421875,
    435.2176208496094,
    1043.23193359375,
    778.1980590820312
  ],
  "class": 2,
  "confidence": 0.8427373766899109,
  "uncertainty": 0.14058104385245412
}