{
  "image": "data\\raw\\images\\train\\F_2_1_170.jpg",
  "box": [
    394.1450500488281,
    519.85986328125,
    461.9436950683594,
    622.71875
  ],
  "class": 3,
  "confidence": 0.7235082387924194,
  "uncertainty": 0.31077954137503233
}