{
  "image": "data\\raw\\images\\train\\F_2_2_1461.jpg",
  "box": [
    1464.738037109375,
    629.9982299804688,
    1699.327392578125,
    1051.2802734375
  ],
  "class": 3,
  "confidence": 0.7489968538284302,
  "uncertainty": 0.3618512104141229
}