{
  "image": "data\\raw\\images\\train\\F_2_2_1368.jpg",
  "box": [
    176.98834228515625,
    533.9093017578125,
    240.87820434570312,
    638.1956787109375
  ],
  "class": 3,
  "confidence": 0.7079353928565979,
  "uncertainty": 0.32468744841005803
}