{
  "image": "data\\raw\\images\\train\\F_2_9_728.jpg",
  "box": [
    532.1551513671875,
    496.22735595703125,
    574.5225830078125,
    532.9099731445312
  ],
  "class": 3,
  "confidence": 0.2774416208267212,
  "uncertainty": 0.45334757629101
}