{
  "image": "data\\raw\\images\\train\\F_2_6_531.jpg",
  "box": [
    0.4439964294433594,
    578.7430419921875,
    70.20814514160156,
    820.932373046875
  ],
  "class": 2,
  "confidence": 0.6253646016120911,
  "uncertainty": 0.2695315139010625
}