{
  "image": "data\\raw\\images\\train\\F_2_1_339.jpg",
  "box": [
    1610.211669921875,
    400.1458740234375,
    1662.57666015625,
    448.59375
  ],
  "class": 2,
  "confidence": 0.40616804361343384,
  "uncertainty": 0.3178087133045629
}