{
  "image": "data\\raw\\images\\train\\F_2_1_214.jpg",
  "box": [
    727.98291015625,
    475.0930480957031,
    796.3121337890625,
    508.0617370605469
  ],
  "class": 2,
  "confidence": 0.4191395938396454,
  "uncertainty": 0.31016053496239393
}