{
  "image": "data\\raw\\images\\train\\F_2_8_1432.jpg",
  "box": [
    496.872314453125,
    3.936859130859375,
    1485.38720703125,
    829.47607421875
  ],
  "class": 5,
  "confidence": 0.8564048409461975,
  "uncertainty": 0.2328770409278871
}