{
  "image": "data\\raw\\images\\train\\F_2_3_428.jpg",
  "box": [
    676.05810546875,
    405.0044860839844,
    787.6881103515625,
    452.5985412597656
  ],
  "class": 2,
  "confidence": 0.3527217507362366,
  "uncertainty": 0.38369220549421645
}