{
  "image": "data\\raw\\images\\train\\F_2_7_2005.jpg",
  "box": [
    692.70458984375,
    424.7848205566406,
    758.0010986328125,
    495.3263854980469
  ],
  "class": 2,
  "confidence": 0.4605187177658081,
  "uncertainty": 0.333093251215681
}