{
  "image": "data\\raw\\images\\train\\F_2_1_700.jpg",
  "box": [
    1083.980224609375,
    509.7854919433594,
    1115.173828125,
    549.9891357421875
  ],
  "class": 3,
  "confidence": 0.3412076532840729,
  "uncertainty": 0.44927921314260055
}