{
  "image": "data\\raw\\images\\train\\F_2_6_550.jpg",
  "box": [
    1147.2001953125,
    643.8003540039062,
    1261.96923828125,
    858.369140625
  ],
  "class": 3,
  "confidence": 0.738944947719574,
  "uncertainty": 0.34117620229005124
}