{
  "image": "data\\raw\\images\\train\\F_2_2_795.jpg",
  "box": [
    0.5720672607421875,
    492.71392822265625,
    202.0392608642578,
    787.6144409179688
  ],
  "class": 5,
  "confidence": 0.8220654129981995,
  "uncertainty": 0.24571828225249379
}