{
  "image": "data\\raw\\images\\train\\F_2_2_98.jpg",
  "box": [
    1193.16259765625,
    512.0155029296875,
    1379.872314453125,
    684.08740234375
  ],
  "class": 3,
  "confidence": 0.6786913871765137,
  "uncertainty": 0.34269735169207916
}