{
  "image": "data\\raw\\images\\train\\F_2_2_1312.jpg",
  "box": [
    412.2330322265625,
    481.4023132324219,
    1572.5101318359375,
    1066.411865234375
  ],
  "class": 2,
  "confidence": 0.958706259727478,
  "uncertainty": 0.10308127831407904
}