{
  "image": "data\\raw\\images\\train\\F_2_6_1090.jpg",
  "box": [
    100.8424072265625,
    362.0038146972656,
    301.2796325683594,
    671.5797729492188
  ],
  "class": 7,
  "confidence": 0.34370627999305725,
  "uncertainty": 0.4881520187307406
}