{
  "image": "data\\raw\\images\\train\\F_2_6_145.jpg",
  "box": [
    771.0106201171875,
    460.606689453125,
    881.5338134765625,
    605.2698974609375
  ],
  "class": 2,
  "confidence": 0.5584109425544739,
  "uncertainty": 0.3358132406511815
}