{
  "image": "data\\raw\\images\\train\\F_2_9_2834.jpg",
  "box": [
    561.7962646484375,
    488.003173828125,
    612.0928344726562,
    565.4256591796875
  ],
  "class": 3,
  "confidence": 0.5914612412452698,
  "uncertainty": 0.376587310595313
}