{
  "image": "data\\raw\\images\\train\\F_2_8_822.jpg",
  "box": [
    762.8432006835938,
    356.677734375,
    826.3447265625,
    410.49993896484375
  ],
  "class": 2,
  "confidence": 0.46035075187683105,
  "uncertainty": 0.29890122488735293
}