{
  "image": "data\\raw\\images\\train\\F_2_7_2005.jpg",
  "box": [
    291.3825988769531,
    409.5606994628906,
    738.3583984375,
    811.1361083984375
  ],
  "class": 2,
  "confidence": 0.9136358499526978,
  "uncertainty": 0.13655474291138056
}