{
  "image": "data\\raw\\images\\train\\F_2_5_328.jpg",
  "box": [
    665.6884765625,
    438.508056640625,
    865.9775390625,
    664.1069946289062
  ],
  "class": 2,
  "confidence": 0.5867434740066528,
  "uncertainty": 0.38229001157816506
}