{
  "image": "data\\raw\\images\\train\\F_2_7_658.jpg",
  "box": [
    257.5594787597656,
    475.824462890625,
    354.82135009765625,
    508.89422607421875
  ],
  "class": 2,
  "confidence": 0.40478453040122986,
  "uncertainty": 0.3425482523520182
}