{
  "image": "data\\raw\\images\\train\\F_2_2_166.jpg",
  "box": [
    1609.51171875,
    473.6231689453125,
    1819.135986328125,
    633.911865234375
  ],
  "class": 2,
  "confidence": 0.8862105011940002,
  "uncertainty": 0.1333357722930622
}