{
  "image": "data\\raw\\images\\train\\F_2_8_935.jpg",
  "box": [
    1147.033935546875,
    501.6087341308594,
    1236.968505859375,
    586.8399658203125
  ],
  "class": 2,
  "confidence": 0.5221196413040161,
  "uncertainty": 0.29551998460408635
}