{
  "image": "data\\raw\\images\\train\\F_2_6_1911.jpg",
  "box": [
    0.0,
    383.78228759765625,
    269.5150451660156,
    754.7803955078125
  ],
  "class": 2,
  "confidence": 0.41317394375801086,
  "uncertainty": 0.37120047022173475
}