{
  "image": "data\\raw\\images\\train\\F_2_2_1694.jpg",
  "box": [
    1491.68896484375,
    519.2759399414062,
    1565.795166015625,
    659.7037353515625
  ],
  "class": 3,
  "confidence": 0.48793575167655945,
  "uncertainty": 0.42735014498765017
}