{
  "image": "data\\raw\\images\\train\\F_2_7_108.jpg",
  "box": [
    1257.086181640625,
    802.5518188476562,
    1540.501953125,
    1073.03076171875
  ],
  "class": 3,
  "confidence": 0.3422348201274872,
  "uncertainty": 0.40058758182468596
}