{
  "image": "data\\raw\\images\\train\\F_2_2_1067.jpg",
  "box": [
    489.6142272949219,
    502.6811828613281,
    818.59228515625,
    768.723876953125
  ],
  "class": 2,
  "confidence": 0.9253283739089966,
  "uncertainty": 0.12510464690220233
}