{
  "image": "data\\raw\\images\\train\\F_2_2_1225.jpg",
  "box": [
    700.8792724609375,
    694.8590087890625,
    842.5443115234375,
    956.43505859375
  ],
  "class": 3,
  "confidence": 0.3601745069026947,
  "uncertainty": 0.45872264561255793
}