{
  "image": "data\\raw\\images\\train\\F_2_7_1232.jpg",
  "box": [
    382.59600830078125,
    701.0978393554688,
    459.5869445800781,
    856.8572387695312
  ],
  "class": 3,
  "confidence": 0.5753072500228882,
  "uncertainty": 0.39040900035923165
}