{
  "image": "data\\raw\\images\\train\\F_2_1_727.jpg",
  "box": [
    509.8028869628906,
    452.2455139160156,
    583.311279296875,
    542.86572265625
  ],
  "class": 7,
  "confidence": 0.6318246126174927,
  "uncertainty": 0.3212629708285771
}