{
  "image": "data\\raw\\images\\train\\F_2_2_197.jpg",
  "box": [
    524.723876953125,
    496.00653076171875,
    633.875244140625,
    634.6246948242188
  ],
  "class": 7,
  "confidence": 0.4989610016345978,
  "uncertainty": 0.37057257065329957
}