{
  "image": "data\\raw\\images\\train\\F_2_9_2168.jpg",
  "box": [
    909.6939697265625,
    410.7219543457031,
    1123.1927490234375,
    662.4815673828125
  ],
  "class": 2,
  "confidence": 0.5988740921020508,
  "uncertainty": 0.24714076063266407
}