{
  "image": "data\\raw\\images\\train\\F_2_1_170.jpg",
  "box": [
    991.7374877929688,
    474.35662841796875,
    1044.133056640625,
    522.6508178710938
  ],
  "class": 2,
  "confidence": 0.3335462510585785,
  "uncertainty": 0.37198952268421204
}