{
  "image": "data\\raw\\images\\train\\F_2_2_806.jpg",
  "box": [
    368.94903564453125,
    467.85150146484375,
    690.7689819335938,
    722.97265625
  ],
  "class": 2,
  "confidence": 0.9162781238555908,
  "uncertainty": 0.1444116137071947
}