{
  "image": "data\\raw\\images\\train\\F_2_9_434.jpg",
  "box": [
    1118.47802734375,
    443.0849304199219,
    1272.390625,
    627.3576049804688
  ],
  "class": 5,
  "confidence": 0.896172821521759,
  "uncertainty": 0.19214132721376753
}