{
  "image": "data\\raw\\images\\train\\F_2_2_946.jpg",
  "box": [
    466.2761535644531,
    624.3333740234375,
    531.61083984375,
    737.857177734375
  ],
  "class": 3,
  "confidence": 0.6868122816085815,
  "uncertainty": 0.3120145445246671
}