{
  "image": "data\\raw\\images\\train\\F_2_9_1522.jpg",
  "box": [
    1028.1639404296875,
    449.98828125,
    1073.361083984375,
    618.0322265625
  ],
  "class": 2,
  "confidence": 0.6089892983436584,
  "uncertainty": 0.2646322435218614
}