{
  "image": "data\\raw\\images\\train\\F_2_4_972.jpg",
  "box": [
    769.6415405273438,
    664.097900390625,
    881.5885620117188,
    815.363525390625
  ],
  "class": 3,
  "confidence": 0.5443205833435059,
  "uncertainty": 0.4163165968556355
}