{
  "image": "data\\raw\\images\\train\\F_2_1_714.jpg",
  "box": [
    1360.3721923828125,
    467.8155517578125,
    1433.0650634765625,
    556.0057373046875
  ],
  "class": 7,
  "confidence": 0.8141577243804932,
  "uncertainty": 0.23233479600010037
}