{
  "image": "data\\raw\\images\\train\\F_2_6_489.jpg",
  "box": [
    0.8062362670898438,
    638.1575927734375,
    209.6667022705078,
    1016.8826293945312
  ],
  "class": 3,
  "confidence": 0.4251345992088318,
  "uncertainty": 0.47564619307502526
}