{
  "image": "data\\raw\\images\\train\\F_2_1_765.jpg",
  "box": [
    592.5413818359375,
    525.6967163085938,
    634.6408081054688,
    587.1919555664062
  ],
  "class": 3,
  "confidence": 0.5094223618507385,
  "uncertainty": 0.40188698700676
}