{
  "image": "data\\raw\\images\\train\\F_2_1_766.jpg",
  "box": [
    893.5354614257812,
    443.04620361328125,
    963.5963745117188,
    542.7127075195312
  ],
  "class": 7,
  "confidence": 0.4277673661708832,
  "uncertainty": 0.43937872251384513
}