{
  "image": "data\\raw\\images\\train\\F_2_7_483.jpg",
  "box": [
    847.9940185546875,
    425.68817138671875,
    1918.564453125,
    1068.08837890625
  ],
  "class": 2,
  "confidence": 0.9464776515960693,
  "uncertainty": 0.11096321596822784
}