{
  "image": "data\\raw\\images\\train\\F_2_3_277.jpg",
  "box": [
    645.0449829101562,
    501.1257019042969,
    681.2952880859375,
    565.0506591796875
  ],
  "class": 3,
  "confidence": 0.29015418887138367,
  "uncertainty": 0.46990423089562783
}