{
  "image": "data\\raw\\images\\train\\F_2_2_306.jpg",
  "box": [
    1675.0673828125,
    469.38885498046875,
    1740.961181640625,
    541.7684326171875
  ],
  "class": 2,
  "confidence": 0.5164158940315247,
  "uncertainty": 0.3244173975268836
}