{
  "image": "data\\raw\\images\\train\\F_2_1_657.jpg",
  "box": [
    1598.66845703125,
    519.0867919921875,
    1674.751953125,
    638.931884765625
  ],
  "class": 3,
  "confidence": 0.5478562116622925,
  "uncertainty": 0.40631829811955184
}