{
  "image": "data\\raw\\images\\train\\F_2_2_1584.jpg",
  "box": [
    1454.3629150390625,
    480.07598876953125,
    1748.21923828125,
    746.117431640625
  ],
  "class": 2,
  "confidence": 0.8748487830162048,
  "uncertainty": 0.18860489428392366
}