{
  "image": "data\\raw\\images\\train\\F_2_1_943.jpg",
  "box": [
    392.4172668457031,
    547.5562133789062,
    507.3163146972656,
    737.2131958007812
  ],
  "class": 3,
  "confidence": 0.7125850319862366,
  "uncertainty": 0.3562175568580161
}