{
  "image": "data\\raw\\images\\train\\F_2_1_461.jpg",
  "box": [
    1627.375244140625,
    512.550537109375,
    1675.85693359375,
    591.4204711914062
  ],
  "class": 3,
  "confidence": 0.5050566792488098,
  "uncertainty": 0.3948405220274209
}