{
  "image": "data\\raw\\images\\train\\F_2_1_313.jpg",
  "box": [
    1558.5087890625,
    503.2702331542969,
    1583.225830078125,
    558.4910888671875
  ],
  "class": 3,
  "confidence": 0.3430461287498474,
  "uncertainty": 0.4579425236199201
}