{
  "image": "data\\raw\\images\\train\\F_2_2_1474.jpg",
  "box": [
    0.26927947998046875,
    605.2032470703125,
    67.16264343261719,
    781.1189575195312
  ],
  "class": 3,
  "confidence": 0.6151707172393799,
  "uncertainty": 0.3810739296982913
}