{
  "image": "data\\raw\\images\\train\\F_2_9_579.jpg",
  "box": [
    545.653076171875,
    406.1025695800781,
    642.6088256835938,
    548.8145751953125
  ],
  "class": 7,
  "confidence": 0.3273444175720215,
  "uncertainty": 0.4885145775656378
}