{
  "image": "data\\raw\\images\\train\\F_2_6_223.jpg",
  "box": [
    319.26556396484375,
    477.6312561035156,
    375.5821228027344,
    558.473388671875
  ],
  "class": 3,
  "confidence": 0.6239835023880005,
  "uncertainty": 0.3686111124861222
}