{
  "image": "data\\raw\\images\\train\\F_2_7_1563.jpg",
  "box": [
    0.1002044677734375,
    472.6454772949219,
    425.07659912109375,
    821.3040771484375
  ],
  "class": 2,
  "confidence": 0.8748524188995361,
  "uncertainty": 0.1435192263661005
}