{
  "image": "data\\raw\\images\\train\\F_2_9_2995.jpg",
  "box": [
    323.253662109375,
    468.3720703125,
    714.2957763671875,
    699.3319702148438
  ],
  "class": 2,
  "confidence": 0.9059491157531738,
  "uncertainty": 0.1458708673656677
}