{
  "image": "data\\raw\\images\\train\\F_2_7_771.jpg",
  "box": [
    168.2351531982422,
    691.16943359375,
    316.2225036621094,
    935.1337280273438
  ],
  "class": 3,
  "confidence": 0.7419142127037048,
  "uncertainty": 0.33160950767607855
}