{
  "image": "data\\raw\\images\\train\\F_2_2_1312.jpg",
  "box": [
    364.91278076171875,
    433.73822021484375,
    437.596923828125,
    523.724853515625
  ],
  "class": 2,
  "confidence": 0.36084529757499695,
  "uncertainty": 0.40486009741013035
}