{
  "image": "data\\raw\\images\\train\\F_2_1_741.jpg",
  "box": [
    1507.0740966796875,
    519.6300048828125,
    1564.251708984375,
    577.468017578125
  ],
  "class": 3,
  "confidence": 0.4837227165699005,
  "uncertainty": 0.40239647285242947
}