{
  "image": "data\\raw\\images\\train\\F_2_9_3009.jpg",
  "box": [
    102.70770263671875,
    250.65261840820312,
    817.892578125,
    873.4260864257812
  ],
  "class": 7,
  "confidence": 0.8087432980537415,
  "uncertainty": 0.34654262661307467
}