{
  "image": "data\\raw\\images\\train\\F_2_4_266.jpg",
  "box": [
    635.8106689453125,
    520.6224365234375,
    722.4168701171875,
    674.788818359375
  ],
  "class": 3,
  "confidence": 0.6251426935195923,
  "uncertainty": 0.39846358818795974
}