{
  "image": "data\\raw\\images\\train\\F_2_3_293.jpg",
  "box": [
    0.731231689453125,
    465.705322265625,
    281.32623291015625,
    893.189208984375
  ],
  "class": 2,
  "confidence": 0.924015462398529,
  "uncertainty": 0.13245328653996416
}