{
  "image": "data\\raw\\images\\train\\F_2_3_293.jpg",
  "box": [
    494.71929931640625,
    513.578369140625,
    562.8548583984375,
    617.5617065429688
  ],
  "class": 3,
  "confidence": 0.685104250907898,
  "uncertainty": 0.3291721972290379
}