{
  "image": "data\\raw\\images\\train\\F_2_2_113.jpg",
  "box": [
    1842.155029296875,
    500.6034851074219,
    1919.325927734375,
    647.40185546875
  ],
  "class": 7,
  "confidence": 0.37852343916893005,
  "uncertainty": 0.4328492961352175
}