{
  "image": "data\\raw\\images\\train\\F_2_1_927.jpg",
  "box": [
    1750.459716796875,
    512.541015625,
    1795.976806640625,
    598.9501953125
  ],
  "class": 2,
  "confidence": 0.3187708854675293,
  "uncertainty": 0.37009050222482104
}