{
  "image": "data\\raw\\images\\train\\F_2_7_813.jpg",
  "box": [
    839.3464965820312,
    341.8287353515625,
    913.623046875,
    398.66522216796875
  ],
  "class": 2,
  "confidence": 0.3325667083263397,
  "uncertainty": 0.35914620626867944
}