{
  "image": "data\\raw\\images\\train\\F_2_8_986.jpg",
  "box": [
    435.1973876953125,
    402.0834045410156,
    544.68017578125,
    511.9587707519531
  ],
  "class": 3,
  "confidence": 0.4038958251476288,
  "uncertainty": 0.44374199809781556
}