{
  "image": "data\\raw\\images\\train\\F_2_1_337.jpg",
  "box": [
    1623.01220703125,
    423.6821594238281,
    1745.522705078125,
    548.8284912109375
  ],
  "class": 2,
  "confidence": 0.8400880098342896,
  "uncertainty": 0.15106437221769553
}