{
  "image": "data\\raw\\images\\train\\F_2_9_332.jpg",
  "box": [
    0.22951126098632812,
    512.5803833007812,
    85.41730499267578,
    663.4080810546875
  ],
  "class": 3,
  "confidence": 0.48825785517692566,
  "uncertainty": 0.4189363036384624
}