{
  "image": "data\\raw\\images\\train\\F_2_2_1066.jpg",
  "box": [
    62.37915802001953,
    495.164794921875,
    257.0523681640625,
    729.844970703125
  ],
  "class": 2,
  "confidence": 0.8812455534934998,
  "uncertainty": 0.13520406833493454
}