{
  "image": "data\\raw\\images\\train\\F_2_1_742.jpg",
  "box": [
    1873.92333984375,
    425.3163757324219,
    1919.162109375,
    550.3206787109375
  ],
  "class": 5,
  "confidence": 0.676272988319397,
  "uncertainty": 0.3086952969389937
}