{
  "image": "data\\raw\\images\\train\\F_2_6_169.jpg",
  "box": [
    687.3846435546875,
    149.5914306640625,
    1238.37939453125,
    321.5499267578125
  ],
  "class": 5,
  "confidence": 0.8198246955871582,
  "uncertainty": 0.296098225579014
}