{
  "image": "data\\raw\\images\\train\\F_2_11_512.jpg",
  "box": [
    0.8132171630859375,
    12.900054931640625,
    196.22442626953125,
    670.66748046875
  ],
  "class": 7,
  "confidence": 0.7816721200942993,
  "uncertainty": 0.3152980594204284
}