{
  "image": "data\\raw\\images\\train\\F_2_6_541.jpg",
  "box": [
    408.8331298828125,
    417.5267028808594,
    573.0855102539062,
    588.1524658203125
  ],
  "class": 7,
  "confidence": 0.5140303373336792,
  "uncertainty": 0.3727767358470711
}