{
  "image": "data\\raw\\images\\train\\F_2_6_1143.jpg",
  "box": [
    927.4935302734375,
    377.93603515625,
    1270.88623046875,
    657.4964599609375
  ],
  "class": 2,
  "confidence": 0.8763246536254883,
  "uncertainty": 0.152805836068067
}