{
  "image": "data\\raw\\images\\train\\F_2_2_1440.jpg",
  "box": [
    0.09021949768066406,
    486.495849609375,
    68.39727020263672,
    598.8290405273438
  ],
  "class": 3,
  "confidence": 0.641711413860321,
  "uncertainty": 0.3387996607545345
}