{
  "image": "data\\raw\\images\\train\\F_2_1_718.jpg",
  "box": [
    698.2503662109375,
    399.1495056152344,
    877.7312622070312,
    618.6953125
  ],
  "class": 7,
  "confidence": 0.6676781177520752,
  "uncertainty": 0.30771223563146405
}