{
  "image": "data\\raw\\images\\train\\F_2_2_839.jpg",
  "box": [
    1536.904541015625,
    234.12464904785156,
    1919.1624755859375,
    516.1381225585938
  ],
  "class": 7,
  "confidence": 0.3113720715045929,
  "uncertainty": 0.4972359871163406
}