{
  "image": "data\\raw\\images\\train\\F_2_2_1461.jpg",
  "box": [
    358.0511169433594,
    517.875732421875,
    405.00750732421875,
    580.5296630859375
  ],
  "class": 3,
  "confidence": 0.6794977784156799,
  "uncertainty": 0.3169412303162753
}