{
  "image": "data\\raw\\images\\train\\F_2_2_1288.jpg",
  "box": [
    893.2904663085938,
    452.56878662109375,
    1111.0316162109375,
    716.177001953125
  ],
  "class": 2,
  "confidence": 0.7992781400680542,
  "uncertainty": 0.21224490674344415
}