{
  "image": "data\\raw\\images\\train\\F_2_7_707.jpg",
  "box": [
    231.18804931640625,
    392.8271484375,
    269.83502197265625,
    450.035888671875
  ],
  "class": 2,
  "confidence": 0.32990404963493347,
  "uncertainty": 0.3555657709397805
}