{
  "image": "data\\raw\\images\\train\\F_2_2_1067.jpg",
  "box": [
    778.6221313476562,
    449.24664306640625,
    848.1681518554688,
    519.1046142578125
  ],
  "class": 5,
  "confidence": 0.2675718367099762,
  "uncertainty": 0.47690866918660435
}