{
  "image": "data\\raw\\images\\train\\F_2_4_972.jpg",
  "box": [
    1579.8955078125,
    519.2022094726562,
    1607.989013671875,
    561.2337646484375
  ],
  "class": 3,
  "confidence": 0.4626641571521759,
  "uncertainty": 0.3913195684803994
}