{
  "image": "data\\raw\\images\\train\\F_2_4_645.jpg",
  "box": [
    1152.126953125,
    462.0311279296875,
    1530.363037109375,
    668.16552734375
  ],
  "class": 2,
  "confidence": 0.8829381465911865,
  "uncertainty": 0.14532879585066005
}