{
  "image": "data\\raw\\images\\train\\F_2_6_859.jpg",
  "box": [
    1663.6680908203125,
    507.77032470703125,
    1919.3594970703125,
    1067.9417724609375
  ],
  "class": 2,
  "confidence": 0.9310389757156372,
  "uncertainty": 0.13489245389975069
}