{
  "image": "data\\raw\\images\\train\\F_2_1_341.jpg",
  "box": [
    1561.89990234375,
    404.396728515625,
    1610.924560546875,
    486.997314453125
  ],
  "class": 2,
  "confidence": 0.43309828639030457,
  "uncertainty": 0.34640990129045945
}