{
  "image": "data\\raw\\images\\train\\F_2_7_346.jpg",
  "box": [
    1364.394775390625,
    460.0556945800781,
    1498.1475830078125,
    583.66650390625
  ],
  "class": 2,
  "confidence": 0.7663151025772095,
  "uncertainty": 0.1944665514468159
}