{
  "image": "data\\raw\\images\\train\\F_2_2_1035.jpg",
  "box": [
    1504.2176513671875,
    469.779052734375,
    1919.5755615234375,
    845.8984375
  ],
  "class": 2,
  "confidence": 0.9234234094619751,
  "uncertainty": 0.12535795618845663
}