{
  "image": "data\\raw\\images\\train\\F_2_8_745.jpg",
  "box": [
    1156.5760498046875,
    421.4638366699219,
    1267.6392822265625,
    594.5677490234375
  ],
  "class": 2,
  "confidence": 0.8306660056114197,
  "uncertainty": 0.16259452616786244
}