{
  "image": "data\\raw\\images\\train\\F_2_1_337.jpg",
  "box": [
    1477.328369140625,
    360.2346496582031,
    1549.6827392578125,
    453.4369812011719
  ],
  "class": 7,
  "confidence": 0.47391262650489807,
  "uncertainty": 0.3832883298771359
}