{
  "image": "data\\raw\\images\\train\\F_2_4_1027.jpg",
  "box": [
    1358.1053466796875,
    350.0089416503906,
    1489.4571533203125,
    436.5531921386719
  ],
  "class": 3,
  "confidence": 0.4302808344364166,
  "uncertainty": 0.4721325826332867
}