{
  "image": "data\\raw\\images\\train\\F_2_1_569.jpg",
  "box": [
    1536.369140625,
    527.1845703125,
    1737.371337890625,
    682.4613037109375
  ],
  "class": 3,
  "confidence": 0.43053874373435974,
  "uncertainty": 0.46472561183499334
}