{
  "image": "data\\raw\\images\\train\\F_2_1_890.jpg",
  "box": [
    1740.2406005859375,
    453.94805908203125,
    1832.4649658203125,
    495.80517578125
  ],
  "class": 2,
  "confidence": 0.33388233184814453,
  "uncertainty": 0.3979679852603807
}