{
  "image": "data\\raw\\images\\train\\F_2_2_795.jpg",
  "box": [
    945.7540283203125,
    284.17987060546875,
    1207.218505859375,
    687.5872802734375
  ],
  "class": 7,
  "confidence": 0.7735531330108643,
  "uncertainty": 0.3017686614481022
}