{
  "image": "data\\raw\\images\\train\\F_2_1_337.jpg",
  "box": [
    1611.859130859375,
    329.7552490234375,
    1767.50537109375,
    466.78369140625
  ],
  "class": 5,
  "confidence": 0.8029124140739441,
  "uncertainty": 0.2747693009201226
}