{
  "image": "data\\raw\\images\\train\\F_2_2_765.jpg",
  "box": [
    224.46368408203125,
    328.93609619140625,
    672.0712280273438,
    492.02569580078125
  ],
  "class": 5,
  "confidence": 0.8984119296073914,
  "uncertainty": 0.22288167252928393
}