{
  "image": "data\\raw\\images\\train\\F_2_2_1041.jpg",
  "box": [
    1191.663818359375,
    461.4341125488281,
    1447.5262451171875,
    716.7218017578125
  ],
  "class": 2,
  "confidence": 0.8974496126174927,
  "uncertainty": 0.13817241977400987
}