{
  "image": "data\\raw\\images\\train\\F_2_8_925.jpg",
  "box": [
    985.0849609375,
    487.22021484375,
    1049.5325927734375,
    577.1215209960938
  ],
  "class": 2,
  "confidence": 0.6415982842445374,
  "uncertainty": 0.23673508364049634
}