{
  "image": "data\\raw\\images\\train\\F_2_6_1501.jpg",
  "box": [
    1763.44775390625,
    469.6982116699219,
    1919.15478515625,
    873.6595458984375
  ],
  "class": 2,
  "confidence": 0.8792404532432556,
  "uncertainty": 0.17155682007489698
}