{
  "image": "data\\raw\\images\\train\\F_2_6_875.jpg",
  "box": [
    1481.02685546875,
    484.4202575683594,
    1532.593994140625,
    543.5213623046875
  ],
  "class": 2,
  "confidence": 0.30509206652641296,
  "uncertainty": 0.3566049987273404
}