{
  "image": "data\\raw\\images\\train\\F_2_2_1692.jpg",
  "box": [
    1388.86376953125,
    475.84423828125,
    1457.3427734375,
    602.906982421875
  ],
  "class": 3,
  "confidence": 0.29229024052619934,
  "uncertainty": 0.4780032080777106
}