{
  "image": "data\\raw\\images\\train\\F_2_6_554.jpg",
  "box": [
    1513.134765625,
    640.9468383789062,
    1660.3251953125,
    869.3203125
  ],
  "class": 3,
  "confidence": 0.4480222463607788,
  "uncertainty": 0.4235766220449473
}