{
  "image": "data\\raw\\images\\train\\F_2_2_98.jpg",
  "box": [
    78.9990234375,
    443.02606201171875,
    259.4883728027344,
    561.1746826171875
  ],
  "class": 2,
  "confidence": 0.5378126502037048,
  "uncertainty": 0.4312413794345805
}