{
  "image": "data\\raw\\images\\train\\F_2_1_323.jpg",
  "box": [
    811.1456909179688,
    486.7261962890625,
    1013.8181762695312,
    661.4434204101562
  ],
  "class": 2,
  "confidence": 0.8816429376602173,
  "uncertainty": 0.1424940398552758
}