{
  "image": "data\\raw\\images\\train\\F_2_2_1688.jpg",
  "box": [
    0.32691192626953125,
    524.5116577148438,
    204.55979919433594,
    851.40087890625
  ],
  "class": 3,
  "confidence": 0.5703855752944946,
  "uncertainty": 0.4850904055013571
}