{
  "image": "data\\raw\\images\\train\\F_2_6_1441.jpg",
  "box": [
    1076.727783203125,
    653.3267211914062,
    1272.11083984375,
    942.0413818359375
  ],
  "class": 3,
  "confidence": 0.4409581422805786,
  "uncertainty": 0.4643888657290581
}