{
  "image": "data\\raw\\images\\train\\F_2_3_652.jpg",
  "box": [
    815.5989990234375,
    434.9112854003906,
    1003.4386596679688,
    669.2459716796875
  ],
  "class": 7,
  "confidence": 0.579028308391571,
  "uncertainty": 0.34231597385519646
}