{
  "image": "data\\raw\\images\\train\\F_2_7_1726.jpg",
  "box": [
    1308.263916015625,
    477.28656005859375,
    1520.1875,
    533.319580078125
  ],
  "class": 2,
  "confidence": 0.5054879188537598,
  "uncertainty": 0.3270796986475857
}