{
  "image": "data\\raw\\images\\train\\F_2_7_1317.jpg",
  "box": [
    856.4276733398438,
    463.0794982910156,
    1145.6943359375,
    720.184326171875
  ],
  "class": 2,
  "confidence": 0.9021082520484924,
  "uncertainty": 0.13780272092805065
}