{
  "image": "data\\raw\\images\\train\\F_2_1_733.jpg",
  "box": [
    673.99365234375,
    644.1871948242188,
    853.4089965820312,
    924.681884765625
  ],
  "class": 3,
  "confidence": 0.4103706181049347,
  "uncertainty": 0.4939095155831867
}