{
  "image": "data\\raw\\images\\train\\F_2_9_2974.jpg",
  "box": [
    1637.050048828125,
    1.15704345703125,
    1918.6845703125,
    1039.4365234375
  ],
  "class": 5,
  "confidence": 0.9105960130691528,
  "uncertainty": 0.22659093867673463
}