{
  "image": "data\\raw\\images\\train\\F_2_9_1775.jpg",
  "box": [
    307.8606262207031,
    470.173828125,
    1177.683349609375,
    1065.441650390625
  ],
  "class": 2,
  "confidence": 0.9016212821006775,
  "uncertainty": 0.11572544745585028
}