{
  "image": "data\\raw\\images\\train\\F_2_6_862.jpg",
  "box": [
    865.57373046875,
    506.4020690917969,
    910.619140625,
    633.5216064453125
  ],
  "class": 2,
  "confidence": 0.6558285355567932,
  "uncertainty": 0.2421949570790869
}