{
  "image": "data\\raw\\images\\train\\F_2_9_2915.jpg",
  "box": [
    1595.6416015625,
    356.640380859375,
    1916.558837890625,
    609.662841796875
  ],
  "class": 7,
  "confidence": 0.7536081075668335,
  "uncertainty": 0.2794056118859511
}