{
  "image": "data\\raw\\images\\train\\F_2_8_1748.jpg",
  "box": [
    713.2842407226562,
    354.992431640625,
    889.8466186523438,
    507.8009033203125
  ],
  "class": 2,
  "confidence": 0.6990435719490051,
  "uncertainty": 0.24747296179684877
}