{
  "image": "data\\raw\\images\\train\\F_2_1_762.jpg",
  "box": [
    1421.525146484375,
    470.826416015625,
    1576.439208984375,
    612.6897583007812
  ],
  "class": 7,
  "confidence": 0.8755185604095459,
  "uncertainty": 0.254247071575358
}