{
  "image": "data\\raw\\images\\train\\F_2_2_1426.jpg",
  "box": [
    1579.746826171875,
    432.27630615234375,
    1626.60791015625,
    470.431640625
  ],
  "class": 2,
  "confidence": 0.5149088501930237,
  "uncertainty": 0.2691144781116664
}