{
  "image": "data\\raw\\images\\train\\F_2_1_310.jpg",
  "box": [
    1295.7811279296875,
    401.33367919921875,
    1387.322998046875,
    495.15728759765625
  ],
  "class": 7,
  "confidence": 0.4496878385543823,
  "uncertainty": 0.4003940711767287
}