{
  "image": "data\\raw\\images\\train\\F_2_6_1732.jpg",
  "box": [
    1510.58349609375,
    441.0423889160156,
    1585.1484375,
    489.1352233886719
  ],
  "class": 2,
  "confidence": 0.2716473937034607,
  "uncertainty": 0.3955130135088225
}