{
  "image": "data\\raw\\images\\train\\F_2_7_134.jpg",
  "box": [
    1290.984619140625,
    381.463623046875,
    1840.4169921875,
    1050.439453125
  ],
  "class": 7,
  "confidence": 0.7539248466491699,
  "uncertainty": 0.3869643958757124
}