{
  "image": "data\\raw\\images\\train\\F_2_4_254.jpg",
  "box": [
    798.8464965820312,
    538.918212890625,
    845.7518920898438,
    613.5430908203125
  ],
  "class": 3,
  "confidence": 0.4978027045726776,
  "uncertainty": 0.3827980568155163
}