{
  "image": "data\\raw\\images\\train\\F_2_1_849.jpg",
  "box": [
    1297.745849609375,
    368.544921875,
    1444.406005859375,
    471.62322998046875
  ],
  "class": 5,
  "confidence": 0.8064577579498291,
  "uncertainty": 0.23182530604352355
}