{
  "image": "data\\raw\\images\\train\\F_2_6_534.jpg",
  "box": [
    777.89794921875,
    446.7000732421875,
    847.3472900390625,
    520.96728515625
  ],
  "class": 2,
  "confidence": 0.47546401619911194,
  "uncertainty": 0.32670593734759384
}