{
  "image": "data\\raw\\images\\train\\F_2_7_1646.jpg",
  "box": [
    369.9277038574219,
    443.13446044921875,
    870.0369873046875,
    797.9232788085938
  ],
  "class": 2,
  "confidence": 0.9065855741500854,
  "uncertainty": 0.1356666110313149
}