{
  "image": "data\\raw\\images\\train\\F_2_1_14.jpg",
  "box": [
    1239.158935546875,
    472.040771484375,
    1364.04052734375,
    702.7327880859375
  ],
  "class": 2,
  "confidence": 0.8464929461479187,
  "uncertainty": 0.19821340909271123
}