{
  "image": "data\\raw\\images\\train\\F_2_2_1035.jpg",
  "box": [
    1126.091552734375,
    481.61151123046875,
    1342.0909423828125,
    789.0284423828125
  ],
  "class": 2,
  "confidence": 0.649066150188446,
  "uncertainty": 0.34262911473368246
}