{
  "image": "data\\raw\\images\\train\\F_2_11_577.jpg",
  "box": [
    1440.2464599609375,
    480.56854248046875,
    1585.1436767578125,
    590.3871459960938
  ],
  "class": 2,
  "confidence": 0.8228912949562073,
  "uncertainty": 0.1675932859007443
}