{
  "image": "data\\raw\\images\\train\\F_2_1_939.jpg",
  "box": [
    1454.124267578125,
    508.4598388671875,
    1492.565185546875,
    571.1626586914062
  ],
  "class": 3,
  "confidence": 0.5534741282463074,
  "uncertainty": 0.37163011040542065
}