{
  "image": "data\\raw\\images\\train\\F_2_8_1921.jpg",
  "box": [
    619.3543701171875,
    486.9954528808594,
    781.07421875,
    611.47607421875
  ],
  "class": 2,
  "confidence": 0.8229698538780212,
  "uncertainty": 0.15369894234073925
}