{
  "image": "data\\raw\\images\\train\\F_2_1_446.jpg",
  "box": [
    947.6912841796875,
    396.66650390625,
    1055.3968505859375,
    555.8734130859375
  ],
  "class": 7,
  "confidence": 0.7621229887008667,
  "uncertainty": 0.35805250390341264
}