{
  "image": "data\\raw\\images\\train\\F_2_2_12.jpg",
  "box": [
    1.2498779296875,
    340.2303161621094,
    368.81854248046875,
    1067.498046875
  ],
  "class": 2,
  "confidence": 0.5567747354507446,
  "uncertainty": 0.2744827902255762
}