{
  "image": "data\\raw\\images\\train\\F_2_9_3048.jpg",
  "box": [
    861.4608764648438,
    266.45623779296875,
    1841.795166015625,
    561.391357421875
  ],
  "class": 7,
  "confidence": 0.2668232321739197,
  "uncertainty": 0.4449177693562601
}