{
  "image": "data\\raw\\images\\train\\F_2_6_1624.jpg",
  "box": [
    1421.7060546875,
    424.8167724609375,
    1511.622314453125,
    594.1891479492188
  ],
  "class": 2,
  "confidence": 0.5899980664253235,
  "uncertainty": 0.34180733202627456
}