{
  "image": "data\\raw\\images\\train\\F_2_7_2339.jpg",
  "box": [
    728.9540405273438,
    182.67027282714844,
    1193.59423828125,
    631.5809936523438
  ],
  "class": 5,
  "confidence": 0.9062422513961792,
  "uncertainty": 0.2650304945825796
}