{
  "image": "data\\raw\\images\\train\\F_2_11_168.jpg",
  "box": [
    1437.2552490234375,
    456.4471435546875,
    1559.4422607421875,
    563.9903564453125
  ],
  "class": 2,
  "confidence": 0.8118678331375122,
  "uncertainty": 0.1846707229968182
}