{
  "image": "data\\raw\\images\\train\\F_2_1_958.jpg",
  "box": [
    1604.493408203125,
    443.9768371582031,
    1675.28076171875,
    512.340576171875
  ],
  "class": 2,
  "confidence": 0.6084066033363342,
  "uncertainty": 0.2591631095110435
}