{
  "image": "data\\raw\\images\\train\\F_2_9_3038.jpg",
  "box": [
    941.84912109375,
    8.211639404296875,
    1917.1640625,
    1053.7779541015625
  ],
  "class": 7,
  "confidence": 0.7325550317764282,
  "uncertainty": 0.28510617672448324
}