{
  "image": "data\\raw\\images\\train\\F_2_2_835.jpg",
  "box": [
    1036.8642578125,
    128.50274658203125,
    1378.0389404296875,
    651.10302734375
  ],
  "class": 7,
  "confidence": 0.7194094061851501,
  "uncertainty": 0.22910692512814068
}