{
  "image": "data\\raw\\images\\train\\F_2_9_782.jpg",
  "box": [
    1186.6514892578125,
    511.2933654785156,
    1231.2515869140625,
    582.1856689453125
  ],
  "class": 3,
  "confidence": 0.5753864645957947,
  "uncertainty": 0.36299196747719475
}