{
  "image": "data\\raw\\images\\train\\F_2_2_1680.jpg",
  "box": [
    1037.716552734375,
    467.4493408203125,
    1077.4017333984375,
    528.8363037109375
  ],
  "class": 3,
  "confidence": 0.39882320165634155,
  "uncertainty": 0.4555146725596245
}