{
  "image": "data\\raw\\images\\train\\F_2_3_531.jpg",
  "box": [
    1033.4278564453125,
    605.6243896484375,
    1089.6507568359375,
    757.3335571289062
  ],
  "class": 3,
  "confidence": 0.5327174067497253,
  "uncertainty": 0.44784318206211415
}