{
  "image": "data\\raw\\images\\train\\F_2_2_995.jpg",
  "box": [
    0.84942626953125,
    475.90936279296875,
    488.5339050292969,
    1066.62744140625
  ],
  "class": 2,
  "confidence": 0.9336252808570862,
  "uncertainty": 0.12655688576948562
}