{
  "image": "data\\raw\\images\\train\\F_2_1_802.jpg",
  "box": [
    500.1426086425781,
    516.3292236328125,
    593.4478759765625,
    666.15234375
  ],
  "class": 3,
  "confidence": 0.4793277680873871,
  "uncertainty": 0.45263646046750156
}