{
  "image": "data\\raw\\images\\train\\F_2_7_658.jpg",
  "box": [
    153.13272094726562,
    460.06072998046875,
    258.48150634765625,
    584.5777587890625
  ],
  "class": 2,
  "confidence": 0.3046710193157196,
  "uncertainty": 0.41431379400419877
}