{
  "image": "data\\raw\\images\\train\\F_2_1_369.jpg",
  "box": [
    968.8857421875,
    439.66357421875,
    1015.1266479492188,
    500.03497314453125
  ],
  "class": 7,
  "confidence": 0.7354692816734314,
  "uncertainty": 0.2676094177410931
}