{
  "image": "data\\raw\\images\\train\\F_2_9_1427.jpg",
  "box": [
    560.4402465820312,
    445.7383117675781,
    634.2163696289062,
    531.8406982421875
  ],
  "class": 7,
  "confidence": 0.5257952213287354,
  "uncertainty": 0.36856331565660905
}