{
  "image": "data\\raw\\images\\train\\F_2_1_627.jpg",
  "box": [
    1487.92724609375,
    487.3968200683594,
    1578.078125,
    560.869873046875
  ],
  "class": 2,
  "confidence": 0.7191717624664307,
  "uncertainty": 0.1954150314806337
}