{
  "image": "data\\raw\\images\\train\\F_2_1_982.jpg",
  "box": [
    1107.2054443359375,
    527.0070190429688,
    1200.564208984375,
    687.240234375
  ],
  "class": 3,
  "confidence": 0.7316201329231262,
  "uncertainty": 0.33980395303067906
}