{
  "image": "data\\raw\\images\\train\\F_2_1_880.jpg",
  "box": [
    0.130096435546875,
    372.4183044433594,
    283.95965576171875,
    559.1085205078125
  ],
  "class": 5,
  "confidence": 0.8697930574417114,
  "uncertainty": 0.24299848418295247
}