{
  "image": "data\\raw\\images\\train\\F_2_2_848.jpg",
  "box": [
    1135.168212890625,
    322.5554504394531,
    1393.5706787109375,
    643.7603759765625
  ],
  "class": 7,
  "confidence": 0.7657806873321533,
  "uncertainty": 0.34946492538915536
}