{
  "image": "data\\raw\\images\\train\\F_2_3_610.jpg",
  "box": [
    1151.41259765625,
    433.93743896484375,
    1339.5589599609375,
    618.1495971679688
  ],
  "class": 2,
  "confidence": 0.6785483360290527,
  "uncertainty": 0.2610155371327838
}