{
  "image": "data\\raw\\images\\train\\F_2_10_177.jpg",
  "box": [
    1.0438385009765625,
    233.494140625,
    312.4580383300781,
    688.4859619140625
  ],
  "class": 7,
  "confidence": 0.8233814239501953,
  "uncertainty": 0.2183958191151783
}