{
  "image": "data\\raw\\images\\train\\F_2_9_1522.jpg",
  "box": [
    0.541534423828125,
    608.0340576171875,
    253.92868041992188,
    970.78076171875
  ],
  "class": 3,
  "confidence": 0.5078509449958801,
  "uncertainty": 0.42257308594785475
}