{
  "image": "data\\raw\\images\\train\\F_2_7_1232.jpg",
  "box": [
    135.44573974609375,
    601.2240600585938,
    348.2751770019531,
    944.2018432617188
  ],
  "class": 3,
  "confidence": 0.3655455708503723,
  "uncertainty": 0.45957625812308084
}