{
  "image": "data\\raw\\images\\train\\F_2_7_1726.jpg",
  "box": [
    0.38335418701171875,
    469.2604064941406,
    268.8443298339844,
    939.3712158203125
  ],
  "class": 7,
  "confidence": 0.754072368144989,
  "uncertainty": 0.2673463911106651
}