{
  "image": "data\\raw\\images\\train\\F_2_3_383.jpg",
  "box": [
    812.6522827148438,
    368.5879211425781,
    1122.525390625,
    725.0926513671875
  ],
  "class": 2,
  "confidence": 0.7479801774024963,
  "uncertainty": 0.3471546608291844
}