{
  "image": "data\\raw\\images\\train\\F_2_8_1931.jpg",
  "box": [
    153.0530548095703,
    452.5535888671875,
    526.404296875,
    783.0509033203125
  ],
  "class": 2,
  "confidence": 0.5104374289512634,
  "uncertainty": 0.37060181519696983
}