{
  "image": "data\\raw\\images\\train\\F_2_2_979.jpg",
  "box": [
    1869.8441162109375,
    409.8148498535156,
    1919.1800537109375,
    456.5922546386719
  ],
  "class": 2,
  "confidence": 0.5760049819946289,
  "uncertainty": 0.25385883385964714
}