{
  "image": "data\\raw\\images\\train\\F_2_2_98.jpg",
  "box": [
    1189.794677734375,
    450.06097412109375,
    1255.802978515625,
    518.0377807617188
  ],
  "class": 2,
  "confidence": 0.72138512134552,
  "uncertainty": 0.1975036534585618
}