{
  "image": "data\\raw\\images\\train\\F_2_7_100.jpg",
  "box": [
    1190.9945068359375,
    423.78790283203125,
    1508.861572265625,
    1019.4219360351562
  ],
  "class": 7,
  "confidence": 0.4939499497413635,
  "uncertainty": 0.49330662580033097
}