{
  "image": "data\\raw\\images\\train\\F_2_1_140.jpg",
  "box": [
    852.14697265625,
    522.9669799804688,
    892.9613037109375,
    588.2904052734375
  ],
  "class": 3,
  "confidence": 0.5938294529914856,
  "uncertainty": 0.3644283816434009
}