{
  "image": "data\\raw\\images\\train\\F_2_1_849.jpg",
  "box": [
    0.7397689819335938,
    764.870361328125,
    208.8002471923828,
    1069.079833984375
  ],
  "class": 3,
  "confidence": 0.2523351013660431,
  "uncertainty": 0.4783688268359753
}