{
  "image": "data\\raw\\images\\train\\F_2_1_170.jpg",
  "box": [
    474.6675109863281,
    398.25457763671875,
    628.0999755859375,
    558.1624145507812
  ],
  "class": 7,
  "confidence": 0.8306998610496521,
  "uncertainty": 0.22505028245053055
}