{
  "image": "data\\raw\\images\\train\\F_2_2_1474.jpg",
  "box": [
    841.4950561523438,
    453.1463928222656,
    982.6305541992188,
    644.2603759765625
  ],
  "class": 2,
  "confidence": 0.7049956321716309,
  "uncertainty": 0.3431540665182418
}