{
  "image": "data\\raw\\images\\train\\F_2_1_765.jpg",
  "box": [
    1653.2392578125,
    534.4320068359375,
    1690.02490234375,
    592.6220703125
  ],
  "class": 3,
  "confidence": 0.2950479984283447,
  "uncertainty": 0.46882194288047446
}