{
  "image": "data\\raw\\images\\train\\F_2_9_2346.jpg",
  "box": [
    690.2429809570312,
    502.1047668457031,
    739.2251586914062,
    544.5609130859375
  ],
  "class": 2,
  "confidence": 0.4284333288669586,
  "uncertainty": 0.326606101433188
}