{
  "image": "data\\raw\\images\\train\\F_2_2_94.jpg",
  "box": [
    326.6194152832031,
    432.967529296875,
    573.8930053710938,
    719.5449829101562
  ],
  "class": 7,
  "confidence": 0.6776938438415527,
  "uncertainty": 0.3140697550048812
}