{
  "image": "data\\raw\\images\\train\\F_2_6_566.jpg",
  "box": [
    100.63435363769531,
    412.04913330078125,
    297.1700439453125,
    629.6060180664062
  ],
  "class": 2,
  "confidence": 0.25139904022216797,
  "uncertainty": 0.3992386473895623
}