{
  "image": "data\\raw\\images\\train\\F_2_7_809.jpg",
  "box": [
    799.0089111328125,
    446.3229675292969,
    862.333740234375,
    521.6331787109375
  ],
  "class": 2,
  "confidence": 0.5060366988182068,
  "uncertainty": 0.2981178826563864
}