{
  "image": "data\\raw\\images\\train\\F_2_1_727.jpg",
  "box": [
    1229.2607421875,
    460.3392333984375,
    1323.25,
    526.3884887695312
  ],
  "class": 2,
  "confidence": 0.34408628940582275,
  "uncertainty": 0.39906339019302484
}