{
  "image": "data\\raw\\images\\train\\F_2_6_554.jpg",
  "box": [
    895.745361328125,
    350.6458740234375,
    1059.8734130859375,
    507.5811767578125
  ],
  "class": 7,
  "confidence": 0.26601824164390564,
  "uncertainty": 0.48642850884303945
}