{
  "image": "data\\raw\\images\\train\\F_2_8_400.jpg",
  "box": [
    22.663593292236328,
    849.0311279296875,
    382.1840515136719,
    1074.961669921875
  ],
  "class": 3,
  "confidence": 0.6273888945579529,
  "uncertainty": 0.35000130640206567
}