{
  "image": "data\\raw\\images\\train\\F_2_3_88.jpg",
  "box": [
    1527.8443603515625,
    196.37393188476562,
    1918.045166015625,
    710.23095703125
  ],
  "class": 7,
  "confidence": 0.8893836736679077,
  "uncertainty": 0.24138897017304273
}