{
  "image": "data\\raw\\images\\train\\F_2_7_58.jpg",
  "box": [
    854.8948974609375,
    454.27972412109375,
    982.3201904296875,
    533.6962280273438
  ],
  "class": 2,
  "confidence": 0.656312882900238,
  "uncertainty": 0.22145992666825356
}