{
  "image": "data\\raw\\images\\train\\F_2_4_260.jpg",
  "box": [
    647.125732421875,
    480.2080078125,
    704.772216796875,
    542.2933959960938
  ],
  "class": 2,
  "confidence": 0.41134291887283325,
  "uncertainty": 0.3590652091931626
}