{
  "image": "data\\raw\\images\\train\\F_2_1_718.jpg",
  "box": [
    1172.9959716796875,
    422.99041748046875,
    1225.59228515625,
    465.1416015625
  ],
  "class": 2,
  "confidence": 0.7126047611236572,
  "uncertainty": 0.2093357148955281
}