{
  "image": "data\\raw\\images\\train\\F_2_3_515.jpg",
  "box": [
    0.3379383087158203,
    846.0740966796875,
    85.15737915039062,
    1076.248046875
  ],
  "class": 3,
  "confidence": 0.383548378944397,
  "uncertainty": 0.44446479156804813
}