{
  "image": "data\\raw\\images\\train\\F_2_11_194.jpg",
  "box": [
    1313.545166015625,
    359.9096374511719,
    1453.4404296875,
    541.2083740234375
  ],
  "class": 7,
  "confidence": 0.8765515685081482,
  "uncertainty": 0.21591434549290356
}