{
  "image": "data\\raw\\images\\train\\F_2_2_1221.jpg",
  "box": [
    1133.479248046875,
    663.78857421875,
    1365.1322021484375,
    1035.84423828125
  ],
  "class": 3,
  "confidence": 0.7515900731086731,
  "uncertainty": 0.3221851191037038
}