{
  "image": "data\\raw\\images\\train\\F_2_9_2417.jpg",
  "box": [
    0.6183929443359375,
    294.4214172363281,
    208.96128845214844,
    782.4476318359375
  ],
  "class": 7,
  "confidence": 0.7654955983161926,
  "uncertainty": 0.2959220163638335
}