{
  "image": "data\\raw\\images\\train\\F_2_11_168.jpg",
  "box": [
    974.5555419921875,
    438.51300048828125,
    1038.454345703125,
    526.1820678710938
  ],
  "class": 2,
  "confidence": 0.7746975421905518,
  "uncertainty": 0.18459018746242392
}