{
  "image": "data\\raw\\images\\train\\F_2_10_460.jpg",
  "box": [
    684.867431640625,
    410.3777160644531,
    790.1285400390625,
    569.3370361328125
  ],
  "class": 7,
  "confidence": 0.7349967956542969,
  "uncertainty": 0.2852061524844006
}