{
  "image": "data\\raw\\images\\train\\F_2_3_368.jpg",
  "box": [
    727.292236328125,
    467.1499328613281,
    1332.2159423828125,
    984.4869384765625
  ],
  "class": 2,
  "confidence": 0.9071144461631775,
  "uncertainty": 0.09059292001851449
}