{
  "image": "data\\raw\\images\\train\\F_2_1_702.jpg",
  "box": [
    706.43798828125,
    569.4100341796875,
    792.3201904296875,
    691.4943237304688
  ],
  "class": 3,
  "confidence": 0.709493100643158,
  "uncertainty": 0.3092553320655419
}