{
  "image": "data\\raw\\images\\train\\F_2_2_1316.jpg",
  "box": [
    241.6405029296875,
    377.5256652832031,
    360.55706787109375,
    518.2801513671875
  ],
  "class": 7,
  "confidence": 0.6668498516082764,
  "uncertainty": 0.3098710920776561
}