{
  "image": "data\\raw\\images\\train\\F_2_2_1466.jpg",
  "box": [
    464.7805480957031,
    413.819091796875,
    849.96923828125,
    883.232177734375
  ],
  "class": 7,
  "confidence": 0.5289820432662964,
  "uncertainty": 0.3689142839993219
}