{
  "image": "data\\raw\\images\\train\\F_2_2_1035.jpg",
  "box": [
    1124.372314453125,
    459.62860107421875,
    1401.41650390625,
    739.3701782226562
  ],
  "class": 2,
  "confidence": 0.439419150352478,
  "uncertainty": 0.4730558809124452
}