{
  "image": "data\\raw\\images\\train\\F_2_1_362.jpg",
  "box": [
    448.3428955078125,
    495.6830749511719,
    558.9171752929688,
    555.118408203125
  ],
  "class": 2,
  "confidence": 0.27527695894241333,
  "uncertainty": 0.43111918665216453
}