{
  "image": "data\\raw\\images\\train\\F_2_1_733.jpg",
  "box": [
    386.3169250488281,
    403.4051513671875,
    487.382080078125,
    559.5029296875
  ],
  "class": 7,
  "confidence": 0.38955172896385193,
  "uncertainty": 0.44652581613353576
}