{
  "image": "data\\raw\\images\\train\\F_2_2_823.jpg",
  "box": [
    692.87451171875,
    385.92425537109375,
    746.1114501953125,
    439.31195068359375
  ],
  "class": 7,
  "confidence": 0.3143879771232605,
  "uncertainty": 0.45292106880876737
}