{
  "image": "data\\raw\\images\\train\\F_2_1_855.jpg",
  "box": [
    903.7540283203125,
    454.8624267578125,
    1003.1028442382812,
    579.6038208007812
  ],
  "class": 2,
  "confidence": 0.4824562668800354,
  "uncertainty": 0.39859121165177114
}