{
  "image": "data\\raw\\images\\train\\F_2_6_1388.jpg",
  "box": [
    1180.853515625,
    298.9988708496094,
    1440.9925537109375,
    586.1390380859375
  ],
  "class": 5,
  "confidence": 0.6072263121604919,
  "uncertainty": 0.380993041837301
}