{
  "image": "data\\raw\\images\\train\\F_2_4_207.jpg",
  "box": [
    854.7361450195312,
    228.59030151367188,
    1162.378173828125,
    551.3911743164062
  ],
  "class": 7,
  "confidence": 0.755431056022644,
  "uncertainty": 0.300151049560131
}