{
  "image": "data\\raw\\images\\train\\F_2_7_1759.jpg",
  "box": [
    850.46728515625,
    699.26708984375,
    914.6142578125,
    798.6497802734375
  ],
  "class": 2,
  "confidence": 0.6649841070175171,
  "uncertainty": 0.2486226188580185
}