{
  "image": "data\\raw\\images\\train\\F_2_2_1564.jpg",
  "box": [
    57.32280349731445,
    586.0929565429688,
    113.18562316894531,
    717.0853271484375
  ],
  "class": 3,
  "confidence": 0.5032290816307068,
  "uncertainty": 0.3869677759252767
}