{
  "image": "data\\raw\\images\\train\\F_2_7_92.jpg",
  "box": [
    0.7024612426757812,
    455.6254577636719,
    280.3487854003906,
    977.989990234375
  ],
  "class": 2,
  "confidence": 0.9327439069747925,
  "uncertainty": 0.15236122788788534
}