{
  "image": "data\\raw\\images\\train\\F_2_2_1107.jpg",
  "box": [
    1263.3980712890625,
    588.2005615234375,
    1379.39013671875,
    748.7510375976562
  ],
  "class": 3,
  "confidence": 0.6527372002601624,
  "uncertainty": 0.37175734037392905
}