{
  "image": "data\\raw\\images\\train\\F_2_9_433.jpg",
  "box": [
    474.2359313964844,
    461.146484375,
    714.876220703125,
    627.8954467773438
  ],
  "class": 2,
  "confidence": 0.7470362782478333,
  "uncertainty": 0.21974477371235346
}