{
  "image": "data\\raw\\images\\train\\F_2_1_569.jpg",
  "box": [
    1779.1534423828125,
    497.1576232910156,
    1837.8021240234375,
    584.0542602539062
  ],
  "class": 3,
  "confidence": 0.49499863386154175,
  "uncertainty": 0.3938272048300246
}