{
  "image": "data\\raw\\images\\train\\F_2_9_339.jpg",
  "box": [
    739.0131225585938,
    537.8751220703125,
    797.934814453125,
    612.3310546875
  ],
  "class": 3,
  "confidence": 0.542665421962738,
  "uncertainty": 0.36546411911871884
}