{
  "image": "data\\raw\\images\\train\\F_2_1_809.jpg",
  "box": [
    933.0684814453125,
    454.0441589355469,
    1007.9937744140625,
    557.0955810546875
  ],
  "class": 2,
  "confidence": 0.5137449502944946,
  "uncertainty": 0.3378974409129973
}