{
  "image": "data\\raw\\images\\train\\F_2_2_1435.jpg",
  "box": [
    658.4959716796875,
    456.0724182128906,
    735.7205200195312,
    513.2470703125
  ],
  "class": 2,
  "confidence": 0.373272567987442,
  "uncertainty": 0.4090056091056323
}