{
  "image": "data\\raw\\images\\train\\F_2_2_978.jpg",
  "box": [
    847.763916015625,
    440.48419189453125,
    916.4281005859375,
    508.61883544921875
  ],
  "class": 2,
  "confidence": 0.7535929679870605,
  "uncertainty": 0.19798167414594708
}