{
  "image": "data\\raw\\images\\train\\F_2_9_3019.jpg",
  "box": [
    1328.69482421875,
    395.4219970703125,
    1426.946533203125,
    492.20294189453125
  ],
  "class": 7,
  "confidence": 0.4492477774620056,
  "uncertainty": 0.45058210180022434
}