{
  "image": "data\\raw\\images\\train\\F_2_7_1802.jpg",
  "box": [
    298.33502197265625,
    539.822021484375,
    393.9383544921875,
    682.7909545898438
  ],
  "class": 3,
  "confidence": 0.43210458755493164,
  "uncertainty": 0.46668086803394376
}