{
  "image": "data\\raw\\images\\train\\F_2_6_531.jpg",
  "box": [
    944.0787353515625,
    524.1114501953125,
    1004.2841796875,
    608.702880859375
  ],
  "class": 3,
  "confidence": 0.5836243033409119,
  "uncertainty": 0.3737164447806499
}