{
  "image": "data\\raw\\images\\train\\F_2_9_1524.jpg",
  "box": [
    794.2234497070312,
    385.4483642578125,
    1916.555419921875,
    1066.125
  ],
  "class": 2,
  "confidence": 0.9094467759132385,
  "uncertainty": 0.11512133057925136
}