{
  "image": "data\\raw\\images\\train\\F_2_2_1041.jpg",
  "box": [
    1478.3662109375,
    474.8419189453125,
    1919.1016845703125,
    962.1470947265625
  ],
  "class": 2,
  "confidence": 0.9387543797492981,
  "uncertainty": 0.1253638996730521
}