{
  "image": "data\\raw\\images\\train\\F_2_7_1668.jpg",
  "box": [
    941.984619140625,
    414.67681884765625,
    1194.3343505859375,
    538.7349853515625
  ],
  "class": 2,
  "confidence": 0.8300230503082275,
  "uncertainty": 0.1535927009382736
}