{
  "image": "data\\raw\\images\\train\\F_2_4_794.jpg",
  "box": [
    769.500732421875,
    476.19818115234375,
    1016.98681640625,
    648.8155517578125
  ],
  "class": 2,
  "confidence": 0.8629327416419983,
  "uncertainty": 0.18210771651644167
}