{
  "image": "data\\raw\\images\\train\\F_2_9_1600.jpg",
  "box": [
    1670.3155517578125,
    420.6528625488281,
    1919.3719482421875,
    1033.999267578125
  ],
  "class": 2,
  "confidence": 0.9098473787307739,
  "uncertainty": 0.16609120719305598
}