{
  "image": "data\\raw\\images\\train\\F_2_6_566.jpg",
  "box": [
    914.89892578125,
    289.3515625,
    1133.9498291015625,
    582.43603515625
  ],
  "class": 7,
  "confidence": 0.8915473222732544,
  "uncertainty": 0.24882095300740265
}