{
  "image": "data\\raw\\images\\train\\F_2_7_164.jpg",
  "box": [
    51.40502166748047,
    410.31536865234375,
    205.0868682861328,
    458.86065673828125
  ],
  "class": 2,
  "confidence": 0.28218287229537964,
  "uncertainty": 0.4335567096472205
}