{
  "image": "data\\raw\\images\\train\\F_2_7_620.jpg",
  "box": [
    662.8106689453125,
    437.25811767578125,
    704.6436767578125,
    486.89697265625
  ],
  "class": 3,
  "confidence": 0.33234596252441406,
  "uncertainty": 0.46093291481746695
}