{
  "image": "data\\raw\\images\\train\\F_2_1_450.jpg",
  "box": [
    2.8011932373046875,
    442.18267822265625,
    169.90200805664062,
    538.5459594726562
  ],
  "class": 2,
  "confidence": 0.3034658432006836,
  "uncertainty": 0.3358543892176587
}