{
  "image": "data\\raw\\images\\train\\F_2_2_840.jpg",
  "box": [
    1076.9058837890625,
    565.4818725585938,
    1164.336181640625,
    687.8798217773438
  ],
  "class": 3,
  "confidence": 0.7101395726203918,
  "uncertainty": 0.3281354673715852
}