{
  "image": "data\\raw\\images\\train\\F_2_9_3045.jpg",
  "box": [
    862.5399169921875,
    266.081298828125,
    1843.6490478515625,
    561.62451171875
  ],
  "class": 7,
  "confidence": 0.3887963593006134,
  "uncertainty": 0.3959430024196598
}