{
  "image": "data\\raw\\images\\train\\F_2_9_220.jpg",
  "box": [
    0.9617156982421875,
    504.9553527832031,
    461.2482604980469,
    964.4539794921875
  ],
  "class": 2,
  "confidence": 0.9478806257247925,
  "uncertainty": 0.1326958504963126
}