{
  "image": "data\\raw\\images\\train\\F_2_2_1008.jpg",
  "box": [
    281.5909423828125,
    499.68310546875,
    352.8899230957031,
    596.987548828125
  ],
  "class": 3,
  "confidence": 0.37542960047721863,
  "uncertainty": 0.4520578072404822
}