{
  "image": "data\\raw\\images\\train\\F_2_2_1312.jpg",
  "box": [
    555.382568359375,
    432.9040832519531,
    657.1195068359375,
    548.4680786132812
  ],
  "class": 7,
  "confidence": 0.37810492515563965,
  "uncertainty": 0.4473412514496454
}