{
  "image": "data\\raw\\images\\train\\F_2_7_1694.jpg",
  "box": [
    680.4122314453125,
    411.3782043457031,
    790.44140625,
    542.0181884765625
  ],
  "class": 7,
  "confidence": 0.2959859073162079,
  "uncertainty": 0.4757928008203326
}