{
  "image": "data\\raw\\images\\train\\F_2_2_179.jpg",
  "box": [
    1590.6236572265625,
    329.8080139160156,
    1919.493896484375,
    670.3642578125
  ],
  "class": 5,
  "confidence": 0.9332646131515503,
  "uncertainty": 0.18282388748725742
}