{
  "image": "data\\raw\\images\\train\\F_2_1_626.jpg",
  "box": [
    1443.217041015625,
    195.39431762695312,
    1918.34423828125,
    1044.602294921875
  ],
  "class": 7,
  "confidence": 0.7561463713645935,
  "uncertainty": 0.24080681114885905
}