{
  "image": "data\\raw\\images\\train\\F_2_2_1022.jpg",
  "box": [
    1172.627197265625,
    447.4576721191406,
    1249.25244140625,
    650.5723876953125
  ],
  "class": 2,
  "confidence": 0.28655514121055603,
  "uncertainty": 0.46775025442113144
}