{
  "image": "data\\raw\\images\\train\\F_2_1_695.jpg",
  "box": [
    1059.1900634765625,
    653.1347045898438,
    1311.569580078125,
    1034.3408203125
  ],
  "class": 3,
  "confidence": 0.6821601390838623,
  "uncertainty": 0.33899316088688575
}