{
  "image": "data\\raw\\images\\train\\F_2_6_439.jpg",
  "box": [
    1130.9359130859375,
    642.7928466796875,
    1264.7032470703125,
    853.0222778320312
  ],
  "class": 3,
  "confidence": 0.778789758682251,
  "uncertainty": 0.3084199515637488
}