{
  "image": "data\\raw\\images\\train\\F_2_7_1822.jpg",
  "box": [
    649.5283203125,
    515.7323608398438,
    1558.07470703125,
    1068.2127685546875
  ],
  "class": 2,
  "confidence": 0.9444839358329773,
  "uncertainty": 0.10318279374680492
}