{
  "image": "data\\raw\\images\\train\\F_2_8_789.jpg",
  "box": [
    1845.4017333984375,
    545.0872192382812,
    1918.3406982421875,
    632.6337890625
  ],
  "class": 3,
  "confidence": 0.479381799697876,
  "uncertainty": 0.42820607962296936
}