{
  "image": "data\\raw\\images\\train\\F_2_7_378.jpg",
  "box": [
    1229.182373046875,
    499.93365478515625,
    1295.812255859375,
    584.9610595703125
  ],
  "class": 2,
  "confidence": 0.4597617983818054,
  "uncertainty": 0.3596535035662044
}