{
  "image": "data\\raw\\images\\train\\F_2_2_823.jpg",
  "box": [
    310.482666015625,
    445.5328674316406,
    419.73638916015625,
    523.0655517578125
  ],
  "class": 2,
  "confidence": 0.3951202630996704,
  "uncertainty": 0.41628083689280077
}