{
  "image": "data\\raw\\images\\train\\F_2_2_1001.jpg",
  "box": [
    60.2969970703125,
    470.1397705078125,
    314.5950927734375,
    660.7161254882812
  ],
  "class": 2,
  "confidence": 0.8696316480636597,
  "uncertainty": 0.20074289707322873
}