{
  "image": "data\\raw\\images\\train\\F_2_6_1911.jpg",
  "box": [
    0.2313995361328125,
    658.2318115234375,
    194.55697631835938,
    954.47509765625
  ],
  "class": 3,
  "confidence": 0.5144472122192383,
  "uncertainty": 0.3943919692834182
}