{
  "image": "data\\raw\\images\\train\\F_2_7_1818.jpg",
  "box": [
    419.9464416503906,
    626.3519897460938,
    559.9888916015625,
    793.6158447265625
  ],
  "class": 3,
  "confidence": 0.6734622716903687,
  "uncertainty": 0.36288835361173505
}