{
  "image": "data\\raw\\images\\train\\F_2_1_809.jpg",
  "box": [
    1241.52294921875,
    465.9987487792969,
    1264.19140625,
    517.0025024414062
  ],
  "class": 3,
  "confidence": 0.31270912289619446,
  "uncertainty": 0.45064624047425483
}