{
  "image": "data\\raw\\images\\train\\F_2_1_939.jpg",
  "box": [
    74.32044982910156,
    584.672607421875,
    176.42892456054688,
    723.9508666992188
  ],
  "class": 3,
  "confidence": 0.8022431135177612,
  "uncertainty": 0.3066328859786366
}