{
  "image": "data\\raw\\images\\train\\F_2_11_213.jpg",
  "box": [
    0.43851470947265625,
    548.3968505859375,
    136.25555419921875,
    885.8724975585938
  ],
  "class": 3,
  "confidence": 0.5721451044082642,
  "uncertainty": 0.3910832563476887
}