{
  "image": "data\\raw\\images\\train\\F_2_7_896.jpg",
  "box": [
    1221.365234375,
    407.95556640625,
    1570.038818359375,
    686.7338256835938
  ],
  "class": 2,
  "confidence": 0.9163049459457397,
  "uncertainty": 0.12230967371784557
}