{
  "image": "data\\raw\\images\\train\\F_2_1_261.jpg",
  "box": [
    665.4564208984375,
    361.834716796875,
    984.8453369140625,
    700.213623046875
  ],
  "class": 7,
  "confidence": 0.8379700183868408,
  "uncertainty": 0.24893097277997872
}