{
  "image": "data\\raw\\images\\train\\F_2_2_1714.jpg",
  "box": [
    1652.6575927734375,
    584.81298828125,
    1765.2279052734375,
    743.5735473632812
  ],
  "class": 3,
  "confidence": 0.6843668222427368,
  "uncertainty": 0.32130267901662146
}