{
  "image": "data\\raw\\images\\train\\F_2_9_552.jpg",
  "box": [
    1646.8157958984375,
    458.9167785644531,
    1828.701416015625,
    588.552490234375
  ],
  "class": 2,
  "confidence": 0.37117379903793335,
  "uncertainty": 0.4310388096752015
}