{
  "image": "data\\raw\\images\\train\\F_2_4_645.jpg",
  "box": [
    193.6317901611328,
    612.100341796875,
    327.784912109375,
    817.7943115234375
  ],
  "class": 3,
  "confidence": 0.6559722423553467,
  "uncertainty": 0.3655431222867644
}