{
  "image": "data\\raw\\images\\train\\F_2_9_2320.jpg",
  "box": [
    0.22925949096679688,
    400.44580078125,
    104.8242416381836,
    802.4716186523438
  ],
  "class": 2,
  "confidence": 0.28137245774269104,
  "uncertainty": 0.3903141794543982
}