{
  "image": "data\\raw\\images\\train\\F_2_4_606.jpg",
  "box": [
    1167.7132568359375,
    787.5772705078125,
    1409.586669921875,
    1073.760498046875
  ],
  "class": 3,
  "confidence": 0.773085355758667,
  "uncertainty": 0.38479885621075555
}