{
  "image": "data\\raw\\images\\train\\F_2_7_94.jpg",
  "box": [
    1571.0357666015625,
    695.8575439453125,
    1918.3443603515625,
    1068.3416748046875
  ],
  "class": 3,
  "confidence": 0.6358349919319153,
  "uncertainty": 0.3324721420065351
}