{
  "image": "data\\raw\\images\\train\\F_2_1_552.jpg",
  "box": [
    761.7050170898438,
    469.70941162109375,
    858.2382202148438,
    559.7507934570312
  ],
  "class": 3,
  "confidence": 0.4512344002723694,
  "uncertainty": 0.43735136846582134
}