{
  "image": "data\\raw\\images\\train\\F_2_7_1830.jpg",
  "box": [
    676.609619140625,
    544.2455444335938,
    752.5496215820312,
    653.4630737304688
  ],
  "class": 3,
  "confidence": 0.7408344745635986,
  "uncertainty": 0.29055538900639655
}