{
  "image": "data\\raw\\images\\train\\F_2_6_1624.jpg",
  "box": [
    307.25244140625,
    569.109619140625,
    430.541748046875,
    762.4796142578125
  ],
  "class": 3,
  "confidence": 0.7428619265556335,
  "uncertainty": 0.3178150522940665
}