{
  "image": "data\\raw\\images\\train\\F_2_1_659.jpg",
  "box": [
    1428.9442138671875,
    503.55908203125,
    1456.084228515625,
    549.5007934570312
  ],
  "class": 3,
  "confidence": 0.31747132539749146,
  "uncertainty": 0.47734872394861205
}