{
  "image": "data\\raw\\images\\train\\F_2_9_335.jpg",
  "box": [
    1.3458251953125,
    353.6633605957031,
    492.8848571777344,
    601.8045043945312
  ],
  "class": 7,
  "confidence": 0.3429752588272095,
  "uncertainty": 0.4741612332557523
}