{
  "image": "data\\raw\\images\\train\\F_2_3_165.jpg",
  "box": [
    521.1253051757812,
    466.91510009765625,
    1885.6461181640625,
    1069.0045166015625
  ],
  "class": 2,
  "confidence": 0.9539970755577087,
  "uncertainty": 0.11939065845232658
}