{
  "image": "data\\raw\\images\\train\\F_2_2_252.jpg",
  "box": [
    288.4537353515625,
    488.5111999511719,
    415.1966552734375,
    637.169921875
  ],
  "class": 2,
  "confidence": 0.36201733350753784,
  "uncertainty": 0.34811884378241365
}