{
  "image": "data\\raw\\images\\train\\F_2_2_420.jpg",
  "box": [
    0.05419921875,
    450.50830078125,
    54.02430725097656,
    537.1320190429688
  ],
  "class": 2,
  "confidence": 0.31745830178260803,
  "uncertainty": 0.3267402210643687
}