{
  "image": "data\\raw\\images\\train\\F_2_2_104.jpg",
  "box": [
    632.6990966796875,
    467.0743103027344,
    756.510009765625,
    615.2330932617188
  ],
  "class": 7,
  "confidence": 0.7533830404281616,
  "uncertainty": 0.27330400250414216
}