{
  "image": "data\\raw\\images\\train\\F_2_7_1497.jpg",
  "box": [
    125.05913543701172,
    401.93896484375,
    169.5562744140625,
    481.60150146484375
  ],
  "class": 3,
  "confidence": 0.25278913974761963,
  "uncertainty": 0.48312089872518965
}