{
  "image": "data\\raw\\images\\train\\F_2_1_325.jpg",
  "box": [
    863.559814453125,
    451.2082214355469,
    1020.8800048828125,
    592.74560546875
  ],
  "class": 2,
  "confidence": 0.8394216895103455,
  "uncertainty": 0.1504658693138368
}