{
  "image": "data\\raw\\images\\train\\F_2_2_1035.jpg",
  "box": [
    0.0390472412109375,
    407.7686767578125,
    225.34890747070312,
    572.7964477539062
  ],
  "class": 5,
  "confidence": 0.3073892891407013,
  "uncertainty": 0.4815420746737597
}