{
  "image": "data\\raw\\images\\train\\F_2_7_1282.jpg",
  "box": [
    758.693603515625,
    342.649169921875,
    832.889892578125,
    388.87799072265625
  ],
  "class": 2,
  "confidence": 0.43557462096214294,
  "uncertainty": 0.34444371618709857
}