{
  "image": "data\\raw\\images\\train\\F_2_1_733.jpg",
  "box": [
    1583.26904296875,
    505.4920349121094,
    1638.753662109375,
    587.474609375
  ],
  "class": 3,
  "confidence": 0.6974793672561646,
  "uncertainty": 0.3223753717075977
}