{
  "image": "data\\raw\\images\\train\\F_2_2_1225.jpg",
  "box": [
    2.146820068359375,
    224.30172729492188,
    721.79296875,
    1065.77001953125
  ],
  "class": 5,
  "confidence": 0.43436428904533386,
  "uncertainty": 0.36217470739718977
}