{
  "image": "data\\raw\\images\\train\\F_2_2_272.jpg",
  "box": [
    1279.193359375,
    421.5904541015625,
    1364.06591796875,
    516.9288330078125
  ],
  "class": 2,
  "confidence": 0.46396270394325256,
  "uncertainty": 0.31701746272935133
}