{
  "image": "data\\raw\\images\\train\\F_2_9_1658.jpg",
  "box": [
    128.96426391601562,
    424.8981628417969,
    473.61260986328125,
    530.7093505859375
  ],
  "class": 2,
  "confidence": 0.6305426955223083,
  "uncertainty": 0.27069117957028116
}