{
  "image": "data\\raw\\images\\train\\F_2_2_246.jpg",
  "box": [
    894.6121215820312,
    486.42474365234375,
    933.8699340820312,
    544.3814697265625
  ],
  "class": 3,
  "confidence": 0.36207640171051025,
  "uncertainty": 0.45128473549332265
}