{
  "image": "data\\raw\\images\\train\\F_2_2_33.jpg",
  "box": [
    1227.7227783203125,
    548.4332275390625,
    1373.5791015625,
    672.9856567382812
  ],
  "class": 2,
  "confidence": 0.25872302055358887,
  "uncertainty": 0.4122732419620558
}