{
  "image": "data\\raw\\images\\train\\F_2_1_741.jpg",
  "box": [
    1495.834228515625,
    418.03802490234375,
    1632.647705078125,
    513.0382690429688
  ],
  "class": 5,
  "confidence": 0.7017755508422852,
  "uncertainty": 0.317646815110705
}