{
  "image": "data\\raw\\images\\train\\F_2_7_1846.jpg",
  "box": [
    979.8289794921875,
    498.98162841796875,
    1057.99169921875,
    621.7864379882812
  ],
  "class": 2,
  "confidence": 0.7681771516799927,
  "uncertainty": 0.22261905274825616
}