{
  "image": "data\\raw\\images\\train\\F_2_1_782.jpg",
  "box": [
    1151.08251953125,
    450.665771484375,
    1250.08544921875,
    526.740966796875
  ],
  "class": 2,
  "confidence": 0.5548657774925232,
  "uncertainty": 0.2699428973125027
}