{
  "image": "data\\raw\\images\\train\\F_2_9_1522.jpg",
  "box": [
    0.28621673583984375,
    676.16015625,
    197.11427307128906,
    970.3097534179688
  ],
  "class": 3,
  "confidence": 0.36065173149108887,
  "uncertainty": 0.44126784459309887
}