{
  "image": "data\\raw\\images\\train\\F_2_3_226.jpg",
  "box": [
    1694.7381591796875,
    507.34735107421875,
    1771.2059326171875,
    595.8612670898438
  ],
  "class": 2,
  "confidence": 0.6919951438903809,
  "uncertainty": 0.2921159531260925
}