{
  "image": "data\\raw\\images\\train\\F_2_2_1039.jpg",
  "box": [
    0.674102783203125,
    385.4759216308594,
    315.40789794921875,
    688.8609619140625
  ],
  "class": 7,
  "confidence": 0.8649395704269409,
  "uncertainty": 0.2174794864596763
}