{
  "image": "data\\raw\\images\\train\\F_2_1_893.jpg",
  "box": [
    1343.9195556640625,
    424.2541809082031,
    1405.2435302734375,
    511.85467529296875
  ],
  "class": 7,
  "confidence": 0.3715144097805023,
  "uncertainty": 0.4603951180040648
}