{
  "image": "data\\raw\\images\\train\\F_2_1_782.jpg",
  "box": [
    414.4336853027344,
    546.1595458984375,
    502.7159729003906,
    668.890380859375
  ],
  "class": 3,
  "confidence": 0.7603692412376404,
  "uncertainty": 0.28145582311569267
}