{
  "image": "data\\raw\\images\\train\\F_2_3_464.jpg",
  "box": [
    0.9071044921875,
    522.63037109375,
    281.47686767578125,
    1068.5810546875
  ],
  "class": 2,
  "confidence": 0.9111382961273193,
  "uncertainty": 0.14984349297546898
}