{
  "image": "data\\raw\\images\\train\\F_2_6_1496.jpg",
  "box": [
    1050.8756103515625,
    615.51904296875,
    1145.674072265625,
    810.0108642578125
  ],
  "class": 3,
  "confidence": 0.3896969258785248,
  "uncertainty": 0.46967617923623894
}