{
  "image": "data\\raw\\images\\train\\F_2_8_188.jpg",
  "box": [
    998.9403076171875,
    470.2466125488281,
    1071.5313720703125,
    837.8765869140625
  ],
  "class": 2,
  "confidence": 0.49766209721565247,
  "uncertainty": 0.37470936410315575
}