{
  "image": "data\\raw\\images\\train\\F_2_2_813.jpg",
  "box": [
    1427.58349609375,
    460.8520202636719,
    1463.14501953125,
    494.4002380371094
  ],
  "class": 2,
  "confidence": 0.2669964134693146,
  "uncertainty": 0.38952530999299884
}