{
  "image": "data\\raw\\images\\train\\F_2_9_2259.jpg",
  "box": [
    529.349365234375,
    386.62060546875,
    587.1341552734375,
    430.69903564453125
  ],
  "class": 2,
  "confidence": 0.5268094539642334,
  "uncertainty": 0.27166173216088946
}