{
  "image": "data\\raw\\images\\train\\F_2_9_975.jpg",
  "box": [
    85.0711441040039,
    528.5634155273438,
    210.44317626953125,
    761.0526123046875
  ],
  "class": 3,
  "confidence": 0.7910822033882141,
  "uncertainty": 0.3371970952380828
}