{
  "image": "data\\raw\\images\\train\\F_2_9_324.jpg",
  "box": [
    969.620361328125,
    487.60174560546875,
    1158.853271484375,
    628.6372680664062
  ],
  "class": 2,
  "confidence": 0.8927419781684875,
  "uncertainty": 0.1317856755794845
}