{
  "image": "data\\raw\\images\\train\\F_2_2_1690.jpg",
  "box": [
    0.2900848388671875,
    338.12860107421875,
    615.9977416992188,
    1064.81982421875
  ],
  "class": 7,
  "confidence": 0.7365280985832214,
  "uncertainty": 0.21567628011783713
}