{
  "image": "data\\raw\\images\\train\\F_2_4_858.jpg",
  "box": [
    454.62139892578125,
    604.1292724609375,
    566.9291381835938,
    779.0494995117188
  ],
  "class": 3,
  "confidence": 0.7050839066505432,
  "uncertainty": 0.34892825855999293
}