{
  "image": "data\\raw\\images\\train\\F_2_3_252.jpg",
  "box": [
    0.7075653076171875,
    217.96298217773438,
    167.36204528808594,
    977.6015625
  ],
  "class": 7,
  "confidence": 0.8110758662223816,
  "uncertainty": 0.32596475687315324
}