{
  "image": "data\\raw\\images\\train\\F_2_2_836.jpg",
  "box": [
    106.05258178710938,
    81.4013671875,
    964.2713012695312,
    789.4698486328125
  ],
  "class": 5,
  "confidence": 0.9499208927154541,
  "uncertainty": 0.20681044440645005
}