{
  "image": "data\\raw\\images\\train\\F_2_2_871.jpg",
  "box": [
    238.25457763671875,
    2.877777099609375,
    912.6029052734375,
    767.98876953125
  ],
  "class": 7,
  "confidence": 0.9340267181396484,
  "uncertainty": 0.17660588969807955
}