{
  "image": "data\\raw\\images\\train\\F_2_7_1989.jpg",
  "box": [
    633.30712890625,
    403.4685974121094,
    690.091796875,
    478.6584777832031
  ],
  "class": 2,
  "confidence": 0.44210177659988403,
  "uncertainty": 0.35527724395269156
}