{
  "image": "data\\raw\\images\\train\\F_2_2_91.jpg",
  "box": [
    728.5521240234375,
    483.07855224609375,
    770.339111328125,
    544.7645263671875
  ],
  "class": 2,
  "confidence": 0.3523486852645874,
  "uncertainty": 0.35873160983335933
}