{
  "image": "data\\raw\\images\\train\\F_2_7_817.jpg",
  "box": [
    840.3515625,
    394.3956298828125,
    1128.519287109375,
    471.10400390625
  ],
  "class": 2,
  "confidence": 0.2600623071193695,
  "uncertainty": 0.4536067585995275
}