{
  "image": "data\\raw\\images\\train\\F_2_1_794.jpg",
  "box": [
    1440.9375,
    406.8153991699219,
    1633.56005859375,
    560.5845947265625
  ],
  "class": 2,
  "confidence": 0.7650630474090576,
  "uncertainty": 0.19984973187097752
}