{
  "image": "data\\raw\\images\\train\\F_2_9_2216.jpg",
  "box": [
    0.5890045166015625,
    460.61572265625,
    647.7650146484375,
    1061.939208984375
  ],
  "class": 2,
  "confidence": 0.9401630759239197,
  "uncertainty": 0.10422772087535206
}