{
  "image": "data\\raw\\images\\train\\F_2_7_1638.jpg",
  "box": [
    1787.0203857421875,
    437.6121826171875,
    1882.0543212890625,
    501.8408203125
  ],
  "class": 2,
  "confidence": 0.5136532187461853,
  "uncertainty": 0.35594021062941517
}