{
  "image": "data\\raw\\images\\train\\F_2_4_1025.jpg",
  "box": [
    722.1417236328125,
    396.1064758300781,
    858.6773681640625,
    482.5130310058594
  ],
  "class": 2,
  "confidence": 0.7917629480361938,
  "uncertainty": 0.23997819968731163
}