{
  "image": "data\\raw\\images\\train\\F_2_1_641.jpg",
  "box": [
    739.1766357421875,
    544.1746826171875,
    787.4166870117188,
    608.651611328125
  ],
  "class": 3,
  "confidence": 0.5869029760360718,
  "uncertainty": 0.35242186487673516
}