{
  "image": "data\\raw\\images\\train\\F_2_2_793.jpg",
  "box": [
    980.3140869140625,
    480.5915222167969,
    1300.517578125,
    764.00830078125
  ],
  "class": 2,
  "confidence": 0.9021218419075012,
  "uncertainty": 0.13863455805851696
}