{
  "image": "data\\raw\\images\\train\\F_2_2_328.jpg",
  "box": [
    1454.583251953125,
    489.8394470214844,
    1527.735595703125,
    610.22021484375
  ],
  "class": 3,
  "confidence": 0.5607607960700989,
  "uncertainty": 0.39290093027849415
}