{
  "image": "data\\raw\\images\\train\\F_2_10_119.jpg",
  "box": [
    939.4625244140625,
    469.505126953125,
    1023.767578125,
    551.62158203125
  ],
  "class": 7,
  "confidence": 0.3119305670261383,
  "uncertainty": 0.4780299248170336
}