{
  "image": "data\\raw\\images\\train\\F_2_6_523.jpg",
  "box": [
    0.4671306610107422,
    498.416015625,
    65.66500091552734,
    599.444091796875
  ],
  "class": 3,
  "confidence": 0.6345645189285278,
  "uncertainty": 0.3197257193718586
}