{
  "image": "data\\raw\\images\\train\\F_2_1_1191.jpg",
  "box": [
    433.22552490234375,
    440.8336486816406,
    500.3665466308594,
    495.5120544433594
  ],
  "class": 2,
  "confidence": 0.607793927192688,
  "uncertainty": 0.23789202833247738
}