{
  "image": "data\\raw\\images\\train\\F_2_7_230.jpg",
  "box": [
    599.453369140625,
    494.0870361328125,
    1023.880615234375,
    846.61669921875
  ],
  "class": 2,
  "confidence": 0.3296431005001068,
  "uncertainty": 0.39258237286137443
}