{
  "image": "data\\raw\\images\\train\\F_2_7_1323.jpg",
  "box": [
    1579.6103515625,
    448.0637512207031,
    1761.8544921875,
    600.4261474609375
  ],
  "class": 7,
  "confidence": 0.4046211838722229,
  "uncertainty": 0.4615951182044635
}