{
  "image": "data\\raw\\images\\train\\F_2_1_390.jpg",
  "box": [
    911.7103271484375,
    490.95721435546875,
    948.238037109375,
    519.5904541015625
  ],
  "class": 2,
  "confidence": 0.4418390691280365,
  "uncertainty": 0.30100034610723175
}