{
  "image": "data\\raw\\images\\train\\F_2_1_351.jpg",
  "box": [
    1653.1636962890625,
    384.5203857421875,
    1902.1556396484375,
    608.5816040039062
  ],
  "class": 7,
  "confidence": 0.7774614095687866,
  "uncertainty": 0.2845689341931103
}