{
  "image": "data\\raw\\images\\train\\F_2_6_1164.jpg",
  "box": [
    845.3529052734375,
    562.7448120117188,
    960.5947265625,
    728.1939697265625
  ],
  "class": 3,
  "confidence": 0.7560535669326782,
  "uncertainty": 0.29161536152751444
}