{
  "image": "data\\raw\\images\\train\\F_2_2_241.jpg",
  "box": [
    1802.682861328125,
    510.9097595214844,
    1919.162841796875,
    641.7186279296875
  ],
  "class": 2,
  "confidence": 0.8508704900741577,
  "uncertainty": 0.16010032435820193
}