{
  "image": "data\\raw\\images\\train\\F_2_4_165.jpg",
  "box": [
    584.4219360351562,
    529.0948486328125,
    922.892578125,
    773.356689453125
  ],
  "class": 2,
  "confidence": 0.9164804816246033,
  "uncertainty": 0.12874263685981333
}