{
  "image": "data\\raw\\images\\train\\F_2_1_730.jpg",
  "box": [
    1112.22265625,
    395.2228088378906,
    1265.3192138671875,
    489.3309631347656
  ],
  "class": 5,
  "confidence": 0.5888323187828064,
  "uncertainty": 0.3951001088962108
}