{
  "image": "data\\raw\\images\\train\\F_2_1_927.jpg",
  "box": [
    897.495361328125,
    613.288330078125,
    1031.77685546875,
    823.4686889648438
  ],
  "class": 3,
  "confidence": 0.6621940732002258,
  "uncertainty": 0.38648061625354757
}