{
  "image": "data\\raw\\images\\train\\F_2_2_1002.jpg",
  "box": [
    967.6336669921875,
    501.69427490234375,
    1051.028564453125,
    572.5225219726562
  ],
  "class": 2,
  "confidence": 0.7080091834068298,
  "uncertainty": 0.24212166661705914
}