{
  "image": "data\\raw\\images\\train\\F_2_1_521.jpg",
  "box": [
    296.67572021484375,
    511.5222473144531,
    571.751953125,
    734.4358520507812
  ],
  "class": 3,
  "confidence": 0.8467897772789001,
  "uncertainty": 0.27023656209844304
}