{
  "image": "data\\raw\\images\\train\\F_2_2_241.jpg",
  "box": [
    370.35443115234375,
    545.8104248046875,
    420.25982666015625,
    623.0342407226562
  ],
  "class": 3,
  "confidence": 0.6040855646133423,
  "uncertainty": 0.3589592653488065
}