{
  "image": "data\\raw\\images\\train\\F_2_1_843.jpg",
  "box": [
    215.62879943847656,
    530.907958984375,
    321.40789794921875,
    695.4099731445312
  ],
  "class": 3,
  "confidence": 0.7694143652915955,
  "uncertainty": 0.3191763632935369
}