{
  "image": "data\\raw\\images\\train\\F_2_2_939.jpg",
  "box": [
    126.55895233154297,
    614.323486328125,
    218.03341674804688,
    755.146240234375
  ],
  "class": 3,
  "confidence": 0.7267705798149109,
  "uncertainty": 0.3135992501227864
}