{
  "image": "data\\raw\\images\\train\\F_2_7_2147.jpg",
  "box": [
    1201.01416015625,
    432.3531188964844,
    1363.7626953125,
    779.430908203125
  ],
  "class": 2,
  "confidence": 0.7694947719573975,
  "uncertainty": 0.21490936137662175
}