{
  "image": "data\\raw\\images\\train\\F_2_9_975.jpg",
  "box": [
    1494.1251220703125,
    573.6611938476562,
    1585.866943359375,
    713.97607421875
  ],
  "class": 3,
  "confidence": 0.786683976650238,
  "uncertainty": 0.27903762347529065
}