{
  "image": "data\\raw\\images\\train\\F_2_6_1624.jpg",
  "box": [
    1353.17431640625,
    428.97528076171875,
    1438.70361328125,
    554.9983520507812
  ],
  "class": 2,
  "confidence": 0.66134113073349,
  "uncertainty": 0.250830935969122
}