{
  "image": "data\\raw\\images\\train\\F_2_8_1949.jpg",
  "box": [
    719.4622802734375,
    791.4105224609375,
    783.3235473632812,
    901.33056640625
  ],
  "class": 3,
  "confidence": 0.2521856129169464,
  "uncertainty": 0.4852204110950629
}