{
  "image": "data\\raw\\images\\train\\F_2_2_274.jpg",
  "box": [
    1478.8729248046875,
    474.2213134765625,
    1558.81201171875,
    544.2205200195312
  ],
  "class": 2,
  "confidence": 0.2713637053966522,
  "uncertainty": 0.37758848253469324
}