{
  "image": "data\\raw\\images\\train\\F_2_1_569.jpg",
  "box": [
    755.10986328125,
    421.482421875,
    818.6380004882812,
    485.0794372558594
  ],
  "class": 2,
  "confidence": 0.6633410453796387,
  "uncertainty": 0.20528497034858378
}