{
  "image": "data\\raw\\images\\train\\F_2_1_790.jpg",
  "box": [
    1335.5958251953125,
    413.6146545410156,
    1535.863037109375,
    587.585693359375
  ],
  "class": 7,
  "confidence": 0.4782182574272156,
  "uncertainty": 0.3694949575514559
}