{
  "image": "data\\raw\\images\\train\\F_2_8_422.jpg",
  "box": [
    22.254730224609375,
    390.88330078125,
    1497.423828125,
    1067.708984375
  ],
  "class": 2,
  "confidence": 0.913517951965332,
  "uncertainty": 0.1290489756844153
}