{
  "image": "data\\raw\\images\\train\\F_2_7_759.jpg",
  "box": [
    1794.2431640625,
    757.540283203125,
    1919.4437255859375,
    1075.764404296875
  ],
  "class": 3,
  "confidence": 0.6486817598342896,
  "uncertainty": 0.3986772883909313
}