{
  "image": "data\\raw\\images\\train\\F_2_1_377.jpg",
  "box": [
    0.6104393005371094,
    603.578857421875,
    116.94700622558594,
    952.888671875
  ],
  "class": 3,
  "confidence": 0.7736475467681885,
  "uncertainty": 0.3351299006479673
}