{
  "image": "data\\raw\\images\\train\\F_2_2_1439.jpg",
  "box": [
    1004.3142700195312,
    417.7020263671875,
    1064.09375,
    490.4541320800781
  ],
  "class": 2,
  "confidence": 0.5122801661491394,
  "uncertainty": 0.319299144108114
}