{
  "image": "data\\raw\\images\\train\\F_2_8_831.jpg",
  "box": [
    564.0323486328125,
    453.9789733886719,
    755.6201171875,
    609.1878662109375
  ],
  "class": 2,
  "confidence": 0.8518492579460144,
  "uncertainty": 0.1738831344480028
}