{
  "image": "data\\raw\\images\\train\\F_2_2_852.jpg",
  "box": [
    984.5469970703125,
    440.5176086425781,
    1203.1734619140625,
    706.833740234375
  ],
  "class": 2,
  "confidence": 0.6374320387840271,
  "uncertainty": 0.24209492721152573
}