{
  "image": "data\\raw\\images\\train\\F_2_1_843.jpg",
  "box": [
    809.0729370117188,
    471.3935546875,
    861.2367553710938,
    545.83837890625
  ],
  "class": 3,
  "confidence": 0.617622971534729,
  "uncertainty": 0.37463815237777814
}