{
  "image": "data\\raw\\images\\train\\F_2_1_632.jpg",
  "box": [
    0.2976493835449219,
    389.79608154296875,
    81.99968719482422,
    447.4490966796875
  ],
  "class": 2,
  "confidence": 0.284993439912796,
  "uncertainty": 0.3826718729745475
}