{
  "image": "data\\raw\\images\\train\\F_2_8_1935.jpg",
  "box": [
    627.5139770507812,
    397.90228271484375,
    694.5635375976562,
    504.8067626953125
  ],
  "class": 2,
  "confidence": 0.4259081184864044,
  "uncertainty": 0.4134384819039055
}