{
  "image": "data\\raw\\images\\train\\F_2_2_773.jpg",
  "box": [
    1850.16650390625,
    533.66943359375,
    1919.1697998046875,
    621.045654296875
  ],
  "class": 2,
  "confidence": 0.7213632464408875,
  "uncertainty": 0.18264776160314744
}