{
  "image": "data\\raw\\images\\train\\F_2_7_1306.jpg",
  "box": [
    911.7786254882812,
    394.467041015625,
    960.8325805664062,
    474.7335205078125
  ],
  "class": 2,
  "confidence": 0.2769782543182373,
  "uncertainty": 0.46678134781931546
}