{
  "image": "data\\raw\\images\\train\\F_2_2_1073.jpg",
  "box": [
    932.4227294921875,
    467.322265625,
    1047.0667724609375,
    595.8836669921875
  ],
  "class": 2,
  "confidence": 0.4612196683883667,
  "uncertainty": 0.40090173976456045
}