{
  "image": "data\\raw\\images\\train\\F_2_10_186.jpg",
  "box": [
    1018.9953002929688,
    454.53369140625,
    1070.435546875,
    532.9081420898438
  ],
  "class": 2,
  "confidence": 0.5908296704292297,
  "uncertainty": 0.29131069582883273
}