{
  "image": "data\\raw\\images\\train\\F_2_1_626.jpg",
  "box": [
    1325.42138671875,
    490.49591064453125,
    1370.96044921875,
    528.5254516601562
  ],
  "class": 2,
  "confidence": 0.6601957082748413,
  "uncertainty": 0.2127427085509935
}