{
  "image": "data\\raw\\images\\train\\F_2_7_1642.jpg",
  "box": [
    465.3622741699219,
    469.0265808105469,
    667.02734375,
    700.5775146484375
  ],
  "class": 2,
  "confidence": 0.7521596550941467,
  "uncertainty": 0.3179733974782808
}