{
  "image": "data\\raw\\images\\train\\F_2_5_95.jpg",
  "box": [
    244.52664184570312,
    384.4161071777344,
    634.9014892578125,
    770.9639892578125
  ],
  "class": 7,
  "confidence": 0.8813564777374268,
  "uncertainty": 0.22869237228710493
}