{
  "image": "data\\raw\\images\\train\\F_2_1_310.jpg",
  "box": [
    608.3300170898438,
    442.83380126953125,
    670.3657836914062,
    529.1793823242188
  ],
  "class": 7,
  "confidence": 0.524082601070404,
  "uncertainty": 0.3736098407703472
}