{
  "image": "data\\raw\\images\\train\\F_2_4_33.jpg",
  "box": [
    198.36277770996094,
    407.9900207519531,
    259.8182373046875,
    445.128662109375
  ],
  "class": 2,
  "confidence": 0.6491234302520752,
  "uncertainty": 0.21586824325305953
}