{
  "image": "data\\raw\\images\\train\\F_2_7_152.jpg",
  "box": [
    748.3709716796875,
    293.7615051269531,
    970.252685546875,
    553.72705078125
  ],
  "class": 5,
  "confidence": 0.27923309803009033,
  "uncertainty": 0.48383050761735547
}