{
  "image": "data\\raw\\images\\train\\F_2_7_1295.jpg",
  "box": [
    1804.0675048828125,
    560.09033203125,
    1912.6527099609375,
    645.0726928710938
  ],
  "class": 2,
  "confidence": 0.7259295582771301,
  "uncertainty": 0.17821997444332632
}