{
  "image": "data\\raw\\images\\train\\F_2_1_782.jpg",
  "box": [
    1600.38720703125,
    502.2666015625,
    1645.966552734375,
    580.0941772460938
  ],
  "class": 3,
  "confidence": 0.5857027173042297,
  "uncertainty": 0.36777679144341585
}