{
  "image": "data\\raw\\images\\train\\F_2_9_583.jpg",
  "box": [
    889.5327758789062,
    463.6856689453125,
    966.2114868164062,
    512.43603515625
  ],
  "class": 2,
  "confidence": 0.622613251209259,
  "uncertainty": 0.2454850408792223
}