{
  "image": "data\\raw\\images\\train\\F_2_4_645.jpg",
  "box": [
    369.5191955566406,
    480.498046875,
    1153.0927734375,
    1066.925048828125
  ],
  "class": 2,
  "confidence": 0.9409381747245789,
  "uncertainty": 0.09486972799358875
}