{
  "image": "data\\raw\\images\\train\\F_2_1_349.jpg",
  "box": [
    922.8892822265625,
    449.2325134277344,
    1041.802001953125,
    571.2479248046875
  ],
  "class": 2,
  "confidence": 0.46436166763305664,
  "uncertainty": 0.29702899984161013
}