{
  "image": "data\\raw\\images\\train\\F_2_10_119.jpg",
  "box": [
    940.51513671875,
    469.76934814453125,
    1020.184814453125,
    551.4576416015625
  ],
  "class": 2,
  "confidence": 0.4061517119407654,
  "uncertainty": 0.3459081733953927
}