{
  "image": "data\\raw\\images\\train\\F_2_1_843.jpg",
  "box": [
    1436.671142578125,
    425.96142578125,
    1503.962158203125,
    503.434326171875
  ],
  "class": 2,
  "confidence": 0.37041351199150085,
  "uncertainty": 0.36787804862022055
}