{
  "image": "data\\raw\\images\\train\\F_2_9_3048.jpg",
  "box": [
    4.8087158203125,
    52.117218017578125,
    1908.739013671875,
    1060.872314453125
  ],
  "class": 7,
  "confidence": 0.6063864827156067,
  "uncertainty": 0.2719739148774283
}