{
  "image": "data\\raw\\images\\train\\F_2_1_951.jpg",
  "box": [
    698.7542724609375,
    437.655029296875,
    822.35107421875,
    585.8897094726562
  ],
  "class": 7,
  "confidence": 0.5713576674461365,
  "uncertainty": 0.34530400869082617
}