{
  "image": "data\\raw\\images\\train\\F_2_6_977.jpg",
  "box": [
    76.82115173339844,
    653.8467407226562,
    147.97857666015625,
    771.96484375
  ],
  "class": 3,
  "confidence": 0.354015976190567,
  "uncertainty": 0.47211392934800184
}