{
  "image": "data\\raw\\images\\train\\F_2_6_519.jpg",
  "box": [
    593.5697021484375,
    599.2556762695312,
    705.3870849609375,
    801.6828002929688
  ],
  "class": 3,
  "confidence": 0.601101815700531,
  "uncertainty": 0.39860561699586755
}