{
  "image": "data\\raw\\images\\train\\F_2_1_957.jpg",
  "box": [
    290.9031982421875,
    414.10986328125,
    444.22589111328125,
    552.7701416015625
  ],
  "class": 2,
  "confidence": 0.8101006746292114,
  "uncertainty": 0.1729277292288848
}