{
  "image": "data\\raw\\images\\train\\F_2_7_116.jpg",
  "box": [
    0.6136207580566406,
    361.76385498046875,
    179.6589813232422,
    573.2968139648438
  ],
  "class": 2,
  "confidence": 0.4564615786075592,
  "uncertainty": 0.3732622216751187
}