{
  "image": "data\\raw\\images\\train\\F_2_2_791.jpg",
  "box": [
    1473.0135498046875,
    506.1492919921875,
    1515.3541259765625,
    558.8995971679688
  ],
  "class": 2,
  "confidence": 0.44947901368141174,
  "uncertainty": 0.29532596512480724
}