{
  "image": "data\\raw\\images\\train\\F_2_2_747.jpg",
  "box": [
    42.4976806640625,
    471.74859619140625,
    1849.294921875,
    1069.4417724609375
  ],
  "class": 2,
  "confidence": 0.9510167837142944,
  "uncertainty": 0.12725478766051035
}