{
  "image": "data\\raw\\images\\train\\F_2_2_1676.jpg",
  "box": [
    564.0620727539062,
    457.44049072265625,
    682.77099609375,
    570.0459594726562
  ],
  "class": 2,
  "confidence": 0.7986874580383301,
  "uncertainty": 0.22036177503502433
}