{
  "image": "data\\raw\\images\\train\\F_2_2_1053.jpg",
  "box": [
    928.751220703125,
    446.4137878417969,
    1043.7491455078125,
    478.7851867675781
  ],
  "class": 2,
  "confidence": 0.4604312479496002,
  "uncertainty": 0.319352434331335
}