{
  "image": "data\\raw\\images\\train\\F_2_2_970.jpg",
  "box": [
    569.0023193359375,
    530.7044677734375,
    620.37939453125,
    616.9103393554688
  ],
  "class": 3,
  "confidence": 0.4732257127761841,
  "uncertainty": 0.43861947310182503
}