{
  "image": "data\\raw\\images\\train\\F_2_1_566.jpg",
  "box": [
    768.5894775390625,
    544.6607666015625,
    803.8438720703125,
    592.9931030273438
  ],
  "class": 3,
  "confidence": 0.4252721071243286,
  "uncertainty": 0.4160022033544556
}