{
  "image": "data\\raw\\images\\train\\F_2_7_1854.jpg",
  "box": [
    1.718719482421875,
    4.793060302734375,
    965.7947998046875,
    852.2164306640625
  ],
  "class": 5,
  "confidence": 0.9526275992393494,
  "uncertainty": 0.1931956412948359
}