{
  "image": "data\\raw\\images\\train\\F_2_7_890.jpg",
  "box": [
    877.3606567382812,
    525.76904296875,
    1298.9169921875,
    876.5191650390625
  ],
  "class": 2,
  "confidence": 0.9153491854667664,
  "uncertainty": 0.13666695284375863
}