{
  "image": "data\\raw\\images\\train\\F_2_6_859.jpg",
  "box": [
    454.6346740722656,
    609.45654296875,
    566.1297607421875,
    785.9488525390625
  ],
  "class": 3,
  "confidence": 0.760157585144043,
  "uncertainty": 0.29638485926284114
}