{
  "image": "data\\raw\\images\\train\\F_2_2_1008.jpg",
  "box": [
    1706.9072265625,
    372.99786376953125,
    1770.036376953125,
    425.48541259765625
  ],
  "class": 7,
  "confidence": 0.2638342082500458,
  "uncertainty": 0.498430786781143
}