{
  "image": "data\\raw\\images\\train\\F_2_7_108.jpg",
  "box": [
    1676.86279296875,
    950.4329223632812,
    1918.08642578125,
    1078.041015625
  ],
  "class": 3,
  "confidence": 0.29481399059295654,
  "uncertainty": 0.44935281011145284
}