{
  "image": "data\\raw\\images\\train\\F_2_1_888.jpg",
  "box": [
    1352.266845703125,
    450.3849792480469,
    1501.6981201171875,
    583.59033203125
  ],
  "class": 7,
  "confidence": 0.7533479928970337,
  "uncertainty": 0.26477359317351307
}