{
  "image": "data\\raw\\images\\train\\F_2_9_781.jpg",
  "box": [
    1254.8995361328125,
    517.281982421875,
    1280.166259765625,
    558.55908203125
  ],
  "class": 3,
  "confidence": 0.4900318384170532,
  "uncertainty": 0.38548635286591704
}