{
  "image": "data\\raw\\images\\train\\F_2_1_551.jpg",
  "box": [
    1130.35107421875,
    424.5401916503906,
    1198.4534912109375,
    483.1634216308594
  ],
  "class": 2,
  "confidence": 0.6073589324951172,
  "uncertainty": 0.2298466466179393
}