{
  "image": "data\\raw\\images\\train\\F_2_6_1115.jpg",
  "box": [
    810.4290161132812,
    590.3927001953125,
    944.0586547851562,
    808.310791015625
  ],
  "class": 3,
  "confidence": 0.5970132946968079,
  "uncertainty": 0.3991917770047741
}