{
  "image": "data\\raw\\images\\train\\F_2_4_56.jpg",
  "box": [
    0.41356658935546875,
    725.6266479492188,
    176.87222290039062,
    1068.74169921875
  ],
  "class": 3,
  "confidence": 0.6997437477111816,
  "uncertainty": 0.29551937901900405
}