{
  "image": "data\\raw\\images\\train\\F_2_2_779.jpg",
  "box": [
    1785.322998046875,
    357.6382141113281,
    1919.735595703125,
    497.46075439453125
  ],
  "class": 5,
  "confidence": 0.3045235872268677,
  "uncertainty": 0.445011189215753
}