{
  "image": "data\\raw\\images\\train\\F_2_1_191.jpg",
  "box": [
    1021.223876953125,
    446.11358642578125,
    1158.005859375,
    581.9741821289062
  ],
  "class": 2,
  "confidence": 0.8397539854049683,
  "uncertainty": 0.15940873579892645
}