{
  "image": "data\\raw\\images\\train\\F_2_6_551.jpg",
  "box": [
    815.3265380859375,
    555.2957153320312,
    864.7842407226562,
    640.6790771484375
  ],
  "class": 3,
  "confidence": 0.7251860499382019,
  "uncertainty": 0.3081021105606876
}