{
  "image": "data\\raw\\images\\train\\F_2_6_1625.jpg",
  "box": [
    1572.90234375,
    428.4242248535156,
    1733.8970947265625,
    649.748779296875
  ],
  "class": 2,
  "confidence": 0.3337271213531494,
  "uncertainty": 0.4760023439611022
}