{
  "image": "data\\raw\\images\\train\\F_2_9_3026.jpg",
  "box": [
    1078.22802734375,
    470.49444580078125,
    1151.410888671875,
    553.9171142578125
  ],
  "class": 2,
  "confidence": 0.6231393218040466,
  "uncertainty": 0.2673633762168174
}