{
  "image": "data\\raw\\images\\train\\F_2_3_98.jpg",
  "box": [
    0.32677459716796875,
    431.7856750488281,
    198.9546661376953,
    746.2022094726562
  ],
  "class": 2,
  "confidence": 0.754630446434021,
  "uncertainty": 0.27015096312362574
}