{
  "image": "data\\raw\\images\\train\\F_2_1_624.jpg",
  "box": [
    394.5942077636719,
    452.3110656738281,
    484.2858581542969,
    529.2662353515625
  ],
  "class": 7,
  "confidence": 0.2719108760356903,
  "uncertainty": 0.4475204681385772
}