{
  "image": "data\\raw\\images\\train\\F_2_7_1306.jpg",
  "box": [
    681.298095703125,
    398.28289794921875,
    920.991943359375,
    601.9674072265625
  ],
  "class": 2,
  "confidence": 0.9058852791786194,
  "uncertainty": 0.13698852754587904
}