{
  "image": "data\\raw\\images\\train\\F_2_9_2140.jpg",
  "box": [
    581.1463012695312,
    424.0644836425781,
    668.2359619140625,
    553.48828125
  ],
  "class": 2,
  "confidence": 0.434159517288208,
  "uncertainty": 0.3289319248633602
}