{
  "image": "data\\raw\\images\\train\\F_2_6_859.jpg",
  "box": [
    1036.1171875,
    146.32177734375,
    1589.92138671875,
    740.947509765625
  ],
  "class": 7,
  "confidence": 0.8349992632865906,
  "uncertainty": 0.21940339020959476
}