{
  "image": "data\\raw\\images\\train\\F_2_6_534.jpg",
  "box": [
    859.1464233398438,
    351.9051818847656,
    995.6090698242188,
    503.92730712890625
  ],
  "class": 7,
  "confidence": 0.5858427286148071,
  "uncertainty": 0.3728055172239891
}