{
  "image": "data\\raw\\images\\train\\F_2_8_837.jpg",
  "box": [
    355.3917236328125,
    425.6710205078125,
    461.46795654296875,
    487.3079833984375
  ],
  "class": 7,
  "confidence": 0.3647843897342682,
  "uncertainty": 0.425768835771018
}