{
  "image": "data\\raw\\images\\train\\F_2_1_622.jpg",
  "box": [
    1328.2371826171875,
    515.6555786132812,
    1394.1405029296875,
    594.4053955078125
  ],
  "class": 2,
  "confidence": 0.6579240560531616,
  "uncertainty": 0.24925571867862228
}