{
  "image": "data\\raw\\images\\train\\F_2_1_552.jpg",
  "box": [
    923.2269287109375,
    393.1262512207031,
    1057.431884765625,
    556.197021484375
  ],
  "class": 7,
  "confidence": 0.5482779145240784,
  "uncertainty": 0.35473109642136824
}