{
  "image": "data\\raw\\images\\train\\F_2_2_795.jpg",
  "box": [
    789.8961181640625,
    583.0699462890625,
    868.556396484375,
    667.22802734375
  ],
  "class": 2,
  "confidence": 0.5287570357322693,
  "uncertainty": 0.2621261740005096
}