{
  "image": "data\\raw\\images\\train\\F_2_6_568.jpg",
  "box": [
    1142.2965087890625,
    510.0746154785156,
    1204.68896484375,
    623.6689453125
  ],
  "class": 7,
  "confidence": 0.5348886847496033,
  "uncertainty": 0.36262766049892564
}