{
  "image": "data\\raw\\images\\train\\F_2_7_2343.jpg",
  "box": [
    374.23614501953125,
    431.5643005371094,
    756.5618286132812,
    817.8582763671875
  ],
  "class": 2,
  "confidence": 0.830575704574585,
  "uncertainty": 0.14953656532647763
}