{
  "image": "data\\raw\\images\\train\\F_2_1_821.jpg",
  "box": [
    544.5928955078125,
    570.7473754882812,
    634.8531494140625,
    705.79052734375
  ],
  "class": 3,
  "confidence": 0.7462939620018005,
  "uncertainty": 0.29204772858101946
}