{
  "image": "data\\raw\\images\\train\\F_2_6_145.jpg",
  "box": [
    217.41830444335938,
    477.0704040527344,
    321.63787841796875,
    638.206298828125
  ],
  "class": 2,
  "confidence": 0.5940582752227783,
  "uncertainty": 0.30758047664072485
}