{
  "image": "data\\raw\\images\\train\\F_2_6_523.jpg",
  "box": [
    1183.137939453125,
    469.2884216308594,
    1295.426025390625,
    573.081787109375
  ],
  "class": 2,
  "confidence": 0.6142814755439758,
  "uncertainty": 0.40451805499554105
}