{
  "image": "data\\raw\\images\\train\\F_2_9_332.jpg",
  "box": [
    346.9095458984375,
    393.56964111328125,
    636.452880859375,
    533.6215209960938
  ],
  "class": 2,
  "confidence": 0.5875319838523865,
  "uncertainty": 0.33745372183046257
}