{
  "image": "data\\raw\\images\\train\\F_2_6_107.jpg",
  "box": [
    630.3756103515625,
    459.7364501953125,
    727.1217651367188,
    591.9406127929688
  ],
  "class": 3,
  "confidence": 0.32455289363861084,
  "uncertainty": 0.4573454953688022
}