{
  "image": "data\\raw\\images\\train\\F_2_5_20.jpg",
  "box": [
    790.7590942382812,
    464.6686706542969,
    877.9352416992188,
    565.7420654296875
  ],
  "class": 2,
  "confidence": 0.734241247177124,
  "uncertainty": 0.24956968648274008
}