{
  "image": "data\\raw\\images\\train\\F_2_6_1257.jpg",
  "box": [
    0.32421112060546875,
    476.3850402832031,
    82.81702423095703,
    574.109375
  ],
  "class": 2,
  "confidence": 0.282993346452713,
  "uncertainty": 0.420995498624517
}