{
  "image": "data\\raw\\images\\train\\F_2_2_1080.jpg",
  "box": [
    379.52459716796875,
    538.73388671875,
    444.62335205078125,
    625.6068725585938
  ],
  "class": 3,
  "confidence": 0.7017332315444946,
  "uncertainty": 0.30649751480613363
}