{
  "image": "data\\raw\\images\\train\\F_2_2_1045.jpg",
  "box": [
    1244.4039306640625,
    470.937744140625,
    1459.7459716796875,
    678.113525390625
  ],
  "class": 2,
  "confidence": 0.8057693839073181,
  "uncertainty": 0.24365796250092087
}