{
  "image": "data\\raw\\images\\train\\F_2_2_1358.jpg",
  "box": [
    460.2712097167969,
    412.3341064453125,
    565.4298706054688,
    570.7196044921875
  ],
  "class": 2,
  "confidence": 0.3198711574077606,
  "uncertainty": 0.39327792107782705
}