{
  "image": "data\\raw\\images\\train\\F_2_1_423.jpg",
  "box": [
    1503.7235107421875,
    492.1211242675781,
    1615.99951171875,
    623.00439453125
  ],
  "class": 7,
  "confidence": 0.4170384407043457,
  "uncertainty": 0.4102813308418217
}