{
  "image": "data\\raw\\images\\train\\F_2_3_652.jpg",
  "box": [
    1593.8759765625,
    382.9698486328125,
    1843.1656494140625,
    710.203857421875
  ],
  "class": 7,
  "confidence": 0.552790105342865,
  "uncertainty": 0.36165668848565174
}