{
  "image": "data\\raw\\images\\train\\F_2_1_383.jpg",
  "box": [
    1348.0499267578125,
    441.1408996582031,
    1421.3140869140625,
    504.0810241699219
  ],
  "class": 7,
  "confidence": 0.40369153022766113,
  "uncertainty": 0.39579402369216715
}