{
  "image": "data\\raw\\images\\train\\F_2_6_34.jpg",
  "box": [
    0.6901016235351562,
    455.13995361328125,
    278.9246826171875,
    796.268310546875
  ],
  "class": 2,
  "confidence": 0.9013877511024475,
  "uncertainty": 0.12131812289252886
}