{
  "image": "data\\raw\\images\\train\\F_2_9_3026.jpg",
  "box": [
    1144.3875732421875,
    453.5767822265625,
    1274.919189453125,
    560.6044921875
  ],
  "class": 2,
  "confidence": 0.4652322828769684,
  "uncertainty": 0.3119517472950116
}