{
  "image": "data\\raw\\images\\train\\F_2_6_1263.jpg",
  "box": [
    184.98464965820312,
    559.4807739257812,
    254.82269287109375,
    657.217529296875
  ],
  "class": 3,
  "confidence": 0.7033356428146362,
  "uncertainty": 0.3256566556368133
}