{
  "image": "data\\raw\\images\\train\\F_2_4_254.jpg",
  "box": [
    1287.1922607421875,
    737.1066284179688,
    1526.093017578125,
    1073.72412109375
  ],
  "class": 3,
  "confidence": 0.8122701048851013,
  "uncertainty": 0.2751588836738125
}