{
  "image": "data\\raw\\images\\train\\F_2_7_154.jpg",
  "box": [
    160.77593994140625,
    398.9991760253906,
    780.2255859375,
    1005.5224609375
  ],
  "class": 2,
  "confidence": 0.8842588067054749,
  "uncertainty": 0.15852619597711748
}