{
  "image": "data\\raw\\images\\train\\F_2_1_390.jpg",
  "box": [
    839.84375,
    485.9242858886719,
    895.65771484375,
    537.3426513671875
  ],
  "class": 2,
  "confidence": 0.6002048254013062,
  "uncertainty": 0.24523041114902205
}