{
  "image": "data\\raw\\images\\train\\F_2_2_1461.jpg",
  "box": [
    0.6406402587890625,
    3.99517822265625,
    196.29946899414062,
    1062.72021484375
  ],
  "class": 5,
  "confidence": 0.6386202573776245,
  "uncertainty": 0.36161771588277686
}