{
  "image": "data\\raw\\images\\train\\F_2_1_461.jpg",
  "box": [
    405.4046630859375,
    515.8778686523438,
    454.37091064453125,
    580.9244384765625
  ],
  "class": 3,
  "confidence": 0.42885908484458923,
  "uncertainty": 0.45062917369104005
}