{
  "image": "data\\raw\\images\\train\\F_2_2_113.jpg",
  "box": [
    1794.873779296875,
    527.8170776367188,
    1858.868408203125,
    611.2578735351562
  ],
  "class": 2,
  "confidence": 0.6680052280426025,
  "uncertainty": 0.22185348083332954
}