{
  "image": "data\\raw\\images\\train\\F_2_1_802.jpg",
  "box": [
    1500.1270751953125,
    516.136962890625,
    1557.78955078125,
    612.1534423828125
  ],
  "class": 3,
  "confidence": 0.6517248749732971,
  "uncertainty": 0.3445139472741397
}