{
  "image": "data\\raw\\images\\train\\F_2_7_100.jpg",
  "box": [
    1077.881103515625,
    444.28070068359375,
    1249.8599853515625,
    894.0983276367188
  ],
  "class": 7,
  "confidence": 0.4697561264038086,
  "uncertainty": 0.4531919431675027
}