{
  "image": "data\\raw\\images\\train\\F_2_1_893.jpg",
  "box": [
    681.9017944335938,
    360.22064208984375,
    760.0801391601562,
    451.075927734375
  ],
  "class": 5,
  "confidence": 0.6041961908340454,
  "uncertainty": 0.3560454390120146
}