{
  "image": "data\\raw\\images\\train\\F_2_6_1000.jpg",
  "box": [
    1641.670166015625,
    590.7702026367188,
    1752.2867431640625,
    771.8785400390625
  ],
  "class": 3,
  "confidence": 0.6484559178352356,
  "uncertainty": 0.3752304770340999
}