{
  "image": "data\\raw\\images\\train\\F_2_4_274.jpg",
  "box": [
    103.74993896484375,
    235.5274658203125,
    1210.589599609375,
    1066.414794921875
  ],
  "class": 7,
  "confidence": 0.7161452770233154,
  "uncertainty": 0.2642928178666379
}