{
  "image": "data\\raw\\images\\train\\F_2_2_1733.jpg",
  "box": [
    793.2747802734375,
    455.27197265625,
    1056.23291015625,
    686.4490356445312
  ],
  "class": 2,
  "confidence": 0.5538154244422913,
  "uncertainty": 0.28056894616527106
}