{
  "image": "data\\raw\\images\\train\\F_2_8_1812.jpg",
  "box": [
    1338.331787109375,
    375.31402587890625,
    1377.477783203125,
    402.70184326171875
  ],
  "class": 2,
  "confidence": 0.4716588258743286,
  "uncertainty": 0.2891589768957949
}