{
  "image": "data\\raw\\images\\train\\F_2_2_1435.jpg",
  "box": [
    1040.9302978515625,
    457.2856750488281,
    1090.3233642578125,
    548.40478515625
  ],
  "class": 3,
  "confidence": 0.30541443824768066,
  "uncertainty": 0.46116711072414035
}