{
  "image": "data\\raw\\images\\train\\F_2_8_1258.jpg",
  "box": [
    450.92779541015625,
    496.05908203125,
    743.34521484375,
    767.324951171875
  ],
  "class": 2,
  "confidence": 0.909025251865387,
  "uncertainty": 0.14207172704713747
}