{
  "image": "data\\raw\\images\\train\\F_2_9_1377.jpg",
  "box": [
    368.6971435546875,
    392.0138854980469,
    585.4403076171875,
    642.9002685546875
  ],
  "class": 7,
  "confidence": 0.40753161907196045,
  "uncertainty": 0.4334565271043392
}