{
  "image": "data\\raw\\images\\train\\F_2_1_417.jpg",
  "box": [
    1299.067138671875,
    477.563232421875,
    1320.8521728515625,
    519.2789306640625
  ],
  "class": 3,
  "confidence": 0.6288671493530273,
  "uncertainty": 0.326127337788562
}