{
  "image": "data\\raw\\images\\train\\F_2_1_264.jpg",
  "box": [
    419.7173767089844,
    463.3772277832031,
    625.8917236328125,
    626.741455078125
  ],
  "class": 2,
  "confidence": 0.8868546485900879,
  "uncertainty": 0.13636841200431862
}