{
  "image": "data\\raw\\images\\train\\F_2_6_1735.jpg",
  "box": [
    573.8695068359375,
    405.12872314453125,
    624.9346923828125,
    501.610107421875
  ],
  "class": 2,
  "confidence": 0.43686601519584656,
  "uncertainty": 0.34414754001065156
}