{
  "image": "data\\raw\\images\\train\\F_2_1_411.jpg",
  "box": [
    1430.371826171875,
    466.04248046875,
    1502.8504638671875,
    550.0950317382812
  ],
  "class": 7,
  "confidence": 0.3926669955253601,
  "uncertainty": 0.41201561379203294
}