{
  "image": "data\\raw\\images\\train\\F_2_1_417.jpg",
  "box": [
    1659.267333984375,
    454.7752990722656,
    1851.0146484375,
    626.427490234375
  ],
  "class": 2,
  "confidence": 0.8917661905288696,
  "uncertainty": 0.13111949963088082
}