{
  "image": "data\\raw\\images\\train\\F_2_1_661.jpg",
  "box": [
    0.8514862060546875,
    329.0713806152344,
    494.2246398925781,
    1059.986572265625
  ],
  "class": 7,
  "confidence": 0.849591851234436,
  "uncertainty": 0.22074791505473185
}