{
  "image": "data\\raw\\images\\train\\F_2_11_376.jpg",
  "box": [
    362.2288513183594,
    398.8135986328125,
    412.8723449707031,
    461.9608154296875
  ],
  "class": 7,
  "confidence": 0.492634117603302,
  "uncertainty": 0.3601889951554064
}