{
  "image": "data\\raw\\images\\train\\F_2_6_125.jpg",
  "box": [
    695.5687255859375,
    373.4371032714844,
    806.7213134765625,
    511.6811828613281
  ],
  "class": 7,
  "confidence": 0.6904113292694092,
  "uncertainty": 0.40122292461092096
}