{
  "image": "data\\raw\\images\\train\\F_2_2_1008.jpg",
  "box": [
    1012.431884765625,
    475.2774353027344,
    1704.531982421875,
    1066.2803955078125
  ],
  "class": 2,
  "confidence": 0.9411982297897339,
  "uncertainty": 0.059504110136306444
}