{
  "image": "data\\raw\\images\\train\\F_2_3_424.jpg",
  "box": [
    306.66937255859375,
    650.4774169921875,
    467.9526672363281,
    918.26806640625
  ],
  "class": 3,
  "confidence": 0.4405682384967804,
  "uncertainty": 0.4627488505236526
}