{
  "image": "data\\raw\\images\\train\\F_2_3_502.jpg",
  "box": [
    617.6738891601562,
    312.0409240722656,
    913.9183959960938,
    510.63116455078125
  ],
  "class": 5,
  "confidence": 0.8071514368057251,
  "uncertainty": 0.2972407263473953
}