{
  "image": "data\\raw\\images\\train\\F_2_1_484.jpg",
  "box": [
    708.609130859375,
    457.601318359375,
    785.2498779296875,
    545.3554077148438
  ],
  "class": 7,
  "confidence": 0.27552399039268494,
  "uncertainty": 0.4719673902990846
}