{
  "image": "data\\raw\\images\\train\\F_2_6_864.jpg",
  "box": [
    1127.064697265625,
    371.26263427734375,
    1728.16552734375,
    1063.045654296875
  ],
  "class": 7,
  "confidence": 0.46443113684654236,
  "uncertainty": 0.449875390520908
}