{
  "image": "data\\raw\\images\\train\\F_2_3_635.jpg",
  "box": [
    1800.81298828125,
    540.2037353515625,
    1888.9976806640625,
    660.0206298828125
  ],
  "class": 3,
  "confidence": 0.5727101564407349,
  "uncertainty": 0.3810997515434718
}