{
  "image": "data\\raw\\images\\train\\F_2_1_56.jpg",
  "box": [
    0.9285736083984375,
    359.853515625,
    265.6097106933594,
    543.9329223632812
  ],
  "class": 7,
  "confidence": 0.31586188077926636,
  "uncertainty": 0.4758109040359536
}