{
  "image": "data\\raw\\images\\train\\F_2_2_1053.jpg",
  "box": [
    331.71917724609375,
    462.226318359375,
    668.3589477539062,
    749.1707153320312
  ],
  "class": 2,
  "confidence": 0.9116787910461426,
  "uncertainty": 0.12763361080061625
}