{
  "image": "data\\raw\\images\\train\\F_2_8_886.jpg",
  "box": [
    901.8466796875,
    565.544921875,
    974.7098388671875,
    605.997314453125
  ],
  "class": 2,
  "confidence": 0.49449703097343445,
  "uncertainty": 0.2766626721988197
}