{
  "image": "data\\raw\\images\\train\\F_2_6_884.jpg",
  "box": [
    759.11767578125,
    523.7510986328125,
    802.6444702148438,
    598.21826171875
  ],
  "class": 3,
  "confidence": 0.5971066951751709,
  "uncertainty": 0.3688682988793995
}