{
  "image": "data\\raw\\images\\train\\F_2_7_1850.jpg",
  "box": [
    1216.8614501953125,
    455.781982421875,
    1450.037109375,
    660.8079833984375
  ],
  "class": 2,
  "confidence": 0.9096546769142151,
  "uncertainty": 0.12634128956409174
}