{
  "image": "data\\raw\\images\\train\\F_2_7_437.jpg",
  "box": [
    309.6387634277344,
    467.108642578125,
    943.4163818359375,
    900.88330078125
  ],
  "class": 2,
  "confidence": 0.3133346140384674,
  "uncertainty": 0.3984313472382296
}