{
  "image": "data\\raw\\images\\train\\F_2_8_400.jpg",
  "box": [
    380.72955322265625,
    488.2231750488281,
    822.3770751953125,
    1007.673828125
  ],
  "class": 7,
  "confidence": 0.47545474767684937,
  "uncertainty": 0.4122259413252657
}