{
  "image": "data\\raw\\images\\train\\F_2_9_2769.jpg",
  "box": [
    1433.459716796875,
    502.24517822265625,
    1481.267822265625,
    576.9996948242188
  ],
  "class": 3,
  "confidence": 0.6693148016929626,
  "uncertainty": 0.3312857733287265
}