{
  "image": "data\\raw\\images\\train\\F_2_3_383.jpg",
  "box": [
    1416.150634765625,
    474.1849365234375,
    1641.03857421875,
    771.2373046875
  ],
  "class": 2,
  "confidence": 0.8418981432914734,
  "uncertainty": 0.19079390920606962
}