{
  "image": "data\\raw\\images\\train\\F_2_2_836.jpg",
  "box": [
    1129.0079345703125,
    110.48604583740234,
    1455.5316162109375,
    618.7472534179688
  ],
  "class": 7,
  "confidence": 0.8018779754638672,
  "uncertainty": 0.24161463395449506
}