{
  "image": "data\\raw\\images\\train\\F_2_2_1692.jpg",
  "box": [
    1136.12841796875,
    568.6734008789062,
    1234.2257080078125,
    762.1624145507812
  ],
  "class": 3,
  "confidence": 0.7484776377677917,
  "uncertainty": 0.3152986690358388
}