{
  "image": "data\\raw\\images\\train\\F_2_7_110.jpg",
  "box": [
    291.2599182128906,
    491.45782470703125,
    1176.33447265625,
    1066.835693359375
  ],
  "class": 2,
  "confidence": 0.9368036389350891,
  "uncertainty": 0.06404272339098185
}