{
  "image": "data\\raw\\images\\train\\F_2_9_433.jpg",
  "box": [
    1868.31884765625,
    476.12457275390625,
    1919.177490234375,
    735.39892578125
  ],
  "class": 2,
  "confidence": 0.631562352180481,
  "uncertainty": 0.30222500306408473
}