{
  "image": "data\\raw\\images\\train\\F_2_2_1086.jpg",
  "box": [
    409.35150146484375,
    527.507080078125,
    487.11383056640625,
    656.931884765625
  ],
  "class": 3,
  "confidence": 0.7051380276679993,
  "uncertainty": 0.3737074863606398
}