{
  "image": "data\\raw\\images\\train\\F_2_7_779.jpg",
  "box": [
    1225.750732421875,
    454.5831298828125,
    1284.15380859375,
    594.5502319335938
  ],
  "class": 3,
  "confidence": 0.5909539461135864,
  "uncertainty": 0.45367002786201965
}