{
  "image": "data\\raw\\images\\train\\F_2_7_1282.jpg",
  "box": [
    1824.5980224609375,
    468.2928466796875,
    1913.8978271484375,
    602.7692260742188
  ],
  "class": 2,
  "confidence": 0.5219042897224426,
  "uncertainty": 0.3396660312984381
}