{
  "image": "data\\raw\\images\\train\\F_2_1_829.jpg",
  "box": [
    1486.2769775390625,
    453.02313232421875,
    1625.2880859375,
    567.465576171875
  ],
  "class": 7,
  "confidence": 0.6722791790962219,
  "uncertainty": 0.31256875578213256
}