{
  "image": "data\\raw\\images\\train\\F_2_5_195.jpg",
  "box": [
    432.7042236328125,
    471.42388916015625,
    544.6234130859375,
    733.4038696289062
  ],
  "class": 3,
  "confidence": 0.6490035653114319,
  "uncertainty": 0.38453165674608386
}