{
  "image": "data\\raw\\images\\train\\F_2_1_627.jpg",
  "box": [
    1259.8062744140625,
    487.05303955078125,
    1288.2476806640625,
    531.4481201171875
  ],
  "class": 3,
  "confidence": 0.5517862439155579,
  "uncertainty": 0.3715770539634795
}