{
  "image": "data\\raw\\images\\train\\F_2_8_925.jpg",
  "box": [
    855.9444580078125,
    532.0792236328125,
    907.1956787109375,
    613.7823486328125
  ],
  "class": 3,
  "confidence": 0.5552181005477905,
  "uncertainty": 0.3909198779739009
}