{
  "image": "data\\raw\\images\\train\\F_2_2_252.jpg",
  "box": [
    0.24697494506835938,
    502.1015625,
    55.775123596191406,
    630.878173828125
  ],
  "class": 2,
  "confidence": 0.6647709608078003,
  "uncertainty": 0.23878749886224465
}