{
  "image": "data\\raw\\images\\train\\F_2_2_120.jpg",
  "box": [
    6.819580078125,
    202.06118774414062,
    567.812255859375,
    880.779296875
  ],
  "class": 7,
  "confidence": 0.9350406527519226,
  "uncertainty": 0.19275017065477212
}