{
  "image": "data\\raw\\images\\train\\F_2_1_939.jpg",
  "box": [
    1543.1949462890625,
    428.0347595214844,
    1690.6849365234375,
    552.656494140625
  ],
  "class": 7,
  "confidence": 0.7383766174316406,
  "uncertainty": 0.26767545710208496
}