{
  "image": "data\\raw\\images\\train\\F_2_1_706.jpg",
  "box": [
    1518.2528076171875,
    489.0975341796875,
    1735.48681640625,
    685.5718383789062
  ],
  "class": 2,
  "confidence": 0.7958428859710693,
  "uncertainty": 0.17236196114398938
}