{
  "image": "data\\raw\\images\\train\\F_2_9_1213.jpg",
  "box": [
    3.262847900390625,
    442.59515380859375,
    1385.501220703125,
    1067.5045166015625
  ],
  "class": 2,
  "confidence": 0.9402215480804443,
  "uncertainty": 0.11314023676991278
}