{
  "image": "data\\raw\\images\\train\\F_2_7_1563.jpg",
  "box": [
    462.0999755859375,
    457.06951904296875,
    673.1634521484375,
    667.6204833984375
  ],
  "class": 7,
  "confidence": 0.7521617412567139,
  "uncertainty": 0.3922569405726877
}