{
  "image": "data\\raw\\images\\train\\F_2_6_1911.jpg",
  "box": [
    245.8538360595703,
    383.6997985839844,
    487.95721435546875,
    728.6456298828125
  ],
  "class": 2,
  "confidence": 0.5927943587303162,
  "uncertainty": 0.3391370328711489
}