{
  "image": "data\\raw\\images\\train\\F_2_1_569.jpg",
  "box": [
    593.325927734375,
    470.730712890625,
    637.6280517578125,
    532.643798828125
  ],
  "class": 3,
  "confidence": 0.6498373746871948,
  "uncertainty": 0.34923334530194444
}