{
  "image": "data\\raw\\images\\train\\F_2_6_568.jpg",
  "box": [
    1.6031341552734375,
    343.0937805175781,
    528.7706298828125,
    1068.75244140625
  ],
  "class": 2,
  "confidence": 0.8877471685409546,
  "uncertainty": 0.15240736621650441
}