{
  "image": "data\\raw\\images\\train\\F_2_9_784.jpg",
  "box": [
    811.112548828125,
    371.5945129394531,
    1094.08203125,
    657.3978881835938
  ],
  "class": 7,
  "confidence": 0.9077427983283997,
  "uncertainty": 0.24190279779507912
}