{
  "image": "data\\raw\\images\\train\\F_2_4_950.jpg",
  "box": [
    615.1470947265625,
    461.0686340332031,
    828.0634765625,
    609.33740234375
  ],
  "class": 2,
  "confidence": 0.7746220231056213,
  "uncertainty": 0.17555538124323458
}