{
  "image": "data\\raw\\images\\train\\F_2_3_531.jpg",
  "box": [
    748.02294921875,
    645.9937744140625,
    853.76123046875,
    845.0491943359375
  ],
  "class": 3,
  "confidence": 0.5853074193000793,
  "uncertainty": 0.36114790881338593
}