{
  "image": "data\\raw\\images\\train\\F_2_5_160.jpg",
  "box": [
    601.6737670898438,
    469.3904113769531,
    750.0558471679688,
    638.15380859375
  ],
  "class": 7,
  "confidence": 0.7251330614089966,
  "uncertainty": 0.36002169289701674
}