{
  "image": "data\\raw\\images\\train\\F_2_5_195.jpg",
  "box": [
    1200.4217529296875,
    465.4466857910156,
    1254.9508056640625,
    581.0406494140625
  ],
  "class": 2,
  "confidence": 0.5023221969604492,
  "uncertainty": 0.28179464198042825
}