{
  "image": "data\\raw\\images\\train\\F_2_2_346.jpg",
  "box": [
    1212.6009521484375,
    474.6654052734375,
    1256.356201171875,
    526.1304931640625
  ],
  "class": 3,
  "confidence": 0.40119031071662903,
  "uncertainty": 0.4311677903383197
}