{
  "image": "data\\raw\\images\\train\\F_2_5_328.jpg",
  "box": [
    1860.22119140625,
    533.0078125,
    1919.11669921875,
    659.0470581054688
  ],
  "class": 3,
  "confidence": 0.41167938709259033,
  "uncertainty": 0.46216097605364953
}