{
  "image": "data\\raw\\images\\train\\F_2_7_727.jpg",
  "box": [
    695.2354736328125,
    422.2059326171875,
    862.747802734375,
    582.909423828125
  ],
  "class": 2,
  "confidence": 0.5380442142486572,
  "uncertainty": 0.3312041837631286
}