{
  "image": "data\\raw\\images\\train\\F_2_8_986.jpg",
  "box": [
    1529.468505859375,
    550.1683959960938,
    1644.1513671875,
    739.8450927734375
  ],
  "class": 3,
  "confidence": 0.7740130424499512,
  "uncertainty": 0.29308098242168323
}