{
  "image": "data\\raw\\images\\train\\F_2_2_815.jpg",
  "box": [
    775.5284423828125,
    228.39999389648438,
    994.3365478515625,
    568.898193359375
  ],
  "class": 7,
  "confidence": 0.9159480929374695,
  "uncertainty": 0.2128354169836119
}