{
  "image": "data\\raw\\images\\train\\F_2_4_650.jpg",
  "box": [
    0.939422607421875,
    446.9014892578125,
    438.3551330566406,
    1066.0828857421875
  ],
  "class": 2,
  "confidence": 0.9217507243156433,
  "uncertainty": 0.11654653440140626
}