{
  "image": "data\\raw\\images\\train\\F_2_2_431.jpg",
  "box": [
    370.9012451171875,
    554.0538330078125,
    461.7455749511719,
    691.3935546875
  ],
  "class": 3,
  "confidence": 0.7961578369140625,
  "uncertainty": 0.28987808416420974
}