{
  "image": "data\\raw\\images\\train\\F_2_9_2769.jpg",
  "box": [
    358.1855163574219,
    7.83929443359375,
    1170.158203125,
    860.13134765625
  ],
  "class": 5,
  "confidence": 0.951795756816864,
  "uncertainty": 0.16792165003242834
}