{
  "image": "data\\raw\\images\\train\\F_2_1_843.jpg",
  "box": [
    1371.2933349609375,
    439.3816223144531,
    1459.3348388671875,
    523.0145263671875
  ],
  "class": 2,
  "confidence": 0.4709404408931732,
  "uncertainty": 0.3247099310649675
}