{
  "image": "data\\raw\\images\\train\\F_2_9_2646.jpg",
  "box": [
    154.0640869140625,
    435.448486328125,
    259.671875,
    576.7590942382812
  ],
  "class": 2,
  "confidence": 0.35616254806518555,
  "uncertainty": 0.37243389125995857
}