{
  "image": "data\\raw\\images\\train\\F_2_1_495.jpg",
  "box": [
    1331.4765625,
    448.5513916015625,
    1494.104248046875,
    567.2479858398438
  ],
  "class": 2,
  "confidence": 0.7093444466590881,
  "uncertainty": 0.20437460990436157
}