{
  "image": "data\\raw\\images\\train\\F_2_9_3016.jpg",
  "box": [
    1453.1097412109375,
    369.02679443359375,
    1510.3797607421875,
    527.3121337890625
  ],
  "class": 7,
  "confidence": 0.5791189074516296,
  "uncertainty": 0.3535149211380031
}