{
  "image": "data\\raw\\images\\train\\F_2_1_733.jpg",
  "box": [
    1132.01513671875,
    451.0500183105469,
    1265.454345703125,
    561.14990234375
  ],
  "class": 2,
  "confidence": 0.7522286176681519,
  "uncertainty": 0.18835325454180554
}