{
  "image": "data\\raw\\images\\train\\F_2_1_675.jpg",
  "box": [
    1090.972900390625,
    586.0017700195312,
    1149.4012451171875,
    730.0755615234375
  ],
  "class": 3,
  "confidence": 0.5877346992492676,
  "uncertainty": 0.4191771090301018
}