{
  "image": "data\\raw\\images\\train\\F_2_2_1550.jpg",
  "box": [
    515.69384765625,
    408.17889404296875,
    1011.5872192382812,
    923.3538208007812
  ],
  "class": 2,
  "confidence": 0.893554151058197,
  "uncertainty": 0.19804798148700614
}