{
  "image": "data\\raw\\images\\train\\F_2_2_1288.jpg",
  "box": [
    1219.7647705078125,
    453.56884765625,
    1909.683837890625,
    1026.955322265625
  ],
  "class": 2,
  "confidence": 0.9264400601387024,
  "uncertainty": 0.13447921317759215
}