{
  "image": "data\\raw\\images\\train\\F_2_3_555.jpg",
  "box": [
    1.1262359619140625,
    459.0682067871094,
    409.3111267089844,
    1066.7884521484375
  ],
  "class": 2,
  "confidence": 0.9259201884269714,
  "uncertainty": 0.1289196587693017
}