{
  "image": "data\\raw\\images\\train\\F_2_1_450.jpg",
  "box": [
    486.7297668457031,
    514.9592895507812,
    547.176025390625,
    611.8051147460938
  ],
  "class": 3,
  "confidence": 0.6115559935569763,
  "uncertainty": 0.3620653103370647
}