{
  "image": "data\\raw\\images\\train\\F_2_7_431.jpg",
  "box": [
    390.6067199707031,
    420.55474853515625,
    674.2098388671875,
    580.6304931640625
  ],
  "class": 2,
  "confidence": 0.2813716530799866,
  "uncertainty": 0.4383530781060352
}