{
  "image": "data\\raw\\images\\train\\F_2_8_930.jpg",
  "box": [
    780.5670776367188,
    561.042724609375,
    877.5950317382812,
    685.5046997070312
  ],
  "class": 3,
  "confidence": 0.7768751978874207,
  "uncertainty": 0.28488973511314714
}