{
  "image": "data\\raw\\images\\train\\F_2_7_441.jpg",
  "box": [
    937.767333984375,
    443.7408447265625,
    1068.3695068359375,
    570.716064453125
  ],
  "class": 2,
  "confidence": 0.29480841755867004,
  "uncertainty": 0.43769108288729824
}