{
  "image": "data\\raw\\images\\train\\F_2_2_256.jpg",
  "box": [
    1592.275634765625,
    427.91253662109375,
    1668.702392578125,
    499.6315612792969
  ],
  "class": 2,
  "confidence": 0.4990115165710449,
  "uncertainty": 0.32707023765672755
}