{
  "image": "data\\raw\\images\\train\\F_2_2_485.jpg",
  "box": [
    902.4120483398438,
    456.7496337890625,
    1163.7967529296875,
    711.1155395507812
  ],
  "class": 2,
  "confidence": 0.9227990508079529,
  "uncertainty": 0.1252451496443357
}