{
  "image": "data\\raw\\images\\train\\F_2_3_197.jpg",
  "box": [
    303.097900390625,
    516.0418701171875,
    358.93682861328125,
    602.05712890625
  ],
  "class": 3,
  "confidence": 0.7317201495170593,
  "uncertainty": 0.31348923224159203
}