{
  "image": "data\\raw\\images\\train\\F_2_1_683.jpg",
  "box": [
    0.7297096252441406,
    300.74993896484375,
    152.22836303710938,
    1067.82666015625
  ],
  "class": 7,
  "confidence": 0.7766684293746948,
  "uncertainty": 0.3253591895854435
}