{
  "image": "data\\raw\\images\\train\\F_2_3_197.jpg",
  "box": [
    792.196044921875,
    397.5145568847656,
    841.811767578125,
    456.0185852050781
  ],
  "class": 2,
  "confidence": 0.42245808243751526,
  "uncertainty": 0.30101548924839516
}