{
  "image": "data\\raw\\images\\train\\F_2_4_56.jpg",
  "box": [
    913.9754638671875,
    387.01513671875,
    1150.240478515625,
    435.5498046875
  ],
  "class": 2,
  "confidence": 0.5198014974594116,
  "uncertainty": 0.3489623694730754
}