{
  "image": "data\\raw\\images\\train\\F_2_8_760.jpg",
  "box": [
    1078.490478515625,
    416.1717529296875,
    1126.8380126953125,
    479.0557861328125
  ],
  "class": 2,
  "confidence": 0.33592545986175537,
  "uncertainty": 0.3881515525271907
}