{
  "image": "data\\raw\\images\\train\\F_2_3_641.jpg",
  "box": [
    1660.29296875,
    482.33843994140625,
    1717.281494140625,
    562.3727416992188
  ],
  "class": 2,
  "confidence": 0.7199198007583618,
  "uncertainty": 0.22133445473212948
}