{
  "image": "data\\raw\\images\\train\\F_2_1_775.jpg",
  "box": [
    1227.47265625,
    486.25592041015625,
    1268.317138671875,
    532.75537109375
  ],
  "class": 2,
  "confidence": 0.46277961134910583,
  "uncertainty": 0.2906721194759182
}