{
  "image": "data\\raw\\images\\train\\F_2_2_1690.jpg",
  "box": [
    1196.88623046875,
    520.5300903320312,
    1263.50634765625,
    613.9210205078125
  ],
  "class": 3,
  "confidence": 0.6309095025062561,
  "uncertainty": 0.3492403451050827
}