{
  "image": "data\\raw\\images\\train\\F_2_7_837.jpg",
  "box": [
    0.27172279357910156,
    698.2933349609375,
    68.64813232421875,
    1000.5946044921875
  ],
  "class": 2,
  "confidence": 0.535020112991333,
  "uncertainty": 0.2965366474621853
}