{
  "image": "data\\raw\\images\\train\\F_2_1_461.jpg",
  "box": [
    1080.9078369140625,
    464.35443115234375,
    1195.7197265625,
    569.9982299804688
  ],
  "class": 2,
  "confidence": 0.8457924723625183,
  "uncertainty": 0.14634183697099712
}