{
  "image": "data\\raw\\images\\train\\F_2_1_624.jpg",
  "box": [
    0.09564971923828125,
    315.7958984375,
    343.0697021484375,
    621.7449340820312
  ],
  "class": 5,
  "confidence": 0.9245375990867615,
  "uncertainty": 0.19562347576474937
}