{
  "image": "data\\raw\\images\\train\\F_2_7_1210.jpg",
  "box": [
    1202.14990234375,
    486.01885986328125,
    1329.92822265625,
    690.1834716796875
  ],
  "class": 2,
  "confidence": 0.7159058451652527,
  "uncertainty": 0.3011852753418917
}