{
  "image": "data\\raw\\images\\train\\F_2_1_742.jpg",
  "box": [
    1086.526123046875,
    484.07794189453125,
    1130.999755859375,
    521.220703125
  ],
  "class": 2,
  "confidence": 0.40681594610214233,
  "uncertainty": 0.3109842292549189
}