{
  "image": "data\\raw\\images\\train\\F_2_4_127.jpg",
  "box": [
    0.6100273132324219,
    481.8731689453125,
    115.71481323242188,
    655.5173950195312
  ],
  "class": 2,
  "confidence": 0.3821876049041748,
  "uncertainty": 0.32598151270990317
}