{
  "image": "data\\raw\\images\\train\\F_2_2_1364.jpg",
  "box": [
    1164.44873046875,
    506.2193298339844,
    1205.61572265625,
    550.9659423828125
  ],
  "class": 2,
  "confidence": 0.27451464533805847,
  "uncertainty": 0.3876507729615824
}