{
  "image": "data\\raw\\images\\train\\F_2_3_197.jpg",
  "box": [
    750.9400024414062,
    392.92254638671875,
    798.81005859375,
    440.78448486328125
  ],
  "class": 2,
  "confidence": 0.5572366714477539,
  "uncertainty": 0.24808935927969689
}