{
  "image": "data\\raw\\images\\train\\F_2_2_91.jpg",
  "box": [
    1865.570556640625,
    494.0513916015625,
    1919.168212890625,
    525.5164184570312
  ],
  "class": 2,
  "confidence": 0.36378878355026245,
  "uncertainty": 0.3326494748340595
}