{
  "image": "data\\raw\\images\\train\\F_2_9_2265.jpg",
  "box": [
    1886.46337890625,
    452.86322021484375,
    1919.3134765625,
    520.0167846679688
  ],
  "class": 2,
  "confidence": 0.33732590079307556,
  "uncertainty": 0.3603630677556314
}