{
  "image": "data\\raw\\images\\train\\F_2_9_2352.jpg",
  "box": [
    1379.788818359375,
    454.4610900878906,
    1516.161376953125,
    566.6921997070312
  ],
  "class": 2,
  "confidence": 0.41029444336891174,
  "uncertainty": 0.34020476159121565
}