{
  "image": "data\\raw\\images\\train\\F_2_9_2015.jpg",
  "box": [
    437.97174072265625,
    435.2952880859375,
    1139.136474609375,
    1049.69775390625
  ],
  "class": 2,
  "confidence": 0.9305930733680725,
  "uncertainty": 0.12672439621977577
}