{
  "image": "data\\raw\\images\\train\\F_2_1_161.jpg",
  "box": [
    683.6376953125,
    378.70733642578125,
    777.831787109375,
    485.12841796875
  ],
  "class": 7,
  "confidence": 0.527795672416687,
  "uncertainty": 0.3886136405377573
}