{
  "image": "data\\raw\\images\\train\\F_2_1_22.jpg",
  "box": [
    340.9307556152344,
    615.5030517578125,
    485.15423583984375,
    855.9483032226562
  ],
  "class": 3,
  "confidence": 0.5435424447059631,
  "uncertainty": 0.41191912369365696
}