{
  "image": "data\\raw\\images\\train\\F_2_8_1884.jpg",
  "box": [
    975.0008544921875,
    456.1423645019531,
    1179.02880859375,
    538.4171142578125
  ],
  "class": 2,
  "confidence": 0.6235342621803284,
  "uncertainty": 0.31372763069842513
}