{
  "image": "data\\raw\\images\\train\\F_2_2_771.jpg",
  "box": [
    957.3343505859375,
    102.5570068359375,
    1353.575439453125,
    531.1785278320312
  ],
  "class": 7,
  "confidence": 0.5089528560638428,
  "uncertainty": 0.36384071167646514
}