{
  "image": "data\\raw\\images\\train\\F_2_3_424.jpg",
  "box": [
    791.4058227539062,
    463.4561767578125,
    886.3106689453125,
    560.541259765625
  ],
  "class": 2,
  "confidence": 0.6954004764556885,
  "uncertainty": 0.2653886312553652
}