{
  "image": "data\\raw\\images\\train\\F_2_9_1996.jpg",
  "box": [
    28.952590942382812,
    370.7861328125,
    150.9313201904297,
    487.22491455078125
  ],
  "class": 2,
  "confidence": 0.719806432723999,
  "uncertainty": 0.21718814350310658
}