{
  "image": "data\\raw\\images\\train\\F_2_7_437.jpg",
  "box": [
    797.2672119140625,
    417.1018981933594,
    956.3087768554688,
    492.3765563964844
  ],
  "class": 2,
  "confidence": 0.47753655910491943,
  "uncertainty": 0.3576931633521115
}