{
  "image": "data\\raw\\images\\train\\F_2_8_1904.jpg",
  "box": [
    24.144378662109375,
    454.46722412109375,
    341.0900573730469,
    673.4148559570312
  ],
  "class": 7,
  "confidence": 0.7311930060386658,
  "uncertainty": 0.2763447213562095
}