{
  "image": "data\\raw\\images\\train\\F_2_1_349.jpg",
  "box": [
    1293.62744140625,
    456.4776306152344,
    1348.2064208984375,
    503.2222595214844
  ],
  "class": 2,
  "confidence": 0.5470437407493591,
  "uncertainty": 0.2681268350882766
}