{
  "image": "data\\raw\\images\\train\\F_2_7_164.jpg",
  "box": [
    1001.3155517578125,
    386.1185302734375,
    1196.5810546875,
    501.86004638671875
  ],
  "class": 2,
  "confidence": 0.2712339758872986,
  "uncertainty": 0.4770443305124652
}