{
  "image": "data\\raw\\images\\train\\F_2_9_2259.jpg",
  "box": [
    358.43206787109375,
    378.37591552734375,
    437.8695373535156,
    421.02081298828125
  ],
  "class": 2,
  "confidence": 0.4881792664527893,
  "uncertainty": 0.3006290537589489
}