{
  "image": "data\\raw\\images\\train\\F_2_7_1642.jpg",
  "box": [
    1796.23486328125,
    404.8607482910156,
    1918.721435546875,
    515.1314697265625
  ],
  "class": 7,
  "confidence": 0.42183807492256165,
  "uncertainty": 0.4602014754413693
}