{
  "image": "data\\raw\\images\\train\\F_2_6_884.jpg",
  "box": [
    680.154052734375,
    523.443359375,
    712.8085327148438,
    574.3126220703125
  ],
  "class": 3,
  "confidence": 0.2632746398448944,
  "uncertainty": 0.4602454091288873
}