{
  "image": "data\\raw\\images\\train\\F_2_9_1909.jpg",
  "box": [
    856.109130859375,
    509.259521484375,
    909.7874755859375,
    581.5614624023438
  ],
  "class": 3,
  "confidence": 0.5866114497184753,
  "uncertainty": 0.36361989854671073
}