{
  "image": "data\\raw\\images\\train\\F_2_9_1136.jpg",
  "box": [
    623.6331787109375,
    329.20233154296875,
    753.1302490234375,
    380.2945861816406
  ],
  "class": 2,
  "confidence": 0.2503178119659424,
  "uncertainty": 0.4178300177089984
}