{
  "image": "data\\raw\\images\\train\\F_2_3_14.jpg",
  "box": [
    650.6612548828125,
    560.19482421875,
    748.35791015625,
    740.473388671875
  ],
  "class": 3,
  "confidence": 0.7160939574241638,
  "uncertainty": 0.33721579195332135
}