{
  "image": "data\\raw\\images\\train\\F_2_7_142.jpg",
  "box": [
    1.7597808837890625,
    446.69915771484375,
    640.1932983398438,
    1067.4912109375
  ],
  "class": 2,
  "confidence": 0.9001966714859009,
  "uncertainty": 0.14095027561047357
}