{
  "image": "data\\raw\\images\\train\\F_2_10_460.jpg",
  "box": [
    885.0743408203125,
    456.73883056640625,
    956.98681640625,
    526.1260986328125
  ],
  "class": 7,
  "confidence": 0.5528610944747925,
  "uncertainty": 0.37070915265151005
}