{
  "image": "data\\raw\\images\\train\\F_2_1_620.jpg",
  "box": [
    1603.669921875,
    535.5921020507812,
    1658.4935302734375,
    620.7919921875
  ],
  "class": 3,
  "confidence": 0.6707391142845154,
  "uncertainty": 0.3422491137256248
}