{
  "image": "data\\raw\\images\\train\\F_2_10_177.jpg",
  "box": [
    757.2167358398438,
    312.66094970703125,
    1012.7589111328125,
    646.853271484375
  ],
  "class": 7,
  "confidence": 0.9407280087471008,
  "uncertainty": 0.1998165830145922
}