{
  "image": "data\\raw\\images\\train\\F_2_7_443.jpg",
  "box": [
    946.7742919921875,
    360.6708068847656,
    1685.59033203125,
    1063.232421875
  ],
  "class": 2,
  "confidence": 0.901939868927002,
  "uncertainty": 0.18103626840055195
}