{
  "image": "data\\raw\\images\\train\\F_2_7_334.jpg",
  "box": [
    1271.41455078125,
    430.4015808105469,
    1500.4267578125,
    694.822509765625
  ],
  "class": 2,
  "confidence": 0.2867397964000702,
  "uncertainty": 0.44969651277785405
}