{
  "image": "data\\raw\\images\\train\\F_2_2_896.jpg",
  "box": [
    2.524658203125,
    4.128570556640625,
    608.380615234375,
    1061.6170654296875
  ],
  "class": 7,
  "confidence": 0.9134276509284973,
  "uncertainty": 0.16030510419070204
}