{
  "image": "data\\raw\\images\\train\\F_2_7_1668.jpg",
  "box": [
    1647.880126953125,
    454.0580749511719,
    1919.2333984375,
    585.153564453125
  ],
  "class": 2,
  "confidence": 0.5945372581481934,
  "uncertainty": 0.31975326711522023
}