{
  "image": "data\\raw\\images\\train\\F_2_7_110.jpg",
  "box": [
    1263.065673828125,
    757.7529296875,
    1461.09423828125,
    1072.2655029296875
  ],
  "class": 3,
  "confidence": 0.6934838891029358,
  "uncertainty": 0.3238730028662658
}