{
  "image": "data\\raw\\images\\train\\F_2_1_566.jpg",
  "box": [
    1342.41943359375,
    464.1131286621094,
    1439.744873046875,
    591.13037109375
  ],
  "class": 7,
  "confidence": 0.6270967721939087,
  "uncertainty": 0.33735636825964677
}