{
  "image": "data\\raw\\images\\train\\F_2_9_1522.jpg",
  "box": [
    1054.0513916015625,
    444.7530212402344,
    1111.4384765625,
    552.604248046875
  ],
  "class": 2,
  "confidence": 0.5152637958526611,
  "uncertainty": 0.3348146252952924
}