{
  "image": "data\\raw\\images\\train\\F_2_1_683.jpg",
  "box": [
    881.1652221679688,
    393.5944519042969,
    960.6088256835938,
    543.61572265625
  ],
  "class": 7,
  "confidence": 0.2971409857273102,
  "uncertainty": 0.45831203792016545
}