{
  "image": "data\\raw\\images\\train\\F_2_1_641.jpg",
  "box": [
    848.9615478515625,
    476.52740478515625,
    976.36083984375,
    637.3890380859375
  ],
  "class": 7,
  "confidence": 0.4771865904331207,
  "uncertainty": 0.3870197761518708
}