{
  "image": "data\\raw\\images\\train\\F_2_3_555.jpg",
  "box": [
    1521.865478515625,
    628.5682373046875,
    1794.0142822265625,
    1070.4515380859375
  ],
  "class": 3,
  "confidence": 0.4610326886177063,
  "uncertainty": 0.47979790860500876
}