{
  "image": "data\\raw\\images\\train\\F_2_7_801.jpg",
  "box": [
    162.86314392089844,
    417.86126708984375,
    319.66131591796875,
    516.4255981445312
  ],
  "class": 2,
  "confidence": 0.5075036287307739,
  "uncertainty": 0.3878005564569054
}