{
  "image": "data\\raw\\images\\train\\F_2_1_821.jpg",
  "box": [
    1548.526611328125,
    476.4342041015625,
    1698.03076171875,
    635.2005615234375
  ],
  "class": 2,
  "confidence": 0.719916582107544,
  "uncertainty": 0.20974412375224993
}