{
  "image": "data\\raw\\images\\train\\F_2_1_552.jpg",
  "box": [
    886.2042846679688,
    464.8475646972656,
    928.5701293945312,
    531.478515625
  ],
  "class": 3,
  "confidence": 0.5430362820625305,
  "uncertainty": 0.3775803941399047
}