{
  "image": "data\\raw\\images\\train\\F_2_10_213.jpg",
  "box": [
    1504.906005859375,
    400.285400390625,
    1567.122314453125,
    628.3970947265625
  ],
  "class": 7,
  "confidence": 0.653803288936615,
  "uncertainty": 0.3350678399255637
}