{
  "image": "data\\raw\\images\\train\\F_2_1_443.jpg",
  "box": [
    38.33684539794922,
    490.032958984375,
    185.57427978515625,
    589.9948120117188
  ],
  "class": 2,
  "confidence": 0.5418956279754639,
  "uncertainty": 0.27410085301450055
}