{
  "image": "data\\raw\\images\\train\\F_2_2_1006.jpg",
  "box": [
    539.45166015625,
    455.5747375488281,
    675.02734375,
    552.2447509765625
  ],
  "class": 2,
  "confidence": 0.500629186630249,
  "uncertainty": 0.3265892040364754
}