{
  "image": "data\\raw\\images\\train\\F_2_3_428.jpg",
  "box": [
    1314.27783203125,
    418.8741455078125,
    1443.4638671875,
    510.21026611328125
  ],
  "class": 2,
  "confidence": 0.35146260261535645,
  "uncertainty": 0.35668335371677073
}