{
  "image": "data\\raw\\images\\train\\F_2_2_1205.jpg",
  "box": [
    599.2532958984375,
    476.6129150390625,
    808.7327880859375,
    641.0223388671875
  ],
  "class": 2,
  "confidence": 0.892288327217102,
  "uncertainty": 0.13473646018717925
}