{
  "image": "data\\raw\\images\\train\\F_2_7_1497.jpg",
  "box": [
    86.55047607421875,
    370.9078674316406,
    883.023193359375,
    961.0882568359375
  ],
  "class": 2,
  "confidence": 0.8994165658950806,
  "uncertainty": 0.14755215163370894
}