{
  "image": "data\\raw\\images\\train\\F_2_2_367.jpg",
  "box": [
    1291.740966796875,
    500.9307861328125,
    1396.165283203125,
    606.2067260742188
  ],
  "class": 2,
  "confidence": 0.7873216271400452,
  "uncertainty": 0.21158567563453076
}