{
  "image": "data\\raw\\images\\train\\F_2_7_188.jpg",
  "box": [
    328.87518310546875,
    437.30712890625,
    772.906005859375,
    775.9903564453125
  ],
  "class": 2,
  "confidence": 0.8472294807434082,
  "uncertainty": 0.3296879576011722
}