{
  "image": "data\\raw\\images\\train\\F_2_3_167.jpg",
  "box": [
    833.6266479492188,
    469.2366943359375,
    910.7221069335938,
    502.42401123046875
  ],
  "class": 2,
  "confidence": 0.2692212760448456,
  "uncertainty": 0.3970163526101128
}