{
  "image": "data\\raw\\images\\train\\F_2_3_191.jpg",
  "box": [
    364.328857421875,
    450.5196533203125,
    546.242919921875,
    595.697021484375
  ],
  "class": 7,
  "confidence": 0.34581559896469116,
  "uncertainty": 0.4706894711488094
}