{
  "image": "data\\raw\\images\\train\\F_2_2_1049.jpg",
  "box": [
    234.36383056640625,
    524.4981079101562,
    293.853759765625,
    620.5682373046875
  ],
  "class": 3,
  "confidence": 0.7070117592811584,
  "uncertainty": 0.3208552733189573
}