{
  "image": "data\\raw\\images\\train\\F_2_7_892.jpg",
  "box": [
    1182.59423828125,
    409.98687744140625,
    1342.6883544921875,
    579.4996948242188
  ],
  "class": 2,
  "confidence": 0.8315638303756714,
  "uncertainty": 0.2526105070863525
}