{
  "image": "data\\raw\\images\\train\\F_2_6_471.jpg",
  "box": [
    136.3704071044922,
    417.0670166015625,
    502.0068054199219,
    874.156494140625
  ],
  "class": 5,
  "confidence": 0.4557156562805176,
  "uncertainty": 0.38340518362480264
}