{
  "image": "data\\raw\\images\\train\\F_2_2_1008.jpg",
  "box": [
    1121.8165283203125,
    445.575439453125,
    1243.2330322265625,
    495.8646240234375
  ],
  "class": 2,
  "confidence": 0.5365362763404846,
  "uncertainty": 0.2840120527423519
}