{
  "image": "data\\raw\\images\\train\\F_2_7_1210.jpg",
  "box": [
    0.9839630126953125,
    419.01611328125,
    686.2235717773438,
    1063.9384765625
  ],
  "class": 2,
  "confidence": 0.9343554973602295,
  "uncertainty": 0.10024053431475764
}