{
  "image": "data\\raw\\images\\train\\F_2_2_182.jpg",
  "box": [
    1816.44580078125,
    524.9190673828125,
    1874.340087890625,
    618.6604614257812
  ],
  "class": 3,
  "confidence": 0.7121009826660156,
  "uncertainty": 0.3136676061756048
}