{
  "image": "data\\raw\\images\\train\\F_2_6_554.jpg",
  "box": [
    266.3117980957031,
    469.56134033203125,
    455.416015625,
    621.7487182617188
  ],
  "class": 2,
  "confidence": 0.7760524749755859,
  "uncertainty": 0.24674153576359037
}