{
  "image": "data\\raw\\images\\train\\F_2_9_343.jpg",
  "box": [
    1369.2454833984375,
    412.5838623046875,
    1463.3302001953125,
    496.78125
  ],
  "class": 5,
  "confidence": 0.34120404720306396,
  "uncertainty": 0.4829648553813851
}