{
  "image": "data\\raw\\images\\train\\F_2_6_1115.jpg",
  "box": [
    1092.2423095703125,
    437.4710998535156,
    1172.021728515625,
    575.26220703125
  ],
  "class": 2,
  "confidence": 0.3532743453979492,
  "uncertainty": 0.3828442854764975
}