{
  "image": "data\\raw\\images\\train\\F_2_1_325.jpg",
  "box": [
    531.5084228515625,
    360.6199035644531,
    657.4979858398438,
    489.2386779785156
  ],
  "class": 7,
  "confidence": 0.5625006556510925,
  "uncertainty": 0.3590771472954014
}