{
  "image": "data\\raw\\images\\train\\F_2_1_461.jpg",
  "box": [
    884.3475952148438,
    509.6655578613281,
    929.8119506835938,
    579.263916015625
  ],
  "class": 3,
  "confidence": 0.6505967378616333,
  "uncertainty": 0.3481939034705233
}