{
  "image": "data\\raw\\images\\train\\F_2_7_1304.jpg",
  "box": [
    814.5234375,
    393.4993896484375,
    906.7994384765625,
    436.02587890625
  ],
  "class": 2,
  "confidence": 0.3028874099254608,
  "uncertainty": 0.4429256860507028
}