{
  "image": "data\\raw\\images\\train\\F_2_11_511.jpg",
  "box": [
    703.02685546875,
    416.97906494140625,
    768.6644897460938,
    505.2086181640625
  ],
  "class": 7,
  "confidence": 0.5031582713127136,
  "uncertainty": 0.3769033524167292
}