{
  "image": "data\\raw\\images\\train\\F_2_3_411.jpg",
  "box": [
    502.23486328125,
    510.3102722167969,
    607.2252197265625,
    648.833984375
  ],
  "class": 3,
  "confidence": 0.6055291295051575,
  "uncertainty": 0.369548619051976
}