{
  "image": "data\\raw\\images\\train\\F_2_3_380.jpg",
  "box": [
    322.5396728515625,
    480.310546875,
    392.4176025390625,
    560.4615478515625
  ],
  "class": 2,
  "confidence": 0.6520155668258667,
  "uncertainty": 0.22134319718713927
}