{
  "image": "data\\raw\\images\\train\\F_2_1_790.jpg",
  "box": [
    885.9285278320312,
    529.123046875,
    944.0040893554688,
    634.635009765625
  ],
  "class": 3,
  "confidence": 0.6025198698043823,
  "uncertainty": 0.35346987656559825
}