{
  "image": "data\\raw\\images\\train\\F_2_7_1981.jpg",
  "box": [
    437.0309143066406,
    427.98504638671875,
    622.8729248046875,
    612.488037109375
  ],
  "class": 2,
  "confidence": 0.8309641480445862,
  "uncertainty": 0.2059290385483037
}