{
  "image": "data\\raw\\images\\train\\F_2_1_775.jpg",
  "box": [
    1549.7713623046875,
    480.6340026855469,
    1611.6016845703125,
    601.8992919921875
  ],
  "class": 2,
  "confidence": 0.6692764163017273,
  "uncertainty": 0.22940114570099515
}