{
  "image": "data\\raw\\images\\train\\F_2_2_767.jpg",
  "box": [
    1793.022216796875,
    390.271728515625,
    1866.3310546875,
    497.0572814941406
  ],
  "class": 7,
  "confidence": 0.4178360104560852,
  "uncertainty": 0.45089574673289795
}