{
  "image": "data\\raw\\images\\train\\F_2_9_83.jpg",
  "box": [
    41.52488708496094,
    456.67767333984375,
    361.889404296875,
    694.4613647460938
  ],
  "class": 2,
  "confidence": 0.8984673023223877,
  "uncertainty": 0.13492269704781468
}