{
  "image": "data\\raw\\images\\train\\F_2_2_759.jpg",
  "box": [
    297.1167297363281,
    419.3748779296875,
    531.124267578125,
    452.12127685546875
  ],
  "class": 2,
  "confidence": 0.34231728315353394,
  "uncertainty": 0.4265960467793472
}