{
  "image": "data\\raw\\images\\train\\F_2_2_1284.jpg",
  "box": [
    1442.250244140625,
    411.0433044433594,
    1698.35400390625,
    660.48828125
  ],
  "class": 2,
  "confidence": 0.6775065064430237,
  "uncertainty": 0.2213218988890156
}