{
  "image": "data\\raw\\images\\train\\F_2_9_2785.jpg",
  "box": [
    972.5110473632812,
    549.1771240234375,
    1014.8739624023438,
    608.6717529296875
  ],
  "class": 3,
  "confidence": 0.7313416004180908,
  "uncertainty": 0.3045839499688954
}