{
  "image": "data\\raw\\images\\train\\F_2_3_14.jpg",
  "box": [
    1487.4180908203125,
    877.1196899414062,
    1793.58837890625,
    1074.291748046875
  ],
  "class": 3,
  "confidence": 0.4394795298576355,
  "uncertainty": 0.4645397545384621
}