{
  "image": "data\\raw\\images\\train\\F_2_2_1238.jpg",
  "box": [
    1127.056884765625,
    925.9599609375,
    1397.352294921875,
    1075.6768798828125
  ],
  "class": 3,
  "confidence": 0.685268223285675,
  "uncertainty": 0.3122741277188773
}