{
  "image": "data\\raw\\images\\train\\F_2_9_339.jpg",
  "box": [
    591.65380859375,
    476.45159912109375,
    755.9141845703125,
    584.6949462890625
  ],
  "class": 2,
  "confidence": 0.4239973723888397,
  "uncertainty": 0.43887762021130067
}