{
  "image": "data\\raw\\images\\train\\F_2_2_779.jpg",
  "box": [
    1778.107421875,
    512.1553955078125,
    1860.264892578125,
    652.947265625
  ],
  "class": 3,
  "confidence": 0.5099142789840698,
  "uncertainty": 0.41484309608340453
}