{
  "image": "data\\raw\\images\\train\\F_2_1_56.jpg",
  "box": [
    741.5516967773438,
    431.9329833984375,
    1037.913330078125,
    699.0040283203125
  ],
  "class": 2,
  "confidence": 0.8998677134513855,
  "uncertainty": 0.13939411107478422
}