{
  "image": "data\\raw\\images\\train\\F_2_10_90.jpg",
  "box": [
    0.09706306457519531,
    443.3877868652344,
    64.70797729492188,
    486.7057800292969
  ],
  "class": 2,
  "confidence": 0.2920283079147339,
  "uncertainty": 0.36425384714253256
}