{
  "image": "data\\raw\\images\\train\\F_2_6_977.jpg",
  "box": [
    0.730865478515625,
    538.722900390625,
    353.06951904296875,
    761.0809936523438
  ],
  "class": 2,
  "confidence": 0.8615478277206421,
  "uncertainty": 0.17722180803672558
}