{
  "image": "data\\raw\\images\\train\\F_2_3_203.jpg",
  "box": [
    831.4341430664062,
    318.7200927734375,
    962.1915893554688,
    385.29705810546875
  ],
  "class": 7,
  "confidence": 0.5286462903022766,
  "uncertainty": 0.37150685188904853
}