{
  "image": "data\\raw\\images\\train\\F_2_4_1026.jpg",
  "box": [
    649.2229614257812,
    347.021728515625,
    997.7557983398438,
    487.2558288574219
  ],
  "class": 2,
  "confidence": 0.829928457736969,
  "uncertainty": 0.2487972180467787
}