{
  "image": "data\\raw\\images\\train\\F_2_8_745.jpg",
  "box": [
    926.156982421875,
    425.83282470703125,
    963.859130859375,
    561.217041015625
  ],
  "class": 2,
  "confidence": 0.2631697654724121,
  "uncertainty": 0.4622896861133626
}