{
  "image": "data\\raw\\images\\train\\F_2_2_1107.jpg",
  "box": [
    1198.8812255859375,
    505.3781433105469,
    1249.338134765625,
    611.791748046875
  ],
  "class": 3,
  "confidence": 0.3630990982055664,
  "uncertainty": 0.46809811213222824
}