{
  "image": "data\\raw\\images\\train\\F_2_6_551.jpg",
  "box": [
    1039.624267578125,
    596.2867431640625,
    1130.689697265625,
    743.5277099609375
  ],
  "class": 3,
  "confidence": 0.7145222425460815,
  "uncertainty": 0.3308918766965909
}