{
  "image": "data\\raw\\images\\train\\F_2_1_561.jpg",
  "box": [
    507.86517333984375,
    569.5211791992188,
    562.9632568359375,
    648.9618530273438
  ],
  "class": 3,
  "confidence": 0.6159504055976868,
  "uncertainty": 0.34240298581675
}