{
  "image": "data\\raw\\images\\train\\F_2_4_33.jpg",
  "box": [
    647.154541015625,
    419.08428955078125,
    791.5927734375,
    537.4395751953125
  ],
  "class": 2,
  "confidence": 0.4766360819339752,
  "uncertainty": 0.37531309006102553
}