{
  "image": "data\\raw\\images\\train\\F_2_11_512.jpg",
  "box": [
    925.5816650390625,
    426.22210693359375,
    975.97265625,
    477.1410827636719
  ],
  "class": 2,
  "confidence": 0.684330403804779,
  "uncertainty": 0.20174319562347273
}