{
  "image": "data\\raw\\images\\train\\F_2_1_1190.jpg",
  "box": [
    703.4459228515625,
    452.32415771484375,
    773.5577392578125,
    505.91253662109375
  ],
  "class": 2,
  "confidence": 0.6869995594024658,
  "uncertainty": 0.20854462247643957
}