{
  "image": "data\\raw\\images\\train\\F_2_1_339.jpg",
  "box": [
    1223.515380859375,
    434.1499328613281,
    1363.968994140625,
    556.953125
  ],
  "class": 2,
  "confidence": 0.8851233720779419,
  "uncertainty": 0.12763046459324298
}