{
  "image": "data\\raw\\images\\train\\F_2_7_829.jpg",
  "box": [
    833.5171508789062,
    497.9674987792969,
    875.0780639648438,
    570.2869262695312
  ],
  "class": 2,
  "confidence": 0.30570605397224426,
  "uncertainty": 0.4434214729028965
}