{
  "image": "data\\raw\\images\\train\\F_2_7_378.jpg",
  "box": [
    627.708740234375,
    480.236572265625,
    732.0198974609375,
    622.0946044921875
  ],
  "class": 2,
  "confidence": 0.4344298839569092,
  "uncertainty": 0.3627066421326949
}