{
  "image": "data\\raw\\images\\train\\F_2_9_1527.jpg",
  "box": [
    815.6731567382812,
    406.400390625,
    998.3900756835938,
    720.9790649414062
  ],
  "class": 7,
  "confidence": 0.3968113660812378,
  "uncertainty": 0.45439200598419005
}