{
  "image": "data\\raw\\images\\train\\F_2_1_390.jpg",
  "box": [
    185.90869140625,
    515.65478515625,
    236.6997528076172,
    598.7197875976562
  ],
  "class": 3,
  "confidence": 0.7073472738265991,
  "uncertainty": 0.3258970837770966
}