{
  "image": "data\\raw\\images\\train\\F_2_6_1582.jpg",
  "box": [
    882.352294921875,
    591.4657592773438,
    956.4904174804688,
    694.3215942382812
  ],
  "class": 3,
  "confidence": 0.6431763172149658,
  "uncertainty": 0.3685267278870618
}