{
  "image": "data\\raw\\images\\train\\F_2_8_1731.jpg",
  "box": [
    1071.666748046875,
    597.384765625,
    1137.400390625,
    656.51123046875
  ],
  "class": 2,
  "confidence": 0.7466430068016052,
  "uncertainty": 0.1899153594894977
}