{
  "image": "data\\raw\\images\\train\\F_2_7_1822.jpg",
  "box": [
    1664.197509765625,
    520.0301513671875,
    1798.504150390625,
    661.2013549804688
  ],
  "class": 2,
  "confidence": 0.6511423587799072,
  "uncertainty": 0.24571984830340104
}