{
  "image": "data\\raw\\images\\train\\F_2_7_437.jpg",
  "box": [
    1230.1253662109375,
    432.0523681640625,
    1918.733642578125,
    1067.7044677734375
  ],
  "class": 2,
  "confidence": 0.928763747215271,
  "uncertainty": 0.15269774113222015
}