{
  "image": "data\\raw\\images\\train\\F_2_9_3016.jpg",
  "box": [
    1380.907958984375,
    441.72418212890625,
    1463.012939453125,
    524.7613525390625
  ],
  "class": 2,
  "confidence": 0.6258580088615417,
  "uncertainty": 0.2392088434983201
}