{
  "image": "data\\raw\\images\\train\\F_2_1_742.jpg",
  "box": [
    1212.9276123046875,
    505.5985107421875,
    1249.0755615234375,
    568.2354125976562
  ],
  "class": 3,
  "confidence": 0.5951253771781921,
  "uncertainty": 0.36152782791272897
}