{
  "image": "data\\raw\\images\\train\\F_2_8_946.jpg",
  "box": [
    953.70361328125,
    406.61737060546875,
    1069.7769775390625,
    515.78466796875
  ],
  "class": 2,
  "confidence": 0.2844148874282837,
  "uncertainty": 0.43140489395537107
}