{
  "image": "data\\raw\\images\\train\\F_2_9_2995.jpg",
  "box": [
    922.8519287109375,
    447.2009582519531,
    1103.1591796875,
    645.833740234375
  ],
  "class": 2,
  "confidence": 0.7958518266677856,
  "uncertainty": 0.20048263024154628
}