{
  "image": "data\\raw\\images\\train\\F_2_1_691.jpg",
  "box": [
    473.301025390625,
    425.3625183105469,
    585.5198974609375,
    505.8106384277344
  ],
  "class": 7,
  "confidence": 0.36785221099853516,
  "uncertainty": 0.43707454174563176
}