{
  "image": "data\\raw\\images\\train\\F_2_3_191.jpg",
  "box": [
    477.31787109375,
    465.211669921875,
    910.2160034179688,
    847.4221801757812
  ],
  "class": 2,
  "confidence": 0.9164743423461914,
  "uncertainty": 0.1513875042387393
}