{
  "image": "data\\raw\\images\\train\\F_2_1_298.jpg",
  "box": [
    282.48944091796875,
    395.625732421875,
    433.96746826171875,
    578.1187133789062
  ],
  "class": 7,
  "confidence": 0.3978757858276367,
  "uncertainty": 0.41462233047258196
}