{
  "image": "data\\raw\\images\\train\\F_2_7_68.jpg",
  "box": [
    0.36199951171875,
    482.25054931640625,
    1222.75634765625,
    1068.6610107421875
  ],
  "class": 2,
  "confidence": 0.9212636947631836,
  "uncertainty": 0.12034343882105941
}