{
  "image": "data\\raw\\images\\train\\F_2_1_406.jpg",
  "box": [
    971.7430419921875,
    456.6581726074219,
    1025.45166015625,
    530.5504150390625
  ],
  "class": 7,
  "confidence": 0.7691329121589661,
  "uncertainty": 0.2476852394800993
}