{
  "image": "data\\raw\\images\\train\\F_2_2_1358.jpg",
  "box": [
    1070.643310546875,
    438.5906066894531,
    1145.5191650390625,
    606.9346923828125
  ],
  "class": 2,
  "confidence": 0.8223652839660645,
  "uncertainty": 0.17659859064961195
}