{
  "image": "data\\raw\\images\\train\\F_2_1_987.jpg",
  "box": [
    1656.6639404296875,
    439.6417236328125,
    1761.1893310546875,
    534.051513671875
  ],
  "class": 2,
  "confidence": 0.4819624125957489,
  "uncertainty": 0.3175794121110118
}