{
  "image": "data\\raw\\images\\train\\F_2_1_682.jpg",
  "box": [
    1210.048583984375,
    409.8945007324219,
    1284.169189453125,
    483.9456481933594
  ],
  "class": 7,
  "confidence": 0.5442904829978943,
  "uncertainty": 0.40467887312553624
}