{
  "image": "data\\raw\\images\\train\\F_2_8_1068.jpg",
  "box": [
    921.147216796875,
    539.4669799804688,
    1004.0203857421875,
    644.4999389648438
  ],
  "class": 2,
  "confidence": 0.7191908955574036,
  "uncertainty": 0.270102330161775
}