{
  "image": "data\\raw\\images\\train\\F_2_2_485.jpg",
  "box": [
    0.1226491928100586,
    482.9773864746094,
    47.28132247924805,
    612.6766357421875
  ],
  "class": 2,
  "confidence": 0.5735517740249634,
  "uncertainty": 0.2725434145754121
}