{
  "image": "data\\raw\\images\\train\\F_2_1_627.jpg",
  "box": [
    1453.9412841796875,
    483.5190124511719,
    1509.634765625,
    533.8653564453125
  ],
  "class": 2,
  "confidence": 0.5908792614936829,
  "uncertainty": 0.27747381533408855
}