{
  "image": "data\\raw\\images\\train\\F_2_1_675.jpg",
  "box": [
    1257.091064453125,
    481.70428466796875,
    1333.7227783203125,
    544.32763671875
  ],
  "class": 2,
  "confidence": 0.5695258378982544,
  "uncertainty": 0.27263281083472923
}