{
  "image": "data\\raw\\images\\train\\F_2_9_350.jpg",
  "box": [
    232.35694885253906,
    404.74749755859375,
    356.963134765625,
    502.585693359375
  ],
  "class": 3,
  "confidence": 0.5749083161354065,
  "uncertainty": 0.38339792587266136
}