{
  "image": "data\\raw\\images\\train\\F_2_3_652.jpg",
  "box": [
    1407.0509033203125,
    434.71270751953125,
    1478.64111328125,
    521.2531127929688
  ],
  "class": 7,
  "confidence": 0.5418676733970642,
  "uncertainty": 0.3762450571030077
}