{
  "image": "data\\raw\\images\\train\\F_2_8_1258.jpg",
  "box": [
    0.7382354736328125,
    478.902099609375,
    513.5975952148438,
    1067.37353515625
  ],
  "class": 2,
  "confidence": 0.9337396621704102,
  "uncertainty": 0.1122615229363271
}