{
  "image": "data\\raw\\images\\train\\F_2_1_1127.jpg",
  "box": [
    1160.6173095703125,
    472.776123046875,
    1189.880615234375,
    513.5073852539062
  ],
  "class": 3,
  "confidence": 0.37782806158065796,
  "uncertainty": 0.4372750552013141
}