{
  "image": "data\\raw\\images\\train\\F_2_9_350.jpg",
  "box": [
    712.5466918945312,
    327.44219970703125,
    737.1748046875,
    375.2339172363281
  ],
  "class": 3,
  "confidence": 0.38789865374565125,
  "uncertainty": 0.43514522111159043
}