{
  "image": "data\\raw\\images\\train\\F_2_6_1523.jpg",
  "box": [
    812.35693359375,
    350.53326416015625,
    1453.4022216796875,
    1065.43994140625
  ],
  "class": 7,
  "confidence": 0.8278459906578064,
  "uncertainty": 0.2362814358696782
}