{
  "image": "data\\raw\\images\\train\\F_2_2_835.jpg",
  "box": [
    549.0045776367188,
    674.8287353515625,
    840.7890625,
    1070.7884521484375
  ],
  "class": 3,
  "confidence": 0.7643916010856628,
  "uncertainty": 0.34208888498241746
}