{
  "image": "data\\raw\\images\\train\\F_2_6_78.jpg",
  "box": [
    838.3463745117188,
    438.7166748046875,
    965.8698120117188,
    572.6348876953125
  ],
  "class": 7,
  "confidence": 0.3561194837093353,
  "uncertainty": 0.4590296156615411
}