{
  "image": "data\\raw\\images\\train\\F_2_2_1316.jpg",
  "box": [
    620.7039184570312,
    399.5677185058594,
    657.2107543945312,
    494.0078430175781
  ],
  "class": 2,
  "confidence": 0.3007138967514038,
  "uncertainty": 0.42117501578199446
}