{
  "image": "data\\raw\\images\\train\\F_2_2_1006.jpg",
  "box": [
    1257.225830078125,
    383.34881591796875,
    1391.308837890625,
    460.43951416015625
  ],
  "class": 5,
  "confidence": 0.38706499338150024,
  "uncertainty": 0.4863406769552655
}