{
  "image": "data\\raw\\images\\train\\F_2_2_1284.jpg",
  "box": [
    154.1473846435547,
    415.5815734863281,
    486.1190185546875,
    785.0205078125
  ],
  "class": 7,
  "confidence": 0.7504395246505737,
  "uncertainty": 0.27592753924262214
}