{
  "image": "data\\raw\\images\\train\\F_2_1_691.jpg",
  "box": [
    1772.672607421875,
    362.8268737792969,
    1919.1749267578125,
    675.87646484375
  ],
  "class": 5,
  "confidence": 0.8981007933616638,
  "uncertainty": 0.20086903990739147
}