{
  "image": "data\\raw\\images\\train\\F_2_9_310.jpg",
  "box": [
    761.0294799804688,
    544.568115234375,
    852.607177734375,
    632.9558715820312
  ],
  "class": 2,
  "confidence": 0.5489899516105652,
  "uncertainty": 0.28244868101558895
}