{
  "image": "data\\raw\\images\\train\\F_2_8_188.jpg",
  "box": [
    848.2236328125,
    457.1842041015625,
    971.9263916015625,
    605.3663330078125
  ],
  "class": 2,
  "confidence": 0.4482887089252472,
  "uncertainty": 0.39359873477826635
}