{
  "image": "data\\raw\\images\\train\\F_2_6_126.jpg",
  "box": [
    1152.382568359375,
    366.17010498046875,
    1296.3143310546875,
    446.47576904296875
  ],
  "class": 5,
  "confidence": 0.3762187957763672,
  "uncertainty": 0.4207465822195616
}