{
  "image": "data\\raw\\images\\train\\F_2_11_392.jpg",
  "box": [
    1365.044921875,
    457.02557373046875,
    1465.8275146484375,
    560.634765625
  ],
  "class": 7,
  "confidence": 0.3500211834907532,
  "uncertainty": 0.4378980108543837
}