{
  "image": "data\\raw\\images\\train\\F_2_2_113.jpg",
  "box": [
    1509.26416015625,
    489.1648864746094,
    1773.6397705078125,
    692.5391845703125
  ],
  "class": 2,
  "confidence": 0.9090878367424011,
  "uncertainty": 0.12922003082186084
}