{
  "image": "data\\raw\\images\\train\\F_2_8_1576.jpg",
  "box": [
    1301.2001953125,
    457.9463195800781,
    1717.4315185546875,
    869.3344116210938
  ],
  "class": 2,
  "confidence": 0.8736711144447327,
  "uncertainty": 0.2603083008084547
}