{
  "image": "data\\raw\\images\\train\\F_2_1_620.jpg",
  "box": [
    149.46070861816406,
    364.09222412109375,
    399.3404846191406,
    570.94921875
  ],
  "class": 5,
  "confidence": 0.8577020168304443,
  "uncertainty": 0.2382374944739868
}