{
  "image": "data\\raw\\images\\train\\F_2_1_491.jpg",
  "box": [
    284.00872802734375,
    386.0841064453125,
    377.7625732421875,
    499.96343994140625
  ],
  "class": 7,
  "confidence": 0.6751518845558167,
  "uncertainty": 0.2958562409497946
}