{
  "image": "data\\raw\\images\\train\\F_2_7_1278.jpg",
  "box": [
    651.015869140625,
    475.218017578125,
    854.3952026367188,
    663.9736328125
  ],
  "class": 2,
  "confidence": 0.8065087795257568,
  "uncertainty": 0.16950111312093658
}