{
  "image": "data\\raw\\images\\train\\F_2_11_51.jpg",
  "box": [
    158.2965545654297,
    287.1060485839844,
    471.3860778808594,
    576.0005493164062
  ],
  "class": 7,
  "confidence": 0.34367358684539795,
  "uncertainty": 0.4978569197439715
}