{
  "image": "data\\raw\\images\\train\\F_2_3_433.jpg",
  "box": [
    698.117431640625,
    335.52532958984375,
    792.765380859375,
    424.25689697265625
  ],
  "class": 2,
  "confidence": 0.48294490575790405,
  "uncertainty": 0.34817369579912993
}