{
  "image": "data\\raw\\images\\train\\F_2_3_387.jpg",
  "box": [
    366.33111572265625,
    452.8788757324219,
    476.0970458984375,
    562.2222900390625
  ],
  "class": 2,
  "confidence": 0.5382890105247498,
  "uncertainty": 0.2936613361511987
}