{
  "image": "data\\raw\\images\\train\\F_2_1_170.jpg",
  "box": [
    1660.3289794921875,
    493.5564880371094,
    1847.4605712890625,
    652.0091552734375
  ],
  "class": 2,
  "confidence": 0.8404150605201721,
  "uncertainty": 0.15601216898437953
}