{
  "image": "data\\raw\\images\\train\\F_2_1_943.jpg",
  "box": [
    512.7425537109375,
    462.83734130859375,
    625.1048583984375,
    527.1696166992188
  ],
  "class": 2,
  "confidence": 0.741613507270813,
  "uncertainty": 0.19523235564016303
}