{
  "image": "data\\raw\\images\\train\\F_2_2_796.jpg",
  "box": [
    0.1186380386352539,
    485.1624755859375,
    47.91212463378906,
    686.2716064453125
  ],
  "class": 7,
  "confidence": 0.2637431025505066,
  "uncertainty": 0.4966793522026408
}