{
  "image": "data\\raw\\images\\train\\F_2_9_2346.jpg",
  "box": [
    1378.7537841796875,
    507.2447204589844,
    1424.726806640625,
    536.8756713867188
  ],
  "class": 2,
  "confidence": 0.5116384625434875,
  "uncertainty": 0.26218944683665785
}