{
  "image": "data\\raw\\images\\train\\F_2_7_1512.jpg",
  "box": [
    339.5695495605469,
    387.55572509765625,
    543.192626953125,
    656.0076904296875
  ],
  "class": 7,
  "confidence": 0.592823326587677,
  "uncertainty": 0.3728752601155775
}