{
  "image": "data\\raw\\images\\train\\F_2_11_344.jpg",
  "box": [
    970.5368041992188,
    458.58843994140625,
    1015.2474975585938,
    518.5590209960938
  ],
  "class": 7,
  "confidence": 0.6405126452445984,
  "uncertainty": 0.30304538955389
}