{
  "image": "data\\raw\\images\\train\\F_2_1_766.jpg",
  "box": [
    1418.44140625,
    461.84747314453125,
    1545.10498046875,
    564.5833740234375
  ],
  "class": 2,
  "confidence": 0.6888939142227173,
  "uncertainty": 0.20311378810797945
}