{
  "image": "data\\raw\\images\\train\\F_2_7_1814.jpg",
  "box": [
    1731.137939453125,
    528.7183837890625,
    1847.386474609375,
    685.168212890625
  ],
  "class": 2,
  "confidence": 0.7357544898986816,
  "uncertainty": 0.20466073446489771
}