{
  "image": "data\\raw\\images\\train\\F_2_3_201.jpg",
  "box": [
    807.4471435546875,
    324.90972900390625,
    931.656005859375,
    432.1029968261719
  ],
  "class": 7,
  "confidence": 0.7877629995346069,
  "uncertainty": 0.2675329567293745
}