{
  "image": "data\\raw\\images\\train\\F_2_4_56.jpg",
  "box": [
    654.7911376953125,
    490.2133483886719,
    742.7110595703125,
    622.126220703125
  ],
  "class": 3,
  "confidence": 0.6833251714706421,
  "uncertainty": 0.36302339367035275
}