{
  "image": "data\\raw\\images\\train\\F_2_2_793.jpg",
  "box": [
    1785.2080078125,
    461.9288635253906,
    1899.819580078125,
    653.7847900390625
  ],
  "class": 5,
  "confidence": 0.3819671869277954,
  "uncertainty": 0.4586455587226099
}