{
  "image": "data\\raw\\images\\train\\F_2_2_449.jpg",
  "box": [
    0.04865455627441406,
    376.63409423828125,
    91.34150695800781,
    440.45098876953125
  ],
  "class": 2,
  "confidence": 0.31766393780708313,
  "uncertainty": 0.3421938177789823
}