{
  "image": "data\\raw\\images\\train\\F_2_7_475.jpg",
  "box": [
    1014.9874877929688,
    444.242431640625,
    1917.94970703125,
    1069.0096435546875
  ],
  "class": 2,
  "confidence": 0.9401391744613647,
  "uncertainty": 0.12552134177405988
}