{
  "image": "data\\raw\\images\\train\\F_2_9_2967.jpg",
  "box": [
    758.6544189453125,
    534.230712890625,
    799.4913940429688,
    580.2421875
  ],
  "class": 3,
  "confidence": 0.41722744703292847,
  "uncertainty": 0.4219620606572744
}