{
  "image": "data\\raw\\images\\train\\F_2_1_415.jpg",
  "box": [
    1256.79833984375,
    465.4765625,
    1293.712158203125,
    511.11834716796875
  ],
  "class": 2,
  "confidence": 0.479827880859375,
  "uncertainty": 0.2967417656829612
}