{
  "image": "data\\raw\\images\\train\\F_2_6_1505.jpg",
  "box": [
    0.7081832885742188,
    472.6714782714844,
    378.76617431640625,
    804.16552734375
  ],
  "class": 2,
  "confidence": 0.9328469038009644,
  "uncertainty": 0.11387801904331601
}