{
  "image": "data\\raw\\images\\train\\F_2_1_102.jpg",
  "box": [
    835.4468994140625,
    363.1936340332031,
    981.4482421875,
    566.4542236328125
  ],
  "class": 7,
  "confidence": 0.4112606942653656,
  "uncertainty": 0.44745772995131167
}