{
  "image": "data\\raw\\images\\train\\F_2_1_829.jpg",
  "box": [
    964.848388671875,
    474.70550537109375,
    1042.738525390625,
    542.9467163085938
  ],
  "class": 2,
  "confidence": 0.6946644186973572,
  "uncertainty": 0.21587195152764785
}