{
  "image": "data\\raw\\images\\train\\F_2_8_1780.jpg",
  "box": [
    1253.71484375,
    402.6008605957031,
    1298.32666015625,
    475.8913879394531
  ],
  "class": 3,
  "confidence": 0.6092513203620911,
  "uncertainty": 0.3636919003832145
}