{
  "image": "data\\raw\\images\\train\\F_2_1_762.jpg",
  "box": [
    309.759033203125,
    538.095458984375,
    341.2057189941406,
    583.7196044921875
  ],
  "class": 3,
  "confidence": 0.3086512088775635,
  "uncertainty": 0.46700845283680387
}