{
  "image": "data\\raw\\images\\train\\F_2_2_961.jpg",
  "box": [
    44.336700439453125,
    536.361328125,
    134.99098205566406,
    627.5322875976562
  ],
  "class": 3,
  "confidence": 0.7292044758796692,
  "uncertainty": 0.3443004845553009
}