{
  "image": "data\\raw\\images\\train\\F_2_7_1323.jpg",
  "box": [
    659.03662109375,
    464.4914245605469,
    724.6104125976562,
    561.2591552734375
  ],
  "class": 2,
  "confidence": 0.4522717595100403,
  "uncertainty": 0.3537228466282373
}