{
  "image": "data\\raw\\images\\train\\F_2_6_223.jpg",
  "box": [
    411.47076416015625,
    609.396240234375,
    523.88623046875,
    757.9197998046875
  ],
  "class": 3,
  "confidence": 0.5629225969314575,
  "uncertainty": 0.41224439260436113
}