{
  "image": "data\\raw\\images\\train\\F_2_1_765.jpg",
  "box": [
    720.25927734375,
    557.261474609375,
    812.6171264648438,
    720.05224609375
  ],
  "class": 3,
  "confidence": 0.6881830096244812,
  "uncertainty": 0.3401549116006644
}