{
  "image": "data\\raw\\images\\train\\F_2_11_159.jpg",
  "box": [
    1659.954345703125,
    533.4461059570312,
    1698.7177734375,
    691.333740234375
  ],
  "class": 2,
  "confidence": 0.3677515387535095,
  "uncertainty": 0.3907236469576612
}