{
  "image": "data\\raw\\images\\train\\F_2_6_515.jpg",
  "box": [
    735.1665649414062,
    573.4683837890625,
    824.77294921875,
    751.3310546875
  ],
  "class": 3,
  "confidence": 0.6110700964927673,
  "uncertainty": 0.36955776108378774
}