{
  "image": "data\\raw\\images\\train\\F_2_6_545.jpg",
  "box": [
    577.8323974609375,
    679.6138916015625,
    801.3780517578125,
    1013.9544067382812
  ],
  "class": 3,
  "confidence": 0.851610541343689,
  "uncertainty": 0.2416033222343606
}