{
  "image": "data\\raw\\images\\train\\F_2_6_875.jpg",
  "box": [
    504.47845458984375,
    335.16180419921875,
    1171.40234375,
    1067.711669921875
  ],
  "class": 7,
  "confidence": 0.8145111799240112,
  "uncertainty": 0.24094116488254463
}