{
  "image": "data\\raw\\images\\train\\F_2_1_1206.jpg",
  "box": [
    114.17273712158203,
    496.657470703125,
    146.9566650390625,
    554.873291015625
  ],
  "class": 3,
  "confidence": 0.3028791546821594,
  "uncertainty": 0.46465911251381015
}