{
  "image": "data\\raw\\images\\train\\F_2_11_526.jpg",
  "box": [
    102.86088562011719,
    306.5915832519531,
    431.3000793457031,
    612.18017578125
  ],
  "class": 5,
  "confidence": 0.8706250190734863,
  "uncertainty": 0.275785558886065
}