{
  "image": "data\\raw\\images\\train\\F_2_6_1737.jpg",
  "box": [
    602.041748046875,
    401.82110595703125,
    748.1732177734375,
    541.1986083984375
  ],
  "class": 2,
  "confidence": 0.8346885442733765,
  "uncertainty": 0.2041116327926584
}