{
  "image": "data\\raw\\images\\train\\F_2_11_373.jpg",
  "box": [
    617.3260498046875,
    424.9107971191406,
    759.2093505859375,
    537.105712890625
  ],
  "class": 2,
  "confidence": 0.8802270889282227,
  "uncertainty": 0.14504407870556088
}