{
  "image": "data\\raw\\images\\train\\F_2_2_252.jpg",
  "box": [
    109.12438201904297,
    505.1649169921875,
    235.79449462890625,
    635.1181640625
  ],
  "class": 2,
  "confidence": 0.6963555216789246,
  "uncertainty": 0.2442296420300329
}