{
  "image": "data\\raw\\images\\train\\F_2_8_1828.jpg",
  "box": [
    1125.67578125,
    460.325439453125,
    1236.810302734375,
    705.4965209960938
  ],
  "class": 3,
  "confidence": 0.8017932772636414,
  "uncertainty": 0.33197065803796766
}