{
  "image": "data\\raw\\images\\train\\F_2_11_302.jpg",
  "box": [
    638.2003173828125,
    353.4526062011719,
    835.2410888671875,
    583.85693359375
  ],
  "class": 7,
  "confidence": 0.8880401849746704,
  "uncertainty": 0.20889521449457873
}