{
  "image": "data\\raw\\images\\train\\F_2_7_1497.jpg",
  "box": [
    102.03527069091797,
    400.3023376464844,
    168.909423828125,
    481.2862243652344
  ],
  "class": 3,
  "confidence": 0.27675408124923706,
  "uncertainty": 0.4882696984439903
}