{
  "image": "data\\raw\\images\\train\\F_2_5_20.jpg",
  "box": [
    1387.796630859375,
    522.5140380859375,
    1474.7933349609375,
    589.3900146484375
  ],
  "class": 2,
  "confidence": 0.802490234375,
  "uncertainty": 0.1884810075330221
}