{
  "image": "data\\raw\\images\\train\\F_2_2_1288.jpg",
  "box": [
    486.95416259765625,
    378.6689758300781,
    914.5222778320312,
    880.527099609375
  ],
  "class": 2,
  "confidence": 0.30351483821868896,
  "uncertainty": 0.40100643074531434
}