{
  "image": "data\\raw\\images\\train\\F_2_7_1822.jpg",
  "box": [
    1490.146240234375,
    531.0591430664062,
    1701.716552734375,
    700.7792358398438
  ],
  "class": 2,
  "confidence": 0.8226778507232666,
  "uncertainty": 0.23889619176278665
}