{
  "image": "data\\raw\\images\\train\\F_2_6_330.jpg",
  "box": [
    1322.52490234375,
    552.7900390625,
    1400.7996826171875,
    676.1181640625
  ],
  "class": 3,
  "confidence": 0.5928654670715332,
  "uncertainty": 0.389483052228501
}