{
  "image": "data\\raw\\images\\train\\F_2_3_153.jpg",
  "box": [
    1025.212158203125,
    519.1184692382812,
    1176.285888671875,
    693.4989624023438
  ],
  "class": 2,
  "confidence": 0.4745674431324005,
  "uncertainty": 0.39162850043716657
}