{
  "image": "data\\raw\\images\\train\\F_2_7_896.jpg",
  "box": [
    1102.5428466796875,
    410.19793701171875,
    1251.56689453125,
    561.7080078125
  ],
  "class": 2,
  "confidence": 0.800092339515686,
  "uncertainty": 0.1869097296761842
}