{
  "image": "data\\raw\\images\\train\\F_2_6_145.jpg",
  "box": [
    645.14404296875,
    486.8341369628906,
    833.9803466796875,
    648.4051513671875
  ],
  "class": 2,
  "confidence": 0.9027857780456543,
  "uncertainty": 0.13100718080079773
}