{
  "image": "data\\raw\\images\\train\\F_2_1_829.jpg",
  "box": [
    1183.616943359375,
    479.40191650390625,
    1293.782470703125,
    523.4348754882812
  ],
  "class": 2,
  "confidence": 0.3281569480895996,
  "uncertainty": 0.3692125940372011
}