{
  "image": "data\\raw\\images\\train\\F_2_11_51.jpg",
  "box": [
    161.5983123779297,
    451.59686279296875,
    334.3217468261719,
    574.9658203125
  ],
  "class": 7,
  "confidence": 0.47685110569000244,
  "uncertainty": 0.39773108581753336
}