{
  "image": "data\\raw\\images\\train\\F_2_3_424.jpg",
  "box": [
    1826.0863037109375,
    341.132568359375,
    1919.3023681640625,
    482.0780029296875
  ],
  "class": 5,
  "confidence": 0.2656078636646271,
  "uncertainty": 0.445795594880173
}