{
  "image": "data\\raw\\images\\train\\F_2_2_306.jpg",
  "box": [
    288.2206115722656,
    420.2730712890625,
    488.52227783203125,
    661.4546508789062
  ],
  "class": 7,
  "confidence": 0.5667287111282349,
  "uncertainty": 0.34791357455941885
}