{
  "image": "data\\raw\\images\\train\\F_2_1_341.jpg",
  "box": [
    1.1800460815429688,
    177.38800048828125,
    301.8157958984375,
    958.3972778320312
  ],
  "class": 7,
  "confidence": 0.6609968543052673,
  "uncertainty": 0.3401355963497217
}