{
  "image": "data\\raw\\images\\train\\F_2_1_725.jpg",
  "box": [
    969.3203125,
    675.0829467773438,
    1170.552490234375,
    971.2337036132812
  ],
  "class": 3,
  "confidence": 0.7657414078712463,
  "uncertainty": 0.295849847842243
}