{
  "image": "data\\raw\\images\\train\\F_2_1_641.jpg",
  "box": [
    326.529541015625,
    528.4000244140625,
    360.3934326171875,
    574.604248046875
  ],
  "class": 3,
  "confidence": 0.6318883299827576,
  "uncertainty": 0.3131819620589765
}