{
  "image": "data\\raw\\images\\train\\F_2_4_42.jpg",
  "box": [
    109.84281921386719,
    403.2708435058594,
    219.87362670898438,
    546.56787109375
  ],
  "class": 7,
  "confidence": 0.6115221977233887,
  "uncertainty": 0.32935613731574354
}