{
  "image": "data\\raw\\images\\train\\F_2_1_1191.jpg",
  "box": [
    1529.7379150390625,
    494.0618896484375,
    1632.421142578125,
    585.9357299804688
  ],
  "class": 3,
  "confidence": 0.5078490376472473,
  "uncertainty": 0.4319771980397758
}