{
  "image": "data\\raw\\images\\train\\F_2_1_251.jpg",
  "box": [
    847.4269409179688,
    449.74200439453125,
    895.7916870117188,
    525.5484619140625
  ],
  "class": 2,
  "confidence": 0.5780816078186035,
  "uncertainty": 0.2838299519141689
}