{
  "image": "data\\raw\\images\\train\\F_2_9_3016.jpg",
  "box": [
    233.58767700195312,
    411.89996337890625,
    343.791015625,
    613.971923828125
  ],
  "class": 2,
  "confidence": 0.5999945402145386,
  "uncertainty": 0.31433489242047286
}