{
  "image": "data\\raw\\images\\train\\F_2_2_1439.jpg",
  "box": [
    1400.8626708984375,
    570.1499633789062,
    1556.64453125,
    797.5177001953125
  ],
  "class": 3,
  "confidence": 0.7006096243858337,
  "uncertainty": 0.3384518189398291
}