{
  "image": "data\\raw\\images\\train\\F_2_2_1053.jpg",
  "box": [
    1158.97705078125,
    454.6197509765625,
    1295.4085693359375,
    495.3912048339844
  ],
  "class": 2,
  "confidence": 0.31867894530296326,
  "uncertainty": 0.4305480613524775
}