{
  "image": "data\\raw\\images\\train\\F_2_10_87.jpg",
  "box": [
    26.321273803710938,
    583.8019409179688,
    447.5301818847656,
    1064.412841796875
  ],
  "class": 3,
  "confidence": 0.7990931272506714,
  "uncertainty": 0.29311689183200174
}