{
  "image": "data\\raw\\images\\train\\F_2_2_887.jpg",
  "box": [
    718.0616455078125,
    426.7500915527344,
    844.23779296875,
    572.6219482421875
  ],
  "class": 7,
  "confidence": 0.43789371848106384,
  "uncertainty": 0.4165854354985132
}