{
  "image": "data\\raw\\images\\train\\F_2_2_1431.jpg",
  "box": [
    1420.3817138671875,
    408.8529968261719,
    1468.7142333984375,
    485.0309143066406
  ],
  "class": 3,
  "confidence": 0.3331817090511322,
  "uncertainty": 0.46393661263656866
}