{
  "image": "data\\raw\\images\\train\\F_2_1_624.jpg",
  "box": [
    736.0237426757812,
    363.203125,
    802.2000732421875,
    494.74737548828125
  ],
  "class": 7,
  "confidence": 0.3429683446884155,
  "uncertainty": 0.46264346154361136
}