{
  "image": "data\\raw\\images\\train\\F_2_7_358.jpg",
  "box": [
    316.0693359375,
    605.6956787109375,
    416.8953857421875,
    732.0836791992188
  ],
  "class": 3,
  "confidence": 0.6536899209022522,
  "uncertainty": 0.35477660761434787
}