{
  "image": "data\\raw\\images\\train\\F_2_3_383.jpg",
  "box": [
    838.190185546875,
    410.64935302734375,
    1513.0880126953125,
    1033.5223388671875
  ],
  "class": 2,
  "confidence": 0.8509690761566162,
  "uncertainty": 0.15966184781610476
}