{
  "image": "data\\raw\\images\\train\\F_2_1_390.jpg",
  "box": [
    1545.465087890625,
    443.405029296875,
    1672.1363525390625,
    582.8890991210938
  ],
  "class": 7,
  "confidence": 0.7314543724060059,
  "uncertainty": 0.3045059927766624
}