{
  "image": "data\\raw\\images\\train\\F_2_1_102.jpg",
  "box": [
    790.7554931640625,
    457.831298828125,
    847.984375,
    522.67919921875
  ],
  "class": 2,
  "confidence": 0.6306207776069641,
  "uncertainty": 0.2500212355719583
}