{
  "image": "data\\raw\\images\\train\\F_2_11_120.jpg",
  "box": [
    190.06143188476562,
    529.7550659179688,
    264.7926940917969,
    644.4503173828125
  ],
  "class": 3,
  "confidence": 0.7363539338111877,
  "uncertainty": 0.285030765667189
}