{
  "image": "data\\raw\\images\\train\\F_2_2_1031.jpg",
  "box": [
    429.623291015625,
    435.42864990234375,
    552.853271484375,
    533.9207763671875
  ],
  "class": 2,
  "confidence": 0.5973025560379028,
  "uncertainty": 0.3582741239975041
}