{
  "image": "data\\raw\\images\\train\\F_2_2_1292.jpg",
  "box": [
    1155.4765625,
    473.51495361328125,
    1509.87109375,
    825.9244384765625
  ],
  "class": 2,
  "confidence": 0.9167686104774475,
  "uncertainty": 0.16919407263703762
}