{
  "image": "data\\raw\\images\\train\\F_2_11_467.jpg",
  "box": [
    1047.49560546875,
    465.30377197265625,
    1268.79443359375,
    550.5780029296875
  ],
  "class": 2,
  "confidence": 0.8757566213607788,
  "uncertainty": 0.15455971894862464
}