{
  "image": "data\\raw\\images\\train\\F_2_8_760.jpg",
  "box": [
    1411.8544921875,
    431.2489929199219,
    1687.349853515625,
    627.7213134765625
  ],
  "class": 2,
  "confidence": 0.9089577198028564,
  "uncertainty": 0.1307802818910836
}