{
  "image": "data\\raw\\images\\train\\F_2_2_1557.jpg",
  "box": [
    1416.443603515625,
    411.734375,
    1734.4603271484375,
    513.2716064453125
  ],
  "class": 2,
  "confidence": 0.607623815536499,
  "uncertainty": 0.27438068920243747
}