{
  "image": "data\\raw\\images\\train\\F_2_7_134.jpg",
  "box": [
    507.8896179199219,
    403.2843933105469,
    737.242431640625,
    509.1147766113281
  ],
  "class": 2,
  "confidence": 0.2636571526527405,
  "uncertainty": 0.49377099565290483
}