{
  "image": "data\\raw\\images\\train\\F_2_1_367.jpg",
  "box": [
    887.5435180664062,
    475.6753234863281,
    929.5900268554688,
    506.9748229980469
  ],
  "class": 2,
  "confidence": 0.42768219113349915,
  "uncertainty": 0.31601998608383736
}