{
  "image": "data\\raw\\images\\train\\F_2_3_90.jpg",
  "box": [
    0.37225341796875,
    692.743408203125,
    219.2512664794922,
    1039.9393310546875
  ],
  "class": 3,
  "confidence": 0.2813066840171814,
  "uncertainty": 0.45253004646788614
}