{
  "image": "data\\raw\\images\\train\\F_2_1_843.jpg",
  "box": [
    1305.096435546875,
    437.9279479980469,
    1365.6153564453125,
    518.9449462890625
  ],
  "class": 2,
  "confidence": 0.33658120036125183,
  "uncertainty": 0.4117316587002299
}