{
  "image": "data\\raw\\images\\train\\F_2_7_813.jpg",
  "box": [
    517.6928100585938,
    405.8041076660156,
    683.853515625,
    629.3948974609375
  ],
  "class": 2,
  "confidence": 0.751153290271759,
  "uncertainty": 0.2582069203353027
}