{
  "image": "data\\raw\\images\\train\\F_2_2_1011.jpg",
  "box": [
    709.8194580078125,
    465.66241455078125,
    760.804443359375,
    523.4955444335938
  ],
  "class": 3,
  "confidence": 0.41890284419059753,
  "uncertainty": 0.42054081547713434
}