{
  "image": "data\\raw\\images\\train\\F_2_7_2005.jpg",
  "box": [
    204.9521484375,
    397.9168395996094,
    370.12518310546875,
    540.9171142578125
  ],
  "class": 2,
  "confidence": 0.5662370920181274,
  "uncertainty": 0.2959740457631593
}