{
  "image": "data\\raw\\images\\train\\F_2_3_428.jpg",
  "box": [
    1322.6727294921875,
    335.8546142578125,
    1919.299072265625,
    1065.082763671875
  ],
  "class": 2,
  "confidence": 0.9213703274726868,
  "uncertainty": 0.10883230110785502
}