{
  "image": "data\\raw\\images\\train\\F_2_1_734.jpg",
  "box": [
    642.4243774414062,
    482.8253173828125,
    702.9712524414062,
    592.2756958007812
  ],
  "class": 3,
  "confidence": 0.501265287399292,
  "uncertainty": 0.40984093711931285
}