{
  "image": "data\\raw\\images\\train\\F_2_1_927.jpg",
  "box": [
    1153.2197265625,
    489.126708984375,
    1198.08154296875,
    536.1829833984375
  ],
  "class": 2,
  "confidence": 0.5208824276924133,
  "uncertainty": 0.27938358038865146
}