{
  "image": "data\\raw\\images\\train\\F_2_2_256.jpg",
  "box": [
    1481.0804443359375,
    552.9027099609375,
    1558.868408203125,
    660.3916015625
  ],
  "class": 3,
  "confidence": 0.7039358019828796,
  "uncertainty": 0.3063592795182477
}