{
  "image": "data\\raw\\images\\train\\F_2_9_2880.jpg",
  "box": [
    1319.3255615234375,
    491.88519287109375,
    1389.29345703125,
    632.8493041992188
  ],
  "class": 3,
  "confidence": 0.6461807489395142,
  "uncertainty": 0.3591163989954129
}