{
  "image": "data\\raw\\images\\train\\F_2_7_46.jpg",
  "box": [
    566.561767578125,
    438.765380859375,
    715.603271484375,
    778.8037109375
  ],
  "class": 2,
  "confidence": 0.37167519330978394,
  "uncertainty": 0.4078945967897547
}