{
  "image": "data\\raw\\images\\train\\F_2_6_541.jpg",
  "box": [
    594.8829345703125,
    457.1401062011719,
    675.062255859375,
    525.3509521484375
  ],
  "class": 2,
  "confidence": 0.8078159689903259,
  "uncertainty": 0.16137594055833204
}