{
  "image": "data\\raw\\images\\train\\F_2_1_897.jpg",
  "box": [
    859.464111328125,
    516.60498046875,
    914.32177734375,
    600.4758911132812
  ],
  "class": 3,
  "confidence": 0.6920152902603149,
  "uncertainty": 0.35263316676233397
}