{
  "image": "data\\raw\\images\\train\\F_2_7_858.jpg",
  "box": [
    665.51171875,
    529.5206298828125,
    737.3450927734375,
    660.0093994140625
  ],
  "class": 3,
  "confidence": 0.7462838292121887,
  "uncertainty": 0.3182084697983495
}