{
  "image": "data\\raw\\images\\train\\F_2_9_3019.jpg",
  "box": [
    683.6568603515625,
    268.9826354980469,
    919.6195678710938,
    538.1193237304688
  ],
  "class": 7,
  "confidence": 0.8125370144844055,
  "uncertainty": 0.29881760777810606
}