{
  "image": "data\\raw\\images\\train\\F_2_1_411.jpg",
  "box": [
    1314.5650634765625,
    473.548095703125,
    1350.1329345703125,
    533.4728393554688
  ],
  "class": 2,
  "confidence": 0.28095129132270813,
  "uncertainty": 0.42499706476811494
}