{
  "image": "data\\raw\\images\\train\\F_2_9_310.jpg",
  "box": [
    818.9410400390625,
    545.8765869140625,
    885.8025512695312,
    625.7127685546875
  ],
  "class": 2,
  "confidence": 0.31092360615730286,
  "uncertainty": 0.4309036464763361
}