{
  "image": "data\\raw\\images\\train\\F_2_6_1609.jpg",
  "box": [
    916.0279541015625,
    463.438232421875,
    1003.6285400390625,
    571.8861083984375
  ],
  "class": 2,
  "confidence": 0.282335102558136,
  "uncertainty": 0.3899775212257648
}