{
  "image": "data\\raw\\images\\train\\F_2_11_694.jpg",
  "box": [
    588.2047119140625,
    541.07861328125,
    630.3528442382812,
    607.146728515625
  ],
  "class": 3,
  "confidence": 0.6275280117988586,
  "uncertainty": 0.3426417677617169
}