{
  "image": "data\\raw\\images\\train\\F_2_7_88.jpg",
  "box": [
    808.3994750976562,
    415.1133728027344,
    1169.515625,
    819.2484130859375
  ],
  "class": 2,
  "confidence": 0.8292502760887146,
  "uncertainty": 0.22042927363474518
}