{
  "image": "data\\raw\\images\\train\\F_2_4_177.jpg",
  "box": [
    681.9744873046875,
    647.3959350585938,
    820.926025390625,
    826.0288696289062
  ],
  "class": 3,
  "confidence": 0.6889405250549316,
  "uncertainty": 0.3482276731276384
}