{
  "image": "data\\raw\\images\\train\\F_2_7_1600.jpg",
  "box": [
    1652.8004150390625,
    504.756591796875,
    1920.0,
    573.6289672851562
  ],
  "class": 2,
  "confidence": 0.5323923826217651,
  "uncertainty": 0.3836152782948983
}