{
  "image": "data\\raw\\images\\train\\F_2_7_779.jpg",
  "box": [
    543.611572265625,
    353.5637512207031,
    1000.1819458007812,
    588.8597412109375
  ],
  "class": 2,
  "confidence": 0.915775716304779,
  "uncertainty": 0.1504745570238011
}