{
  "image": "data\\raw\\images\\train\\F_2_2_346.jpg",
  "box": [
    101.97079467773438,
    408.1658935546875,
    283.25726318359375,
    492.51544189453125
  ],
  "class": 2,
  "confidence": 0.3590289354324341,
  "uncertainty": 0.37398060600712374
}