{
  "image": "data\\raw\\images\\train\\F_2_1_951.jpg",
  "box": [
    302.47491455078125,
    406.7959899902344,
    414.1126708984375,
    522.832275390625
  ],
  "class": 7,
  "confidence": 0.631208598613739,
  "uncertainty": 0.31809725102057174
}