{
  "image": "data\\raw\\images\\train\\F_2_7_108.jpg",
  "box": [
    1237.332763671875,
    702.1695556640625,
    1540.628173828125,
    1073.15185546875
  ],
  "class": 3,
  "confidence": 0.5398269295692444,
  "uncertainty": 0.3581205343365898
}