{
  "image": "data\\raw\\images\\train\\F_2_7_858.jpg",
  "box": [
    461.2415771484375,
    505.771484375,
    521.4006958007812,
    605.812255859375
  ],
  "class": 3,
  "confidence": 0.6739630699157715,
  "uncertainty": 0.3336415065829882
}