{
  "image": "data\\raw\\images\\train\\F_2_3_515.jpg",
  "box": [
    814.974609375,
    471.42022705078125,
    1150.568603515625,
    810.7944946289062
  ],
  "class": 2,
  "confidence": 0.8772695660591125,
  "uncertainty": 0.1487669732881224
}