{
  "image": "data\\raw\\images\\train\\F_2_7_1497.jpg",
  "box": [
    1255.506591796875,
    49.343204498291016,
    1472.9219970703125,
    125.70600891113281
  ],
  "class": 2,
  "confidence": 0.3766343295574188,
  "uncertainty": 0.34011828975560393
}