{
  "image": "data\\raw\\images\\train\\F_2_7_1656.jpg",
  "box": [
    759.2216796875,
    393.318115234375,
    1003.8466796875,
    496.28656005859375
  ],
  "class": 2,
  "confidence": 0.4410446882247925,
  "uncertainty": 0.30453774132774236
}