{
  "image": "data\\raw\\images\\train\\F_2_1_415.jpg",
  "box": [
    411.70648193359375,
    540.0791015625,
    488.930908203125,
    662.830810546875
  ],
  "class": 3,
  "confidence": 0.7900892496109009,
  "uncertainty": 0.29739208791198435
}