{
  "image": "data\\raw\\images\\train\\F_2_2_485.jpg",
  "box": [
    646.1771850585938,
    307.8629150390625,
    901.7968139648438,
    614.281005859375
  ],
  "class": 5,
  "confidence": 0.8996545076370239,
  "uncertainty": 0.21020639272328134
}