{
  "image": "data\\raw\\images\\train\\F_2_1_700.jpg",
  "box": [
    986.8062744140625,
    487.7776794433594,
    1042.105712890625,
    540.388671875
  ],
  "class": 2,
  "confidence": 0.6738765239715576,
  "uncertainty": 0.21664457895558498
}