{
  "image": "data\\raw\\images\\train\\F_2_9_3039.jpg",
  "box": [
    53.891510009765625,
    4.098175048828125,
    1254.922119140625,
    547.6993408203125
  ],
  "class": 7,
  "confidence": 0.9270972013473511,
  "uncertainty": 0.22268830173531484
}