{
  "image": "data\\raw\\images\\train\\F_2_5_37.jpg",
  "box": [
    1398.17333984375,
    445.39630126953125,
    1627.082763671875,
    553.5612182617188
  ],
  "class": 2,
  "confidence": 0.8489378690719604,
  "uncertainty": 0.137670738746468
}