{
  "image": "data\\raw\\images\\train\\F_2_11_302.jpg",
  "box": [
    473.30804443359375,
    540.0097045898438,
    527.8604736328125,
    637.1929321289062
  ],
  "class": 3,
  "confidence": 0.5938729047775269,
  "uncertainty": 0.3533262516430099
}