{
  "image": "data\\raw\\images\\train\\F_2_1_3.jpg",
  "box": [
    1182.0224609375,
    231.3837432861328,
    1485.3607177734375,
    586.973388671875
  ],
  "class": 7,
  "confidence": 0.7840670347213745,
  "uncertainty": 0.28266667220215896
}