{
  "image": "data\\raw\\images\\train\\F_2_6_554.jpg",
  "box": [
    1009.7611083984375,
    589.6458740234375,
    1092.15478515625,
    763.34375
  ],
  "class": 3,
  "confidence": 0.7277849912643433,
  "uncertainty": 0.3217609238602228
}