{
  "image": "data\\raw\\images\\train\\F_2_1_443.jpg",
  "box": [
    605.941162109375,
    489.82122802734375,
    870.65478515625,
    717.6161499023438
  ],
  "class": 2,
  "confidence": 0.9161076545715332,
  "uncertainty": 0.12557926638359035
}