{
  "image": "data\\raw\\images\\train\\F_2_6_857.jpg",
  "box": [
    334.17742919921875,
    747.0126342773438,
    509.7012634277344,
    1007.5823364257812
  ],
  "class": 3,
  "confidence": 0.705289900302887,
  "uncertainty": 0.32513717135023573
}