{
  "image": "data\\raw\\images\\train\\F_2_5_85.jpg",
  "box": [
    15.826652526855469,
    554.380859375,
    114.03599548339844,
    689.8966064453125
  ],
  "class": 3,
  "confidence": 0.5383912324905396,
  "uncertainty": 0.3829927235696554
}