{
  "image": "data\\raw\\images\\train\\F_2_1_313.jpg",
  "box": [
    1286.00341796875,
    411.65643310546875,
    1382.5789794921875,
    526.6624145507812
  ],
  "class": 7,
  "confidence": 0.6395778059959412,
  "uncertainty": 0.3094339003224539
}