{
  "image": "data\\raw\\images\\train\\F_2_5_281.jpg",
  "box": [
    1064.091064453125,
    436.49688720703125,
    1267.163818359375,
    640.6947021484375
  ],
  "class": 7,
  "confidence": 0.8712958097457886,
  "uncertainty": 0.23553633533948948
}