{
  "image": "data\\raw\\images\\train\\F_2_7_858.jpg",
  "box": [
    0.4755706787109375,
    463.78363037109375,
    343.0348205566406,
    1067.3155517578125
  ],
  "class": 2,
  "confidence": 0.901777446269989,
  "uncertainty": 0.1415455793502375
}