{
  "image": "data\\raw\\images\\train\\F_2_9_350.jpg",
  "box": [
    265.671142578125,
    332.53656005859375,
    452.89715576171875,
    476.6983337402344
  ],
  "class": 7,
  "confidence": 0.3317067623138428,
  "uncertainty": 0.48811012005505355
}