{
  "image": "data\\raw\\images\\train\\F_2_9_234.jpg",
  "box": [
    417.5609436035156,
    382.7421569824219,
    1386.5791015625,
    1068.2987060546875
  ],
  "class": 2,
  "confidence": 0.9036194086074829,
  "uncertainty": 0.11235276253352981
}