{
  "image": "data\\raw\\images\\train\\F_2_1_855.jpg",
  "box": [
    747.87109375,
    455.1372985839844,
    791.3878784179688,
    506.3211364746094
  ],
  "class": 2,
  "confidence": 0.31860440969467163,
  "uncertainty": 0.43453248766942726
}