{
  "image": "data\\raw\\images\\train\\F_2_1_849.jpg",
  "box": [
    689.4464111328125,
    430.7280578613281,
    774.797119140625,
    512.1458740234375
  ],
  "class": 2,
  "confidence": 0.6779179573059082,
  "uncertainty": 0.22619412876877174
}