{
  "image": "data\\raw\\images\\train\\F_2_1_940.jpg",
  "box": [
    1190.9803466796875,
    455.400146484375,
    1247.3377685546875,
    527.2977905273438
  ],
  "class": 7,
  "confidence": 0.4681325852870941,
  "uncertainty": 0.38312545925383323
}