{
  "image": "data\\raw\\images\\train\\F_2_9_433.jpg",
  "box": [
    1258.928955078125,
    536.485107421875,
    1311.482421875,
    608.2657470703125
  ],
  "class": 2,
  "confidence": 0.6069843173027039,
  "uncertainty": 0.2572540794892363
}