{
  "image": "data\\raw\\images\\train\\F_2_1_397.jpg",
  "box": [
    1357.1209716796875,
    439.2838439941406,
    1423.0081787109375,
    510.2915954589844
  ],
  "class": 7,
  "confidence": 0.299983412027359,
  "uncertainty": 0.44316019693286246
}