{
  "image": "data\\raw\\images\\train\\F_2_8_400.jpg",
  "box": [
    236.1664581298828,
    556.1204833984375,
    421.9049377441406,
    861.3031005859375
  ],
  "class": 2,
  "confidence": 0.8299733400344849,
  "uncertainty": 0.16843823632717603
}