{
  "image": "data\\raw\\images\\train\\F_2_1_349.jpg",
  "box": [
    1738.999267578125,
    377.13592529296875,
    1875.88818359375,
    496.12225341796875
  ],
  "class": 7,
  "confidence": 0.5147883296012878,
  "uncertainty": 0.41190525776320136
}