{
  "image": "data\\raw\\images\\train\\F_2_1_766.jpg",
  "box": [
    1525.7177734375,
    467.1700744628906,
    1631.903076171875,
    560.3772583007812
  ],
  "class": 2,
  "confidence": 0.8006650805473328,
  "uncertainty": 0.15430788945849028
}