{
  "image": "data\\raw\\images\\train\\F_2_2_791.jpg",
  "box": [
    1510.874755859375,
    498.1973876953125,
    1591.68701171875,
    571.3262329101562
  ],
  "class": 2,
  "confidence": 0.5511811375617981,
  "uncertainty": 0.3005647660077293
}