{
  "image": "data\\raw\\images\\train\\F_2_9_1607.jpg",
  "box": [
    1286.05615234375,
    395.6866149902344,
    1387.769775390625,
    515.7149658203125
  ],
  "class": 2,
  "confidence": 0.5367613434791565,
  "uncertainty": 0.36763408839167516
}