{
  "image": "data\\raw\\images\\train\\F_2_3_424.jpg",
  "box": [
    8.047061920166016,
    559.710693359375,
    114.56466674804688,
    687.4295654296875
  ],
  "class": 3,
  "confidence": 0.787308394908905,
  "uncertainty": 0.2898184233218559
}