{
  "image": "data\\raw\\images\\train\\F_2_2_1041.jpg",
  "box": [
    0.0,
    397.9371643066406,
    320.67742919921875,
    726.697265625
  ],
  "class": 5,
  "confidence": 0.5800788998603821,
  "uncertainty": 0.43125202553539
}