{
  "image": "data\\raw\\images\\train\\F_2_11_526.jpg",
  "box": [
    240.98263549804688,
    441.41815185546875,
    420.56243896484375,
    631.3958740234375
  ],
  "class": 7,
  "confidence": 0.4146178364753723,
  "uncertainty": 0.40028050065880205
}