{
  "image": "data\\raw\\images\\train\\F_2_9_481.jpg",
  "box": [
    1.038299560546875,
    428.8490295410156,
    692.5574951171875,
    1063.0972900390625
  ],
  "class": 2,
  "confidence": 0.9512048363685608,
  "uncertainty": 0.14535803220088367
}