{
  "image": "data\\raw\\images\\train\\F_2_6_968.jpg",
  "box": [
    0.9325332641601562,
    496.19171142578125,
    379.2759094238281,
    1068.814453125
  ],
  "class": 2,
  "confidence": 0.9408698081970215,
  "uncertainty": 0.13067142947209137
}