{
  "image": "data\\raw\\images\\train\\F_2_9_3026.jpg",
  "box": [
    794.5184326171875,
    375.2782287597656,
    864.06591796875,
    534.8092041015625
  ],
  "class": 7,
  "confidence": 0.7945293188095093,
  "uncertainty": 0.2582298608516655
}