{
  "image": "data\\raw\\images\\train\\F_2_5_174.jpg",
  "box": [
    1106.4305419921875,
    407.5751037597656,
    1361.478271484375,
    721.5372314453125
  ],
  "class": 7,
  "confidence": 0.5569540858268738,
  "uncertainty": 0.35786962287510554
}