{
  "image": "data\\raw\\images\\train\\F_2_8_754.jpg",
  "box": [
    1240.0814208984375,
    470.78680419921875,
    1348.513916015625,
    563.34130859375
  ],
  "class": 2,
  "confidence": 0.8374325633049011,
  "uncertainty": 0.15239163887979104
}