{
  "image": "data\\raw\\images\\train\\F_2_7_821.jpg",
  "box": [
    850.2469482421875,
    426.0633544921875,
    1318.172607421875,
    825.3714599609375
  ],
  "class": 2,
  "confidence": 0.8205243945121765,
  "uncertainty": 0.17103700616770887
}