{
  "image": "data\\raw\\images\\train\\F_2_7_382.jpg",
  "box": [
    848.7412719726562,
    419.34136962890625,
    1013.1655883789062,
    643.1109619140625
  ],
  "class": 7,
  "confidence": 0.5496571660041809,
  "uncertainty": 0.38135265703246124
}