{
  "image": "data\\raw\\images\\train\\F_2_7_2147.jpg",
  "box": [
    762.587890625,
    315.3380126953125,
    966.97216796875,
    417.1793518066406
  ],
  "class": 5,
  "confidence": 0.7466886639595032,
  "uncertainty": 0.2921758725241115
}