{
  "image": "data\\raw\\images\\train\\F_2_4_266.jpg",
  "box": [
    739.8238525390625,
    504.0248107910156,
    801.752685546875,
    628.2657470703125
  ],
  "class": 3,
  "confidence": 0.5750201344490051,
  "uncertainty": 0.38206185867240744
}