{
  "image": "data\\raw\\images\\train\\F_2_8_745.jpg",
  "box": [
    740.9046020507812,
    410.38720703125,
    805.7662353515625,
    490.44427490234375
  ],
  "class": 7,
  "confidence": 0.598064124584198,
  "uncertainty": 0.3324664487970953
}