{
  "image": "data\\raw\\images\\train\\F_2_7_1860.jpg",
  "box": [
    1476.6317138671875,
    418.43994140625,
    1917.8931884765625,
    827.9426879882812
  ],
  "class": 2,
  "confidence": 0.7730450630187988,
  "uncertainty": 0.19776218295581593
}