{
  "image": "data\\raw\\images\\train\\F_2_2_796.jpg",
  "box": [
    0.12079238891601562,
    485.0709228515625,
    48.36610794067383,
    682.9898071289062
  ],
  "class": 5,
  "confidence": 0.5335970520973206,
  "uncertainty": 0.3832927977562439
}