{
  "image": "data\\raw\\images\\train\\F_2_1_855.jpg",
  "box": [
    846.2239379882812,
    454.1922912597656,
    909.8494262695312,
    521.5679931640625
  ],
  "class": 2,
  "confidence": 0.60749351978302,
  "uncertainty": 0.24918646475983794
}