{
  "image": "data\\raw\\images\\train\\F_2_9_2202.jpg",
  "box": [
    1470.0703125,
    506.1290588378906,
    1545.234375,
    607.7060546875
  ],
  "class": 2,
  "confidence": 0.7965925335884094,
  "uncertainty": 0.1603835945498043
}