{
  "image": "data\\raw\\images\\train\\F_2_1_9.jpg",
  "box": [
    497.59222412109375,
    371.6524658203125,
    1090.84716796875,
    1017.5810546875
  ],
  "class": 2,
  "confidence": 0.8913418650627136,
  "uncertainty": 0.13726976619627523
}