{
  "image": "data\\raw\\images\\train\\F_2_2_840.jpg",
  "box": [
    241.6282196044922,
    464.3099365234375,
    457.5339660644531,
    639.3632202148438
  ],
  "class": 2,
  "confidence": 0.8905631303787231,
  "uncertainty": 0.13759994081825513
}