{
  "image": "data\\raw\\images\\train\\F_2_3_94.jpg",
  "box": [
    755.5640869140625,
    346.116943359375,
    1249.7015380859375,
    939.3733520507812
  ],
  "class": 5,
  "confidence": 0.5430497527122498,
  "uncertainty": 0.4790646430125318
}