{
  "image": "data\\raw\\images\\train\\F_2_6_893.jpg",
  "box": [
    1271.077392578125,
    412.2413635253906,
    1454.688232421875,
    640.2613525390625
  ],
  "class": 7,
  "confidence": 0.3997921943664551,
  "uncertainty": 0.4140193369847656
}