{
  "image": "data\\raw\\images\\train\\F_2_9_1377.jpg",
  "box": [
    371.04803466796875,
    392.1925964355469,
    585.1929931640625,
    644.9248046875
  ],
  "class": 2,
  "confidence": 0.4459187686443329,
  "uncertainty": 0.3272626523558583
}