{
  "image": "data\\raw\\images\\train\\F_2_4_33.jpg",
  "box": [
    875.7581787109375,
    508.3096618652344,
    926.2059326171875,
    566.7403564453125
  ],
  "class": 3,
  "confidence": 0.438857764005661,
  "uncertainty": 0.4347851119336264
}