{
  "image": "data\\raw\\images\\train\\F_2_1_251.jpg",
  "box": [
    1035.37060546875,
    631.2701416015625,
    1169.161865234375,
    884.937255859375
  ],
  "class": 3,
  "confidence": 0.3264261782169342,
  "uncertainty": 0.497360846724982
}