{
  "image": "data\\raw\\images\\train\\F_2_9_350.jpg",
  "box": [
    446.97674560546875,
    354.48052978515625,
    573.4976806640625,
    457.5269775390625
  ],
  "class": 2,
  "confidence": 0.8550265431404114,
  "uncertainty": 0.15301972764230687
}