{
  "image": "data\\raw\\images\\train\\F_2_2_1312.jpg",
  "box": [
    683.4334716796875,
    427.84490966796875,
    757.1136474609375,
    506.5225830078125
  ],
  "class": 2,
  "confidence": 0.2725175619125366,
  "uncertainty": 0.4432641958943245
}