{
  "image": "data\\raw\\images\\train\\F_2_1_794.jpg",
  "box": [
    60.574825286865234,
    490.22027587890625,
    124.67123413085938,
    571.9869995117188
  ],
  "class": 3,
  "confidence": 0.7134062647819519,
  "uncertainty": 0.33786542718800266
}