{
  "image": "data\\raw\\images\\train\\F_2_2_1101.jpg",
  "box": [
    1074.8031005859375,
    545.6434326171875,
    1161.843017578125,
    698.8316650390625
  ],
  "class": 3,
  "confidence": 0.7059313654899597,
  "uncertainty": 0.3229348123865831
}