{
  "image": "data\\raw\\images\\train\\F_2_2_963.jpg",
  "box": [
    540.160888671875,
    502.01678466796875,
    778.947265625,
    708.8963012695312
  ],
  "class": 2,
  "confidence": 0.8850913047790527,
  "uncertainty": 0.13984327331058807
}