{
  "image": "data\\raw\\images\\train\\F_2_7_2310.jpg",
  "box": [
    172.56591796875,
    2.58050537109375,
    1040.0418701171875,
    752.1463623046875
  ],
  "class": 5,
  "confidence": 0.9511815309524536,
  "uncertainty": 0.23552487502730848
}