{
  "image": "data\\raw\\images\\train\\F_2_7_779.jpg",
  "box": [
    1749.353759765625,
    330.4464111328125,
    1919.42724609375,
    541.2789306640625
  ],
  "class": 2,
  "confidence": 0.7294574975967407,
  "uncertainty": 0.214107776197641
}