{
  "image": "data\\raw\\images\\train\\F_2_3_464.jpg",
  "box": [
    1394.724365234375,
    641.8306274414062,
    1609.9771728515625,
    978.0587768554688
  ],
  "class": 3,
  "confidence": 0.6177448630332947,
  "uncertainty": 0.3642051656897657
}