{
  "image": "data\\raw\\images\\train\\F_2_7_813.jpg",
  "box": [
    103.98907470703125,
    442.57159423828125,
    508.4769287109375,
    736.70849609375
  ],
  "class": 2,
  "confidence": 0.899804949760437,
  "uncertainty": 0.1361131508443957
}