{
  "image": "data\\raw\\images\\train\\F_2_8_1332.jpg",
  "box": [
    1735.4410400390625,
    440.40118408203125,
    1919.1910400390625,
    555.197998046875
  ],
  "class": 2,
  "confidence": 0.6853015422821045,
  "uncertainty": 0.23125199241288452
}