{
  "image": "data\\raw\\images\\train\\F_2_1_399.jpg",
  "box": [
    956.048583984375,
    519.36328125,
    997.1561279296875,
    576.0979614257812
  ],
  "class": 3,
  "confidence": 0.7380046844482422,
  "uncertainty": 0.2969204307726827
}