{
  "image": "data\\raw\\images\\train\\F_2_6_237.jpg",
  "box": [
    1180.97998046875,
    393.3631896972656,
    1474.259033203125,
    630.806640625
  ],
  "class": 7,
  "confidence": 0.6723760366439819,
  "uncertainty": 0.31478577445353434
}