{
  "image": "data\\raw\\images\\train\\F_2_7_892.jpg",
  "box": [
    1.3465118408203125,
    407.9124755859375,
    613.5963134765625,
    1063.895751953125
  ],
  "class": 2,
  "confidence": 0.9025167226791382,
  "uncertainty": 0.12031973335599763
}