{
  "image": "data\\raw\\images\\train\\F_2_9_2214.jpg",
  "box": [
    719.3819580078125,
    446.6098937988281,
    821.4248046875,
    576.6048583984375
  ],
  "class": 2,
  "confidence": 0.3142724633216858,
  "uncertainty": 0.36394095194516746
}