{
  "image": "data\\raw\\images\\train\\F_2_4_238.jpg",
  "box": [
    980.6026611328125,
    459.68316650390625,
    1619.07177734375,
    988.8528442382812
  ],
  "class": 2,
  "confidence": 0.9356846809387207,
  "uncertainty": 0.1247319870041885
}