{
  "image": "data\\raw\\images\\train\\F_2_2_113.jpg",
  "box": [
    1842.1307373046875,
    500.9336242675781,
    1919.30712890625,
    648.6734619140625
  ],
  "class": 2,
  "confidence": 0.46618223190307617,
  "uncertainty": 0.3089581987303832
}