{
  "image": "data\\raw\\images\\train\\F_2_3_222.jpg",
  "box": [
    733.16845703125,
    446.49737548828125,
    818.2032470703125,
    511.66131591796875
  ],
  "class": 2,
  "confidence": 0.30035823583602905,
  "uncertainty": 0.4150006952249379
}