{
  "image": "data\\raw\\images\\train\\F_2_1_313.jpg",
  "box": [
    769.5137939453125,
    467.38604736328125,
    862.1661376953125,
    584.786865234375
  ],
  "class": 7,
  "confidence": 0.7092341184616089,
  "uncertainty": 0.29890708510118524
}