{
  "image": "data\\raw\\images\\train\\F_2_7_1636.jpg",
  "box": [
    2.3676681518554688,
    425.78619384765625,
    195.11585998535156,
    669.2266235351562
  ],
  "class": 2,
  "confidence": 0.6151524186134338,
  "uncertainty": 0.31915235514366364
}