{
  "image": "data\\raw\\images\\train\\F_2_3_236.jpg",
  "box": [
    786.876708984375,
    510.4084167480469,
    864.234375,
    597.212890625
  ],
  "class": 7,
  "confidence": 0.602759599685669,
  "uncertainty": 0.3198441722965516
}