{
  "image": "data\\raw\\images\\train\\F_2_1_691.jpg",
  "box": [
    565.3404541015625,
    506.8011474609375,
    603.121337890625,
    557.4043579101562
  ],
  "class": 3,
  "confidence": 0.46294838190078735,
  "uncertainty": 0.41786067598262805
}