{
  "image": "data\\raw\\images\\train\\F_2_2_856.jpg",
  "box": [
    1087.2615966796875,
    403.68145751953125,
    1296.917724609375,
    659.3003540039062
  ],
  "class": 7,
  "confidence": 0.5429373383522034,
  "uncertainty": 0.4485784141105207
}