{
  "image": "data\\raw\\images\\train\\F_2_7_707.jpg",
  "box": [
    86.63932037353516,
    367.8642578125,
    184.61668395996094,
    469.79541015625
  ],
  "class": 2,
  "confidence": 0.26440027356147766,
  "uncertainty": 0.4605408250887234
}