{
  "image": "data\\raw\\images\\train\\F_2_7_461.jpg",
  "box": [
    1.0111083984375,
    472.0679931640625,
    790.17041015625,
    1067.903076171875
  ],
  "class": 2,
  "confidence": 0.9351771473884583,
  "uncertainty": 0.10258440380090075
}