{
  "image": "data\\raw\\images\\train\\F_2_2_1041.jpg",
  "box": [
    731.7374267578125,
    443.3575439453125,
    909.945556640625,
    612.1993408203125
  ],
  "class": 2,
  "confidence": 0.7397681474685669,
  "uncertainty": 0.2204340431433541
}