{
  "image": "data\\raw\\images\\train\\F_2_3_165.jpg",
  "box": [
    1090.724853515625,
    454.6725769042969,
    1140.3321533203125,
    480.2925109863281
  ],
  "class": 2,
  "confidence": 0.43873822689056396,
  "uncertainty": 0.3079891177919236
}