{
  "image": "data\\raw\\images\\train\\F_2_7_1744.jpg",
  "box": [
    379.75604248046875,
    479.35382080078125,
    679.0868530273438,
    715.676025390625
  ],
  "class": 2,
  "confidence": 0.9138433933258057,
  "uncertainty": 0.15489125457987052
}