{
  "image": "data\\raw\\images\\train\\F_2_7_186.jpg",
  "box": [
    435.54583740234375,
    498.2022705078125,
    1618.864013671875,
    1069.284912109375
  ],
  "class": 2,
  "confidence": 0.9315907955169678,
  "uncertainty": 0.11841123688487526
}