{
  "image": "data\\raw\\images\\train\\F_2_2_963.jpg",
  "box": [
    1026.0750732421875,
    514.6265869140625,
    1130.8546142578125,
    599.3328857421875
  ],
  "class": 2,
  "confidence": 0.7664549946784973,
  "uncertainty": 0.18512854754968142
}