{
  "image": "data\\raw\\images\\train\\F_2_1_624.jpg",
  "box": [
    1767.217529296875,
    515.3758544921875,
    1841.00244140625,
    570.5081787109375
  ],
  "class": 2,
  "confidence": 0.737605094909668,
  "uncertainty": 0.19947044789606716
}