{
  "image": "data\\raw\\images\\train\\F_2_7_1295.jpg",
  "box": [
    766.0447998046875,
    517.5990600585938,
    856.7997436523438,
    643.8308715820312
  ],
  "class": 2,
  "confidence": 0.7245742082595825,
  "uncertainty": 0.26904494305968374
}