{
  "image": "data\\raw\\images\\train\\F_2_11_337.jpg",
  "box": [
    474.518798828125,
    577.770263671875,
    557.2911376953125,
    719.9470825195312
  ],
  "class": 3,
  "confidence": 0.7689741849899292,
  "uncertainty": 0.29911802540727833
}