{
  "image": "data\\raw\\images\\train\\F_2_2_1692.jpg",
  "box": [
    650.1575317382812,
    434.29620361328125,
    860.39990234375,
    636.066162109375
  ],
  "class": 2,
  "confidence": 0.8726240396499634,
  "uncertainty": 0.1545696454108273
}