{
  "image": "data\\raw\\images\\train\\F_2_1_450.jpg",
  "box": [
    899.5145874023438,
    427.2770690917969,
    1077.246337890625,
    597.8668212890625
  ],
  "class": 2,
  "confidence": 0.800000011920929,
  "uncertainty": 0.16692823290350234
}