{
  "image": "data\\raw\\images\\train\\F_2_6_126.jpg",
  "box": [
    737.3453979492188,
    403.0338134765625,
    899.4515991210938,
    608.1912231445312
  ],
  "class": 7,
  "confidence": 0.543967604637146,
  "uncertainty": 0.37604108481397996
}