{
  "image": "data\\raw\\images\\train\\F_2_7_1331.jpg",
  "box": [
    623.0009765625,
    448.08087158203125,
    719.8485717773438,
    520.2445678710938
  ],
  "class": 2,
  "confidence": 0.32347986102104187,
  "uncertainty": 0.40465319992707843
}