{
  "image": "data\\raw\\images\\train\\F_2_1_559.jpg",
  "box": [
    1345.994384765625,
    434.1832275390625,
    1508.332763671875,
    561.5972290039062
  ],
  "class": 5,
  "confidence": 0.5686347484588623,
  "uncertainty": 0.31718752948778023
}