{
  "image": "data\\raw\\images\\train\\F_2_1_775.jpg",
  "box": [
    1164.3203125,
    485.5894775390625,
    1225.1849365234375,
    540.258544921875
  ],
  "class": 2,
  "confidence": 0.597612202167511,
  "uncertainty": 0.2679805979317179
}