{
  "image": "data\\raw\\images\\train\\F_2_3_335.jpg",
  "box": [
    1014.55078125,
    415.57379150390625,
    1304.461669921875,
    794.4973754882812
  ],
  "class": 2,
  "confidence": 0.6348902583122253,
  "uncertainty": 0.26757678543419355
}