{
  "image": "data\\raw\\images\\train\\F_2_8_1520.jpg",
  "box": [
    1243.5618896484375,
    503.3331298828125,
    1727.56787109375,
    916.0552978515625
  ],
  "class": 2,
  "confidence": 0.9305960536003113,
  "uncertainty": 0.09248752516300697
}