{
  "image": "data\\raw\\images\\train\\F_2_4_921.jpg",
  "box": [
    691.395263671875,
    548.5521240234375,
    769.9015502929688,
    685.350830078125
  ],
  "class": 3,
  "confidence": 0.7132993936538696,
  "uncertainty": 0.3279180774329296
}