{
  "image": "data\\raw\\images\\train\\F_2_2_85.jpg",
  "box": [
    1406.9111328125,
    541.8660888671875,
    1464.658203125,
    665.8939208984375
  ],
  "class": 3,
  "confidence": 0.6301127672195435,
  "uncertainty": 0.3372639670218977
}