{
  "image": "data\\raw\\images\\train\\F_2_1_893.jpg",
  "box": [
    1894.086181640625,
    465.30914306640625,
    1919.250732421875,
    535.800048828125
  ],
  "class": 2,
  "confidence": 0.48619070649147034,
  "uncertainty": 0.28527329506761845
}