{
  "image": "data\\raw\\images\\train\\F_2_8_900.jpg",
  "box": [
    942.5504150390625,
    457.1587829589844,
    980.27197265625,
    518.803466796875
  ],
  "class": 3,
  "confidence": 0.2873823046684265,
  "uncertainty": 0.4671547467831292
}