{
  "image": "data\\raw\\images\\train\\F_2_3_387.jpg",
  "box": [
    1648.9801025390625,
    458.2936706542969,
    1854.8704833984375,
    776.9134521484375
  ],
  "class": 2,
  "confidence": 0.28769803047180176,
  "uncertainty": 0.4112942706147209
}