{
  "image": "data\\raw\\images\\train\\F_2_3_293.jpg",
  "box": [
    625.98828125,
    468.62359619140625,
    666.1077880859375,
    525.5579833984375
  ],
  "class": 3,
  "confidence": 0.5007424354553223,
  "uncertainty": 0.40347389459114874
}