{
  "image": "data\\raw\\images\\train\\F_2_1_702.jpg",
  "box": [
    1734.693115234375,
    545.69091796875,
    1776.50146484375,
    616.142578125
  ],
  "class": 3,
  "confidence": 0.589725136756897,
  "uncertainty": 0.34792564994754743
}