{
  "image": "data\\raw\\images\\train\\F_2_3_635.jpg",
  "box": [
    1378.160888671875,
    510.8044738769531,
    1422.0648193359375,
    584.4852294921875
  ],
  "class": 3,
  "confidence": 0.5586721897125244,
  "uncertainty": 0.3810451919944245
}