{
  "image": "data\\raw\\images\\train\\F_2_1_417.jpg",
  "box": [
    712.7019653320312,
    498.68975830078125,
    766.63623046875,
    572.15478515625
  ],
  "class": 3,
  "confidence": 0.6447777152061462,
  "uncertainty": 0.3432814079901225
}