{
  "image": "data\\raw\\images\\train\\F_2_2_845.jpg",
  "box": [
    1600.150390625,
    513.9405517578125,
    1647.165771484375,
    582.141845703125
  ],
  "class": 3,
  "confidence": 0.4885962903499603,
  "uncertainty": 0.4084029626756719
}