{
  "image": "data\\raw\\images\\train\\F_2_9_310.jpg",
  "box": [
    1165.18115234375,
    439.0262451171875,
    1918.570068359375,
    1068.525634765625
  ],
  "class": 2,
  "confidence": 0.9580531716346741,
  "uncertainty": 0.09443574091391198
}