{
  "image": "data\\raw\\images\\train\\F_2_7_94.jpg",
  "box": [
    929.0445556640625,
    412.34271240234375,
    1055.51953125,
    686.3329467773438
  ],
  "class": 2,
  "confidence": 0.48285800218582153,
  "uncertainty": 0.3748328232919715
}