{
  "image": "data\\raw\\images\\train\\F_2_11_737.jpg",
  "box": [
    638.1956787109375,
    522.30224609375,
    754.465087890625,
    659.6646728515625
  ],
  "class": 3,
  "confidence": 0.7206597924232483,
  "uncertainty": 0.34056919207973074
}