{
  "image": "data\\raw\\images\\train\\F_2_1_191.jpg",
  "box": [
    1113.3380126953125,
    315.7934875488281,
    1259.9029541015625,
    504.2487487792969
  ],
  "class": 7,
  "confidence": 0.7803948521614075,
  "uncertainty": 0.40587105398869366
}