{
  "image": "data\\raw\\images\\train\\F_2_9_2006.jpg",
  "box": [
    1312.770263671875,
    883.081787109375,
    1671.7401123046875,
    1073.16796875
  ],
  "class": 3,
  "confidence": 0.46277910470962524,
  "uncertainty": 0.4067610988694926
}