{
  "image": "data\\raw\\images\\train\\F_2_2_1516.jpg",
  "box": [
    307.5459899902344,
    388.4300537109375,
    483.70001220703125,
    593.1256103515625
  ],
  "class": 7,
  "confidence": 0.7727223634719849,
  "uncertainty": 0.27310341387436377
}