{
  "image": "data\\raw\\images\\train\\F_2_7_483.jpg",
  "box": [
    0.2394390106201172,
    788.7727661132812,
    91.48649597167969,
    1071.507568359375
  ],
  "class": 3,
  "confidence": 0.3866123557090759,
  "uncertainty": 0.43645782434237856
}