{
  "image": "data\\raw\\images\\train\\F_2_6_229.jpg",
  "box": [
    931.8638305664062,
    518.0341186523438,
    972.8358764648438,
    572.2355346679688
  ],
  "class": 3,
  "confidence": 0.4927780330181122,
  "uncertainty": 0.3995257026212748
}