{
  "image": "data\\raw\\images\\train\\F_2_9_1397.jpg",
  "box": [
    1335.652099609375,
    493.6559143066406,
    1484.740478515625,
    560.630615234375
  ],
  "class": 2,
  "confidence": 0.4195195138454437,
  "uncertainty": 0.34247918137986666
}