{
  "image": "data\\raw\\images\\train\\F_2_5_20.jpg",
  "box": [
    1518.0009765625,
    521.702392578125,
    1710.8243408203125,
    601.7088623046875
  ],
  "class": 2,
  "confidence": 0.8471681475639343,
  "uncertainty": 0.1564982758580054
}