{
  "image": "data\\raw\\images\\train\\F_2_4_1026.jpg",
  "box": [
    1450.4541015625,
    382.50897216796875,
    1566.921875,
    468.46087646484375
  ],
  "class": 3,
  "confidence": 0.45049160718917847,
  "uncertainty": 0.43204781105853896
}