{
  "image": "data\\raw\\images\\train\\F_2_1_715.jpg",
  "box": [
    936.32958984375,
    537.210693359375,
    1017.1404418945312,
    650.40576171875
  ],
  "class": 3,
  "confidence": 0.7725727558135986,
  "uncertainty": 0.2793255069502516
}