{
  "image": "data\\raw\\images\\train\\F_2_7_1620.jpg",
  "box": [
    792.9673461914062,
    480.2818603515625,
    1919.2093505859375,
    1067.553466796875
  ],
  "class": 2,
  "confidence": 0.9644918441772461,
  "uncertainty": 0.08795152934576608
}