{
  "image": "data\\raw\\images\\train\\F_2_9_1607.jpg",
  "box": [
    217.63055419921875,
    298.6372375488281,
    1020.7747192382812,
    1069.383056640625
  ],
  "class": 7,
  "confidence": 0.8551443815231323,
  "uncertainty": 0.2215749290298013
}