{
  "image": "data\\raw\\images\\train\\F_2_2_848.jpg",
  "box": [
    0.4580497741699219,
    428.0256042480469,
    127.23243713378906,
    613.820556640625
  ],
  "class": 7,
  "confidence": 0.385318398475647,
  "uncertainty": 0.4796022151989417
}