{
  "image": "data\\raw\\images\\train\\F_2_4_606.jpg",
  "box": [
    407.810302734375,
    460.69921875,
    632.3404541015625,
    626.0006103515625
  ],
  "class": 2,
  "confidence": 0.28307074308395386,
  "uncertainty": 0.3778327818367039
}