{
  "image": "data\\raw\\images\\train\\F_2_2_91.jpg",
  "box": [
    722.7335205078125,
    485.3053894042969,
    1137.0460205078125,
    844.2009887695312
  ],
  "class": 2,
  "confidence": 0.9286872148513794,
  "uncertainty": 0.13021579824508753
}