{
  "image": "data\\raw\\images\\train\\F_2_8_1531.jpg",
  "box": [
    1126.139892578125,
    483.4142761230469,
    1282.89453125,
    577.447509765625
  ],
  "class": 2,
  "confidence": 0.33496537804603577,
  "uncertainty": 0.407360497114705
}