{
  "image": "data\\raw\\images\\train\\F_2_9_2883.jpg",
  "box": [
    553.5397338867188,
    323.9975891113281,
    824.02294921875,
    626.4955444335938
  ],
  "class": 7,
  "confidence": 0.6625229716300964,
  "uncertainty": 0.38964701698009385
}