{
  "image": "data\\raw\\images\\train\\F_2_1_880.jpg",
  "box": [
    0.1752777099609375,
    618.0845947265625,
    95.24144744873047,
    782.228515625
  ],
  "class": 3,
  "confidence": 0.7129560708999634,
  "uncertainty": 0.3422646490197882
}