{
  "image": "data\\raw\\images\\train\\F_2_7_1636.jpg",
  "box": [
    1715.2294921875,
    374.473388671875,
    1919.38330078125,
    688.0621948242188
  ],
  "class": 2,
  "confidence": 0.7335286736488342,
  "uncertainty": 0.3220166924927441
}