{
  "image": "data\\raw\\images\\train\\F_2_2_1225.jpg",
  "box": [
    1074.953125,
    461.3382568359375,
    1794.96630859375,
    994.48095703125
  ],
  "class": 2,
  "confidence": 0.9386131167411804,
  "uncertainty": 0.11975867843028665
}