{
  "image": "data\\raw\\images\\train\\F_2_1_397.jpg",
  "box": [
    688.671630859375,
    498.45977783203125,
    744.5806274414062,
    575.802490234375
  ],
  "class": 3,
  "confidence": 0.6507863998413086,
  "uncertainty": 0.34131337418655133
}