{
  "image": "data\\raw\\images\\train\\F_2_9_339.jpg",
  "box": [
    1495.61669921875,
    470.35784912109375,
    1668.14990234375,
    635.7802734375
  ],
  "class": 2,
  "confidence": 0.7651416659355164,
  "uncertainty": 0.26152941201602586
}