{
  "image": "data\\raw\\images\\train\\F_2_9_3020.jpg",
  "box": [
    0.97247314453125,
    280.83831787109375,
    291.3144226074219,
    718.375
  ],
  "class": 7,
  "confidence": 0.8413021564483643,
  "uncertainty": 0.2567499298789157
}