{
  "image": "data\\raw\\images\\train\\F_2_3_201.jpg",
  "box": [
    289.37109375,
    415.9976806640625,
    855.5765991210938,
    871.0336303710938
  ],
  "class": 2,
  "confidence": 0.9322919249534607,
  "uncertainty": 0.12944318679556877
}