{
  "image": "data\\raw\\images\\train\\F_2_7_1295.jpg",
  "box": [
    1597.6702880859375,
    547.39990234375,
    1780.9639892578125,
    701.6415405273438
  ],
  "class": 2,
  "confidence": 0.6159454584121704,
  "uncertainty": 0.26756190137085145
}