{
  "image": "data\\raw\\images\\train\\F_2_1_44.jpg",
  "box": [
    19.121337890625,
    519.482177734375,
    133.04237365722656,
    609.707763671875
  ],
  "class": 7,
  "confidence": 0.33132022619247437,
  "uncertainty": 0.4712107486041654
}