{
  "image": "data\\raw\\images\\train\\F_2_2_1458.jpg",
  "box": [
    1384.7164306640625,
    399.6839904785156,
    1779.107666015625,
    868.7266845703125
  ],
  "class": 7,
  "confidence": 0.5857011079788208,
  "uncertainty": 0.37909643197428816
}