{
  "image": "data\\raw\\images\\train\\F_2_9_3023.jpg",
  "box": [
    1238.246337890625,
    369.0032958984375,
    1291.5523681640625,
    522.613525390625
  ],
  "class": 7,
  "confidence": 0.4107198119163513,
  "uncertainty": 0.4182154981809997
}