{
  "image": "data\\raw\\images\\train\\F_2_1_264.jpg",
  "box": [
    564.3682861328125,
    453.7039794921875,
    612.694091796875,
    503.00323486328125
  ],
  "class": 2,
  "confidence": 0.29135051369667053,
  "uncertainty": 0.4191828138448636
}