{
  "image": "data\\raw\\images\\train\\F_2_11_390.jpg",
  "box": [
    1527.2802734375,
    3.9129638671875,
    1919.017578125,
    920.9798583984375
  ],
  "class": 7,
  "confidence": 0.9484336376190186,
  "uncertainty": 0.20860569947183089
}