{
  "image": "data\\raw\\images\\train\\F_2_1_843.jpg",
  "box": [
    768.7471923828125,
    432.40380859375,
    817.349609375,
    488.7591552734375
  ],
  "class": 2,
  "confidence": 0.30272918939590454,
  "uncertainty": 0.37473710336471716
}