{
  "image": "data\\raw\\images\\train\\F_2_2_1588.jpg",
  "box": [
    254.62353515625,
    585.9193725585938,
    377.7044677734375,
    802.184326171875
  ],
  "class": 3,
  "confidence": 0.48274868726730347,
  "uncertainty": 0.4432055016082728
}