{
  "image": "data\\raw\\images\\train\\F_2_1_29.jpg",
  "box": [
    449.8217468261719,
    416.9759216308594,
    562.8875732421875,
    523.9893798828125
  ],
  "class": 7,
  "confidence": 0.5575143098831177,
  "uncertainty": 0.3686017191299884
}