{
  "image": "data\\raw\\images\\train\\F_2_1_810.jpg",
  "box": [
    684.913818359375,
    544.342041015625,
    753.4752197265625,
    666.8853759765625
  ],
  "class": 3,
  "confidence": 0.6578525304794312,
  "uncertainty": 0.3581300558232832
}