{
  "image": "data\\raw\\images\\train\\F_2_2_1107.jpg",
  "box": [
    0.7113418579101562,
    392.2183837890625,
    202.43795776367188,
    689.5775146484375
  ],
  "class": 7,
  "confidence": 0.5942652821540833,
  "uncertainty": 0.32745633164789384
}