{
  "image": "data\\raw\\images\\train\\F_2_8_911.jpg",
  "box": [
    466.7221984863281,
    421.594482421875,
    595.0020751953125,
    572.7445678710938
  ],
  "class": 7,
  "confidence": 0.42145997285842896,
  "uncertainty": 0.4187494171044635
}