{
  "image": "data\\raw\\images\\train\\F_2_2_317.jpg",
  "box": [
    836.045654296875,
    306.5501403808594,
    1354.8935546875,
    943.2890625
  ],
  "class": 7,
  "confidence": 0.531175434589386,
  "uncertainty": 0.35846670145458703
}