{
  "image": "data\\raw\\images\\train\\F_2_2_871.jpg",
  "box": [
    1027.9736328125,
    459.67779541015625,
    1153.7607421875,
    578.5287475585938
  ],
  "class": 2,
  "confidence": 0.8371481895446777,
  "uncertainty": 0.14320470501347438
}