{
  "image": "data\\raw\\images\\train\\F_2_6_925.jpg",
  "box": [
    148.250732421875,
    564.3067016601562,
    315.6142578125,
    775.5942993164062
  ],
  "class": 3,
  "confidence": 0.8017709851264954,
  "uncertainty": 0.26419874644640307
}