{
  "image": "data\\raw\\images\\train\\F_2_1_566.jpg",
  "box": [
    1667.274658203125,
    550.271728515625,
    1835.81591796875,
    688.8056640625
  ],
  "class": 2,
  "confidence": 0.8295953869819641,
  "uncertainty": 0.21447350136099685
}