{
  "image": "data\\raw\\images\\train\\F_2_2_1045.jpg",
  "box": [
    37.44422912597656,
    594.5289306640625,
    169.72650146484375,
    786.8102416992188
  ],
  "class": 3,
  "confidence": 0.7638200521469116,
  "uncertainty": 0.3144173493247642
}