{
  "image": "data\\raw\\images\\train\\F_2_2_899.jpg",
  "box": [
    2.332855224609375,
    4.096893310546875,
    500.94732666015625,
    1059.40087890625
  ],
  "class": 7,
  "confidence": 0.7057622075080872,
  "uncertainty": 0.32544915823065174
}