{
  "image": "data\\raw\\images\\train\\F_2_5_87.jpg",
  "box": [
    1339.8240966796875,
    418.5685729980469,
    1447.780517578125,
    470.6333312988281
  ],
  "class": 2,
  "confidence": 0.5600720047950745,
  "uncertainty": 0.2776470254283642
}