{
  "image": "data\\raw\\images\\train\\F_2_1_695.jpg",
  "box": [
    1667.268310546875,
    513.478271484375,
    1894.803955078125,
    687.8931884765625
  ],
  "class": 2,
  "confidence": 0.8913463950157166,
  "uncertainty": 0.13831448970204263
}