{
  "image": "data\\raw\\images\\train\\F_2_1_354.jpg",
  "box": [
    362.0701904296875,
    400.9485168457031,
    1078.99560546875,
    1065.0667724609375
  ],
  "class": 7,
  "confidence": 0.8599740266799927,
  "uncertainty": 0.24630079034083596
}