{
  "image": "data\\raw\\images\\train\\F_2_11_417.jpg",
  "box": [
    952.9866943359375,
    463.2210388183594,
    991.0801391601562,
    498.0940246582031
  ],
  "class": 2,
  "confidence": 0.2602306306362152,
  "uncertainty": 0.38108984095393034
}