{
  "image": "data\\raw\\images\\train\\F_2_2_750.jpg",
  "box": [
    43.29034423828125,
    471.9015197753906,
    1842.5423583984375,
    1069.1650390625
  ],
  "class": 2,
  "confidence": 0.9535431265830994,
  "uncertainty": 0.12503366181269515
}