{
  "image": "data\\raw\\images\\train\\F_2_3_393.jpg",
  "box": [
    1471.43017578125,
    434.6357116699219,
    1700.417236328125,
    724.5582275390625
  ],
  "class": 7,
  "confidence": 0.7161932587623596,
  "uncertainty": 0.29365098584710286
}