{
  "image": "data\\raw\\images\\train\\F_2_2_1277.jpg",
  "box": [
    332.52874755859375,
    554.2261962890625,
    419.798095703125,
    852.4034423828125
  ],
  "class": 2,
  "confidence": 0.4041464030742645,
  "uncertainty": 0.38544555154377663
}