{
  "image": "data\\raw\\images\\train\\F_2_4_979.jpg",
  "box": [
    822.6461791992188,
    533.1646728515625,
    914.8749389648438,
    700.1356201171875
  ],
  "class": 3,
  "confidence": 0.3926738500595093,
  "uncertainty": 0.486140009061741
}