{
  "image": "data\\raw\\images\\train\\F_2_10_92.jpg",
  "box": [
    794.989013671875,
    430.4543151855469,
    910.7081909179688,
    568.7308959960938
  ],
  "class": 7,
  "confidence": 0.7649512887001038,
  "uncertainty": 0.3130876634251087
}