{
  "image": "data\\raw\\images\\train\\F_2_7_1790.jpg",
  "box": [
    714.6736450195312,
    356.28814697265625,
    897.572021484375,
    518.1094970703125
  ],
  "class": 2,
  "confidence": 0.8698148131370544,
  "uncertainty": 0.1482713869838288
}