{
  "image": "data\\raw\\images\\train\\F_2_1_715.jpg",
  "box": [
    1600.147705078125,
    479.4566650390625,
    1629.438720703125,
    532.7569580078125
  ],
  "class": 3,
  "confidence": 0.5232450366020203,
  "uncertainty": 0.3716930437232223
}