{
  "image": "data\\raw\\images\\train\\F_2_1_333.jpg",
  "box": [
    1267.610595703125,
    446.95147705078125,
    1389.877197265625,
    547.5950317382812
  ],
  "class": 2,
  "confidence": 0.7986193299293518,
  "uncertainty": 0.16546918972822725
}