{
  "image": "data\\raw\\images\\train\\F_2_8_1772.jpg",
  "box": [
    621.345458984375,
    349.80322265625,
    771.3323974609375,
    546.761474609375
  ],
  "class": 7,
  "confidence": 0.6512537598609924,
  "uncertainty": 0.3512813475673802
}