{
  "image": "data\\raw\\images\\train\\F_2_1_1199.jpg",
  "box": [
    117.83397674560547,
    409.43939208984375,
    175.02655029296875,
    474.8756103515625
  ],
  "class": 3,
  "confidence": 0.35947391390800476,
  "uncertainty": 0.45567340282477037
}