{
  "image": "data\\raw\\images\\train\\F_2_2_311.jpg",
  "box": [
    1870.1986083984375,
    449.04400634765625,
    1919.1507568359375,
    540.0118408203125
  ],
  "class": 2,
  "confidence": 0.36029645800590515,
  "uncertainty": 0.33829651637601643
}