{
  "image": "data\\raw\\images\\train\\F_2_1_875.jpg",
  "box": [
    789.8384399414062,
    543.5841064453125,
    853.9550170898438,
    633.5828247070312
  ],
  "class": 3,
  "confidence": 0.6776314973831177,
  "uncertainty": 0.32071217877650554
}