{
  "image": "data\\raw\\images\\train\\F_2_8_760.jpg",
  "box": [
    1151.6220703125,
    418.43572998046875,
    1243.987060546875,
    517.799560546875
  ],
  "class": 2,
  "confidence": 0.6820085048675537,
  "uncertainty": 0.2399618185352151
}