{
  "image": "data\\raw\\images\\train\\F_2_1_341.jpg",
  "box": [
    337.4153747558594,
    463.30828857421875,
    382.41259765625,
    545.415283203125
  ],
  "class": 3,
  "confidence": 0.5851437449455261,
  "uncertainty": 0.3964850151183323
}