{
  "image": "data\\raw\\images\\train\\F_2_2_412.jpg",
  "box": [
    1510.9276123046875,
    198.04116821289062,
    1845.690673828125,
    317.58319091796875
  ],
  "class": 7,
  "confidence": 0.5080687999725342,
  "uncertainty": 0.3848964378471256
}