{
  "image": "data\\raw\\images\\train\\F_2_3_494.jpg",
  "box": [
    0.5407791137695312,
    416.710205078125,
    296.4479064941406,
    1067.9140625
  ],
  "class": 2,
  "confidence": 0.9196036458015442,
  "uncertainty": 0.1405316865403975
}