{
  "image": "data\\raw\\images\\train\\F_2_3_199.jpg",
  "box": [
    1042.424560546875,
    418.4676818847656,
    1212.7518310546875,
    604.5554809570312
  ],
  "class": 5,
  "confidence": 0.5086801648139954,
  "uncertainty": 0.398277886724559
}