{
  "image": "data\\raw\\images\\train\\F_2_2_907.jpg",
  "box": [
    788.1084594726562,
    287.76251220703125,
    1233.912109375,
    812.5943603515625
  ],
  "class": 7,
  "confidence": 0.9495767951011658,
  "uncertainty": 0.19659544294158066
}