{
  "image": "data\\raw\\images\\train\\F_2_2_317.jpg",
  "box": [
    707.29443359375,
    535.61376953125,
    789.855712890625,
    656.3114013671875
  ],
  "class": 3,
  "confidence": 0.7341752052307129,
  "uncertainty": 0.291673760928601
}