{
  "image": "data\\raw\\images\\train\\F_2_6_1623.jpg",
  "box": [
    439.3065490722656,
    805.92333984375,
    791.0015869140625,
    1069.8533935546875
  ],
  "class": 3,
  "confidence": 0.45114514231681824,
  "uncertainty": 0.42026428059389875
}