{
  "image": "data\\raw\\images\\train\\F_2_2_1054.jpg",
  "box": [
    210.03501892089844,
    515.99951171875,
    280.3764953613281,
    611.06591796875
  ],
  "class": 3,
  "confidence": 0.6747664213180542,
  "uncertainty": 0.3287227611841171
}