{
  "image": "data\\raw\\images\\train\\F_2_2_195.jpg",
  "box": [
    175.99978637695312,
    667.2562866210938,
    586.13916015625,
    1073.18701171875
  ],
  "class": 3,
  "confidence": 0.7048200964927673,
  "uncertainty": 0.3979726309675443
}