{
  "image": "data\\raw\\images\\train\\F_2_1_829.jpg",
  "box": [
    1806.7393798828125,
    490.3873291015625,
    1918.7713623046875,
    549.8062744140625
  ],
  "class": 2,
  "confidence": 0.6595360040664673,
  "uncertainty": 0.2509461163145129
}