{
  "image": "data\\raw\\images\\train\\F_2_2_771.jpg",
  "box": [
    1398.15625,
    496.7015075683594,
    1473.900634765625,
    583.5902099609375
  ],
  "class": 2,
  "confidence": 0.7624173164367676,
  "uncertainty": 0.2352834279667988
}