{
  "image": "data\\raw\\images\\train\\F_2_9_583.jpg",
  "box": [
    1483.4805908203125,
    617.059814453125,
    1633.1700439453125,
    841.137451171875
  ],
  "class": 3,
  "confidence": 0.4135897755622864,
  "uncertainty": 0.4725721883589203
}