{
  "image": "data\\raw\\images\\train\\F_2_2_784.jpg",
  "box": [
    127.09144592285156,
    705.5447998046875,
    455.98504638671875,
    1075.301025390625
  ],
  "class": 3,
  "confidence": 0.4928569793701172,
  "uncertainty": 0.3837968758320649
}