{
  "image": "data\\raw\\images\\train\\F_2_8_1019.jpg",
  "box": [
    588.0967407226562,
    347.475830078125,
    1561.0352783203125,
    1066.2109375
  ],
  "class": 2,
  "confidence": 0.869182288646698,
  "uncertainty": 0.11758479088141377
}