{
  "image": "data\\raw\\images\\train\\F_2_2_1653.jpg",
  "box": [
    441.7901916503906,
    472.07977294921875,
    925.138671875,
    888.050537109375
  ],
  "class": 2,
  "confidence": 0.9289816617965698,
  "uncertainty": 0.13117738592097142
}