{
  "image": "data\\raw\\images\\train\\F_2_1_310.jpg",
  "box": [
    896.4578247070312,
    433.99163818359375,
    926.9110107421875,
    465.57550048828125
  ],
  "class": 2,
  "confidence": 0.46706753969192505,
  "uncertainty": 0.296350704464103
}