{
  "image": "data\\raw\\images\\train\\F_2_8_886.jpg",
  "box": [
    1181.76806640625,
    481.8025817871094,
    1493.868896484375,
    731.1094970703125
  ],
  "class": 2,
  "confidence": 0.9207794070243835,
  "uncertainty": 0.1238543130128543
}