{
  "image": "data\\raw\\images\\train\\F_2_3_380.jpg",
  "box": [
    388.6285400390625,
    456.77984619140625,
    504.140625,
    568.4437866210938
  ],
  "class": 5,
  "confidence": 0.5445771813392639,
  "uncertainty": 0.3494550246572025
}