{
  "image": "data\\raw\\images\\train\\F_2_1_339.jpg",
  "box": [
    1137.683837890625,
    448.8719787597656,
    1179.255859375,
    507.6715393066406
  ],
  "class": 3,
  "confidence": 0.7209565043449402,
  "uncertainty": 0.3357109071587182
}