{
  "image": "data\\raw\\images\\train\\F_2_8_1760.jpg",
  "box": [
    1614.481201171875,
    273.77899169921875,
    1672.538818359375,
    319.68780517578125
  ],
  "class": 2,
  "confidence": 0.4104735255241394,
  "uncertainty": 0.3841595050859184
}