{
  "image": "data\\raw\\images\\train\\F_2_8_1772.jpg",
  "box": [
    1531.89208984375,
    268.7073974609375,
    1596.653564453125,
    331.3876953125
  ],
  "class": 7,
  "confidence": 0.39532339572906494,
  "uncertainty": 0.4293657330717112
}