{
  "image": "data\\raw\\images\\train\\F_2_1_802.jpg",
  "box": [
    961.6146240234375,
    572.40283203125,
    1049.672607421875,
    757.2276611328125
  ],
  "class": 3,
  "confidence": 0.4477381110191345,
  "uncertainty": 0.4493322669564763
}