{
  "image": "data\\raw\\images\\train\\F_2_9_3009.jpg",
  "box": [
    1874.451416015625,
    368.473388671875,
    1919.267578125,
    511.0301513671875
  ],
  "class": 7,
  "confidence": 0.2979826033115387,
  "uncertainty": 0.48140423418991174
}