{
  "image": "data\\raw\\images\\train\\F_2_2_793.jpg",
  "box": [
    953.0831909179688,
    555.1016845703125,
    1010.4179077148438,
    643.560302734375
  ],
  "class": 2,
  "confidence": 0.3828631341457367,
  "uncertainty": 0.38036301139655987
}