{
  "image": "data\\raw\\images\\train\\F_2_6_1732.jpg",
  "box": [
    776.904296875,
    423.07525634765625,
    846.359375,
    503.4740295410156
  ],
  "class": 2,
  "confidence": 0.38908106088638306,
  "uncertainty": 0.3747718909399852
}