{
  "image": "data\\raw\\images\\train\\F_2_3_515.jpg",
  "box": [
    0.5316581726074219,
    814.80908203125,
    132.93858337402344,
    1077.150390625
  ],
  "class": 3,
  "confidence": 0.3044704794883728,
  "uncertainty": 0.47482432360421284
}