{
  "image": "data\\raw\\images\\train\\F_2_1_809.jpg",
  "box": [
    847.8067016601562,
    520.606689453125,
    921.2521362304688,
    624.4345703125
  ],
  "class": 3,
  "confidence": 0.7323509454727173,
  "uncertainty": 0.3048273377032002
}