{
  "image": "data\\raw\\images\\train\\F_2_6_330.jpg",
  "box": [
    0.689483642578125,
    80.02967834472656,
    229.09149169921875,
    673.6768188476562
  ],
  "class": 5,
  "confidence": 0.9268707036972046,
  "uncertainty": 0.1462904659266703
}