{
  "image": "data\\raw\\images\\train\\F_2_8_822.jpg",
  "box": [
    1181.311279296875,
    522.629150390625,
    1283.5963134765625,
    672.0726928710938
  ],
  "class": 3,
  "confidence": 0.7459684014320374,
  "uncertainty": 0.3032790177763231
}