{
  "image": "data\\raw\\images\\train\\F_2_6_1148.jpg",
  "box": [
    404.5594482421875,
    629.8087158203125,
    507.2198181152344,
    740.9042358398438
  ],
  "class": 3,
  "confidence": 0.6949673891067505,
  "uncertainty": 0.37124056272128575
}