{
  "image": "data\\raw\\images\\train\\F_2_2_864.jpg",
  "box": [
    373.34381103515625,
    560.9867553710938,
    430.7273254394531,
    663.5316162109375
  ],
  "class": 3,
  "confidence": 0.367284893989563,
  "uncertainty": 0.4955284651298775
}