{
  "image": "data\\raw\\images\\train\\F_2_2_882.jpg",
  "box": [
    804.1856689453125,
    488.86956787109375,
    844.8790283203125,
    541.362060546875
  ],
  "class": 3,
  "confidence": 0.3744151294231415,
  "uncertainty": 0.4736643483526105
}