{
  "image": "data\\raw\\images\\train\\F_2_2_995.jpg",
  "box": [
    1271.3817138671875,
    464.9165954589844,
    1359.128662109375,
    558.0103759765625
  ],
  "class": 2,
  "confidence": 0.6494463682174683,
  "uncertainty": 0.33779695525422904
}