{
  "image": "data\\raw\\images\\train\\F_2_7_695.jpg",
  "box": [
    6.455726623535156,
    434.80865478515625,
    318.2063903808594,
    692.0821533203125
  ],
  "class": 7,
  "confidence": 0.6729980111122131,
  "uncertainty": 0.32017032014324287
}