{
  "image": "data\\raw\\images\\train\\F_2_8_760.jpg",
  "box": [
    943.251953125,
    415.65179443359375,
    991.825439453125,
    475.47821044921875
  ],
  "class": 7,
  "confidence": 0.29904741048812866,
  "uncertainty": 0.45227112843387923
}