{
  "image": "data\\raw\\images\\train\\F_2_9_1095.jpg",
  "box": [
    1164.6424560546875,
    396.86981201171875,
    1457.4881591796875,
    669.4315185546875
  ],
  "class": 2,
  "confidence": 0.8461593389511108,
  "uncertainty": 0.15245064494611688
}