{
  "image": "data\\raw\\images\\train\\F_2_9_139.jpg",
  "box": [
    0.590606689453125,
    648.9439697265625,
    238.1085205078125,
    1068.274169921875
  ],
  "class": 2,
  "confidence": 0.8936305046081543,
  "uncertainty": 0.15885757351962354
}