{
  "image": "data\\raw\\images\\train\\F_2_6_1625.jpg",
  "box": [
    608.7283935546875,
    569.09912109375,
    757.0560302734375,
    768.6824951171875
  ],
  "class": 3,
  "confidence": 0.7507280111312866,
  "uncertainty": 0.30891426281364553
}