{
  "image": "data\\raw\\images\\train\\F_2_7_1646.jpg",
  "box": [
    1604.3228759765625,
    481.137939453125,
    1698.9884033203125,
    524.6838989257812
  ],
  "class": 2,
  "confidence": 0.25146472454071045,
  "uncertainty": 0.3880018632311795
}