{
  "image": "data\\raw\\images\\train\\F_2_4_266.jpg",
  "box": [
    962.5704345703125,
    452.4721984863281,
    1143.501708984375,
    689.9530029296875
  ],
  "class": 2,
  "confidence": 0.38162681460380554,
  "uncertainty": 0.39645825559619285
}