{
  "image": "data\\raw\\images\\train\\F_2_7_1812.jpg",
  "box": [
    915.7882690429688,
    283.230224609375,
    1417.676025390625,
    461.610595703125
  ],
  "class": 5,
  "confidence": 0.8846521377563477,
  "uncertainty": 0.23321639084617318
}