{
  "image": "data\\raw\\images\\train\\F_2_1_422.jpg",
  "box": [
    1837.8841552734375,
    396.8182067871094,
    1919.114501953125,
    663.6004028320312
  ],
  "class": 7,
  "confidence": 0.762397289276123,
  "uncertainty": 0.2848897509306802
}