{
  "image": "data\\raw\\images\\train\\F_2_7_483.jpg",
  "box": [
    898.8936767578125,
    370.47344970703125,
    1516.8468017578125,
    917.7767944335938
  ],
  "class": 2,
  "confidence": 0.6939951181411743,
  "uncertainty": 0.2798671277246885
}