{
  "image": "data\\raw\\images\\train\\F_2_8_1898.jpg",
  "box": [
    1860.22998046875,
    254.73770141601562,
    1919.2349853515625,
    678.5733642578125
  ],
  "class": 5,
  "confidence": 0.2988171875476837,
  "uncertainty": 0.4664754182091391
}