{
  "image": "data\\raw\\images\\train\\F_2_9_2259.jpg",
  "box": [
    1544.16064453125,
    418.7606506347656,
    1624.402587890625,
    478.47747802734375
  ],
  "class": 2,
  "confidence": 0.49121683835983276,
  "uncertainty": 0.2878389236170544
}