{
  "image": "data\\raw\\images\\train\\F_2_2_1235.jpg",
  "box": [
    1121.470947265625,
    972.3131103515625,
    1389.97802734375,
    1077.297607421875
  ],
  "class": 3,
  "confidence": 0.5918275713920593,
  "uncertainty": 0.34766465361799764
}