{
  "image": "data\\raw\\images\\train\\F_2_2_1733.jpg",
  "box": [
    370.27960205078125,
    400.7165222167969,
    734.8197631835938,
    851.8609619140625
  ],
  "class": 7,
  "confidence": 0.9024132490158081,
  "uncertainty": 0.22270344152459776
}