{
  "image": "data\\raw\\images\\train\\F_2_4_25.jpg",
  "box": [
    313.4144287109375,
    386.1568908691406,
    466.1106262207031,
    552.2890625
  ],
  "class": 2,
  "confidence": 0.3719930946826935,
  "uncertainty": 0.3332649047312663
}