{
  "image": "data\\raw\\images\\train\\F_2_2_96.jpg",
  "box": [
    1759.1737060546875,
    638.3506469726562,
    1918.8284912109375,
    863.195068359375
  ],
  "class": 3,
  "confidence": 0.8640670776367188,
  "uncertainty": 0.2522563183850906
}