{
  "image": "data\\raw\\images\\train\\F_2_7_449.jpg",
  "box": [
    1017.4881591796875,
    399.31658935546875,
    1555.9815673828125,
    958.9478759765625
  ],
  "class": 2,
  "confidence": 0.8790544867515564,
  "uncertainty": 0.20341041598401127
}