{
  "image": "data\\raw\\images\\train\\F_2_1_765.jpg",
  "box": [
    559.0061645507812,
    525.6112060546875,
    599.140869140625,
    581.7216796875
  ],
  "class": 3,
  "confidence": 0.46611717343330383,
  "uncertainty": 0.39831198532648665
}