{
  "image": "data\\raw\\images\\train\\F_2_3_368.jpg",
  "box": [
    612.2176513671875,
    449.5509338378906,
    743.9453125,
    596.4296875
  ],
  "class": 2,
  "confidence": 0.4518820345401764,
  "uncertainty": 0.4099298738986979
}