{
  "image": "data\\raw\\images\\train\\F_2_8_1838.jpg",
  "box": [
    1169.05908203125,
    407.5557861328125,
    1279.214111328125,
    567.9464721679688
  ],
  "class": 2,
  "confidence": 0.6815365552902222,
  "uncertainty": 0.2705989718318068
}