{
  "image": "data\\raw\\images\\train\\F_2_2_1680.jpg",
  "box": [
    403.8327941894531,
    528.9205322265625,
    558.649169921875,
    805.5499877929688
  ],
  "class": 3,
  "confidence": 0.4503560960292816,
  "uncertainty": 0.4691186589845796
}