{
  "image": "data\\raw\\images\\train\\F_2_2_878.jpg",
  "box": [
    912.9056396484375,
    227.06353759765625,
    1544.3037109375,
    946.4012451171875
  ],
  "class": 7,
  "confidence": 0.912480354309082,
  "uncertainty": 0.22614113037918537
}