{
  "image": "data\\raw\\images\\train\\F_2_7_1969.jpg",
  "box": [
    85.83027648925781,
    437.17913818359375,
    198.93301391601562,
    615.3989868164062
  ],
  "class": 2,
  "confidence": 0.690741240978241,
  "uncertainty": 0.25809542747285275
}