{
  "image": "data\\raw\\images\\train\\F_2_3_515.jpg",
  "box": [
    555.3026733398438,
    855.6271362304688,
    841.8312377929688,
    1072.296630859375
  ],
  "class": 3,
  "confidence": 0.7606016993522644,
  "uncertainty": 0.2676363437341197
}