{
  "image": "data\\raw\\images\\train\\F_2_7_2277.jpg",
  "box": [
    0.45491981506347656,
    803.3025512695312,
    48.775634765625,
    1071.71142578125
  ],
  "class": 2,
  "confidence": 0.5375475287437439,
  "uncertainty": 0.3739141591116901
}