{
  "image": "data\\raw\\images\\train\\F_2_7_134.jpg",
  "box": [
    752.9105224609375,
    327.5865478515625,
    1082.1376953125,
    501.1128845214844
  ],
  "class": 7,
  "confidence": 0.40320515632629395,
  "uncertainty": 0.457301709900962
}