{
  "image": "data\\raw\\images\\train\\F_2_2_772.jpg",
  "box": [
    1657.04150390625,
    451.97857666015625,
    1775.38330078125,
    622.074951171875
  ],
  "class": 7,
  "confidence": 0.7987629771232605,
  "uncertainty": 0.2536498367465088
}