{
  "image": "data\\raw\\images\\train\\F_2_7_48.jpg",
  "box": [
    383.58160400390625,
    454.57794189453125,
    1560.5302734375,
    1068.7620849609375
  ],
  "class": 2,
  "confidence": 0.9422752261161804,
  "uncertainty": 0.11277105285031165
}