{
  "image": "data\\raw\\images\\train\\F_2_2_256.jpg",
  "box": [
    841.8131103515625,
    521.5265502929688,
    896.1866455078125,
    608.263671875
  ],
  "class": 3,
  "confidence": 0.6662251949310303,
  "uncertainty": 0.32758294778626507
}