{
  "image": "data\\raw\\images\\train\\F_2_2_1002.jpg",
  "box": [
    1130.423583984375,
    461.189208984375,
    1813.868408203125,
    1028.166748046875
  ],
  "class": 2,
  "confidence": 0.9273388385772705,
  "uncertainty": 0.1309962611491446
}