{
  "image": "data\\raw\\images\\train\\F_2_1_706.jpg",
  "box": [
    1412.301025390625,
    525.852783203125,
    1464.37255859375,
    616.41650390625
  ],
  "class": 3,
  "confidence": 0.62606281042099,
  "uncertainty": 0.3874555118648683
}