{
  "image": "data\\raw\\images\\train\\F_2_6_550.jpg",
  "box": [
    966.5950927734375,
    396.5600280761719,
    1135.86474609375,
    617.5178833007812
  ],
  "class": 7,
  "confidence": 0.8048195838928223,
  "uncertainty": 0.2960060747217763
}