{
  "image": "data\\raw\\images\\train\\F_2_9_2880.jpg",
  "box": [
    362.3434753417969,
    6.50811767578125,
    1328.179443359375,
    903.6522216796875
  ],
  "class": 7,
  "confidence": 0.6756876707077026,
  "uncertainty": 0.285972557893457
}