{
  "image": "data\\raw\\images\\train\\F_2_1_802.jpg",
  "box": [
    501.1348571777344,
    545.4129638671875,
    571.14794921875,
    665.9197998046875
  ],
  "class": 3,
  "confidence": 0.4595346450805664,
  "uncertainty": 0.4239972694437544
}