{
  "image": "data\\raw\\images\\train\\F_2_1_715.jpg",
  "box": [
    543.392578125,
    519.7659301757812,
    604.9810180664062,
    623.2359008789062
  ],
  "class": 3,
  "confidence": 0.7287935614585876,
  "uncertainty": 0.3046626738472486
}