{
  "image": "data\\raw\\images\\train\\F_2_7_48.jpg",
  "box": [
    105.31097412109375,
    381.1534423828125,
    353.35595703125,
    651.0992431640625
  ],
  "class": 7,
  "confidence": 0.4268527626991272,
  "uncertainty": 0.47740704464208894
}