{
  "image": "data\\raw\\images\\train\\F_2_1_701.jpg",
  "box": [
    480.4043884277344,
    442.2466735839844,
    554.2132568359375,
    495.1897888183594
  ],
  "class": 2,
  "confidence": 0.6189748048782349,
  "uncertainty": 0.23792692479834526
}