{
  "image": "data\\raw\\images\\train\\F_2_1_539.jpg",
  "box": [
    1730.67236328125,
    448.24566650390625,
    1917.51171875,
    620.77001953125
  ],
  "class": 7,
  "confidence": 0.6026402115821838,
  "uncertainty": 0.4065626401250438
}