{
  "image": "data\\raw\\images\\train\\F_2_11_501.jpg",
  "box": [
    970.5721435546875,
    447.8055725097656,
    1002.977783203125,
    478.0042419433594
  ],
  "class": 2,
  "confidence": 0.2860102951526642,
  "uncertainty": 0.3636121204777008
}