{
  "image": "data\\raw\\images\\train\\F_2_9_2271.jpg",
  "box": [
    0.388824462890625,
    363.1004333496094,
    553.5926513671875,
    1065.6688232421875
  ],
  "class": 7,
  "confidence": 0.8248308300971985,
  "uncertainty": 0.238319278136981
}