{
  "image": "data\\raw\\images\\train\\F_2_1_1206.jpg",
  "box": [
    1203.068603515625,
    409.0014953613281,
    1369.2705078125,
    587.7302856445312
  ],
  "class": 2,
  "confidence": 0.3598732054233551,
  "uncertainty": 0.3911194997798474
}