{
  "image": "data\\raw\\images\\train\\F_2_9_2259.jpg",
  "box": [
    494.81817626953125,
    402.4175720214844,
    537.7518310546875,
    475.5951232910156
  ],
  "class": 3,
  "confidence": 0.30441048741340637,
  "uncertainty": 0.4704396273361459
}