{
  "image": "data\\raw\\images\\train\\F_2_11_577.jpg",
  "box": [
    22.849788665771484,
    397.5405578613281,
    394.38385009765625,
    837.3546142578125
  ],
  "class": 7,
  "confidence": 0.8016995191574097,
  "uncertainty": 0.2540054646895251
}