{
  "image": "data\\raw\\images\\train\\F_2_2_1022.jpg",
  "box": [
    1248.4722900390625,
    435.4840393066406,
    1919.0595703125,
    1068.2491455078125
  ],
  "class": 2,
  "confidence": 0.9369404911994934,
  "uncertainty": 0.10853492186039986
}