{
  "image": "data\\raw\\images\\train\\F_2_1_473.jpg",
  "box": [
    1406.422607421875,
    271.95916748046875,
    1764.631591796875,
    729.496826171875
  ],
  "class": 7,
  "confidence": 0.9566481113433838,
  "uncertainty": 0.18277941193919603
}