{
  "image": "data\\raw\\images\\train\\F_2_6_1501.jpg",
  "box": [
    1029.1519775390625,
    379.1135559082031,
    1789.754150390625,
    1059.274169921875
  ],
  "class": 2,
  "confidence": 0.9002817869186401,
  "uncertainty": 0.13057481076916788
}