{
  "image": "data\\raw\\images\\train\\F_2_4_192.jpg",
  "box": [
    440.84869384765625,
    408.85382080078125,
    643.479736328125,
    632.4473876953125
  ],
  "class": 7,
  "confidence": 0.857804536819458,
  "uncertainty": 0.23408539894133723
}