{
  "image": "data\\raw\\images\\train\\F_2_9_1427.jpg",
  "box": [
    0.5378379821777344,
    469.33697509765625,
    171.8812255859375,
    671.111328125
  ],
  "class": 2,
  "confidence": 0.8463175296783447,
  "uncertainty": 0.13448443051791945
}