{
  "image": "data\\raw\\images\\train\\F_2_2_934.jpg",
  "box": [
    405.46746826171875,
    498.0899963378906,
    461.893798828125,
    596.8607177734375
  ],
  "class": 3,
  "confidence": 0.661771297454834,
  "uncertainty": 0.3449380007683165
}