{
  "image": "data\\raw\\images\\train\\F_2_3_277.jpg",
  "box": [
    567.9542236328125,
    519.882080078125,
    629.860595703125,
    611.6661987304688
  ],
  "class": 3,
  "confidence": 0.7067791819572449,
  "uncertainty": 0.30732586038631526
}