{
  "image": "data\\raw\\images\\train\\F_2_7_58.jpg",
  "box": [
    358.066162109375,
    484.0262145996094,
    556.6290283203125,
    726.4599609375
  ],
  "class": 2,
  "confidence": 0.8565335869789124,
  "uncertainty": 0.13233599033956606
}