{
  "image": "data\\raw\\images\\train\\F_2_1_561.jpg",
  "box": [
    1229.3865966796875,
    535.8646240234375,
    1297.224609375,
    609.3330078125
  ],
  "class": 2,
  "confidence": 0.28615424036979675,
  "uncertainty": 0.4062659788669922
}