{
  "image": "data\\raw\\images\\train\\F_2_2_238.jpg",
  "box": [
    1364.6629638671875,
    505.21746826171875,
    1413.974609375,
    556.462646484375
  ],
  "class": 2,
  "confidence": 0.6060800552368164,
  "uncertainty": 0.22661812922390662
}