{
  "image": "data\\raw\\images\\train\\F_2_7_108.jpg",
  "box": [
    848.8013305664062,
    348.5994873046875,
    1146.93212890625,
    794.4160766601562
  ],
  "class": 7,
  "confidence": 0.29348239302635193,
  "uncertainty": 0.4951027084478377
}