{
  "image": "data\\raw\\images\\train\\F_2_11_314.jpg",
  "box": [
    433.43487548828125,
    371.1353759765625,
    763.394287109375,
    787.6658935546875
  ],
  "class": 7,
  "confidence": 0.7054595351219177,
  "uncertainty": 0.2999568822429388
}