{
  "image": "data\\raw\\images\\train\\F_2_7_449.jpg",
  "box": [
    103.10163116455078,
    415.6978454589844,
    745.55615234375,
    669.170166015625
  ],
  "class": 2,
  "confidence": 0.31631729006767273,
  "uncertainty": 0.39408599381147197
}