{
  "image": "data\\raw\\images\\train\\F_2_2_840.jpg",
  "box": [
    1318.1875,
    233.69598388671875,
    1916.963623046875,
    774.8985595703125
  ],
  "class": 7,
  "confidence": 0.8616596460342407,
  "uncertainty": 0.3393590229213888
}