{
  "image": "data\\raw\\images\\train\\F_2_6_1735.jpg",
  "box": [
    742.5848999023438,
    390.7096252441406,
    1244.25439453125,
    817.233154296875
  ],
  "class": 2,
  "confidence": 0.9015873074531555,
  "uncertainty": 0.18269647106220613
}