{
  "image": "data\\raw\\images\\train\\F_2_9_1409.jpg",
  "box": [
    510.0839538574219,
    569.8793334960938,
    614.1004638671875,
    713.53955078125
  ],
  "class": 3,
  "confidence": 0.6958119869232178,
  "uncertainty": 0.32541713715804765
}