{
  "image": "data\\raw\\images\\train\\F_2_7_856.jpg",
  "box": [
    222.0509033203125,
    463.49322509765625,
    396.03533935546875,
    631.3353881835938
  ],
  "class": 7,
  "confidence": 0.364225298166275,
  "uncertainty": 0.4971656237157065
}