{
  "image": "data\\raw\\images\\train\\F_2_4_296.jpg",
  "box": [
    107.23548889160156,
    429.52545166015625,
    219.02218627929688,
    567.7222900390625
  ],
  "class": 2,
  "confidence": 0.5395172834396362,
  "uncertainty": 0.30899611961196316
}