{
  "image": "data\\raw\\images\\train\\F_2_1_351.jpg",
  "box": [
    1378.087158203125,
    499.40167236328125,
    1462.559814453125,
    614.3922119140625
  ],
  "class": 2,
  "confidence": 0.6646032333374023,
  "uncertainty": 0.29018173321901897
}