{
  "image": "data\\raw\\images\\train\\F_2_1_517.jpg",
  "box": [
    831.7572021484375,
    490.47760009765625,
    871.7730712890625,
    549.541748046875
  ],
  "class": 3,
  "confidence": 0.713258683681488,
  "uncertainty": 0.3218614208348546
}