{
  "image": "data\\raw\\images\\train\\F_2_3_226.jpg",
  "box": [
    1219.05078125,
    341.8202819824219,
    1726.5576171875,
    637.4791259765625
  ],
  "class": 7,
  "confidence": 0.4068697988986969,
  "uncertainty": 0.4842611429986549
}