{
  "image": "data\\raw\\images\\train\\F_2_7_1241.jpg",
  "box": [
    586.28662109375,
    540.3165283203125,
    651.099853515625,
    629.1889038085938
  ],
  "class": 3,
  "confidence": 0.6947702169418335,
  "uncertainty": 0.3333061892091301
}