{
  "image": "data\\raw\\images\\train\\F_2_1_897.jpg",
  "box": [
    1429.78173828125,
    419.7796325683594,
    1482.174072265625,
    505.6468505859375
  ],
  "class": 5,
  "confidence": 0.26890408992767334,
  "uncertainty": 0.4490365807555418
}