{
  "image": "data\\raw\\images\\train\\F_2_1_782.jpg",
  "box": [
    0.42839813232421875,
    641.0240478515625,
    88.47027587890625,
    840.6692504882812
  ],
  "class": 3,
  "confidence": 0.5636165142059326,
  "uncertainty": 0.4083599351643587
}