{
  "image": "data\\raw\\images\\train\\F_2_6_567.jpg",
  "box": [
    799.5880126953125,
    547.198974609375,
    864.5675048828125,
    646.7655029296875
  ],
  "class": 3,
  "confidence": 0.6731759309768677,
  "uncertainty": 0.3703511712724518
}