{
  "image": "data\\raw\\images\\train\\F_2_4_33.jpg",
  "box": [
    369.892333984375,
    368.41790771484375,
    450.37396240234375,
    441.97467041015625
  ],
  "class": 5,
  "confidence": 0.6824145913124084,
  "uncertainty": 0.2957656855347972
}