{
  "image": "data\\raw\\images\\train\\F_2_4_214.jpg",
  "box": [
    0.08901214599609375,
    680.5632934570312,
    348.29888916015625,
    1070.80615234375
  ],
  "class": 3,
  "confidence": 0.8007599711418152,
  "uncertainty": 0.2765084613080617
}