{
  "image": "data\\raw\\images\\train\\F_2_7_1630.jpg",
  "box": [
    1537.5933837890625,
    414.090087890625,
    1663.85888671875,
    566.3948974609375
  ],
  "class": 2,
  "confidence": 0.7691236138343811,
  "uncertainty": 0.24258823310645522
}