{
  "image": "data\\raw\\images\\train\\F_2_9_1427.jpg",
  "box": [
    150.5105743408203,
    416.30548095703125,
    484.6711120605469,
    841.2061157226562
  ],
  "class": 7,
  "confidence": 0.8545048236846924,
  "uncertainty": 0.23355489459051004
}