{
  "image": "data\\raw\\images\\train\\F_2_2_1066.jpg",
  "box": [
    0.7884063720703125,
    604.2176513671875,
    300.8777160644531,
    1068.61767578125
  ],
  "class": 2,
  "confidence": 0.9171593189239502,
  "uncertainty": 0.17016525593794338
}