{
  "image": "data\\raw\\images\\train\\F_2_5_4.jpg",
  "box": [
    0.3029594421386719,
    472.2164611816406,
    157.5611114501953,
    683.4549560546875
  ],
  "class": 5,
  "confidence": 0.6467288732528687,
  "uncertainty": 0.296501018314714
}