{
  "image": "data\\raw\\images\\train\\F_2_1_659.jpg",
  "box": [
    134.8118896484375,
    658.9898681640625,
    278.822265625,
    881.18798828125
  ],
  "class": 3,
  "confidence": 0.8464157581329346,
  "uncertainty": 0.2534323606760532
}