{
  "image": "data\\raw\\images\\train\\F_2_4_972.jpg",
  "box": [
    1090.6607666015625,
    542.898193359375,
    1129.2110595703125,
    594.377197265625
  ],
  "class": 3,
  "confidence": 0.4981410801410675,
  "uncertainty": 0.39606644411095865
}