{
  "image": "data\\raw\\images\\train\\F_2_2_1277.jpg",
  "box": [
    1300.83642578125,
    671.4794311523438,
    1465.733154296875,
    892.3284301757812
  ],
  "class": 3,
  "confidence": 0.8480616807937622,
  "uncertainty": 0.26638176019329457
}