{
  "image": "data\\raw\\images\\train\\F_2_11_324.jpg",
  "box": [
    1252.4970703125,
    289.0716247558594,
    1717.644287109375,
    715.4517822265625
  ],
  "class": 7,
  "confidence": 0.8555435538291931,
  "uncertainty": 0.21467822131412195
}