{
  "image": "data\\raw\\images\\train\\F_2_9_3016.jpg",
  "box": [
    1685.9637451171875,
    521.9541015625,
    1762.1326904296875,
    624.2435913085938
  ],
  "class": 3,
  "confidence": 0.6766582727432251,
  "uncertainty": 0.3161038831632707
}