{
  "image": "data\\raw\\images\\train\\F_2_6_568.jpg",
  "box": [
    525.3244018554688,
    666.7794799804688,
    693.7568969726562,
    915.739013671875
  ],
  "class": 3,
  "confidence": 0.7551670670509338,
  "uncertainty": 0.33251788974586105
}