{
  "image": "data\\raw\\images\\train\\F_2_7_1744.jpg",
  "box": [
    715.47314453125,
    436.5337829589844,
    788.9364013671875,
    491.6800231933594
  ],
  "class": 2,
  "confidence": 0.44422829151153564,
  "uncertainty": 0.3732918602384335
}