{
  "image": "data\\raw\\images\\train\\F_2_1_714.jpg",
  "box": [
    1101.45263671875,
    580.2078857421875,
    1178.31787109375,
    732.5003662109375
  ],
  "class": 3,
  "confidence": 0.567886471748352,
  "uncertainty": 0.3797424909284639
}