{
  "image": "data\\raw\\images\\train\\F_2_7_1786.jpg",
  "box": [
    466.1772766113281,
    182.30584716796875,
    921.13818359375,
    600.7033081054688
  ],
  "class": 7,
  "confidence": 0.6285877823829651,
  "uncertainty": 0.423490264216589
}