{
  "image": "data\\raw\\images\\train\\F_2_2_798.jpg",
  "box": [
    1783.74365234375,
    577.180908203125,
    1850.554931640625,
    656.6417236328125
  ],
  "class": 3,
  "confidence": 0.31902897357940674,
  "uncertainty": 0.47458954757742206
}