{
  "image": "data\\raw\\images\\train\\F_2_6_519.jpg",
  "box": [
    0.22214698791503906,
    377.7142639160156,
    85.97928619384766,
    503.0257873535156
  ],
  "class": 7,
  "confidence": 0.35294413566589355,
  "uncertainty": 0.4497611132984352
}