{
  "image": "data\\raw\\images\\train\\F_2_2_779.jpg",
  "box": [
    528.8621215820312,
    478.8939514160156,
    1655.520263671875,
    1067.320556640625
  ],
  "class": 2,
  "confidence": 0.9599703550338745,
  "uncertainty": 0.10169434125552534
}