{
  "image": "data\\raw\\images\\train\\F_2_9_3020.jpg",
  "box": [
    1901.748046875,
    512.1920776367188,
    1919.2928466796875,
    662.3828125
  ],
  "class": 2,
  "confidence": 0.4450494945049286,
  "uncertainty": 0.3880480253177092
}