{
  "image": "data\\raw\\images\\train\\F_2_6_1710.jpg",
  "box": [
    1262.237548828125,
    467.29339599609375,
    1460.4296875,
    896.7955322265625
  ],
  "class": 2,
  "confidence": 0.7742201685905457,
  "uncertainty": 0.23172866634952288
}