{
  "image": "data\\raw\\images\\train\\F_2_7_461.jpg",
  "box": [
    410.41424560546875,
    411.80340576171875,
    645.1298217773438,
    485.0250244140625
  ],
  "class": 2,
  "confidence": 0.47019869089126587,
  "uncertainty": 0.3088517485790835
}