{
  "image": "data\\raw\\images\\train\\F_2_1_182.jpg",
  "box": [
    656.01123046875,
    329.1078796386719,
    1042.4014892578125,
    738.4112548828125
  ],
  "class": 2,
  "confidence": 0.4623744487762451,
  "uncertainty": 0.3117433479385903
}