{
  "image": "data\\raw\\images\\train\\F_2_1_855.jpg",
  "box": [
    223.5286102294922,
    468.539794921875,
    391.8106384277344,
    599.578125
  ],
  "class": 2,
  "confidence": 0.8697640299797058,
  "uncertainty": 0.1448738870912299
}