{
  "image": "data\\raw\\images\\train\\F_2_9_982.jpg",
  "box": [
    1488.215087890625,
    484.23919677734375,
    1578.051513671875,
    588.4627685546875
  ],
  "class": 2,
  "confidence": 0.27827805280685425,
  "uncertainty": 0.3676543253963421
}