{
  "image": "data\\raw\\images\\train\\F_2_1_559.jpg",
  "box": [
    1308.70947265625,
    442.5966796875,
    1356.0985107421875,
    548.323974609375
  ],
  "class": 5,
  "confidence": 0.2945917844772339,
  "uncertainty": 0.47405044561973214
}