{
  "image": "data\\raw\\images\\train\\F_2_4_966.jpg",
  "box": [
    1688.4971923828125,
    480.7740783691406,
    1819.2718505859375,
    561.860107421875
  ],
  "class": 2,
  "confidence": 0.6982113122940063,
  "uncertainty": 0.24390261877105843
}