{
  "image": "data\\raw\\images\\train\\F_2_7_150.jpg",
  "box": [
    1207.2381591796875,
    375.7431335449219,
    1601.048828125,
    497.0876770019531
  ],
  "class": 2,
  "confidence": 0.6433095932006836,
  "uncertainty": 0.204318735240184
}