{
  "image": "data\\raw\\images\\train\\F_2_7_771.jpg",
  "box": [
    312.5113525390625,
    421.58514404296875,
    441.0433044433594,
    570.05615234375
  ],
  "class": 7,
  "confidence": 0.600413978099823,
  "uncertainty": 0.36927864072338684
}