{
  "image": "data\\raw\\images\\train\\F_2_4_966.jpg",
  "box": [
    675.0194091796875,
    703.8502197265625,
    1028.70166015625,
    1073.82763671875
  ],
  "class": 3,
  "confidence": 0.6834231615066528,
  "uncertainty": 0.3406970261246121
}