{
  "image": "data\\raw\\images\\train\\F_2_7_1816.jpg",
  "box": [
    231.47447204589844,
    601.195556640625,
    468.5989990234375,
    899.0550537109375
  ],
  "class": 3,
  "confidence": 0.2869965434074402,
  "uncertainty": 0.49455901196563773
}