{
  "image": "data\\raw\\images\\train\\F_2_1_927.jpg",
  "box": [
    240.5002899169922,
    456.1639709472656,
    473.80218505859375,
    734.1029052734375
  ],
  "class": 7,
  "confidence": 0.7017831206321716,
  "uncertainty": 0.28779240135113293
}