{
  "image": "data\\raw\\images\\train\\F_2_1_641.jpg",
  "box": [
    1280.1064453125,
    484.0934143066406,
    1343.4891357421875,
    550.767333984375
  ],
  "class": 7,
  "confidence": 0.5568121671676636,
  "uncertainty": 0.41491645030882396
}