{
  "image": "data\\raw\\images\\train\\F_2_2_367.jpg",
  "box": [
    543.7750854492188,
    450.2593688964844,
    816.7470703125,
    687.2789306640625
  ],
  "class": 2,
  "confidence": 0.8275467753410339,
  "uncertainty": 0.20814614819635818
}