{
  "image": "data\\raw\\images\\train\\F_2_11_170.jpg",
  "box": [
    94.05168914794922,
    458.5683288574219,
    180.71661376953125,
    575.9422607421875
  ],
  "class": 3,
  "confidence": 0.55115807056427,
  "uncertainty": 0.3786068040498745
}