{
  "image": "data\\raw\\images\\train\\F_2_9_199.jpg",
  "box": [
    1551.254150390625,
    468.87799072265625,
    1919.217041015625,
    854.555419921875
  ],
  "class": 2,
  "confidence": 0.9379929900169373,
  "uncertainty": 0.09964712613203444
}