{
  "image": "data\\raw\\images\\train\\F_2_7_1694.jpg",
  "box": [
    718.42724609375,
    486.62786865234375,
    1341.078857421875,
    1001.16943359375
  ],
  "class": 2,
  "confidence": 0.9274571537971497,
  "uncertainty": 0.13600277832863467
}