{
  "image": "data\\raw\\images\\train\\F_2_1_875.jpg",
  "box": [
    1183.391845703125,
    470.5324401855469,
    1280.719970703125,
    564.5458984375
  ],
  "class": 2,
  "confidence": 0.7331976294517517,
  "uncertainty": 0.2057380877823507
}