{
  "image": "data\\raw\\images\\train\\F_2_7_1802.jpg",
  "box": [
    836.5449829101562,
    443.9398498535156,
    1613.438232421875,
    1052.3896484375
  ],
  "class": 2,
  "confidence": 0.9185102581977844,
  "uncertainty": 0.1357795866493665
}