{
  "image": "data\\raw\\images\\train\\F_2_2_1440.jpg",
  "box": [
    1127.16259765625,
    435.23162841796875,
    1186.2862548828125,
    507.38580322265625
  ],
  "class": 2,
  "confidence": 0.7268061637878418,
  "uncertainty": 0.23514731287366805
}