{
  "image": "data\\raw\\images\\train\\F_2_3_635.jpg",
  "box": [
    1609.0330810546875,
    458.4088439941406,
    1763.9447021484375,
    593.4721069335938
  ],
  "class": 2,
  "confidence": 0.8538290858268738,
  "uncertainty": 0.14548026452023388
}