{
  "image": "data\\raw\\images\\train\\F_2_8_1812.jpg",
  "box": [
    1437.134765625,
    388.78448486328125,
    1465.2103271484375,
    428.0040283203125
  ],
  "class": 3,
  "confidence": 0.38283249735832214,
  "uncertainty": 0.44912862968696765
}