{
  "image": "data\\raw\\images\\train\\F_2_2_94.jpg",
  "box": [
    174.52780151367188,
    444.56671142578125,
    352.4440612792969,
    636.6044921875
  ],
  "class": 7,
  "confidence": 0.3580417335033417,
  "uncertainty": 0.4581238597824655
}