{
  "image": "data\\raw\\images\\train\\F_2_8_822.jpg",
  "box": [
    989.5186157226562,
    451.9230651855469,
    1117.9141845703125,
    624.4304809570312
  ],
  "class": 3,
  "confidence": 0.582722008228302,
  "uncertainty": 0.4313985266046957
}