{
  "image": "data\\raw\\images\\train\\F_2_7_771.jpg",
  "box": [
    420.7196960449219,
    443.08306884765625,
    570.5527954101562,
    511.88592529296875
  ],
  "class": 2,
  "confidence": 0.684644877910614,
  "uncertainty": 0.2300487092966072
}