{
  "image": "data\\raw\\images\\train\\F_2_2_747.jpg",
  "box": [
    51.10542297363281,
    442.825927734375,
    753.7343139648438,
    973.82763671875
  ],
  "class": 2,
  "confidence": 0.8597643971443176,
  "uncertainty": 0.33135646184280537
}