{
  "image": "data\\raw\\images\\train\\F_2_9_3014.jpg",
  "box": [
    1646.12109375,
    205.503662109375,
    1919.527587890625,
    593.10546875
  ],
  "class": 7,
  "confidence": 0.9264194965362549,
  "uncertainty": 0.23548061972804046
}