{
  "image": "data\\raw\\images\\train\\F_2_1_552.jpg",
  "box": [
    1376.44384765625,
    401.868408203125,
    1446.130615234375,
    475.49591064453125
  ],
  "class": 2,
  "confidence": 0.5517584085464478,
  "uncertainty": 0.2705559788776644
}