{
  "image": "data\\raw\\images\\train\\F_2_11_168.jpg",
  "box": [
    672.3212890625,
    412.6916198730469,
    866.9625244140625,
    620.638671875
  ],
  "class": 2,
  "confidence": 0.9183183908462524,
  "uncertainty": 0.12009822310070067
}