{
  "image": "data\\raw\\images\\train\\F_2_2_962.jpg",
  "box": [
    786.2008666992188,
    504.9595642089844,
    936.0221557617188,
    633.6058349609375
  ],
  "class": 7,
  "confidence": 0.7059119343757629,
  "uncertainty": 0.34610143361661333
}