{
  "image": "data\\raw\\images\\train\\F_2_2_1690.jpg",
  "box": [
    979.4558715820312,
    482.46429443359375,
    1038.082275390625,
    565.1083984375
  ],
  "class": 3,
  "confidence": 0.5998780131340027,
  "uncertainty": 0.38619117566443023
}