{
  "image": "data\\raw\\images\\train\\F_2_3_265.jpg",
  "box": [
    1320.55322265625,
    436.0031433105469,
    1918.633544921875,
    936.1138916015625
  ],
  "class": 2,
  "confidence": 0.9382866024971008,
  "uncertainty": 0.12809291076848234
}