{
  "image": "data\\raw\\images\\train\\F_2_1_443.jpg",
  "box": [
    1452.125,
    531.000244140625,
    1484.822509765625,
    594.595703125
  ],
  "class": 3,
  "confidence": 0.44524967670440674,
  "uncertainty": 0.41109218693390776
}