{
  "image": "data\\raw\\images\\train\\F_2_3_610.jpg",
  "box": [
    986.0965576171875,
    344.75927734375,
    1204.2161865234375,
    515.5855712890625
  ],
  "class": 5,
  "confidence": 0.7544817328453064,
  "uncertainty": 0.3461533794300488
}