{
  "image": "data\\raw\\images\\train\\F_2_2_1001.jpg",
  "box": [
    1202.7685546875,
    482.9202575683594,
    1319.854248046875,
    689.352294921875
  ],
  "class": 2,
  "confidence": 0.5548967719078064,
  "uncertainty": 0.31731331102692867
}