{
  "image": "data\\raw\\images\\train\\F_2_1_564.jpg",
  "box": [
    853.69189453125,
    486.7043151855469,
    971.0093994140625,
    624.7520751953125
  ],
  "class": 7,
  "confidence": 0.6151244044303894,
  "uncertainty": 0.33572280859878323
}