{
  "image": "data\\raw\\images\\train\\F_2_6_1490.jpg",
  "box": [
    388.1180419921875,
    453.4309387207031,
    534.0034790039062,
    592.0064697265625
  ],
  "class": 7,
  "confidence": 0.5560205578804016,
  "uncertainty": 0.3419886946285522
}