{
  "image": "data\\raw\\images\\train\\F_2_1_969.jpg",
  "box": [
    998.68798828125,
    496.58551025390625,
    1023.1453857421875,
    537.43505859375
  ],
  "class": 3,
  "confidence": 0.3093531131744385,
  "uncertainty": 0.45388748591517736
}