{
  "image": "data\\raw\\images\\train\\F_2_3_199.jpg",
  "box": [
    734.785888671875,
    386.09149169921875,
    853.5361328125,
    457.147216796875
  ],
  "class": 7,
  "confidence": 0.5788187980651855,
  "uncertainty": 0.32176586031907956
}