{
  "image": "data\\raw\\images\\train\\F_2_8_718.jpg",
  "box": [
    1229.8369140625,
    617.2559204101562,
    1273.299560546875,
    691.3768310546875
  ],
  "class": 3,
  "confidence": 0.34680092334747314,
  "uncertainty": 0.4644995103185435
}