{
  "image": "data\\raw\\images\\train\\F_2_9_324.jpg",
  "box": [
    1.4891738891601562,
    752.3992309570312,
    362.8851318359375,
    1068.82275390625
  ],
  "class": 3,
  "confidence": 0.8061985373497009,
  "uncertainty": 0.27680098193504604
}