{
  "image": "data\\raw\\images\\train\\F_2_7_1963.jpg",
  "box": [
    0.13222503662109375,
    469.78143310546875,
    65.33479309082031,
    701.5197143554688
  ],
  "class": 2,
  "confidence": 0.5013313293457031,
  "uncertainty": 0.3362318449108994
}