{
  "image": "data\\raw\\images\\train\\F_2_7_70.jpg",
  "box": [
    990.3533935546875,
    394.10430908203125,
    1586.71533203125,
    1062.985107421875
  ],
  "class": 7,
  "confidence": 0.9050228595733643,
  "uncertainty": 0.27298480099277533
}