{
  "image": "data\\raw\\images\\train\\F_2_1_261.jpg",
  "box": [
    1516.723876953125,
    444.3293151855469,
    1726.532470703125,
    621.8963623046875
  ],
  "class": 2,
  "confidence": 0.3949454724788666,
  "uncertainty": 0.40829418286061103
}