{
  "image": "data\\raw\\images\\train\\F_2_7_1656.jpg",
  "box": [
    1060.185302734375,
    389.11505126953125,
    1535.85888671875,
    807.0458984375
  ],
  "class": 7,
  "confidence": 0.6702262759208679,
  "uncertainty": 0.3513036077341443
}