{
  "image": "data\\raw\\images\\train\\F_2_9_2823.jpg",
  "box": [
    1299.5540771484375,
    508.04681396484375,
    1322.447021484375,
    543.5136108398438
  ],
  "class": 3,
  "confidence": 0.38386523723602295,
  "uncertainty": 0.4242906592108879
}