{
  "image": "data\\raw\\images\\train\\F_2_8_1448.jpg",
  "box": [
    0.2632255554199219,
    489.18658447265625,
    122.58428192138672,
    754.068603515625
  ],
  "class": 2,
  "confidence": 0.8423475027084351,
  "uncertainty": 0.15873958249868608
}