{
  "image": "data\\raw\\images\\train\\F_2_6_66.jpg",
  "box": [
    784.2116088867188,
    412.131591796875,
    928.0653076171875,
    580.5049438476562
  ],
  "class": 2,
  "confidence": 0.8694756627082825,
  "uncertainty": 0.14559827810102607
}