{
  "image": "data\\raw\\images\\train\\F_2_9_1762.jpg",
  "box": [
    849.1776123046875,
    385.56463623046875,
    894.2984619140625,
    427.6534423828125
  ],
  "class": 2,
  "confidence": 0.6569603085517883,
  "uncertainty": 0.20631348503333027
}