{
  "image": "data\\raw\\images\\train\\F_2_11_465.jpg",
  "box": [
    982.3973388671875,
    464.99127197265625,
    1013.5802001953125,
    498.7545166015625
  ],
  "class": 3,
  "confidence": 0.3092876970767975,
  "uncertainty": 0.4465925658244705
}