{
  "image": "data\\raw\\images\\train\\F_2_11_314.jpg",
  "box": [
    1701.28564453125,
    468.1460266113281,
    1891.179931640625,
    613.0416259765625
  ],
  "class": 2,
  "confidence": 0.8344789743423462,
  "uncertainty": 0.16247673015873482
}