{
  "image": "data\\raw\\images\\train\\F_2_6_519.jpg",
  "box": [
    886.5532836914062,
    436.5894470214844,
    1919.9365234375,
    1067.7728271484375
  ],
  "class": 2,
  "confidence": 0.912659227848053,
  "uncertainty": 0.11343502153615848
}