{
  "image": "data\\raw\\images\\train\\F_2_2_1308.jpg",
  "box": [
    31.131694793701172,
    510.971923828125,
    97.83245086669922,
    621.8248291015625
  ],
  "class": 3,
  "confidence": 0.63177090883255,
  "uncertainty": 0.36738429193996863
}