{
  "image": "data\\raw\\images\\train\\F_2_7_1868.jpg",
  "box": [
    1465.7493896484375,
    417.9056396484375,
    1776.198486328125,
    489.03717041015625
  ],
  "class": 2,
  "confidence": 0.2938287556171417,
  "uncertainty": 0.41050496211001697
}