{
  "image": "data\\raw\\images\\train\\F_2_1_439.jpg",
  "box": [
    1444.71826171875,
    555.5578002929688,
    1542.9664306640625,
    722.6908569335938
  ],
  "class": 3,
  "confidence": 0.7220283150672913,
  "uncertainty": 0.326806476501065
}