{
  "image": "data\\raw\\images\\train\\F_2_9_1762.jpg",
  "box": [
    907.4298706054688,
    379.0637512207031,
    951.6516723632812,
    421.5108947753906
  ],
  "class": 2,
  "confidence": 0.28324341773986816,
  "uncertainty": 0.37205165293044656
}