{
  "image": "data\\raw\\images\\train\\F_2_1_149.jpg",
  "box": [
    806.6537475585938,
    373.6614990234375,
    1002.0606079101562,
    605.9085693359375
  ],
  "class": 7,
  "confidence": 0.9040181040763855,
  "uncertainty": 0.21190922785701044
}