{
  "image": "data\\raw\\images\\train\\F_2_7_680.jpg",
  "box": [
    83.60861206054688,
    501.4437255859375,
    196.70108032226562,
    624.0889282226562
  ],
  "class": 2,
  "confidence": 0.4898362159729004,
  "uncertainty": 0.40062672451141335
}