{
  "image": "data\\raw\\images\\train\\F_2_1_328.jpg",
  "box": [
    1409.29443359375,
    467.77423095703125,
    1649.11328125,
    631.899169921875
  ],
  "class": 2,
  "confidence": 0.8302849531173706,
  "uncertainty": 0.14557605585133856
}