{
  "image": "data\\raw\\images\\train\\F_2_1_491.jpg",
  "box": [
    1195.479736328125,
    408.4256286621094,
    1268.801513671875,
    493.8095397949219
  ],
  "class": 7,
  "confidence": 0.7468782067298889,
  "uncertainty": 0.25657891295168683
}