{
  "image": "data\\raw\\images\\train\\F_2_2_871.jpg",
  "box": [
    0.4557151794433594,
    407.1893005371094,
    116.15296936035156,
    563.318359375
  ],
  "class": 7,
  "confidence": 0.8573164343833923,
  "uncertainty": 0.21554944250757307
}