{
  "image": "data\\raw\\images\\train\\F_2_1_849.jpg",
  "box": [
    344.380126953125,
    559.4207763671875,
    456.33294677734375,
    717.1260986328125
  ],
  "class": 3,
  "confidence": 0.5452024936676025,
  "uncertainty": 0.42803099269659467
}