{
  "image": "data\\raw\\images\\train\\F_2_9_2352.jpg",
  "box": [
    652.1801147460938,
    426.6136779785156,
    699.419677734375,
    484.798095703125
  ],
  "class": 2,
  "confidence": 0.33253198862075806,
  "uncertainty": 0.3471933633132145
}