{
  "image": "data\\raw\\images\\train\\F_2_2_1025.jpg",
  "box": [
    595.2952880859375,
    439.44195556640625,
    1186.141845703125,
    1068.94677734375
  ],
  "class": 2,
  "confidence": 0.9338275194168091,
  "uncertainty": 0.22756260206249707
}