{
  "image": "data\\raw\\images\\train\\F_2_7_744.jpg",
  "box": [
    1637.6298828125,
    687.991455078125,
    1865.025634765625,
    1044.392333984375
  ],
  "class": 3,
  "confidence": 0.4684237241744995,
  "uncertainty": 0.43711202028613466
}