{
  "image": "data\\raw\\images\\train\\F_2_1_626.jpg",
  "box": [
    883.8687744140625,
    480.66265869140625,
    907.6285400390625,
    523.7462158203125
  ],
  "class": 3,
  "confidence": 0.47245240211486816,
  "uncertainty": 0.3862364207784306
}