{
  "image": "data\\raw\\images\\train\\F_2_2_978.jpg",
  "box": [
    962.684814453125,
    437.08209228515625,
    1345.3779296875,
    775.985595703125
  ],
  "class": 2,
  "confidence": 0.8961169123649597,
  "uncertainty": 0.14282161739922844
}