{
  "image": "data\\raw\\images\\train\\F_2_7_461.jpg",
  "box": [
    1243.920654296875,
    432.9949951171875,
    1918.71435546875,
    1068.08203125
  ],
  "class": 2,
  "confidence": 0.9365798830986023,
  "uncertainty": 0.15012044024210824
}