{
  "image": "data\\raw\\images\\train\\F_2_1_313.jpg",
  "box": [
    664.0970458984375,
    462.958740234375,
    712.1797485351562,
    520.3656005859375
  ],
  "class": 7,
  "confidence": 0.33686643838882446,
  "uncertainty": 0.46962409515999165
}