{
  "image": "data\\raw\\images\\train\\F_2_6_898.jpg",
  "box": [
    108.35371398925781,
    452.07733154296875,
    304.79718017578125,
    675.0552978515625
  ],
  "class": 2,
  "confidence": 0.8865562677383423,
  "uncertainty": 0.14824327684167854
}