{
  "image": "data\\raw\\images\\train\\F_2_6_1143.jpg",
  "box": [
    677.523193359375,
    349.3209228515625,
    941.2648315429688,
    695.0496826171875
  ],
  "class": 7,
  "confidence": 0.7001697421073914,
  "uncertainty": 0.38549849507700296
}