{
  "image": "data\\raw\\images\\train\\F_2_2_252.jpg",
  "box": [
    1036.5919189453125,
    501.40484619140625,
    1173.8924560546875,
    609.4367065429688
  ],
  "class": 2,
  "confidence": 0.8271276354789734,
  "uncertainty": 0.16022676587532833
}