{
  "image": "data\\raw\\images\\train\\F_2_7_1816.jpg",
  "box": [
    682.1226806640625,
    488.7547302246094,
    800.3138427734375,
    593.3592529296875
  ],
  "class": 2,
  "confidence": 0.5681329369544983,
  "uncertainty": 0.38005023989614956
}