{
  "image": "data\\raw\\images\\train\\F_2_7_230.jpg",
  "box": [
    1377.2823486328125,
    442.94293212890625,
    1497.14208984375,
    535.2593994140625
  ],
  "class": 2,
  "confidence": 0.4152369201183319,
  "uncertainty": 0.4079671711856262
}