{
  "image": "data\\raw\\images\\train\\F_2_2_1557.jpg",
  "box": [
    0.74322509765625,
    554.0787963867188,
    342.77301025390625,
    1067.51708984375
  ],
  "class": 2,
  "confidence": 0.9275223016738892,
  "uncertainty": 0.1538146080770446
}