{
  "image": "data\\raw\\images\\train\\F_2_2_1235.jpg",
  "box": [
    876.3407592773438,
    433.0139465332031,
    1031.70654296875,
    569.003662109375
  ],
  "class": 2,
  "confidence": 0.5195950865745544,
  "uncertainty": 0.3276480791019145
}