{
  "image": "data\\raw\\images\\train\\F_2_7_447.jpg",
  "box": [
    891.8351440429688,
    421.7335510253906,
    1008.3305053710938,
    461.2308654785156
  ],
  "class": 2,
  "confidence": 0.3511539697647095,
  "uncertainty": 0.4170286939153022
}