{
  "image": "data\\raw\\images\\train\\F_2_2_1225.jpg",
  "box": [
    762.887939453125,
    681.6392211914062,
    1130.6859130859375,
    1071.241455078125
  ],
  "class": 3,
  "confidence": 0.4186375141143799,
  "uncertainty": 0.4416343427355817
}