{
  "image": "data\\raw\\images\\train\\F_2_9_2965.jpg",
  "box": [
    326.9680480957031,
    293.1204833984375,
    723.8809814453125,
    690.9403076171875
  ],
  "class": 5,
  "confidence": 0.906024694442749,
  "uncertainty": 0.1982394443408759
}