{
  "image": "data\\raw\\images\\train\\F_2_1_422.jpg",
  "box": [
    929.2802124023438,
    406.2717590332031,
    1012.0043334960938,
    494.6803894042969
  ],
  "class": 7,
  "confidence": 0.6432833671569824,
  "uncertainty": 0.3834943010673669
}