{
  "image": "data\\raw\\images\\train\\F_2_6_550.jpg",
  "box": [
    895.9461669921875,
    617.399658203125,
    1005.9757080078125,
    786.368896484375
  ],
  "class": 3,
  "confidence": 0.6443824172019958,
  "uncertainty": 0.3599912588211737
}