{
  "image": "data\\raw\\images\\train\\F_2_2_899.jpg",
  "box": [
    895.9669189453125,
    341.22723388671875,
    1194.59814453125,
    692.8760986328125
  ],
  "class": 7,
  "confidence": 0.7617529630661011,
  "uncertainty": 0.2646340135437194
}