{
  "image": "data\\raw\\images\\train\\F_2_7_230.jpg",
  "box": [
    765.6741333007812,
    495.8894348144531,
    1023.560302734375,
    842.9309692382812
  ],
  "class": 2,
  "confidence": 0.6219251155853271,
  "uncertainty": 0.2834161256714436
}