{
  "image": "data\\raw\\images\\train\\F_2_2_759.jpg",
  "box": [
    0.62237548828125,
    407.5886535644531,
    277.30322265625,
    618.313232421875
  ],
  "class": 2,
  "confidence": 0.6490663290023804,
  "uncertainty": 0.2940185747941646
}