{
  "image": "data\\raw\\images\\train\\F_2_1_790.jpg",
  "box": [
    0.4258918762207031,
    796.9688720703125,
    81.16216278076172,
    1039.85791015625
  ],
  "class": 3,
  "confidence": 0.3144998252391815,
  "uncertainty": 0.44950136426056025
}