{
  "image": "data\\raw\\images\\train\\F_2_1_809.jpg",
  "box": [
    722.3458251953125,
    445.57012939453125,
    857.6493530273438,
    581.3228759765625
  ],
  "class": 2,
  "confidence": 0.7117325067520142,
  "uncertainty": 0.21061333770279583
}