{
  "image": "data\\raw\\images\\train\\F_2_11_738.jpg",
  "box": [
    691.786376953125,
    548.899658203125,
    763.3119506835938,
    678.019287109375
  ],
  "class": 3,
  "confidence": 0.5301063060760498,
  "uncertainty": 0.4127726411014567
}