{
  "image": "data\\raw\\images\\train\\F_2_7_164.jpg",
  "box": [
    103.01788330078125,
    398.69439697265625,
    724.7921142578125,
    990.073486328125
  ],
  "class": 2,
  "confidence": 0.8923639059066772,
  "uncertainty": 0.15407631171561836
}