{
  "image": "data\\raw\\images\\train\\F_2_8_1814.jpg",
  "box": [
    0.7833023071289062,
    537.558349609375,
    316.8988037109375,
    1066.481201171875
  ],
  "class": 3,
  "confidence": 0.689628005027771,
  "uncertainty": 0.3705619864293024
}