{
  "image": "data\\raw\\images\\train\\F_2_9_2974.jpg",
  "box": [
    1075.0205078125,
    438.8624267578125,
    1189.4852294921875,
    544.6052856445312
  ],
  "class": 2,
  "confidence": 0.3103293180465698,
  "uncertainty": 0.3897008929751294
}