{
  "image": "data\\raw\\images\\train\\F_2_2_87.jpg",
  "box": [
    999.5150756835938,
    455.4697265625,
    1182.00244140625,
    567.5938110351562
  ],
  "class": 2,
  "confidence": 0.570753812789917,
  "uncertainty": 0.43814760423244137
}