{
  "image": "data\\raw\\images\\train\\F_2_2_241.jpg",
  "box": [
    653.57177734375,
    458.84600830078125,
    739.2069091796875,
    510.095947265625
  ],
  "class": 7,
  "confidence": 0.4201820194721222,
  "uncertainty": 0.48804680146353285
}