{
  "image": "data\\raw\\images\\train\\F_2_1_950.jpg",
  "box": [
    1779.7547607421875,
    504.2839050292969,
    1808.795654296875,
    569.5367431640625
  ],
  "class": 3,
  "confidence": 0.27311939001083374,
  "uncertainty": 0.48346371764944507
}