{
  "image": "data\\raw\\images\\train\\F_2_5_328.jpg",
  "box": [
    1587.0875244140625,
    539.6814575195312,
    1645.0455322265625,
    616.4320068359375
  ],
  "class": 3,
  "confidence": 0.33330589532852173,
  "uncertainty": 0.4424251833996256
}