{
  "image": "data\\raw\\images\\train\\F_2_4_1041.jpg",
  "box": [
    1039.8662109375,
    398.5937805175781,
    1118.2943115234375,
    466.8906555175781
  ],
  "class": 2,
  "confidence": 0.8438901901245117,
  "uncertainty": 0.15067933059367025
}