{
  "image": "data\\raw\\images\\train\\F_2_2_1692.jpg",
  "box": [
    933.3788452148438,
    505.3450012207031,
    1012.0396728515625,
    655.6939697265625
  ],
  "class": 3,
  "confidence": 0.7086819410324097,
  "uncertainty": 0.3478992572229784
}