{
  "image": "data\\raw\\images\\train\\F_2_1_318.jpg",
  "box": [
    935.8441772460938,
    394.5515441894531,
    1035.2998046875,
    509.0016174316406
  ],
  "class": 7,
  "confidence": 0.6526399850845337,
  "uncertainty": 0.3159377771134914
}