{
  "image": "data\\raw\\images\\train\\F_2_9_1136.jpg",
  "box": [
    343.77294921875,
    399.0973205566406,
    587.7070922851562,
    631.6572265625
  ],
  "class": 2,
  "confidence": 0.8652201890945435,
  "uncertainty": 0.18400823286792448
}