{
  "image": "data\\raw\\images\\train\\F_2_6_1609.jpg",
  "box": [
    215.81597900390625,
    445.9268798828125,
    280.43682861328125,
    629.4793090820312
  ],
  "class": 5,
  "confidence": 0.3099020719528198,
  "uncertainty": 0.47623967051717636
}