{
  "image": "data\\raw\\images\\train\\F_2_2_857.jpg",
  "box": [
    1230.87353515625,
    536.3792724609375,
    1282.172607421875,
    626.5508422851562
  ],
  "class": 3,
  "confidence": 0.6464312076568604,
  "uncertainty": 0.3534082415105961
}