{
  "image": "data\\raw\\images\\train\\F_2_9_2923.jpg",
  "box": [
    1505.2423095703125,
    574.1552734375,
    1565.739990234375,
    676.0010986328125
  ],
  "class": 3,
  "confidence": 0.7085941433906555,
  "uncertainty": 0.32727387718416673
}