{
  "image": "data\\raw\\images\\train\\F_2_9_2901.jpg",
  "box": [
    1255.1055908203125,
    495.2227478027344,
    1334.7864990234375,
    555.1129150390625
  ],
  "class": 2,
  "confidence": 0.7618592381477356,
  "uncertainty": 0.17115110832132852
}