{
  "image": "data\\raw\\images\\train\\F_2_1_843.jpg",
  "box": [
    1014.4788208007812,
    419.7964782714844,
    1195.386962890625,
    583.5517578125
  ],
  "class": 2,
  "confidence": 0.8816651105880737,
  "uncertainty": 0.1321849159048959
}