{
  "image": "data\\raw\\images\\train\\F_2_2_1489.jpg",
  "box": [
    892.6717529296875,
    463.893310546875,
    1518.580078125,
    1018.4866333007812
  ],
  "class": 2,
  "confidence": 0.9081572890281677,
  "uncertainty": 0.134235349654657
}