{
  "image": "data\\raw\\images\\train\\F_2_5_293.jpg",
  "box": [
    583.7301635742188,
    389.19195556640625,
    691.0875244140625,
    474.63262939453125
  ],
  "class": 5,
  "confidence": 0.29895827174186707,
  "uncertainty": 0.4874133621441483
}