{
  "image": "data\\raw\\images\\train\\F_2_1_143.jpg",
  "box": [
    948.884765625,
    391.3105773925781,
    1086.925048828125,
    548.5906982421875
  ],
  "class": 7,
  "confidence": 0.7617142200469971,
  "uncertainty": 0.28277191082195063
}