{
  "image": "data\\raw\\images\\train\\F_2_7_1646.jpg",
  "box": [
    636.5333862304688,
    500.8511962890625,
    1920.0,
    1069.82275390625
  ],
  "class": 2,
  "confidence": 0.9525810480117798,
  "uncertainty": 0.10138515181458876
}