{
  "image": "data\\raw\\images\\train\\F_2_6_1441.jpg",
  "box": [
    1253.551025390625,
    431.79913330078125,
    1484.790771484375,
    501.5012512207031
  ],
  "class": 2,
  "confidence": 0.46506860852241516,
  "uncertainty": 0.33002587082601437
}