{
  "image": "data\\raw\\images\\train\\F_2_2_94.jpg",
  "box": [
    888.5130615234375,
    451.8101806640625,
    1004.0630493164062,
    557.857177734375
  ],
  "class": 2,
  "confidence": 0.5477844476699829,
  "uncertainty": 0.3611918476581413
}