{
  "image": "data\\raw\\images\\train\\F_2_1_417.jpg",
  "box": [
    1368.762451171875,
    467.47418212890625,
    1553.349853515625,
    615.8184204101562
  ],
  "class": 2,
  "confidence": 0.9142723679542542,
  "uncertainty": 0.11955308162447192
}