{
  "image": "data\\raw\\images\\train\\F_2_8_983.jpg",
  "box": [
    1252.1063232421875,
    456.7972412109375,
    1332.4405517578125,
    618.5474853515625
  ],
  "class": 3,
  "confidence": 0.5115864872932434,
  "uncertainty": 0.47963222867971145
}