{
  "image": "data\\raw\\images\\train\\F_2_2_449.jpg",
  "box": [
    284.7509765625,
    515.67333984375,
    343.2322082519531,
    607.7960815429688
  ],
  "class": 3,
  "confidence": 0.7132121920585632,
  "uncertainty": 0.32413395566402736
}