{
  "image": "data\\raw\\images\\train\\F_2_4_266.jpg",
  "box": [
    810.632568359375,
    497.1609191894531,
    864.795654296875,
    594.5869140625
  ],
  "class": 3,
  "confidence": 0.5828326344490051,
  "uncertainty": 0.3847810630484671
}