{
  "image": "data\\raw\\images\\train\\F_2_9_552.jpg",
  "box": [
    1804.834716796875,
    488.96466064453125,
    1919.67919921875,
    641.605224609375
  ],
  "class": 3,
  "confidence": 0.8123592138290405,
  "uncertainty": 0.33191756045663384
}