{
  "image": "data\\raw\\images\\train\\F_2_10_43.jpg",
  "box": [
    0.6244354248046875,
    465.77728271484375,
    411.67718505859375,
    907.5869750976562
  ],
  "class": 2,
  "confidence": 0.9198639392852783,
  "uncertainty": 0.12032189503203941
}