{
  "image": "data\\raw\\images\\train\\F_2_2_1435.jpg",
  "box": [
    183.93295288085938,
    500.4923400878906,
    248.7320556640625,
    569.2820434570312
  ],
  "class": 3,
  "confidence": 0.40136146545410156,
  "uncertainty": 0.44549127495249574
}