{
  "image": "data\\raw\\images\\train\\F_2_2_1415.jpg",
  "box": [
    1014.6837158203125,
    512.9013061523438,
    1131.7203369140625,
    636.7020263671875
  ],
  "class": 2,
  "confidence": 0.7166669368743896,
  "uncertainty": 0.23544877506944795
}