{
  "image": "data\\raw\\images\\train\\F_2_2_1377.jpg",
  "box": [
    1216.454345703125,
    484.29388427734375,
    1271.68603515625,
    610.8925170898438
  ],
  "class": 2,
  "confidence": 0.3759807050228119,
  "uncertainty": 0.3747587279640389
}