{
  "image": "data\\raw\\images\\train\\F_2_1_775.jpg",
  "box": [
    896.60595703125,
    468.3428649902344,
    984.06884765625,
    575.5423583984375
  ],
  "class": 7,
  "confidence": 0.42918306589126587,
  "uncertainty": 0.3984128899429842
}