{
  "image": "data\\raw\\images\\train\\F_2_7_1938.jpg",
  "box": [
    928.6953735351562,
    370.5538330078125,
    1172.5732421875,
    599.580322265625
  ],
  "class": 2,
  "confidence": 0.8583969473838806,
  "uncertainty": 0.1496389327452822
}