{
  "image": "data\\raw\\images\\train\\F_2_6_566.jpg",
  "box": [
    491.5675048828125,
    614.4149169921875,
    622.489013671875,
    838.6737670898438
  ],
  "class": 3,
  "confidence": 0.7833501696586609,
  "uncertainty": 0.30186283725627905
}