{
  "image": "data\\raw\\images\\train\\F_2_7_346.jpg",
  "box": [
    1483.003173828125,
    502.8702392578125,
    1545.18505859375,
    612.7875366210938
  ],
  "class": 3,
  "confidence": 0.5635114312171936,
  "uncertainty": 0.43756083854739797
}