{
  "image": "data\\raw\\images\\train\\F_2_8_720.jpg",
  "box": [
    383.0624084472656,
    695.1453857421875,
    877.4029541015625,
    1071.9306640625
  ],
  "class": 3,
  "confidence": 0.6107720732688904,
  "uncertainty": 0.44331224209688225
}