{
  "image": "data\\raw\\images\\train\\F_2_1_566.jpg",
  "box": [
    800.1798706054688,
    537.0134887695312,
    834.2616577148438,
    582.3716430664062
  ],
  "class": 3,
  "confidence": 0.26735004782676697,
  "uncertainty": 0.47735153732152186
}