{
  "image": "data\\raw\\images\\train\\F_2_2_961.jpg",
  "box": [
    998.1046142578125,
    521.4655151367188,
    1059.1776123046875,
    589.229736328125
  ],
  "class": 2,
  "confidence": 0.7077178359031677,
  "uncertainty": 0.23203768831945165
}