{
  "image": "data\\raw\\images\\train\\F_2_7_779.jpg",
  "box": [
    1244.7777099609375,
    357.22100830078125,
    1505.549072265625,
    524.64013671875
  ],
  "class": 2,
  "confidence": 0.895550012588501,
  "uncertainty": 0.15289072318920188
}