{
  "image": "data\\raw\\images\\train\\F_2_7_658.jpg",
  "box": [
    0.23288726806640625,
    496.3740234375,
    79.71028137207031,
    737.64111328125
  ],
  "class": 2,
  "confidence": 0.49703484773635864,
  "uncertainty": 0.43363393673585354
}