{
  "image": "data\\raw\\images\\train\\F_2_1_569.jpg",
  "box": [
    1831.9149169921875,
    279.80841064453125,
    1919.2335205078125,
    705.92236328125
  ],
  "class": 7,
  "confidence": 0.8428975939750671,
  "uncertainty": 0.2622410023879314
}