{
  "image": "data\\raw\\images\\train\\F_2_7_1497.jpg",
  "box": [
    541.9326171875,
    66.73491668701172,
    727.112060546875,
    133.46792602539062
  ],
  "class": 2,
  "confidence": 0.2850416302680969,
  "uncertainty": 0.39667821504624196
}