{
  "image": "data\\raw\\images\\train\\F_2_1_927.jpg",
  "box": [
    1424.91015625,
    491.5426025390625,
    1504.429443359375,
    598.3613891601562
  ],
  "class": 2,
  "confidence": 0.6715976595878601,
  "uncertainty": 0.24002727975290802
}