{
  "image": "data\\raw\\images\\train\\F_2_7_1757.jpg",
  "box": [
    111.5979995727539,
    676.5260009765625,
    208.16770935058594,
    869.666748046875
  ],
  "class": 2,
  "confidence": 0.3916512727737427,
  "uncertainty": 0.40355580443260886
}