{
  "image": "data\\raw\\images\\train\\F_2_6_1735.jpg",
  "box": [
    1816.0946044921875,
    391.0023193359375,
    1919.079345703125,
    606.4209594726562
  ],
  "class": 7,
  "confidence": 0.7419538497924805,
  "uncertainty": 0.29636785954077516
}