{
  "image": "data\\raw\\images\\train\\F_2_7_1985.jpg",
  "box": [
    1.1121368408203125,
    465.9173583984375,
    233.439697265625,
    1066.929931640625
  ],
  "class": 2,
  "confidence": 0.8691732287406921,
  "uncertainty": 0.16057445014381558
}