{
  "image": "data\\raw\\images\\train\\F_2_2_648.jpg",
  "box": [
    1.709014892578125,
    304.4881896972656,
    1173.179931640625,
    1064.6400146484375
  ],
  "class": 7,
  "confidence": 0.5355197191238403,
  "uncertainty": 0.33080435876046405
}