{
  "image": "data\\raw\\images\\train\\F_2_9_3020.jpg",
  "box": [
    1344.96142578125,
    399.5394287109375,
    1418.2408447265625,
    487.40240478515625
  ],
  "class": 7,
  "confidence": 0.31785061955451965,
  "uncertainty": 0.4983016831415798
}