{
  "image": "data\\raw\\images\\train\\F_2_7_624.jpg",
  "box": [
    641.06298828125,
    579.200439453125,
    703.0079345703125,
    658.7470092773438
  ],
  "class": 3,
  "confidence": 0.6209707260131836,
  "uncertainty": 0.3418381504879045
}