{
  "image": "data\\raw\\images\\train\\F_2_7_1630.jpg",
  "box": [
    394.8724365234375,
    394.6907958984375,
    484.2352294921875,
    518.7454833984375
  ],
  "class": 2,
  "confidence": 0.296256422996521,
  "uncertainty": 0.4554660278361287
}