{
  "image": "data\\raw\\images\\train\\F_2_11_465.jpg",
  "box": [
    1361.5966796875,
    452.6402893066406,
    1426.1494140625,
    482.07879638671875
  ],
  "class": 2,
  "confidence": 0.4418860673904419,
  "uncertainty": 0.3360553615642191
}