{
  "image": "data\\raw\\images\\train\\F_2_5_336.jpg",
  "box": [
    1712.120361328125,
    443.5941467285156,
    1917.879638671875,
    702.1844482421875
  ],
  "class": 7,
  "confidence": 0.3942667543888092,
  "uncertainty": 0.4609199114086058
}