{
  "image": "data\\raw\\images\\train\\F_2_2_1688.jpg",
  "box": [
    924.4330444335938,
    570.2127685546875,
    1041.9658203125,
    735.0825805664062
  ],
  "class": 3,
  "confidence": 0.8255602121353149,
  "uncertainty": 0.2723646584480696
}