{
  "image": "data\\raw\\images\\train\\F_2_1_390.jpg",
  "box": [
    1316.3172607421875,
    521.8955078125,
    1348.845947265625,
    581.7232666015625
  ],
  "class": 3,
  "confidence": 0.6984610557556152,
  "uncertainty": 0.3089512764100127
}