{
  "image": "data\\raw\\images\\train\\F_2_11_577.jpg",
  "box": [
    1425.7083740234375,
    478.00250244140625,
    1466.125,
    527.7727661132812
  ],
  "class": 2,
  "confidence": 0.38144946098327637,
  "uncertainty": 0.38967484991845036
}