{
  "image": "data\\raw\\images\\train\\F_2_6_862.jpg",
  "box": [
    331.06365966796875,
    343.89385986328125,
    892.0274047851562,
    1058.635009765625
  ],
  "class": 7,
  "confidence": 0.6138669848442078,
  "uncertainty": 0.2851738047830817
}