{
  "image": "data\\raw\\images\\train\\F_2_2_401.jpg",
  "box": [
    214.60052490234375,
    437.150390625,
    458.6300354003906,
    611.186279296875
  ],
  "class": 2,
  "confidence": 0.8986944556236267,
  "uncertainty": 0.14531984544572246
}