{
  "image": "data\\raw\\images\\train\\F_2_6_125.jpg",
  "box": [
    1052.214599609375,
    422.75555419921875,
    1114.876953125,
    507.51123046875
  ],
  "class": 2,
  "confidence": 0.48812684416770935,
  "uncertainty": 0.33338603757791385
}