{
  "image": "data\\raw\\images\\train\\F_2_9_3025.jpg",
  "box": [
    1314.941162109375,
    451.508056640625,
    1403.21484375,
    566.77587890625
  ],
  "class": 2,
  "confidence": 0.3794805705547333,
  "uncertainty": 0.3831848784959922
}