{
  "image": "data\\raw\\images\\train\\F_2_2_964.jpg",
  "box": [
    990.693603515625,
    533.107666015625,
    1103.35546875,
    620.489990234375
  ],
  "class": 2,
  "confidence": 0.8215268850326538,
  "uncertainty": 0.16648524148000002
}