{
  "image": "data\\raw\\images\\train\\F_2_6_554.jpg",
  "box": [
    887.4385986328125,
    520.3017578125,
    929.0042724609375,
    597.2471923828125
  ],
  "class": 3,
  "confidence": 0.3386315703392029,
  "uncertainty": 0.49821653542720085
}