{
  "image": "data\\raw\\images\\train\\F_2_3_248.jpg",
  "box": [
    324.70965576171875,
    796.4042358398438,
    595.7718505859375,
    1072.2674560546875
  ],
  "class": 3,
  "confidence": 0.352413535118103,
  "uncertainty": 0.4620560004625676
}