{
  "image": "data\\raw\\images\\train\\F_2_5_160.jpg",
  "box": [
    1402.4110107421875,
    545.6824340820312,
    1580.397705078125,
    699.06201171875
  ],
  "class": 3,
  "confidence": 0.7931576371192932,
  "uncertainty": 0.34682219411747345
}