{
  "image": "data\\raw\\images\\train\\F_2_1_802.jpg",
  "box": [
    724.7605590820312,
    537.3828735351562,
    787.929931640625,
    652.1735229492188
  ],
  "class": 3,
  "confidence": 0.6001242995262146,
  "uncertainty": 0.371299053964039
}