{
  "image": "data\\raw\\images\\train\\F_2_1_517.jpg",
  "box": [
    459.3987121582031,
    411.916259765625,
    741.198974609375,
    753.8164672851562
  ],
  "class": 7,
  "confidence": 0.4161810576915741,
  "uncertainty": 0.4105310570315746
}