{
  "image": "data\\raw\\images\\train\\F_2_1_829.jpg",
  "box": [
    1661.4788818359375,
    501.06561279296875,
    1724.9835205078125,
    599.18798828125
  ],
  "class": 3,
  "confidence": 0.7394128441810608,
  "uncertainty": 0.3132065627206879
}