{
  "image": "data\\raw\\images\\train\\F_2_9_1522.jpg",
  "box": [
    512.829833984375,
    745.3789672851562,
    749.451171875,
    1071.6134033203125
  ],
  "class": 3,
  "confidence": 0.6783530116081238,
  "uncertainty": 0.3291473152369963
}