{
  "image": "data\\raw\\images\\train\\F_2_2_1031.jpg",
  "box": [
    886.9876098632812,
    429.88848876953125,
    1054.712158203125,
    519.8680419921875
  ],
  "class": 2,
  "confidence": 0.3925915062427521,
  "uncertainty": 0.4436823859562841
}