{
  "image": "data\\raw\\images\\train\\F_2_9_782.jpg",
  "box": [
    759.1510620117188,
    408.3296813964844,
    988.385009765625,
    640.241943359375
  ],
  "class": 7,
  "confidence": 0.698790967464447,
  "uncertainty": 0.32947035733596514
}