{
  "image": "data\\raw\\images\\train\\F_2_5_85.jpg",
  "box": [
    327.2176208496094,
    427.2030029296875,
    416.2224426269531,
    490.90777587890625
  ],
  "class": 3,
  "confidence": 0.31964462995529175,
  "uncertainty": 0.48200892518742333
}