{
  "image": "data\\raw\\images\\train\\F_2_1_880.jpg",
  "box": [
    1529.6026611328125,
    450.9217529296875,
    1594.2850341796875,
    487.7128601074219
  ],
  "class": 2,
  "confidence": 0.5749850273132324,
  "uncertainty": 0.2546587530867967
}