{
  "image": "data\\raw\\images\\train\\F_2_7_1331.jpg",
  "box": [
    698.1904296875,
    504.13421630859375,
    870.5223999023438,
    723.8344116210938
  ],
  "class": 2,
  "confidence": 0.754725456237793,
  "uncertainty": 0.3029237715323334
}