{
  "image": "data\\raw\\images\\train\\F_2_2_246.jpg",
  "box": [
    1590.16357421875,
    461.00811767578125,
    1709.1982421875,
    606.1358642578125
  ],
  "class": 2,
  "confidence": 0.7851358652114868,
  "uncertainty": 0.23262461832852532
}