{
  "image": "data\\raw\\images\\train\\F_2_8_822.jpg",
  "box": [
    1115.25146484375,
    365.30169677734375,
    1196.57275390625,
    398.86309814453125
  ],
  "class": 2,
  "confidence": 0.5502132773399353,
  "uncertainty": 0.30852329339517903
}