{
  "image": "data\\raw\\images\\train\\F_2_2_1694.jpg",
  "box": [
    1112.142822265625,
    509.8299865722656,
    1198.977783203125,
    644.8184814453125
  ],
  "class": 3,
  "confidence": 0.6557134985923767,
  "uncertainty": 0.4237567559426668
}