{
  "image": "data\\raw\\images\\train\\F_2_7_2343.jpg",
  "box": [
    215.76864624023438,
    508.286865234375,
    287.6934814453125,
    619.537353515625
  ],
  "class": 3,
  "confidence": 0.49816247820854187,
  "uncertainty": 0.4728075621004472
}