{
  "image": "data\\raw\\images\\train\\F_2_2_380.jpg",
  "box": [
    520.101318359375,
    536.180419921875,
    595.52099609375,
    628.73583984375
  ],
  "class": 2,
  "confidence": 0.2554762363433838,
  "uncertainty": 0.3724048439486791
}