{
  "image": "data\\raw\\images\\train\\F_2_4_254.jpg",
  "box": [
    185.21377563476562,
    379.9349670410156,
    622.6031494140625,
    800.9498291015625
  ],
  "class": 7,
  "confidence": 0.644180953502655,
  "uncertainty": 0.3259700961329804
}