{
  "image": "data\\raw\\images\\train\\F_2_4_669.jpg",
  "box": [
    964.1435546875,
    520.8187866210938,
    1025.339111328125,
    602.8540649414062
  ],
  "class": 3,
  "confidence": 0.6525650024414062,
  "uncertainty": 0.3428464927419356
}