{
  "image": "data\\raw\\images\\train\\F_2_6_1498.jpg",
  "box": [
    993.6163330078125,
    656.8317260742188,
    1116.2054443359375,
    833.193603515625
  ],
  "class": 3,
  "confidence": 0.7654394507408142,
  "uncertainty": 0.2775858208771785
}