{
  "image": "data\\raw\\images\\train\\F_2_4_669.jpg",
  "box": [
    1100.86474609375,
    579.732666015625,
    1201.0498046875,
    739.4024047851562
  ],
  "class": 3,
  "confidence": 0.7232237458229065,
  "uncertainty": 0.34725660911793477
}