{
  "image": "data\\raw\\images\\train\\F_2_1_957.jpg",
  "box": [
    763.4299926757812,
    422.8808898925781,
    872.498291015625,
    560.689208984375
  ],
  "class": 7,
  "confidence": 0.5895869135856628,
  "uncertainty": 0.34145010774134904
}