{
  "image": "data\\raw\\images\\train\\F_2_1_624.jpg",
  "box": [
    703.6353759765625,
    552.394775390625,
    787.5916748046875,
    664.862548828125
  ],
  "class": 3,
  "confidence": 0.6246844530105591,
  "uncertainty": 0.3612167585443649
}