{
  "image": "data\\raw\\images\\train\\F_2_2_796.jpg",
  "box": [
    21.608917236328125,
    395.15643310546875,
    416.3348693847656,
    786.4888916015625
  ],
  "class": 5,
  "confidence": 0.5423685908317566,
  "uncertainty": 0.4308348023324289
}