{
  "image": "data\\raw\\images\\train\\F_2_7_435.jpg",
  "box": [
    763.073486328125,
    461.15771484375,
    1044.45458984375,
    694.8272094726562
  ],
  "class": 2,
  "confidence": 0.8407979011535645,
  "uncertainty": 0.194196624354746
}