{
  "image": "data\\raw\\images\\train\\F_2_8_1310.jpg",
  "box": [
    1429.1168212890625,
    458.68017578125,
    1473.8948974609375,
    510.40618896484375
  ],
  "class": 2,
  "confidence": 0.30732980370521545,
  "uncertainty": 0.35163813773795727
}