{
  "image": "data\\raw\\images\\train\\F_2_1_951.jpg",
  "box": [
    467.10064697265625,
    451.350341796875,
    536.4052124023438,
    510.26043701171875
  ],
  "class": 2,
  "confidence": 0.37401068210601807,
  "uncertainty": 0.375231649266787
}