{
  "image": "data\\raw\\images\\train\\F_2_7_1232.jpg",
  "box": [
    1540.1700439453125,
    597.0485229492188,
    1576.6446533203125,
    636.091064453125
  ],
  "class": 2,
  "confidence": 0.33518972992897034,
  "uncertainty": 0.36226090367292807
}