{
  "image": "data\\raw\\images\\train\\F_2_1_888.jpg",
  "box": [
    1532.839599609375,
    504.5847473144531,
    1563.48779296875,
    552.068603515625
  ],
  "class": 3,
  "confidence": 0.382008820772171,
  "uncertainty": 0.4257075037613031
}