{
  "image": "data\\raw\\images\\train\\F_2_1_950.jpg",
  "box": [
    525.6411743164062,
    463.062255859375,
    615.5008544921875,
    536.3997192382812
  ],
  "class": 2,
  "confidence": 0.6748120784759521,
  "uncertainty": 0.2369195233266195
}