{
  "image": "data\\raw\\images\\train\\F_2_2_35.jpg",
  "box": [
    601.7550048828125,
    489.7848815917969,
    687.538330078125,
    604.8514404296875
  ],
  "class": 2,
  "confidence": 0.6040815114974976,
  "uncertainty": 0.23457944737735006
}