{
  "image": "data\\raw\\images\\train\\F_2_7_1329.jpg",
  "box": [
    0.30413818359375,
    575.5625610351562,
    52.626216888427734,
    853.93359375
  ],
  "class": 2,
  "confidence": 0.6054004430770874,
  "uncertainty": 0.3012469728919035
}