{
  "image": "data\\raw\\images\\train\\F_2_3_368.jpg",
  "box": [
    608.1101684570312,
    463.56976318359375,
    693.390869140625,
    632.569091796875
  ],
  "class": 2,
  "confidence": 0.7275398969650269,
  "uncertainty": 0.25413857563835324
}