{
  "image": "data\\raw\\images\\train\\F_2_2_962.jpg",
  "box": [
    566.2822265625,
    512.11962890625,
    685.05078125,
    631.7297973632812
  ],
  "class": 2,
  "confidence": 0.5681369304656982,
  "uncertainty": 0.3000197666455121
}