{
  "image": "data\\raw\\images\\train\\F_2_5_195.jpg",
  "box": [
    1161.2060546875,
    505.8421325683594,
    1193.9998779296875,
    560.903564453125
  ],
  "class": 3,
  "confidence": 0.3294922113418579,
  "uncertainty": 0.4463660900330498
}