{
  "image": "data\\raw\\images\\train\\F_2_5_103.jpg",
  "box": [
    574.2113037109375,
    525.832763671875,
    631.9542236328125,
    599.5145874023438
  ],
  "class": 2,
  "confidence": 0.41994550824165344,
  "uncertainty": 0.31393785212468983
}