{
  "image": "data\\raw\\images\\train\\F_2_2_856.jpg",
  "box": [
    2.563385009765625,
    320.747314453125,
    1082.8157958984375,
    1066.7637939453125
  ],
  "class": 2,
  "confidence": 0.8607611656188965,
  "uncertainty": 0.08727670257024084
}