{
  "image": "data\\raw\\images\\train\\F_2_1_734.jpg",
  "box": [
    1115.754638671875,
    426.46270751953125,
    1246.943115234375,
    533.4893188476562
  ],
  "class": 2,
  "confidence": 0.7007444500923157,
  "uncertainty": 0.20774161258704704
}