{
  "image": "data\\raw\\images\\train\\F_2_2_485.jpg",
  "box": [
    40.633941650390625,
    433.6055603027344,
    255.40283203125,
    637.1412353515625
  ],
  "class": 7,
  "confidence": 0.5410122275352478,
  "uncertainty": 0.35869618225865296
}