{
  "image": "data\\raw\\images\\train\\F_2_8_807.jpg",
  "box": [
    1321.985107421875,
    441.2666015625,
    1419.908447265625,
    504.27392578125
  ],
  "class": 2,
  "confidence": 0.7694664597511292,
  "uncertainty": 0.18832394494221077
}