{
  "image": "data\\raw\\images\\train\\F_2_1_423.jpg",
  "box": [
    923.1421508789062,
    436.7230224609375,
    1012.4782104492188,
    525.4273681640625
  ],
  "class": 7,
  "confidence": 0.6993538737297058,
  "uncertainty": 0.3617909462315186
}