{
  "image": "data\\raw\\images\\train\\F_2_1_810.jpg",
  "box": [
    636.1762084960938,
    514.1091918945312,
    677.4463500976562,
    574.3123779296875
  ],
  "class": 3,
  "confidence": 0.6520336866378784,
  "uncertainty": 0.33693382507458147
}