{
  "image": "data\\raw\\images\\train\\F_2_2_822.jpg",
  "box": [
    562.5184936523438,
    440.2642822265625,
    605.50048828125,
    468.5915222167969
  ],
  "class": 2,
  "confidence": 0.34757083654403687,
  "uncertainty": 0.36345956537969926
}