{
  "image": "data\\raw\\images\\train\\F_2_2_328.jpg",
  "box": [
    1801.25830078125,
    481.0298767089844,
    1844.394287109375,
    568.01708984375
  ],
  "class": 3,
  "confidence": 0.4523405134677887,
  "uncertainty": 0.43800506863729644
}