{
  "image": "data\\raw\\images\\train\\F_2_4_1026.jpg",
  "box": [
    307.0187072753906,
    339.1923522949219,
    539.10888671875,
    437.3238830566406
  ],
  "class": 2,
  "confidence": 0.7285599708557129,
  "uncertainty": 0.21600682841181224
}