{
  "image": "data\\raw\\images\\train\\F_2_3_252.jpg",
  "box": [
    746.0694580078125,
    495.18402099609375,
    814.1689453125,
    602.6812133789062
  ],
  "class": 5,
  "confidence": 0.6194975972175598,
  "uncertainty": 0.32756483024659905
}