{
  "image": "data\\raw\\images\\train\\F_2_2_1312.jpg",
  "box": [
    0.5115623474121094,
    474.5240478515625,
    119.90455627441406,
    645.3784790039062
  ],
  "class": 2,
  "confidence": 0.8879879117012024,
  "uncertainty": 0.13877838714793644
}