{
  "image": "data\\raw\\images\\train\\F_2_8_400.jpg",
  "box": [
    429.52239990234375,
    433.191650390625,
    606.344482421875,
    498.5149841308594
  ],
  "class": 5,
  "confidence": 0.49419334530830383,
  "uncertainty": 0.38775078640764543
}