{
  "image": "data\\raw\\images\\train\\F_2_3_428.jpg",
  "box": [
    912.9746704101562,
    307.6144104003906,
    1173.420166015625,
    588.091552734375
  ],
  "class": 5,
  "confidence": 0.8818594813346863,
  "uncertainty": 0.2647616748988912
}