{
  "image": "data\\raw\\images\\train\\F_2_9_2785.jpg",
  "box": [
    1290.628173828125,
    541.7246704101562,
    1338.5953369140625,
    616.5706787109375
  ],
  "class": 3,
  "confidence": 0.6420457363128662,
  "uncertainty": 0.38265429104344656
}