{
  "image": "data\\raw\\images\\train\\F_2_3_335.jpg",
  "box": [
    554.1170654296875,
    341.9386901855469,
    727.715087890625,
    440.31939697265625
  ],
  "class": 5,
  "confidence": 0.505901038646698,
  "uncertainty": 0.45850972700264714
}