{
  "image": "data\\raw\\images\\train\\F_2_2_1609.jpg",
  "box": [
    1382.382568359375,
    428.70721435546875,
    1919.779541015625,
    934.269775390625
  ],
  "class": 2,
  "confidence": 0.8841270208358765,
  "uncertainty": 0.13891268906429954
}