{
  "image": "data\\raw\\images\\train\\F_2_8_893.jpg",
  "box": [
    0.8203125,
    492.7935791015625,
    320.05218505859375,
    767.638427734375
  ],
  "class": 2,
  "confidence": 0.9109780192375183,
  "uncertainty": 0.1419338943079424
}