{
  "image": "data\\raw\\images\\train\\F_2_7_1563.jpg",
  "box": [
    696.4293823242188,
    489.5052795410156,
    1301.888671875,
    975.888671875
  ],
  "class": 2,
  "confidence": 0.9139145016670227,
  "uncertainty": 0.1337522995608722
}