{
  "image": "data\\raw\\images\\train\\F_2_9_2527.jpg",
  "box": [
    1501.809326171875,
    445.06549072265625,
    1530.977294921875,
    483.1834716796875
  ],
  "class": 2,
  "confidence": 0.26249960064888,
  "uncertainty": 0.3772326262232827
}