{
  "image": "data\\raw\\images\\train\\F_2_7_2147.jpg",
  "box": [
    775.4423217773438,
    381.82269287109375,
    1235.822265625,
    957.693603515625
  ],
  "class": 7,
  "confidence": 0.7476449012756348,
  "uncertainty": 0.2801416515328658
}