{
  "image": "data\\raw\\images\\train\\F_2_4_858.jpg",
  "box": [
    990.609619140625,
    567.1444091796875,
    1070.4468994140625,
    683.8515625
  ],
  "class": 3,
  "confidence": 0.7283243536949158,
  "uncertainty": 0.30345781921124454
}