{
  "image": "data\\raw\\images\\train\\F_2_2_968.jpg",
  "box": [
    1018.8726196289062,
    469.21160888671875,
    1083.862548828125,
    524.5277709960938
  ],
  "class": 2,
  "confidence": 0.7005146145820618,
  "uncertainty": 0.20994441210148385
}