{
  "image": "data\\raw\\images\\train\\F_2_6_1490.jpg",
  "box": [
    1712.5419921875,
    605.7216796875,
    1919.216064453125,
    1069.980712890625
  ],
  "class": 2,
  "confidence": 0.5954020619392395,
  "uncertainty": 0.2804022498586327
}