{
  "image": "data\\raw\\images\\train\\F_2_1_564.jpg",
  "box": [
    179.5667724609375,
    484.2728576660156,
    271.45489501953125,
    599.6951904296875
  ],
  "class": 7,
  "confidence": 0.3949541449546814,
  "uncertainty": 0.4108239665548733
}