{
  "image": "data\\raw\\images\\train\\F_2_8_807.jpg",
  "box": [
    1801.678955078125,
    449.4672546386719,
    1919.250244140625,
    562.7630615234375
  ],
  "class": 2,
  "confidence": 0.5589848756790161,
  "uncertainty": 0.3297065564245757
}