{
  "image": "data\\raw\\images\\train\\F_2_1_727.jpg",
  "box": [
    855.7000732421875,
    527.5999755859375,
    907.2373046875,
    605.7325439453125
  ],
  "class": 3,
  "confidence": 0.6865925788879395,
  "uncertainty": 0.3089525599978653
}