{
  "image": "data\\raw\\images\\train\\F_2_7_1726.jpg",
  "box": [
    292.03955078125,
    689.9376220703125,
    576.2005615234375,
    1024.783935546875
  ],
  "class": 3,
  "confidence": 0.7608041167259216,
  "uncertainty": 0.29749673502255325
}