{
  "image": "data\\raw\\images\\train\\F_2_1_566.jpg",
  "box": [
    1854.71630859375,
    584.703369140625,
    1919.222900390625,
    685.9685668945312
  ],
  "class": 3,
  "confidence": 0.6709228754043579,
  "uncertainty": 0.36401736790730427
}