{
  "image": "data\\raw\\images\\train\\F_2_2_91.jpg",
  "box": [
    216.5946807861328,
    466.443603515625,
    349.9699401855469,
    625.5975952148438
  ],
  "class": 7,
  "confidence": 0.4497416317462921,
  "uncertainty": 0.392075827515913
}