{
  "image": "data\\raw\\images\\train\\F_2_6_237.jpg",
  "box": [
    0.9405899047851562,
    344.4291687011719,
    226.16075134277344,
    1023.8829345703125
  ],
  "class": 7,
  "confidence": 0.7637239098548889,
  "uncertainty": 0.2812898036898014
}