{
  "image": "data\\raw\\images\\train\\F_2_5_174.jpg",
  "box": [
    1416.6881103515625,
    437.80609130859375,
    1870.0477294921875,
    839.9976806640625
  ],
  "class": 2,
  "confidence": 0.9027949571609497,
  "uncertainty": 0.13963441772539634
}