{
  "image": "data\\raw\\images\\train\\F_2_7_2351.jpg",
  "box": [
    673.3909912109375,
    496.3419189453125,
    724.6588134765625,
    567.4344482421875
  ],
  "class": 2,
  "confidence": 0.4885004460811615,
  "uncertainty": 0.31173048215534804
}