{
  "image": "data\\raw\\images\\train\\F_2_1_328.jpg",
  "box": [
    1750.51025390625,
    490.6043701171875,
    1919.1298828125,
    664.8414916992188
  ],
  "class": 2,
  "confidence": 0.9107498526573181,
  "uncertainty": 0.11903373014624319
}