{
  "image": "data\\raw\\images\\train\\F_2_1_22.jpg",
  "box": [
    1586.4730224609375,
    375.334716796875,
    1657.0814208984375,
    564.9490356445312
  ],
  "class": 7,
  "confidence": 0.45153412222862244,
  "uncertainty": 0.40763369374075425
}