{
  "image": "data\\raw\\images\\train\\F_2_7_2351.jpg",
  "box": [
    513.7263793945312,
    588.8880615234375,
    609.1849365234375,
    746.1131591796875
  ],
  "class": 3,
  "confidence": 0.5964400172233582,
  "uncertainty": 0.40168050521862186
}