{
  "image": "data\\raw\\images\\train\\F_2_8_720.jpg",
  "box": [
    1070.99072265625,
    496.91949462890625,
    1299.233642578125,
    885.466064453125
  ],
  "class": 2,
  "confidence": 0.5370880961418152,
  "uncertainty": 0.2769178415139363
}