{
  "image": "data\\raw\\images\\train\\F_2_9_23.jpg",
  "box": [
    177.12158203125,
    263.0460205078125,
    1661.80517578125,
    1065.4322509765625
  ],
  "class": 2,
  "confidence": 0.9325298070907593,
  "uncertainty": 0.12037889583773365
}