{
  "image": "data\\raw\\images\\train\\F_2_3_321.jpg",
  "box": [
    295.593994140625,
    473.32012939453125,
    441.097412109375,
    623.425048828125
  ],
  "class": 2,
  "confidence": 0.8281314373016357,
  "uncertainty": 0.18702561122202765
}