{
  "image": "data\\raw\\images\\train\\F_2_1_552.jpg",
  "box": [
    297.67584228515625,
    404.47076416015625,
    382.1846008300781,
    509.042236328125
  ],
  "class": 7,
  "confidence": 0.6061014533042908,
  "uncertainty": 0.3350830235999484
}