{
  "image": "data\\raw\\images\\train\\F_2_11_168.jpg",
  "box": [
    1637.4091796875,
    339.4487609863281,
    1919.05908203125,
    597.7970581054688
  ],
  "class": 5,
  "confidence": 0.8862864375114441,
  "uncertainty": 0.19533153574359718
}