{
  "image": "data\\raw\\images\\train\\F_2_7_1508.jpg",
  "box": [
    280.9618835449219,
    457.7002258300781,
    1346.7294921875,
    1069.274658203125
  ],
  "class": 7,
  "confidence": 0.7965850234031677,
  "uncertainty": 0.24689949416380802
}