{
  "image": "data\\raw\\images\\train\\F_2_7_1260.jpg",
  "box": [
    498.5369873046875,
    414.3833312988281,
    657.5193481445312,
    581.9950561523438
  ],
  "class": 2,
  "confidence": 0.8543409705162048,
  "uncertainty": 0.1809331862499443
}