{
  "image": "data\\raw\\images\\train\\F_2_9_1526.jpg",
  "box": [
    831.6315307617188,
    403.616455078125,
    1166.872802734375,
    849.9882202148438
  ],
  "class": 7,
  "confidence": 0.7243878841400146,
  "uncertainty": 0.3058228160764345
}