{
  "image": "data\\raw\\images\\train\\F_2_11_324.jpg",
  "box": [
    1664.1207275390625,
    339.3037414550781,
    1869.8609619140625,
    506.82110595703125
  ],
  "class": 5,
  "confidence": 0.5890401601791382,
  "uncertainty": 0.3937478688468512
}