{
  "image": "data\\raw\\images\\train\\F_2_1_733.jpg",
  "box": [
    1456.98486328125,
    446.63861083984375,
    1531.478759765625,
    502.41937255859375
  ],
  "class": 2,
  "confidence": 0.5683304071426392,
  "uncertainty": 0.2521381794850719
}