{
  "image": "data\\raw\\images\\train\\F_2_3_459.jpg",
  "box": [
    742.689453125,
    469.70989990234375,
    861.718017578125,
    576.4320068359375
  ],
  "class": 2,
  "confidence": 0.5207871794700623,
  "uncertainty": 0.31613614423127373
}