{
  "image": "data\\raw\\images\\train\\F_2_7_1278.jpg",
  "box": [
    787.9513549804688,
    389.61932373046875,
    817.4981689453125,
    433.3231201171875
  ],
  "class": 3,
  "confidence": 0.2539132237434387,
  "uncertainty": 0.48343743799263283
}