{
  "image": "data\\raw\\images\\train\\F_2_2_1364.jpg",
  "box": [
    1223.69482421875,
    506.9102783203125,
    1326.3331298828125,
    728.7116088867188
  ],
  "class": 2,
  "confidence": 0.711867094039917,
  "uncertainty": 0.22445823221340527
}