{
  "image": "data\\raw\\images\\train\\F_2_8_1772.jpg",
  "box": [
    947.4739990234375,
    297.33319091796875,
    985.9212646484375,
    329.29022216796875
  ],
  "class": 2,
  "confidence": 0.4974096119403839,
  "uncertainty": 0.28895650462415234
}