{
  "image": "data\\raw\\images\\train\\F_2_11_159.jpg",
  "box": [
    1046.087646484375,
    334.0460510253906,
    1310.307373046875,
    594.0503540039062
  ],
  "class": 7,
  "confidence": 0.8940443396568298,
  "uncertainty": 0.21537828275993454
}