{
  "image": "data\\raw\\images\\train\\F_2_6_229.jpg",
  "box": [
    1450.649658203125,
    479.9048767089844,
    1856.3280029296875,
    816.4039306640625
  ],
  "class": 2,
  "confidence": 0.7860827445983887,
  "uncertainty": 0.19835529382822537
}