{
  "image": "data\\raw\\images\\train\\F_2_7_856.jpg",
  "box": [
    933.838623046875,
    537.3258056640625,
    1072.010009765625,
    699.9114990234375
  ],
  "class": 2,
  "confidence": 0.7520871162414551,
  "uncertainty": 0.21566278553206136
}