{
  "image": "data\\raw\\images\\train\\F_2_1_406.jpg",
  "box": [
    1582.7764892578125,
    506.8677062988281,
    1919.3280029296875,
    758.17041015625
  ],
  "class": 2,
  "confidence": 0.9294562935829163,
  "uncertainty": 0.12060049583569207
}