{
  "image": "data\\raw\\images\\train\\F_2_2_1054.jpg",
  "box": [
    1458.9697265625,
    515.9430541992188,
    1518.76513671875,
    614.6925659179688
  ],
  "class": 3,
  "confidence": 0.6520693898200989,
  "uncertainty": 0.3550725712306086
}