{
  "image": "data\\raw\\images\\train\\F_2_7_1868.jpg",
  "box": [
    3.187591552734375,
    5.55670166015625,
    983.400634765625,
    950.2648315429688
  ],
  "class": 5,
  "confidence": 0.9490890502929688,
  "uncertainty": 0.21696163008191316
}