{
  "image": "data\\raw\\images\\train\\F_2_2_96.jpg",
  "box": [
    1012.304443359375,
    441.3111877441406,
    1076.23291015625,
    511.69482421875
  ],
  "class": 2,
  "confidence": 0.3346393406391144,
  "uncertainty": 0.409102844826915
}