{
  "image": "data\\raw\\images\\train\\F_2_1_1190.jpg",
  "box": [
    423.36676025390625,
    455.36737060546875,
    461.2237243652344,
    504.90838623046875
  ],
  "class": 2,
  "confidence": 0.3560670018196106,
  "uncertainty": 0.3718413763782046
}