{
  "image": "data\\raw\\images\\train\\F_2_6_1430.jpg",
  "box": [
    619.9349365234375,
    772.6620483398438,
    834.6060791015625,
    1072.106201171875
  ],
  "class": 3,
  "confidence": 0.7968835234642029,
  "uncertainty": 0.2747630671751085
}