{
  "image": "data\\raw\\images\\train\\F_2_1_701.jpg",
  "box": [
    1543.7215576171875,
    501.60443115234375,
    1572.71044921875,
    556.1839599609375
  ],
  "class": 3,
  "confidence": 0.3532048463821411,
  "uncertainty": 0.450809642211565
}