{
  "image": "data\\raw\\images\\train\\F_2_1_875.jpg",
  "box": [
    1479.173095703125,
    556.425048828125,
    1554.468994140625,
    675.471923828125
  ],
  "class": 3,
  "confidence": 0.6515817642211914,
  "uncertainty": 0.37101728145164187
}