{
  "image": "data\\raw\\images\\train\\F_2_9_3025.jpg",
  "box": [
    1379.93017578125,
    517.6309814453125,
    1439.320556640625,
    601.9937744140625
  ],
  "class": 3,
  "confidence": 0.6883143186569214,
  "uncertainty": 0.34286038204016384
}