{
  "image": "data\\raw\\images\\train\\F_2_9_2320.jpg",
  "box": [
    1063.0462646484375,
    543.2779541015625,
    1141.4805908203125,
    695.7511596679688
  ],
  "class": 3,
  "confidence": 0.6088570952415466,
  "uncertainty": 0.3585998754639576
}