{
  "image": "data\\raw\\images\\train\\F_2_1_890.jpg",
  "box": [
    1533.545166015625,
    460.1908264160156,
    1765.37890625,
    633.1884765625
  ],
  "class": 2,
  "confidence": 0.9047250747680664,
  "uncertainty": 0.1324266237382723
}