{
  "image": "data\\raw\\images\\train\\F_2_11_143.jpg",
  "box": [
    972.825927734375,
    488.57861328125,
    1039.7799072265625,
    557.9389038085938
  ],
  "class": 7,
  "confidence": 0.2816963195800781,
  "uncertainty": 0.4643170586084092
}