{
  "image": "data\\raw\\images\\train\\F_2_7_1329.jpg",
  "box": [
    230.50071716308594,
    487.9278259277344,
    527.4092407226562,
    745.5869750976562
  ],
  "class": 2,
  "confidence": 0.9108586311340332,
  "uncertainty": 0.16455478591671002
}