{
  "image": "data\\raw\\images\\train\\F_2_6_566.jpg",
  "box": [
    1123.9080810546875,
    456.91278076171875,
    1169.1322021484375,
    560.9996337890625
  ],
  "class": 2,
  "confidence": 0.2749827206134796,
  "uncertainty": 0.3768334143230689
}