{
  "image": "data\\raw\\images\\train\\F_2_2_246.jpg",
  "box": [
    689.1546630859375,
    463.6901550292969,
    765.2470703125,
    516.5850219726562
  ],
  "class": 2,
  "confidence": 0.3944936692714691,
  "uncertainty": 0.31696087338087275
}