{
  "image": "data\\raw\\images\\train\\F_2_2_195.jpg",
  "box": [
    409.17132568359375,
    494.15972900390625,
    515.0977783203125,
    657.9276123046875
  ],
  "class": 5,
  "confidence": 0.4450395703315735,
  "uncertainty": 0.43058800911906486
}