{
  "image": "data\\raw\\images\\train\\F_2_9_1667.jpg",
  "box": [
    0.7053508758544922,
    473.7549133300781,
    80.95142364501953,
    592.56640625
  ],
  "class": 2,
  "confidence": 0.28902509808540344,
  "uncertainty": 0.43612317930529043
}