{
  "image": "data\\raw\\images\\train\\F_2_7_1744.jpg",
  "box": [
    393.9540710449219,
    410.3406982421875,
    470.22784423828125,
    511.044189453125
  ],
  "class": 7,
  "confidence": 0.6688874363899231,
  "uncertainty": 0.32255270181496176
}