{
  "image": "data\\raw\\images\\train\\F_2_9_1397.jpg",
  "box": [
    1376.6435546875,
    494.8077392578125,
    1484.328125,
    559.677978515625
  ],
  "class": 2,
  "confidence": 0.30056509375572205,
  "uncertainty": 0.38784683464882985
}