{
  "image": "data\\raw\\images\\train\\F_2_4_1026.jpg",
  "box": [
    1214.442138671875,
    374.9446105957031,
    1279.648681640625,
    443.2200622558594
  ],
  "class": 3,
  "confidence": 0.35795408487319946,
  "uncertainty": 0.45567386398398774
}