{
  "image": "data\\raw\\images\\train\\F_2_1_951.jpg",
  "box": [
    998.14306640625,
    450.6524658203125,
    1268.447021484375,
    686.8860473632812
  ],
  "class": 2,
  "confidence": 0.9000130891799927,
  "uncertainty": 0.14328220124534777
}