{
  "image": "data\\raw\\images\\train\\F_2_1_958.jpg",
  "box": [
    1820.818359375,
    480.7006530761719,
    1871.830810546875,
    576.1109619140625
  ],
  "class": 3,
  "confidence": 0.5774972438812256,
  "uncertainty": 0.3458913816382174
}