{
  "image": "data\\raw\\images\\train\\F_2_2_306.jpg",
  "box": [
    1223.9627685546875,
    469.97509765625,
    1294.562744140625,
    542.1354370117188
  ],
  "class": 2,
  "confidence": 0.6392347812652588,
  "uncertainty": 0.27980439651441913
}