{
  "image": "data\\raw\\images\\train\\F_2_2_346.jpg",
  "box": [
    935.7745971679688,
    367.3590087890625,
    1080.567138671875,
    530.6830444335938
  ],
  "class": 7,
  "confidence": 0.5386149287223816,
  "uncertainty": 0.4698853605085795
}