{
  "image": "data\\raw\\images\\train\\F_2_4_979.jpg",
  "box": [
    1262.0247802734375,
    438.95269775390625,
    1373.2298583984375,
    520.17919921875
  ],
  "class": 2,
  "confidence": 0.5966603755950928,
  "uncertainty": 0.24020977798502713
}