{
  "image": "data\\raw\\images\\train\\F_2_3_222.jpg",
  "box": [
    1127.9853515625,
    458.56640625,
    1236.9290771484375,
    561.8556518554688
  ],
  "class": 2,
  "confidence": 0.5093616247177124,
  "uncertainty": 0.29462581763257495
}