{
  "image": "data\\raw\\images\\train\\F_2_6_489.jpg",
  "box": [
    506.1891174316406,
    454.49853515625,
    566.7193603515625,
    573.8893432617188
  ],
  "class": 2,
  "confidence": 0.4022570550441742,
  "uncertainty": 0.3243683172560384
}