{
  "image": "data\\raw\\images\\train\\F_2_2_120.jpg",
  "box": [
    1011.48681640625,
    531.6767578125,
    1040.763916015625,
    579.9715576171875
  ],
  "class": 3,
  "confidence": 0.45790764689445496,
  "uncertainty": 0.4137215127898628
}