{
  "image": "data\\raw\\images\\train\\F_2_9_2346.jpg",
  "box": [
    495.156005859375,
    524.8173828125,
    553.0640258789062,
    623.8746337890625
  ],
  "class": 3,
  "confidence": 0.6589609980583191,
  "uncertainty": 0.34732896702132676
}