{
  "image": "data\\raw\\images\\train\\F_2_3_380.jpg",
  "box": [
    388.3038024902344,
    396.62091064453125,
    1186.750244140625,
    1066.3055419921875
  ],
  "class": 2,
  "confidence": 0.5795047283172607,
  "uncertainty": 0.26686968749453255
}