{
  "image": "data\\raw\\images\\train\\F_2_3_494.jpg",
  "box": [
    965.4358520507812,
    402.8809814453125,
    1007.0022583007812,
    445.767578125
  ],
  "class": 2,
  "confidence": 0.4613795876502991,
  "uncertainty": 0.3276015279349556
}