{
  "image": "data\\raw\\images\\train\\F_2_8_956.jpg",
  "box": [
    120.40560913085938,
    290.6490783691406,
    371.27569580078125,
    599.7050170898438
  ],
  "class": 7,
  "confidence": 0.8345886468887329,
  "uncertainty": 0.24266782291671812
}