{
  "image": "data\\raw\\images\\train\\F_2_1_377.jpg",
  "box": [
    1200.699951171875,
    414.39727783203125,
    1244.181640625,
    451.81890869140625
  ],
  "class": 2,
  "confidence": 0.5871654152870178,
  "uncertainty": 0.2595098138453886
}