{
  "image": "data\\raw\\images\\train\\F_2_8_1070.jpg",
  "box": [
    0.15917587280273438,
    481.12353515625,
    34.96803283691406,
    813.5549926757812
  ],
  "class": 2,
  "confidence": 0.33631807565689087,
  "uncertainty": 0.47855250237674557
}