{
  "image": "data\\raw\\images\\train\\F_2_6_439.jpg",
  "box": [
    67.12898254394531,
    434.992431640625,
    422.48797607421875,
    695.9317626953125
  ],
  "class": 2,
  "confidence": 0.8267282247543335,
  "uncertainty": 0.17783153704904103
}