{
  "image": "data\\raw\\images\\train\\F_2_1_766.jpg",
  "box": [
    773.2106323242188,
    490.17242431640625,
    809.2421264648438,
    544.1002807617188
  ],
  "class": 3,
  "confidence": 0.5165371298789978,
  "uncertainty": 0.3859579127782576
}