{
  "image": "data\\raw\\images\\train\\F_2_1_897.jpg",
  "box": [
    1766.454345703125,
    458.6377258300781,
    1919.322509765625,
    665.5091552734375
  ],
  "class": 7,
  "confidence": 0.39352867007255554,
  "uncertainty": 0.4778458998203527
}