{
  "image": "data\\raw\\images\\train\\F_2_1_415.jpg",
  "box": [
    858.7430419921875,
    440.8446350097656,
    980.3184814453125,
    548.4066162109375
  ],
  "class": 2,
  "confidence": 0.4608094394207001,
  "uncertainty": 0.30249375302985837
}