{
  "image": "data\\raw\\images\\train\\F_2_7_1652.jpg",
  "box": [
    1.015960693359375,
    341.8234558105469,
    480.28326416015625,
    1068.801025390625
  ],
  "class": 7,
  "confidence": 0.8652334809303284,
  "uncertainty": 0.2480219993938304
}