{
  "image": "data\\raw\\images\\train\\F_2_9_3016.jpg",
  "box": [
    0.9802322387695312,
    261.2222900390625,
    292.8652038574219,
    706.5233154296875
  ],
  "class": 7,
  "confidence": 0.8414594531059265,
  "uncertainty": 0.2652774361705588
}