{
  "image": "data\\raw\\images\\train\\F_2_2_831.jpg",
  "box": [
    692.1536865234375,
    444.54327392578125,
    770.19775390625,
    544.777587890625
  ],
  "class": 7,
  "confidence": 0.28366976976394653,
  "uncertainty": 0.457129725041671
}