{
  "image": "data\\raw\\images\\train\\F_2_7_872.jpg",
  "box": [
    867.1444702148438,
    637.9981079101562,
    988.8561401367188,
    848.6297607421875
  ],
  "class": 3,
  "confidence": 0.7485972046852112,
  "uncertainty": 0.33411361062179884
}