{
  "image": "data\\raw\\images\\train\\F_2_5_4.jpg",
  "box": [
    1528.6668701171875,
    550.7132568359375,
    1566.843017578125,
    609.2825927734375
  ],
  "class": 3,
  "confidence": 0.43055155873298645,
  "uncertainty": 0.4270198666968403
}