{
  "image": "data\\raw\\images\\train\\F_2_10_210.jpg",
  "box": [
    0.1295185089111328,
    472.7698974609375,
    69.69917297363281,
    514.6270751953125
  ],
  "class": 2,
  "confidence": 0.4602562189102173,
  "uncertainty": 0.3028198497834861
}