{
  "image": "data\\raw\\images\\train\\F_2_8_932.jpg",
  "box": [
    1561.31884765625,
    83.38504028320312,
    1804.89013671875,
    177.4961700439453
  ],
  "class": 5,
  "confidence": 0.2556941509246826,
  "uncertainty": 0.4540665228866668
}