{
  "image": "data\\raw\\images\\train\\F_2_5_87.jpg",
  "box": [
    1732.0924072265625,
    445.0307922363281,
    1857.9349365234375,
    595.8565673828125
  ],
  "class": 7,
  "confidence": 0.36094626784324646,
  "uncertainty": 0.42020378687844856
}