{
  "image": "data\\raw\\images\\train\\F_2_1_934.jpg",
  "box": [
    1248.0,
    462.489013671875,
    1311.327392578125,
    524.670166015625
  ],
  "class": 2,
  "confidence": 0.7127057313919067,
  "uncertainty": 0.19344644095459906
}