{
  "image": "data\\raw\\images\\train\\F_2_3_277.jpg",
  "box": [
    1318.088134765625,
    421.2292785644531,
    1625.2657470703125,
    680.634033203125
  ],
  "class": 2,
  "confidence": 0.922213613986969,
  "uncertainty": 0.13453652220215634
}