{
  "image": "data\\raw\\images\\train\\F_2_8_718.jpg",
  "box": [
    376.93194580078125,
    485.4755859375,
    529.708984375,
    823.9365234375
  ],
  "class": 2,
  "confidence": 0.7206043004989624,
  "uncertainty": 0.2189935955994715
}