{
  "image": "data\\raw\\images\\train\\F_2_1_3.jpg",
  "box": [
    1431.4290771484375,
    8.6019287109375,
    1919.04052734375,
    1019.2144775390625
  ],
  "class": 7,
  "confidence": 0.932803213596344,
  "uncertainty": 0.21365536977107685
}