{
  "image": "data\\raw\\images\\train\\F_2_2_1476.jpg",
  "box": [
    0.2575035095214844,
    438.7625427246094,
    159.014892578125,
    809.04345703125
  ],
  "class": 2,
  "confidence": 0.8684220314025879,
  "uncertainty": 0.13514390353521535
}