{
  "image": "data\\raw\\images\\train\\F_2_2_1439.jpg",
  "box": [
    1271.9560546875,
    479.4429931640625,
    1351.8922119140625,
    609.782958984375
  ],
  "class": 3,
  "confidence": 0.6077545881271362,
  "uncertainty": 0.3943289444839521
}