{
  "image": "data\\raw\\images\\train\\F_2_9_2569.jpg",
  "box": [
    1365.523193359375,
    504.2449035644531,
    1625.6005859375,
    694.21533203125
  ],
  "class": 2,
  "confidence": 0.8827983736991882,
  "uncertainty": 0.17173737712292717
}