{
  "image": "data\\raw\\images\\train\\F_2_11_143.jpg",
  "box": [
    927.1635131835938,
    477.42962646484375,
    983.9719848632812,
    548.2711791992188
  ],
  "class": 7,
  "confidence": 0.45637714862823486,
  "uncertainty": 0.4008400837337715
}