{
  "image": "data\\raw\\images\\train\\F_2_2_1688.jpg",
  "box": [
    1063.68701171875,
    474.78131103515625,
    1124.797607421875,
    563.804443359375
  ],
  "class": 3,
  "confidence": 0.6186463236808777,
  "uncertainty": 0.3888622400932156
}