{
  "image": "data\\raw\\images\\train\\F_2_8_1544.jpg",
  "box": [
    1587.0498046875,
    397.2708435058594,
    1919.1851806640625,
    1064.8626708984375
  ],
  "class": 2,
  "confidence": 0.9312902092933655,
  "uncertainty": 0.12412835199232676
}