{
  "image": "data\\raw\\images\\train\\F_2_1_701.jpg",
  "box": [
    1467.3577880859375,
    470.8644104003906,
    1533.1446533203125,
    548.689208984375
  ],
  "class": 7,
  "confidence": 0.27522027492523193,
  "uncertainty": 0.4668016086601587
}