{
  "image": "data\\raw\\images\\train\\F_2_9_2139.jpg",
  "box": [
    675.5196533203125,
    430.163818359375,
    963.5811767578125,
    772.4122924804688
  ],
  "class": 7,
  "confidence": 0.35445401072502136,
  "uncertainty": 0.4402988201201113
}