{
  "image": "data\\raw\\images\\train\\F_2_2_1008.jpg",
  "box": [
    1724.25048828125,
    409.6762390136719,
    1759.405029296875,
    468.2822570800781
  ],
  "class": 2,
  "confidence": 0.2774326503276825,
  "uncertainty": 0.41665418046349917
}