{
  "image": "data\\raw\\images\\train\\F_2_7_378.jpg",
  "box": [
    1032.900146484375,
    581.6717529296875,
    1121.34912109375,
    671.320068359375
  ],
  "class": 3,
  "confidence": 0.4442572593688965,
  "uncertainty": 0.43848132049275174
}