{
  "image": "data\\raw\\images\\train\\F_2_2_964.jpg",
  "box": [
    673.8287353515625,
    530.775146484375,
    717.2386474609375,
    587.6614379882812
  ],
  "class": 2,
  "confidence": 0.2642200291156769,
  "uncertainty": 0.43362944824771243
}