{
  "image": "data\\raw\\images\\train\\F_2_1_821.jpg",
  "box": [
    1085.622802734375,
    479.03497314453125,
    1137.1468505859375,
    524.0689697265625
  ],
  "class": 2,
  "confidence": 0.261625200510025,
  "uncertainty": 0.41830245842937397
}