{
  "image": "data\\raw\\images\\train\\F_2_2_840.jpg",
  "box": [
    88.72499084472656,
    606.4822998046875,
    196.87307739257812,
    736.383056640625
  ],
  "class": 3,
  "confidence": 0.7495275139808655,
  "uncertainty": 0.3012991966973763
}