{
  "image": "data\\raw\\images\\train\\F_2_1_485.jpg",
  "box": [
    1260.9189453125,
    498.87249755859375,
    1293.701171875,
    555.10986328125
  ],
  "class": 3,
  "confidence": 0.509800136089325,
  "uncertainty": 0.3830589266324228
}