{
  "image": "data\\raw\\images\\train\\F_2_6_545.jpg",
  "box": [
    387.1744079589844,
    462.76812744140625,
    528.7398681640625,
    574.2335815429688
  ],
  "class": 2,
  "confidence": 0.35242071747779846,
  "uncertainty": 0.3679104008159829
}