{
  "image": "data\\raw\\images\\train\\F_2_8_1808.jpg",
  "box": [
    1295.41552734375,
    266.53448486328125,
    1350.804931640625,
    328.6876220703125
  ],
  "class": 7,
  "confidence": 0.6877406239509583,
  "uncertainty": 0.3001686539719079
}