{
  "image": "data\\raw\\images\\train\\F_2_1_31.jpg",
  "box": [
    1008.9334716796875,
    242.00015258789062,
    1313.7821044921875,
    557.9832763671875
  ],
  "class": 7,
  "confidence": 0.8889521956443787,
  "uncertainty": 0.2599013392745973
}