{
  "image": "data\\raw\\images\\train\\F_2_1_1190.jpg",
  "box": [
    1600.6953125,
    448.3475646972656,
    1793.872314453125,
    681.8128662109375
  ],
  "class": 7,
  "confidence": 0.4622291326522827,
  "uncertainty": 0.4134248304348522
}