{
  "image": "data\\raw\\images\\train\\F_2_2_166.jpg",
  "box": [
    1480.730712890625,
    495.20904541015625,
    1530.3387451171875,
    578.2340087890625
  ],
  "class": 3,
  "confidence": 0.5236905813217163,
  "uncertainty": 0.39547146117442905
}