{
  "image": "data\\raw\\images\\train\\F_2_1_341.jpg",
  "box": [
    958.151123046875,
    453.4896240234375,
    1000.9693603515625,
    512.203125
  ],
  "class": 3,
  "confidence": 0.6556517481803894,
  "uncertainty": 0.3490237572027615
}