{
  "image": "data\\raw\\images\\train\\F_2_1_762.jpg",
  "box": [
    609.3839111328125,
    519.9735717773438,
    645.171875,
    575.2073364257812
  ],
  "class": 3,
  "confidence": 0.3366378843784332,
  "uncertainty": 0.4574300386941517
}