{
  "image": "data\\raw\\images\\train\\F_2_4_238.jpg",
  "box": [
    808.5557861328125,
    3.5153732299804688,
    1348.237548828125,
    760.4466552734375
  ],
  "class": 7,
  "confidence": 0.9207461476325989,
  "uncertainty": 0.2277184041594924
}