{
  "image": "data\\raw\\images\\train\\F_2_1_411.jpg",
  "box": [
    905.1483764648438,
    491.2222595214844,
    956.68798828125,
    572.9942626953125
  ],
  "class": 3,
  "confidence": 0.6396883130073547,
  "uncertainty": 0.3368083726401443
}