{
  "image": "data\\raw\\images\\train\\F_2_3_183.jpg",
  "box": [
    1541.668212890625,
    198.73968505859375,
    1918.93359375,
    962.22412109375
  ],
  "class": 7,
  "confidence": 0.9268813729286194,
  "uncertainty": 0.2773996219903881
}