{
  "image": "data\\raw\\images\\train\\F_2_9_341.jpg",
  "box": [
    1148.9608154296875,
    437.7768859863281,
    1245.1446533203125,
    519.6375732421875
  ],
  "class": 2,
  "confidence": 0.31904885172843933,
  "uncertainty": 0.44355973062702786
}