{
  "image": "data\\raw\\images\\train\\F_2_9_2271.jpg",
  "box": [
    629.662841796875,
    455.05560302734375,
    838.1065673828125,
    685.806396484375
  ],
  "class": 2,
  "confidence": 0.8063649535179138,
  "uncertainty": 0.1966177021197359
}