{
  "image": "data\\raw\\images\\train\\F_2_1_454.jpg",
  "box": [
    1107.373046875,
    414.45550537109375,
    1398.713623046875,
    679.6156616210938
  ],
  "class": 2,
  "confidence": 0.8355350494384766,
  "uncertainty": 0.1581399871781159
}