{
  "image": "data\\raw\\images\\train\\F_2_3_610.jpg",
  "box": [
    21.553688049316406,
    667.7152099609375,
    216.25657653808594,
    915.6396484375
  ],
  "class": 3,
  "confidence": 0.7780759334564209,
  "uncertainty": 0.2886071961545564
}