{
  "image": "data\\raw\\images\\train\\F_2_2_968.jpg",
  "box": [
    745.0548095703125,
    466.48095703125,
    781.6697998046875,
    525.6156005859375
  ],
  "class": 2,
  "confidence": 0.35173389315605164,
  "uncertainty": 0.39437255323719606
}