{
  "image": "data\\raw\\images\\train\\F_2_2_856.jpg",
  "box": [
    1646.4979248046875,
    204.56533813476562,
    1918.852294921875,
    1068.9097900390625
  ],
  "class": 7,
  "confidence": 0.896511435508728,
  "uncertainty": 0.25439150727288123
}