{
  "image": "data\\raw\\images\\train\\F_2_2_808.jpg",
  "box": [
    1186.1781005859375,
    402.9332275390625,
    1230.0068359375,
    431.0469970703125
  ],
  "class": 2,
  "confidence": 0.2569555938243866,
  "uncertainty": 0.3919673782423765
}