{
  "image": "data\\raw\\images\\train\\F_2_2_195.jpg",
  "box": [
    178.11099243164062,
    861.7806396484375,
    480.221923828125,
    1072.9014892578125
  ],
  "class": 3,
  "confidence": 0.3910495340824127,
  "uncertainty": 0.4548487171271558
}