{
  "image": "data\\raw\\images\\train\\F_2_2_1212.jpg",
  "box": [
    1626.4541015625,
    473.95550537109375,
    1919.49755859375,
    798.26806640625
  ],
  "class": 2,
  "confidence": 0.6796633005142212,
  "uncertainty": 0.24178698102289725
}