{
  "image": "data\\raw\\images\\train\\F_2_9_2646.jpg",
  "box": [
    0.3249778747558594,
    446.7587585449219,
    146.21661376953125,
    833.4772338867188
  ],
  "class": 2,
  "confidence": 0.8958619832992554,
  "uncertainty": 0.16503760225981529
}