{
  "image": "data\\raw\\images\\train\\F_2_2_1584.jpg",
  "box": [
    720.4022216796875,
    718.9779052734375,
    1140.555419921875,
    1069.494140625
  ],
  "class": 3,
  "confidence": 0.6194045543670654,
  "uncertainty": 0.3820330435233328
}