{
  "image": "data\\raw\\images\\train\\F_2_10_87.jpg",
  "box": [
    1330.0556640625,
    449.83648681640625,
    1919.096435546875,
    931.0145263671875
  ],
  "class": 2,
  "confidence": 0.927716851234436,
  "uncertainty": 0.14159249309005828
}