{
  "image": "data\\raw\\images\\train\\F_2_1_170.jpg",
  "box": [
    648.6885986328125,
    456.166259765625,
    759.9527587890625,
    589.13232421875
  ],
  "class": 7,
  "confidence": 0.49372634291648865,
  "uncertainty": 0.3978671203662086
}