{
  "image": "data\\raw\\images\\train\\F_2_9_3002.jpg",
  "box": [
    1587.806640625,
    100.13333129882812,
    1918.3515625,
    810.9179077148438
  ],
  "class": 5,
  "confidence": 0.9260256290435791,
  "uncertainty": 0.21243653870280838
}