{
  "image": "data\\raw\\images\\train\\F_2_2_129.jpg",
  "box": [
    1610.24267578125,
    416.9865417480469,
    1743.54931640625,
    535.9332275390625
  ],
  "class": 5,
  "confidence": 0.7008966207504272,
  "uncertainty": 0.30622263757891444
}