{
  "image": "data\\raw\\images\\train\\F_2_2_1550.jpg",
  "box": [
    1807.4278564453125,
    465.4302062988281,
    1919.2584228515625,
    771.6289672851562
  ],
  "class": 2,
  "confidence": 0.8614333868026733,
  "uncertainty": 0.22834104730304133
}