{
  "image": "data\\raw\\images\\train\\F_2_1_552.jpg",
  "box": [
    1595.3697509765625,
    405.39019775390625,
    1684.7054443359375,
    500.89013671875
  ],
  "class": 2,
  "confidence": 0.5268924236297607,
  "uncertainty": 0.2803079818665584
}