{
  "image": "data\\raw\\images\\train\\F_2_7_445.jpg",
  "box": [
    785.3997802734375,
    460.65948486328125,
    1000.6734008789062,
    679.7887573242188
  ],
  "class": 2,
  "confidence": 0.8605822324752808,
  "uncertainty": 0.15446041603188593
}