{
  "image": "data\\raw\\images\\train\\F_2_1_695.jpg",
  "box": [
    1504.936279296875,
    542.9495849609375,
    1584.999267578125,
    658.175048828125
  ],
  "class": 3,
  "confidence": 0.7435833811759949,
  "uncertainty": 0.32062124604489395
}