{
  "image": "data\\raw\\images\\train\\F_2_1_22.jpg",
  "box": [
    1099.2989501953125,
    451.8780212402344,
    1136.3720703125,
    564.7568359375
  ],
  "class": 2,
  "confidence": 0.5400295257568359,
  "uncertainty": 0.289369208080184
}