{
  "image": "data\\raw\\images\\train\\F_2_7_1622.jpg",
  "box": [
    478.370849609375,
    535.0226440429688,
    540.0651245117188,
    636.56396484375
  ],
  "class": 2,
  "confidence": 0.6720418930053711,
  "uncertainty": 0.2579498889341268
}