{
  "image": "data\\raw\\images\\train\\F_2_7_1571.jpg",
  "box": [
    131.120361328125,
    388.4175109863281,
    580.8609619140625,
    807.029541015625
  ],
  "class": 2,
  "confidence": 0.7753803133964539,
  "uncertainty": 0.30353414391255523
}