{
  "image": "data\\raw\\images\\train\\F_2_6_1393.jpg",
  "box": [
    1395.845947265625,
    264.1617736816406,
    1625.2371826171875,
    464.08282470703125
  ],
  "class": 5,
  "confidence": 0.4652019441127777,
  "uncertainty": 0.4027531384204074
}