{
  "image": "data\\raw\\images\\train\\F_2_5_246.jpg",
  "box": [
    432.69580078125,
    885.9651489257812,
    701.75244140625,
    1073.365234375
  ],
  "class": 3,
  "confidence": 0.5980955958366394,
  "uncertainty": 0.3403210587297593
}