{
  "image": "data\\raw\\images\\train\\F_2_3_135.jpg",
  "box": [
    1015.1757202148438,
    456.48614501953125,
    1087.9669189453125,
    501.9913330078125
  ],
  "class": 2,
  "confidence": 0.30559834837913513,
  "uncertainty": 0.37697263387226476
}