{
  "image": "data\\raw\\images\\train\\F_2_1_627.jpg",
  "box": [
    1352.24560546875,
    479.30364990234375,
    1406.496826171875,
    520.650146484375
  ],
  "class": 2,
  "confidence": 0.6771401166915894,
  "uncertainty": 0.20016646905049984
}