{
  "image": "data\\raw\\images\\train\\F_2_2_1054.jpg",
  "box": [
    757.1771850585938,
    444.9302673339844,
    899.3809204101562,
    488.82073974609375
  ],
  "class": 2,
  "confidence": 0.5108342170715332,
  "uncertainty": 0.3310297629336866
}