{
  "image": "data\\raw\\images\\train\\F_2_2_96.jpg",
  "box": [
    1457.9212646484375,
    392.8764953613281,
    1535.60595703125,
    457.8064270019531
  ],
  "class": 7,
  "confidence": 0.44290778040885925,
  "uncertainty": 0.3829040700002786
}