{
  "image": "data\\raw\\images\\train\\F_2_7_483.jpg",
  "box": [
    444.9637756347656,
    455.7175598144531,
    814.1666259765625,
    996.1466064453125
  ],
  "class": 2,
  "confidence": 0.8080460429191589,
  "uncertainty": 0.17138574667794976
}