{
  "image": "data\\raw\\images\\train\\F_2_7_150.jpg",
  "box": [
    83.95003509521484,
    388.2227783203125,
    792.7879028320312,
    1041.8397216796875
  ],
  "class": 2,
  "confidence": 0.9168217182159424,
  "uncertainty": 0.1424561678427796
}