{
  "image": "data\\raw\\images\\train\\F_2_9_2322.jpg",
  "box": [
    1400.1005859375,
    448.90704345703125,
    1446.74755859375,
    478.12188720703125
  ],
  "class": 2,
  "confidence": 0.33206093311309814,
  "uncertainty": 0.35230845374530817
}