{
  "image": "data\\raw\\images\\train\\F_2_2_197.jpg",
  "box": [
    1448.7806396484375,
    505.3135986328125,
    1648.1488037109375,
    669.8659057617188
  ],
  "class": 2,
  "confidence": 0.7530409693717957,
  "uncertainty": 0.23148438653137476
}