{
  "image": "data\\raw\\images\\train\\F_2_1_762.jpg",
  "box": [
    568.5947265625,
    543.3432006835938,
    605.1593627929688,
    594.5257568359375
  ],
  "class": 3,
  "confidence": 0.5189895033836365,
  "uncertainty": 0.38316893186466555
}