{
  "image": "data\\raw\\images\\train\\F_2_2_791.jpg",
  "box": [
    0.4650535583496094,
    478.51513671875,
    82.07609558105469,
    638.73095703125
  ],
  "class": 2,
  "confidence": 0.36110904812812805,
  "uncertainty": 0.4275002191807912
}