{
  "image": "data\\raw\\images\\train\\F_2_2_1557.jpg",
  "box": [
    672.8878784179688,
    410.7999572753906,
    1416.2391357421875,
    1063.5987548828125
  ],
  "class": 2,
  "confidence": 0.9129579067230225,
  "uncertainty": 0.16622758416859226
}