{
  "image": "data\\raw\\images\\train\\F_2_1_714.jpg",
  "box": [
    1552.4754638671875,
    518.5528564453125,
    1576.6051025390625,
    563.9089965820312
  ],
  "class": 3,
  "confidence": 0.4942150115966797,
  "uncertainty": 0.38973481157865847
}