{
  "image": "data\\raw\\images\\train\\F_2_9_230.jpg",
  "box": [
    685.3672485351562,
    631.94287109375,
    758.4812622070312,
    810.7754516601562
  ],
  "class": 3,
  "confidence": 0.6237191557884216,
  "uncertainty": 0.3701642544926811
}