{
  "image": "data\\raw\\images\\train\\F_2_7_958.jpg",
  "box": [
    1014.41357421875,
    437.02294921875,
    1154.728515625,
    660.3072509765625
  ],
  "class": 2,
  "confidence": 0.7183056473731995,
  "uncertainty": 0.36849750227313377
}