{
  "image": "data\\raw\\images\\train\\F_2_9_3016.jpg",
  "box": [
    664.968994140625,
    264.6229248046875,
    905.662841796875,
    533.022216796875
  ],
  "class": 7,
  "confidence": 0.8598561882972717,
  "uncertainty": 0.27903632490578895
}