{
  "image": "data\\raw\\images\\train\\F_2_1_730.jpg",
  "box": [
    873.3138427734375,
    443.4608154296875,
    925.635498046875,
    516.3786010742188
  ],
  "class": 2,
  "confidence": 0.4819505214691162,
  "uncertainty": 0.37525719772607485
}