{
  "image": "data\\raw\\images\\train\\F_2_1_661.jpg",
  "box": [
    823.76708984375,
    354.29913330078125,
    954.8480224609375,
    414.40380859375
  ],
  "class": 5,
  "confidence": 0.3893803358078003,
  "uncertainty": 0.4203755441082569
}