{
  "image": "data\\raw\\images\\train\\F_2_7_1638.jpg",
  "box": [
    1676.39404296875,
    377.4244079589844,
    1809.248779296875,
    498.81683349609375
  ],
  "class": 2,
  "confidence": 0.3297417461872101,
  "uncertainty": 0.4013560781011605
}