{
  "image": "data\\raw\\images\\train\\F_2_3_277.jpg",
  "box": [
    692.4180908203125,
    308.3257141113281,
    1261.7412109375,
    910.500732421875
  ],
  "class": 7,
  "confidence": 0.8954563140869141,
  "uncertainty": 0.2237828575071718
}