{
  "image": "data\\raw\\images\\train\\F_2_5_183.jpg",
  "box": [
    727.01171875,
    522.2047729492188,
    782.6226806640625,
    614.1184692382812
  ],
  "class": 3,
  "confidence": 0.5347691178321838,
  "uncertainty": 0.384828352695071
}