{
  "image": "data\\raw\\images\\train\\F_2_7_382.jpg",
  "box": [
    1211.708984375,
    456.6294250488281,
    1429.38623046875,
    731.0908813476562
  ],
  "class": 2,
  "confidence": 0.4317830204963684,
  "uncertainty": 0.34728666680570497
}