{
  "image": "data\\raw\\images\\train\\F_2_7_94.jpg",
  "box": [
    0.42162322998046875,
    495.8858642578125,
    182.86978149414062,
    932.47412109375
  ],
  "class": 2,
  "confidence": 0.9049659371376038,
  "uncertainty": 0.15734863022314333
}