{
  "image": "data\\raw\\images\\train\\F_2_1_22.jpg",
  "box": [
    1126.66748046875,
    254.68817138671875,
    1426.1375732421875,
    673.3311767578125
  ],
  "class": 7,
  "confidence": 0.3796346187591553,
  "uncertainty": 0.4187104673911713
}