{
  "image": "data\\raw\\images\\train\\F_2_2_1217.jpg",
  "box": [
    141.79989624023438,
    428.7334899902344,
    415.561279296875,
    661.7691650390625
  ],
  "class": 2,
  "confidence": 0.8990563154220581,
  "uncertainty": 0.21829869414508707
}