{
  "image": "data\\raw\\images\\train\\F_2_1_369.jpg",
  "box": [
    590.77197265625,
    409.83544921875,
    669.32568359375,
    496.244384765625
  ],
  "class": 5,
  "confidence": 0.3029446005821228,
  "uncertainty": 0.4482039754685246
}