{
  "image": "data\\raw\\images\\train\\F_2_4_214.jpg",
  "box": [
    630.1272583007812,
    473.9058837890625,
    1088.1258544921875,
    869.7951049804688
  ],
  "class": 2,
  "confidence": 0.9254907369613647,
  "uncertainty": 0.12202483604513048
}