{
  "image": "data\\raw\\images\\train\\F_2_2_970.jpg",
  "box": [
    792.7021484375,
    498.2859191894531,
    842.9891357421875,
    545.3873291015625
  ],
  "class": 2,
  "confidence": 0.5368778109550476,
  "uncertainty": 0.257461009136291
}