{
  "image": "data\\raw\\images\\train\\F_2_9_310.jpg",
  "box": [
    1214.171142578125,
    544.4149169921875,
    1258.481201171875,
    604.741455078125
  ],
  "class": 2,
  "confidence": 0.3893347382545471,
  "uncertainty": 0.36880314982610146
}