{
  "image": "data\\raw\\images\\train\\F_2_4_278.jpg",
  "box": [
    491.23223876953125,
    546.8004150390625,
    545.2952270507812,
    653.639404296875
  ],
  "class": 3,
  "confidence": 0.35008129477500916,
  "uncertainty": 0.4397094745430121
}