{
  "image": "data\\raw\\images\\train\\F_2_7_744.jpg",
  "box": [
    1074.755859375,
    662.5775146484375,
    1226.8956298828125,
    929.0330200195312
  ],
  "class": 3,
  "confidence": 0.6597632169723511,
  "uncertainty": 0.3066231213666552
}