{
  "image": "data\\raw\\images\\train\\F_2_3_610.jpg",
  "box": [
    1432.6700439453125,
    352.81658935546875,
    1919.37451171875,
    808.7425537109375
  ],
  "class": 7,
  "confidence": 0.7112740278244019,
  "uncertainty": 0.3266453043245755
}