{
  "image": "data\\raw\\images\\train\\F_2_2_1584.jpg",
  "box": [
    1293.447998046875,
    466.410888671875,
    1489.7861328125,
    564.880126953125
  ],
  "class": 2,
  "confidence": 0.68231600522995,
  "uncertainty": 0.31305567780379145
}