{
  "image": "data\\raw\\images\\train\\F_2_6_898.jpg",
  "box": [
    514.369873046875,
    670.400634765625,
    686.75244140625,
    980.646728515625
  ],
  "class": 3,
  "confidence": 0.7013274431228638,
  "uncertainty": 0.3544724079188423
}