{
  "image": "data\\raw\\images\\train\\F_2_2_852.jpg",
  "box": [
    1318.41015625,
    564.2860107421875,
    1392.7586669921875,
    680.3314819335938
  ],
  "class": 3,
  "confidence": 0.6314380764961243,
  "uncertainty": 0.37121790077177075
}