{
  "image": "data\\raw\\images\\train\\F_2_11_132.jpg",
  "box": [
    959.9624633789062,
    440.8493957519531,
    1013.734130859375,
    506.236083984375
  ],
  "class": 7,
  "confidence": 0.42225801944732666,
  "uncertainty": 0.4043214732383095
}