{
  "image": "data\\raw\\images\\train\\F_2_1_1084.jpg",
  "box": [
    475.2333068847656,
    557.0681762695312,
    564.870849609375,
    697.1573486328125
  ],
  "class": 3,
  "confidence": 0.7365103363990784,
  "uncertainty": 0.31248355835131914
}