{
  "image": "data\\raw\\images\\train\\F_2_8_1748.jpg",
  "box": [
    1030.0048828125,
    233.62307739257812,
    1074.748779296875,
    290.84088134765625
  ],
  "class": 7,
  "confidence": 0.398473858833313,
  "uncertainty": 0.42918402917274806
}