{
  "image": "data\\raw\\images\\train\\F_2_3_255.jpg",
  "box": [
    1631.5740966796875,
    680.14990234375,
    1777.3304443359375,
    873.667724609375
  ],
  "class": 3,
  "confidence": 0.6680999994277954,
  "uncertainty": 0.36004380446722245
}