{
  "image": "data\\raw\\images\\train\\F_2_6_120.jpg",
  "box": [
    676.0828857421875,
    432.15673828125,
    730.19287109375,
    492.2523193359375
  ],
  "class": 2,
  "confidence": 0.33719074726104736,
  "uncertainty": 0.3926066007508938
}