{
  "image": "data\\raw\\images\\train\\F_2_6_330.jpg",
  "box": [
    1406.0167236328125,
    357.53338623046875,
    1766.7073974609375,
    527.4512329101562
  ],
  "class": 5,
  "confidence": 0.6954360008239746,
  "uncertainty": 0.3442767980767841
}