{
  "image": "data\\raw\\images\\train\\F_2_7_2141.jpg",
  "box": [
    0.4726295471191406,
    443.8853759765625,
    128.85435485839844,
    687.21240234375
  ],
  "class": 2,
  "confidence": 0.8755308985710144,
  "uncertainty": 0.15867085675677942
}