{
  "image": "data\\raw\\images\\train\\F_2_7_1232.jpg",
  "box": [
    493.02703857421875,
    372.2384033203125,
    1642.7890625,
    1067.817626953125
  ],
  "class": 2,
  "confidence": 0.7861736416816711,
  "uncertainty": 0.15885111586711914
}