{
  "image": "data\\raw\\images\\train\\F_2_7_403.jpg",
  "box": [
    720.2390747070312,
    361.98907470703125,
    893.6337890625,
    470.99542236328125
  ],
  "class": 7,
  "confidence": 0.3207903206348419,
  "uncertainty": 0.4432714622542339
}