{
  "image": "data\\raw\\images\\train\\F_2_1_485.jpg",
  "box": [
    223.92709350585938,
    461.8805236816406,
    492.2350158691406,
    786.6472778320312
  ],
  "class": 7,
  "confidence": 0.32296979427337646,
  "uncertainty": 0.44346560679095903
}