{
  "image": "data\\raw\\images\\train\\F_2_5_37.jpg",
  "box": [
    1257.09716796875,
    470.9718017578125,
    1288.033203125,
    523.884521484375
  ],
  "class": 3,
  "confidence": 0.445342481136322,
  "uncertainty": 0.40269467728305636
}