{
  "image": "data\\raw\\images\\train\\F_2_1_495.jpg",
  "box": [
    241.29779052734375,
    386.94873046875,
    358.43634033203125,
    494.719482421875
  ],
  "class": 7,
  "confidence": 0.5514019727706909,
  "uncertainty": 0.39051631048772845
}