{
  "image": "data\\raw\\images\\train\\F_2_8_1808.jpg",
  "box": [
    750.187255859375,
    413.2517395019531,
    1060.676025390625,
    677.3763427734375
  ],
  "class": 2,
  "confidence": 0.8624452352523804,
  "uncertainty": 0.1765982369631947
}