{
  "image": "data\\raw\\images\\train\\F_2_7_535.jpg",
  "box": [
    1.69061279296875,
    256.5098876953125,
    1715.4466552734375,
    1068.985107421875
  ],
  "class": 2,
  "confidence": 0.9003378748893738,
  "uncertainty": 0.11934643241773019
}