{
  "image": "data\\raw\\images\\train\\F_2_6_1624.jpg",
  "box": [
    0.337371826171875,
    655.385009765625,
    105.90428924560547,
    941.6317749023438
  ],
  "class": 3,
  "confidence": 0.4697112441062927,
  "uncertainty": 0.44331230182446274
}