{
  "image": "data\\raw\\images\\train\\F_2_1_539.jpg",
  "box": [
    1114.863037109375,
    458.26434326171875,
    1143.492431640625,
    487.80224609375
  ],
  "class": 2,
  "confidence": 0.36735960841178894,
  "uncertainty": 0.34580584806880754
}