{
  "image": "data\\raw\\images\\train\\F_2_1_313.jpg",
  "box": [
    1016.6182250976562,
    427.39434814453125,
    1071.71533203125,
    506.46185302734375
  ],
  "class": 7,
  "confidence": 0.2690674364566803,
  "uncertainty": 0.4897984662673574
}