{
  "image": "data\\raw\\images\\train\\F_2_7_186.jpg",
  "box": [
    0.2912750244140625,
    500.9592590332031,
    206.159912109375,
    894.3209838867188
  ],
  "class": 2,
  "confidence": 0.8992786407470703,
  "uncertainty": 0.15825139154378326
}