{
  "image": "data\\raw\\images\\train\\F_2_9_332.jpg",
  "box": [
    784.64697265625,
    430.1734619140625,
    901.263671875,
    530.9248046875
  ],
  "class": 2,
  "confidence": 0.8507623076438904,
  "uncertainty": 0.15100204500728204
}