{
  "image": "data\\raw\\images\\train\\F_2_2_1086.jpg",
  "box": [
    1117.296142578125,
    493.60736083984375,
    1159.812255859375,
    564.9337158203125
  ],
  "class": 3,
  "confidence": 0.5986247658729553,
  "uncertainty": 0.3571334149543066
}