{
  "image": "data\\raw\\images\\train\\F_2_8_1812.jpg",
  "box": [
    1022.7137451171875,
    440.90533447265625,
    1194.4461669921875,
    590.1985473632812
  ],
  "class": 7,
  "confidence": 0.6305575966835022,
  "uncertainty": 0.4114940672205242
}