{
  "image": "data\\raw\\images\\train\\F_2_7_182.jpg",
  "box": [
    454.02215576171875,
    489.404296875,
    1917.895751953125,
    1067.5814208984375
  ],
  "class": 2,
  "confidence": 0.9385305643081665,
  "uncertainty": 0.10979675271999062
}