{
  "image": "data\\raw\\images\\train\\F_2_2_964.jpg",
  "box": [
    909.0027465820312,
    533.590576171875,
    987.5429077148438,
    608.6306762695312
  ],
  "class": 2,
  "confidence": 0.7100586295127869,
  "uncertainty": 0.24498995555566128
}