{
  "image": "data\\raw\\images\\train\\F_2_7_92.jpg",
  "box": [
    1727.6533203125,
    839.27392578125,
    1919.25390625,
    1077.0799560546875
  ],
  "class": 3,
  "confidence": 0.511305570602417,
  "uncertainty": 0.4033954406007109
}