{
  "image": "data\\raw\\images\\train\\F_2_2_1101.jpg",
  "box": [
    0.8296051025390625,
    396.1408996582031,
    272.8279724121094,
    720.37548828125
  ],
  "class": 7,
  "confidence": 0.7614372968673706,
  "uncertainty": 0.2557882705615148
}