{
  "image": "data\\raw\\images\\train\\F_2_1_116.jpg",
  "box": [
    689.452880859375,
    441.16607666015625,
    888.7694091796875,
    612.8739624023438
  ],
  "class": 2,
  "confidence": 0.8503595590591431,
  "uncertainty": 0.15455175401366106
}