{
  "image": "data\\raw\\images\\train\\F_2_2_1377.jpg",
  "box": [
    1845.21533203125,
    487.54193115234375,
    1919.271240234375,
    855.907470703125
  ],
  "class": 2,
  "confidence": 0.4673110842704773,
  "uncertainty": 0.34301120108384575
}