{
  "image": "data\\raw\\images\\train\\F_2_2_1049.jpg",
  "box": [
    807.0576782226562,
    483.9598388671875,
    1763.865966796875,
    1066.530029296875
  ],
  "class": 2,
  "confidence": 0.9505952000617981,
  "uncertainty": 0.1041155766558786
}