{
  "image": "data\\raw\\images\\train\\F_2_2_346.jpg",
  "box": [
    408.3148498535156,
    414.8161926269531,
    512.615478515625,
    518.375244140625
  ],
  "class": 2,
  "confidence": 0.5147624015808105,
  "uncertainty": 0.3068900788341941
}