{
  "image": "data\\raw\\images\\train\\F_2_6_1393.jpg",
  "box": [
    807.63134765625,
    673.5645751953125,
    1216.9559326171875,
    1072.069580078125
  ],
  "class": 3,
  "confidence": 0.5531076192855835,
  "uncertainty": 0.39639079041548597
}