{
  "image": "data\\raw\\images\\train\\F_2_2_1377.jpg",
  "box": [
    488.59454345703125,
    473.269775390625,
    580.618408203125,
    548.577392578125
  ],
  "class": 2,
  "confidence": 0.3026619255542755,
  "uncertainty": 0.4280275122306393
}