{
  "image": "data\\raw\\images\\train\\F_2_9_3020.jpg",
  "box": [
    1355.9066162109375,
    449.2149353027344,
    1419.0260009765625,
    519.520263671875
  ],
  "class": 2,
  "confidence": 0.670364260673523,
  "uncertainty": 0.2526677787888185
}