{
  "image": "data\\raw\\images\\train\\F_2_7_18.jpg",
  "box": [
    1640.404541015625,
    509.6221618652344,
    1826.618408203125,
    578.3599853515625
  ],
  "class": 2,
  "confidence": 0.35130736231803894,
  "uncertainty": 0.41176465487898417
}