{
  "image": "data\\raw\\images\\train\\F_2_2_246.jpg",
  "box": [
    1585.2425537109375,
    390.4432067871094,
    1776.1007080078125,
    469.6636962890625
  ],
  "class": 5,
  "confidence": 0.42938101291656494,
  "uncertainty": 0.4340170415826821
}