{
  "image": "data\\raw\\images\\train\\F_2_8_893.jpg",
  "box": [
    950.5982666015625,
    544.2056884765625,
    1041.92431640625,
    646.721435546875
  ],
  "class": 3,
  "confidence": 0.532367467880249,
  "uncertainty": 0.42419086841893244
}