{
  "image": "data\\raw\\images\\train\\F_2_1_333.jpg",
  "box": [
    1842.0421142578125,
    421.5174560546875,
    1902.0135498046875,
    468.16326904296875
  ],
  "class": 2,
  "confidence": 0.7151645421981812,
  "uncertainty": 0.1905318379374652
}