{
  "image": "data\\raw\\images\\train\\F_2_3_383.jpg",
  "box": [
    539.0838623046875,
    496.6403503417969,
    596.9852294921875,
    583.935546875
  ],
  "class": 3,
  "confidence": 0.4468294382095337,
  "uncertainty": 0.4189376027078318
}