{
  "image": "data\\raw\\images\\train\\F_2_2_1182.jpg",
  "box": [
    879.861328125,
    444.8683776855469,
    984.509765625,
    584.588134765625
  ],
  "class": 7,
  "confidence": 0.346051424741745,
  "uncertainty": 0.4771780559301137
}