{
  "image": "data\\raw\\images\\train\\F_2_7_1642.jpg",
  "box": [
    781.4893798828125,
    354.7118225097656,
    1546.941650390625,
    768.8150024414062
  ],
  "class": 2,
  "confidence": 0.6025477051734924,
  "uncertainty": 0.4018336268594105
}