{
  "image": "data\\raw\\images\\train\\F_2_1_1190.jpg",
  "box": [
    1470.4654541015625,
    468.5711975097656,
    1543.4542236328125,
    553.8883056640625
  ],
  "class": 2,
  "confidence": 0.5208950042724609,
  "uncertainty": 0.33325893532841344
}