{
  "image": "data\\raw\\images\\train\\F_2_9_982.jpg",
  "box": [
    1634.5087890625,
    578.2354125976562,
    1703.907958984375,
    663.9776611328125
  ],
  "class": 3,
  "confidence": 0.6683240532875061,
  "uncertainty": 0.3110231700394489
}