{
  "image": "data\\raw\\images\\train\\F_2_6_1430.jpg",
  "box": [
    1008.7534790039062,
    452.2044982910156,
    1301.42529296875,
    704.8184814453125
  ],
  "class": 2,
  "confidence": 0.5081267356872559,
  "uncertainty": 0.4502327982516662
}