{
  "image": "data\\raw\\images\\train\\F_2_9_2785.jpg",
  "box": [
    1314.96142578125,
    501.4903564453125,
    1732.988525390625,
    676.7647705078125
  ],
  "class": 2,
  "confidence": 0.9132846593856812,
  "uncertainty": 0.14581935930872225
}