{
  "image": "data\\raw\\images\\train\\F_2_2_182.jpg",
  "box": [
    1642.3707275390625,
    470.6759033203125,
    1763.7623291015625,
    608.5355224609375
  ],
  "class": 7,
  "confidence": 0.378591924905777,
  "uncertainty": 0.434917879468008
}