{
  "image": "data\\raw\\images\\train\\F_2_7_1654.jpg",
  "box": [
    398.59393310546875,
    389.30224609375,
    538.2033081054688,
    458.30816650390625
  ],
  "class": 2,
  "confidence": 0.30016207695007324,
  "uncertainty": 0.34086101773185684
}