{
  "image": "data\\raw\\images\\train\\F_2_3_269.jpg",
  "box": [
    559.8063354492188,
    348.2154235839844,
    969.7093505859375,
    844.2205810546875
  ],
  "class": 7,
  "confidence": 0.875818133354187,
  "uncertainty": 0.24140853397067424
}