{
  "image": "data\\raw\\images\\train\\F_2_7_829.jpg",
  "box": [
    706.3196411132812,
    491.430908203125,
    860.9859008789062,
    624.6538696289062
  ],
  "class": 2,
  "confidence": 0.8571892380714417,
  "uncertainty": 0.14394419286263044
}