{
  "image": "data\\raw\\images\\train\\F_2_1_14.jpg",
  "box": [
    387.03790283203125,
    299.6521911621094,
    825.6639404296875,
    675.452392578125
  ],
  "class": 5,
  "confidence": 0.9395884275436401,
  "uncertainty": 0.17072457380686934
}