{
  "image": "data\\raw\\images\\train\\F_2_9_2214.jpg",
  "box": [
    895.767333984375,
    6.104736328125,
    1856.15966796875,
    951.771240234375
  ],
  "class": 7,
  "confidence": 0.9468362927436829,
  "uncertainty": 0.19974574379109544
}