{
  "image": "data\\raw\\images\\train\\F_2_2_963.jpg",
  "box": [
    397.68280029296875,
    502.48760986328125,
    504.2847900390625,
    605.9391479492188
  ],
  "class": 2,
  "confidence": 0.5436013340950012,
  "uncertainty": 0.27997841967381526
}