{
  "image": "data\\raw\\images\\train\\F_2_1_759.jpg",
  "box": [
    0.41915130615234375,
    308.7174072265625,
    162.8834228515625,
    714.3470458984375
  ],
  "class": 7,
  "confidence": 0.7927706837654114,
  "uncertainty": 0.3460084898192343
}