{
  "image": "data\\raw\\images\\train\\F_2_7_230.jpg",
  "box": [
    586.51513671875,
    758.7430419921875,
    840.7646484375,
    1045.14013671875
  ],
  "class": 3,
  "confidence": 0.6465960144996643,
  "uncertainty": 0.3274356718633225
}