{
  "image": "data\\raw\\images\\train\\F_2_2_911.jpg",
  "box": [
    518.741943359375,
    574.8707275390625,
    559.412841796875,
    634.6282958984375
  ],
  "class": 3,
  "confidence": 0.43244487047195435,
  "uncertainty": 0.413012854868036
}