{
  "image": "data\\raw\\images\\train\\F_2_1_116.jpg",
  "box": [
    923.4611206054688,
    403.01470947265625,
    1098.206787109375,
    601.4636840820312
  ],
  "class": 7,
  "confidence": 0.5625963807106018,
  "uncertainty": 0.3525461604540283
}