{
  "image": "data\\raw\\images\\train\\F_2_2_94.jpg",
  "box": [
    39.77027893066406,
    667.2545776367188,
    207.52920532226562,
    936.9993896484375
  ],
  "class": 3,
  "confidence": 0.7346898317337036,
  "uncertainty": 0.34293369165892834
}