{
  "image": "data\\raw\\images\\train\\F_2_2_1435.jpg",
  "box": [
    689.6915283203125,
    438.4130859375,
    741.105712890625,
    460.71917724609375
  ],
  "class": 2,
  "confidence": 0.29341691732406616,
  "uncertainty": 0.3704446127764427
}