{
  "image": "data\\raw\\images\\train\\F_2_3_459.jpg",
  "box": [
    1509.136474609375,
    445.9996337890625,
    1556.071044921875,
    466.84136962890625
  ],
  "class": 2,
  "confidence": 0.47137051820755005,
  "uncertainty": 0.31664893925863863
}