{
  "image": "data\\raw\\images\\train\\F_2_9_3014.jpg",
  "box": [
    1726.4549560546875,
    503.5436096191406,
    1787.8223876953125,
    617.67138671875
  ],
  "class": 3,
  "confidence": 0.5439342260360718,
  "uncertainty": 0.40987075768165276
}