{
  "image": "data\\raw\\images\\train\\F_2_1_261.jpg",
  "box": [
    1842.5577392578125,
    511.6614990234375,
    1916.1785888671875,
    618.8637084960938
  ],
  "class": 3,
  "confidence": 0.5482866168022156,
  "uncertainty": 0.37016764422074216
}