{
  "image": "data\\raw\\images\\train\\F_2_2_195.jpg",
  "box": [
    966.474853515625,
    494.0582275390625,
    1025.894775390625,
    535.3270874023438
  ],
  "class": 7,
  "confidence": 0.26112350821495056,
  "uncertainty": 0.4694184471854008
}