{
  "image": "data\\raw\\images\\train\\F_2_1_943.jpg",
  "box": [
    1321.9169921875,
    482.27490234375,
    1356.78271484375,
    527.4706420898438
  ],
  "class": 3,
  "confidence": 0.5704565644264221,
  "uncertainty": 0.3436988037668202
}