{
  "image": "data\\raw\\images\\train\\F_2_2_1086.jpg",
  "box": [
    0.5269775390625,
    396.83551025390625,
    184.7774658203125,
    760.5283813476562
  ],
  "class": 7,
  "confidence": 0.5992630124092102,
  "uncertainty": 0.3318552342856611
}