{
  "image": "data\\raw\\images\\train\\F_2_7_521.jpg",
  "box": [
    159.59722900390625,
    485.671875,
    784.7601318359375,
    929.7562866210938
  ],
  "class": 2,
  "confidence": 0.9355655312538147,
  "uncertainty": 0.14725680982371853
}