{
  "image": "data\\raw\\images\\train\\F_2_9_3014.jpg",
  "box": [
    1416.3702392578125,
    448.6366882324219,
    1479.0670166015625,
    515.5347900390625
  ],
  "class": 2,
  "confidence": 0.7227455377578735,
  "uncertainty": 0.22467312527867628
}