{
  "image": "data\\raw\\images\\train\\F_2_2_195.jpg",
  "box": [
    1385.14013671875,
    516.1708374023438,
    1428.019775390625,
    574.4375610351562
  ],
  "class": 2,
  "confidence": 0.29042476415634155,
  "uncertainty": 0.3781426273479008
}