{
  "image": "data\\raw\\images\\train\\F_2_2_779.jpg",
  "box": [
    642.029052734375,
    441.0044860839844,
    1028.2083740234375,
    679.8375244140625
  ],
  "class": 2,
  "confidence": 0.5690258741378784,
  "uncertainty": 0.4345068643408182
}