{
  "image": "data\\raw\\images\\train\\F_2_7_48.jpg",
  "box": [
    0.23534774780273438,
    454.8183288574219,
    102.52902221679688,
    773.320556640625
  ],
  "class": 2,
  "confidence": 0.8818593621253967,
  "uncertainty": 0.15639898623682505
}