{
  "image": "data\\raw\\images\\train\\F_2_7_138.jpg",
  "box": [
    1658.980712890625,
    792.6650390625,
    1896.48974609375,
    1074.7060546875
  ],
  "class": 3,
  "confidence": 0.3120706081390381,
  "uncertainty": 0.4615464767481511
}