{
  "image": "data\\raw\\images\\train\\F_2_5_293.jpg",
  "box": [
    451.09112548828125,
    443.3370666503906,
    585.0368041992188,
    610.187744140625
  ],
  "class": 7,
  "confidence": 0.2710464298725128,
  "uncertainty": 0.49645107836587604
}