{
  "image": "data\\raw\\images\\train\\F_2_1_765.jpg",
  "box": [
    121.96453857421875,
    466.5026550292969,
    291.88592529296875,
    642.6446533203125
  ],
  "class": 7,
  "confidence": 0.30084285140037537,
  "uncertainty": 0.45078137907445337
}