{
  "image": "data\\raw\\images\\train\\F_2_1_764.jpg",
  "box": [
    616.0319213867188,
    552.8232421875,
    705.946044921875,
    724.9207763671875
  ],
  "class": 3,
  "confidence": 0.7362539172172546,
  "uncertainty": 0.321564455876312
}