{
  "image": "data\\raw\\images\\train\\F_2_7_1757.jpg",
  "box": [
    586.5594482421875,
    784.4005737304688,
    648.8457641601562,
    879.6586303710938
  ],
  "class": 3,
  "confidence": 0.37212854623794556,
  "uncertainty": 0.43814288768471227
}