{
  "image": "data\\raw\\images\\train\\F_2_5_20.jpg",
  "box": [
    1339.061279296875,
    456.1196594238281,
    1507.699951171875,
    585.414306640625
  ],
  "class": 5,
  "confidence": 0.36819934844970703,
  "uncertainty": 0.47932760405024516
}