{
  "image": "data\\raw\\images\\train\\F_2_2_306.jpg",
  "box": [
    1575.5723876953125,
    468.19964599609375,
    1688.1983642578125,
    569.5386352539062
  ],
  "class": 2,
  "confidence": 0.8244460225105286,
  "uncertainty": 0.15778261257933146
}