{
  "image": "data\\raw\\images\\train\\F_2_8_1019.jpg",
  "box": [
    470.97418212890625,
    373.2898864746094,
    659.9725341796875,
    512.3281860351562
  ],
  "class": 5,
  "confidence": 0.8396854400634766,
  "uncertainty": 0.2770750668512469
}