{
  "image": "data\\raw\\images\\train\\F_2_2_1312.jpg",
  "box": [
    308.127197265625,
    609.791015625,
    424.9781799316406,
    774.9617919921875
  ],
  "class": 3,
  "confidence": 0.8093928098678589,
  "uncertainty": 0.272350157124413
}