{
  "image": "data\\raw\\images\\train\\F_2_7_2009.jpg",
  "box": [
    635.1027221679688,
    242.99514770507812,
    1918.114013671875,
    1066.9373779296875
  ],
  "class": 2,
  "confidence": 0.8290369510650635,
  "uncertainty": 0.09191727965559592
}