{
  "image": "data\\raw\\images\\train\\F_2_9_975.jpg",
  "box": [
    1612.9969482421875,
    469.4962158203125,
    1836.7371826171875,
    668.892822265625
  ],
  "class": 3,
  "confidence": 0.8421262502670288,
  "uncertainty": 0.3212793659421258
}