{
  "image": "data\\raw\\images\\train\\F_2_1_987.jpg",
  "box": [
    1715.912841796875,
    433.8057861328125,
    1919.217041015625,
    714.4447631835938
  ],
  "class": 2,
  "confidence": 0.8942306637763977,
  "uncertainty": 0.13236598584794734
}