{
  "image": "data\\raw\\images\\train\\F_2_4_42.jpg",
  "box": [
    827.9459228515625,
    422.8370361328125,
    901.2288818359375,
    471.25799560546875
  ],
  "class": 2,
  "confidence": 0.29221978783607483,
  "uncertainty": 0.41546615737076315
}