{
  "image": "data\\raw\\images\\train\\F_2_7_1278.jpg",
  "box": [
    970.3564453125,
    405.8388977050781,
    1057.8837890625,
    446.1420593261719
  ],
  "class": 2,
  "confidence": 0.33641088008880615,
  "uncertainty": 0.3431503078866999
}