{
  "image": "data\\raw\\images\\train\\F_2_9_2646.jpg",
  "box": [
    460.78125,
    5.466705322265625,
    1720.1707763671875,
    1062.1771240234375
  ],
  "class": 5,
  "confidence": 0.914470374584198,
  "uncertainty": 0.1767438071104543
}