{
  "image": "data\\raw\\images\\train\\F_2_7_1757.jpg",
  "box": [
    705.66064453125,
    820.3192138671875,
    778.6345825195312,
    862.8740234375
  ],
  "class": 2,
  "confidence": 0.6732285618782043,
  "uncertainty": 0.21476403929381135
}