{
  "image": "data\\raw\\images\\train\\F_2_7_658.jpg",
  "box": [
    0.184478759765625,
    688.9524536132812,
    199.98536682128906,
    1014.9318237304688
  ],
  "class": 3,
  "confidence": 0.5186940431594849,
  "uncertainty": 0.3890354643001787
}