{
  "image": "data\\raw\\images\\train\\F_2_9_784.jpg",
  "box": [
    1294.321533203125,
    501.67694091796875,
    1352.904296875,
    579.8221435546875
  ],
  "class": 3,
  "confidence": 0.602423906326294,
  "uncertainty": 0.3422618479191311
}