{
  "image": "data\\raw\\images\\train\\F_2_2_412.jpg",
  "box": [
    0.26323699951171875,
    438.22052001953125,
    356.61492919921875,
    704.1843872070312
  ],
  "class": 2,
  "confidence": 0.9276325702667236,
  "uncertainty": 0.12677658666697636
}