{
  "image": "data\\raw\\images\\train\\F_2_6_1148.jpg",
  "box": [
    0.34398651123046875,
    512.549072265625,
    204.7261962890625,
    779.0260009765625
  ],
  "class": 7,
  "confidence": 0.5524362325668335,
  "uncertainty": 0.36884478460896647
}