{
  "image": "data\\raw\\images\\train\\F_2_2_1692.jpg",
  "box": [
    555.3856811523438,
    470.45428466796875,
    603.8646850585938,
    538.5347290039062
  ],
  "class": 3,
  "confidence": 0.6025381088256836,
  "uncertainty": 0.38395202034870696
}