{
  "image": "data\\raw\\images\\train\\F_2_1_675.jpg",
  "box": [
    1863.2047119140625,
    503.3352355957031,
    1919.1763916015625,
    576.88232421875
  ],
  "class": 2,
  "confidence": 0.6372156143188477,
  "uncertainty": 0.21011886093841756
}