{
  "image": "data\\raw\\images\\train\\F_2_1_620.jpg",
  "box": [
    1428.3614501953125,
    516.1266479492188,
    1454.224365234375,
    562.6727905273438
  ],
  "class": 3,
  "confidence": 0.2549813389778137,
  "uncertainty": 0.4884502965422104
}