{
  "image": "data\\raw\\images\\train\\F_2_7_26.jpg",
  "box": [
    0.1562347412109375,
    441.4261779785156,
    241.14364624023438,
    725.9873046875
  ],
  "class": 2,
  "confidence": 0.7369642853736877,
  "uncertainty": 0.32606697704610976
}