{
  "image": "data\\raw\\images\\train\\F_2_7_142.jpg",
  "box": [
    351.7027587890625,
    504.6854248046875,
    1919.5726318359375,
    1066.426513671875
  ],
  "class": 2,
  "confidence": 0.9410945177078247,
  "uncertainty": 0.11316097687033308
}