{
  "image": "data\\raw\\images\\train\\F_2_7_1529.jpg",
  "box": [
    0.35717010498046875,
    506.6064147949219,
    361.32061767578125,
    876.499267578125
  ],
  "class": 2,
  "confidence": 0.9357070326805115,
  "uncertainty": 0.10435333968140131
}