{
  "image": "data\\raw\\images\\train\\F_2_9_3023.jpg",
  "box": [
    221.18687438964844,
    421.7906799316406,
    342.19744873046875,
    636.409912109375
  ],
  "class": 2,
  "confidence": 0.5987231135368347,
  "uncertainty": 0.31172206245468265
}