{
  "image": "data\\raw\\images\\train\\F_2_9_2569.jpg",
  "box": [
    70.46186828613281,
    428.849853515625,
    203.2606658935547,
    505.975341796875
  ],
  "class": 5,
  "confidence": 0.6971597075462341,
  "uncertainty": 0.27622089412432294
}