{
  "image": "data\\raw\\images\\train\\F_2_2_1680.jpg",
  "box": [
    562.0291748046875,
    458.12420654296875,
    604.2568969726562,
    518.544189453125
  ],
  "class": 3,
  "confidence": 0.5008904933929443,
  "uncertainty": 0.40835424943174875
}