{
  "image": "data\\raw\\images\\train\\F_2_2_272.jpg",
  "box": [
    1505.8846435546875,
    438.2337341308594,
    1619.4796142578125,
    506.1698913574219
  ],
  "class": 2,
  "confidence": 0.640023946762085,
  "uncertainty": 0.26107753147753043
}