{
  "image": "data\\raw\\images\\train\\F_2_2_1433.jpg",
  "box": [
    1032.157470703125,
    462.40869140625,
    1190.940673828125,
    595.1409301757812
  ],
  "class": 2,
  "confidence": 0.8536815643310547,
  "uncertainty": 0.1474017861496123
}