{
  "image": "data\\raw\\images\\train\\F_2_1_764.jpg",
  "box": [
    900.2845458984375,
    515.1953125,
    931.1015625,
    559.3878784179688
  ],
  "class": 3,
  "confidence": 0.4752863347530365,
  "uncertainty": 0.4000773804835391
}