{
  "image": "data\\raw\\images\\train\\F_2_6_1257.jpg",
  "box": [
    1780.8642578125,
    456.90655517578125,
    1918.64404296875,
    548.4437255859375
  ],
  "class": 2,
  "confidence": 0.36955657601356506,
  "uncertainty": 0.38596183206086676
}