{
  "image": "data\\raw\\images\\train\\F_2_1_1080.jpg",
  "box": [
    45.29899215698242,
    512.598388671875,
    136.19241333007812,
    636.7293090820312
  ],
  "class": 2,
  "confidence": 0.7736998200416565,
  "uncertainty": 0.18436398120289663
}