{
  "image": "data\\raw\\images\\train\\F_2_9_3002.jpg",
  "box": [
    601.111328125,
    455.817626953125,
    713.2872314453125,
    543.7412109375
  ],
  "class": 2,
  "confidence": 0.8269733786582947,
  "uncertainty": 0.15189453968460906
}