{
  "image": "data\\raw\\images\\train\\F_2_1_390.jpg",
  "box": [
    1670.17919921875,
    464.7063903808594,
    1789.337890625,
    585.939208984375
  ],
  "class": 7,
  "confidence": 0.7433003187179565,
  "uncertainty": 0.29766178828851725
}