{
  "image": "data\\raw\\images\\train\\F_2_2_840.jpg",
  "box": [
    450.68963623046875,
    417.5429992675781,
    596.46142578125,
    587.5966796875
  ],
  "class": 7,
  "confidence": 0.788581907749176,
  "uncertainty": 0.24482108762408294
}