{
  "image": "data\\raw\\images\\train\\F_2_2_367.jpg",
  "box": [
    1375.0006103515625,
    507.64691162109375,
    1420.3050537109375,
    588.8919067382812
  ],
  "class": 2,
  "confidence": 0.5471091270446777,
  "uncertainty": 0.3319038824393934
}