{
  "image": "data\\raw\\images\\train\\F_2_1_461.jpg",
  "box": [
    1676.931396484375,
    31.36138916015625,
    1918.7451171875,
    1064.115234375
  ],
  "class": 7,
  "confidence": 0.7310975790023804,
  "uncertainty": 0.335480288332222
}