{
  "image": "data\\raw\\images\\train\\F_2_6_63.jpg",
  "box": [
    295.7874450683594,
    502.87591552734375,
    572.877685546875,
    749.754150390625
  ],
  "class": 7,
  "confidence": 0.870876669883728,
  "uncertainty": 0.23215537210296971
}