{
  "image": "data\\raw\\images\\train\\F_2_6_898.jpg",
  "box": [
    903.4808349609375,
    444.4856872558594,
    964.440673828125,
    564.44873046875
  ],
  "class": 2,
  "confidence": 0.2691475450992584,
  "uncertainty": 0.42654888406514796
}