{
  "image": "data\\raw\\images\\train\\F_2_8_1772.jpg",
  "box": [
    1300.96240234375,
    372.5547180175781,
    1360.158203125,
    450.9194641113281
  ],
  "class": 3,
  "confidence": 0.5091390013694763,
  "uncertainty": 0.4001166005687466
}