{
  "image": "data\\raw\\images\\train\\F_2_5_95.jpg",
  "box": [
    0.486785888671875,
    635.642822265625,
    147.10296630859375,
    893.1513671875
  ],
  "class": 3,
  "confidence": 0.7874692678451538,
  "uncertainty": 0.2820730088792021
}