{
  "image": "data\\raw\\images\\train\\F_2_2_129.jpg",
  "box": [
    1030.7705078125,
    446.3656311035156,
    1069.20751953125,
    474.7704162597656
  ],
  "class": 2,
  "confidence": 0.3284743130207062,
  "uncertainty": 0.37518635513289866
}