{
  "image": "data\\raw\\images\\train\\F_2_1_418.jpg",
  "box": [
    1575.4215087890625,
    536.360595703125,
    1609.6365966796875,
    581.2890625
  ],
  "class": 3,
  "confidence": 0.40712371468544006,
  "uncertainty": 0.42495950211987626
}