{
  "image": "data\\raw\\images\\train\\F_2_2_929.jpg",
  "box": [
    875.4684448242188,
    528.3535766601562,
    925.379150390625,
    633.15966796875
  ],
  "class": 3,
  "confidence": 0.3278025686740875,
  "uncertainty": 0.49518098945578237
}