{
  "image": "data\\raw\\images\\train\\F_2_6_1604.jpg",
  "box": [
    1046.210693359375,
    493.283935546875,
    1183.890625,
    623.6307373046875
  ],
  "class": 7,
  "confidence": 0.4889613389968872,
  "uncertainty": 0.46907344065305107
}