{
  "image": "data\\raw\\images\\train\\F_2_2_35.jpg",
  "box": [
    436.4284973144531,
    559.78173828125,
    499.27716064453125,
    676.6180419921875
  ],
  "class": 3,
  "confidence": 0.5654355883598328,
  "uncertainty": 0.3907487894076543
}