{
  "image": "data\\raw\\images\\train\\F_2_3_177.jpg",
  "box": [
    902.7518920898438,
    438.3522033691406,
    1114.372802734375,
    693.6663818359375
  ],
  "class": 7,
  "confidence": 0.7250579595565796,
  "uncertainty": 0.29554468707424697
}