{
  "image": "data\\raw\\images\\train\\F_2_7_443.jpg",
  "box": [
    1227.8646240234375,
    437.32586669921875,
    1918.8123779296875,
    1066.8768310546875
  ],
  "class": 2,
  "confidence": 0.9448573589324951,
  "uncertainty": 0.14798252384168048
}