{
  "image": "data\\raw\\images\\train\\F_2_3_321.jpg",
  "box": [
    1207.724365234375,
    588.97509765625,
    1294.8916015625,
    749.5145263671875
  ],
  "class": 3,
  "confidence": 0.6610996723175049,
  "uncertainty": 0.349594109804878
}