{
  "image": "data\\raw\\images\\train\\F_2_1_765.jpg",
  "box": [
    54.59319305419922,
    530.40478515625,
    122.91497039794922,
    609.6923217773438
  ],
  "class": 3,
  "confidence": 0.4982926845550537,
  "uncertainty": 0.4854084597022739
}