{
  "image": "data\\raw\\images\\train\\F_2_1_390.jpg",
  "box": [
    949.5082397460938,
    467.048583984375,
    995.1245727539062,
    525.328125
  ],
  "class": 7,
  "confidence": 0.40435975790023804,
  "uncertainty": 0.42473847560273537
}