{
  "image": "data\\raw\\images\\train\\F_2_9_2974.jpg",
  "box": [
    1421.01708984375,
    477.0640869140625,
    1452.76025390625,
    521.6621704101562
  ],
  "class": 3,
  "confidence": 0.3478561341762543,
  "uncertainty": 0.44866525869947843
}