{
  "image": "data\\raw\\images\\train\\F_2_1_564.jpg",
  "box": [
    1514.621337890625,
    503.109130859375,
    1715.581787109375,
    672.5393676757812
  ],
  "class": 2,
  "confidence": 0.8676081895828247,
  "uncertainty": 0.16533383855525824
}