{
  "image": "data\\raw\\images\\train\\F_2_1_44.jpg",
  "box": [
    235.54595947265625,
    574.2510986328125,
    268.7670593261719,
    628.1280517578125
  ],
  "class": 3,
  "confidence": 0.6219000220298767,
  "uncertainty": 0.33879518988376905
}