{
  "image": "data\\raw\\images\\train\\F_2_8_1019.jpg",
  "box": [
    0.7518653869628906,
    531.6511840820312,
    163.4346923828125,
    1067.60009765625
  ],
  "class": 2,
  "confidence": 0.8728627562522888,
  "uncertainty": 0.1622011896905503
}