{
  "image": "data\\raw\\images\\train\\F_2_9_2940.jpg",
  "box": [
    1495.06591796875,
    541.024169921875,
    1538.233642578125,
    606.1192626953125
  ],
  "class": 3,
  "confidence": 0.5711061358451843,
  "uncertainty": 0.36607436974915597
}