{
  "image": "data\\raw\\images\\train\\F_2_9_579.jpg",
  "box": [
    679.6572265625,
    421.390869140625,
    756.4796752929688,
    512.545166015625
  ],
  "class": 2,
  "confidence": 0.34960126876831055,
  "uncertainty": 0.4153201985559891
}