{
  "image": "data\\raw\\images\\train\\F_2_6_1911.jpg",
  "box": [
    1101.9638671875,
    301.3437194824219,
    1247.4195556640625,
    398.0658874511719
  ],
  "class": 5,
  "confidence": 0.27213558554649353,
  "uncertainty": 0.4543750238898314
}