{
  "image": "data\\raw\\images\\train\\F_2_7_872.jpg",
  "box": [
    1022.7116088867188,
    477.13531494140625,
    1135.67919921875,
    569.83740234375
  ],
  "class": 2,
  "confidence": 0.56526780128479,
  "uncertainty": 0.33141467669414293
}