{
  "image": "data\\raw\\images\\train\\F_2_7_164.jpg",
  "box": [
    1149.009033203125,
    371.0431823730469,
    1579.428466796875,
    498.1788024902344
  ],
  "class": 2,
  "confidence": 0.6739020943641663,
  "uncertainty": 0.1903934779677883
}