{
  "image": "data\\raw\\images\\train\\F_2_3_269.jpg",
  "box": [
    1017.0031127929688,
    509.38751220703125,
    1067.4019775390625,
    562.6187744140625
  ],
  "class": 2,
  "confidence": 0.46287062764167786,
  "uncertainty": 0.32085024856713157
}