{
  "image": "data\\raw\\images\\train\\F_2_2_311.jpg",
  "box": [
    606.23681640625,
    517.72021484375,
    684.953369140625,
    625.9735717773438
  ],
  "class": 3,
  "confidence": 0.7734624743461609,
  "uncertainty": 0.28062073455648195
}