{
  "image": "data\\raw\\images\\train\\F_2_2_1351.jpg",
  "box": [
    982.60986328125,
    534.52880859375,
    1057.25634765625,
    646.9447631835938
  ],
  "class": 3,
  "confidence": 0.629382312297821,
  "uncertainty": 0.3556237995056193
}