{
  "image": "data\\raw\\images\\train\\F_2_4_794.jpg",
  "box": [
    1444.338134765625,
    471.92742919921875,
    1575.9700927734375,
    556.528564453125
  ],
  "class": 3,
  "confidence": 0.5256624817848206,
  "uncertainty": 0.43359613874659875
}