{
  "image": "data\\raw\\images\\train\\F_2_2_856.jpg",
  "box": [
    1295.5338134765625,
    554.3636474609375,
    1353.0780029296875,
    648.1253662109375
  ],
  "class": 3,
  "confidence": 0.6094322204589844,
  "uncertainty": 0.3658185282755839
}