{
  "image": "data\\raw\\images\\train\\F_2_6_1006.jpg",
  "box": [
    1745.408935546875,
    499.8197937011719,
    1817.88720703125,
    607.8612060546875
  ],
  "class": 3,
  "confidence": 0.680237352848053,
  "uncertainty": 0.3258274007686405
}