{
  "image": "data\\raw\\images\\train\\F_2_2_1696.jpg",
  "box": [
    1191.1739501953125,
    653.48828125,
    1356.9503173828125,
    896.4420166015625
  ],
  "class": 3,
  "confidence": 0.8516332507133484,
  "uncertainty": 0.2556888879937301
}