{
  "image": "data\\raw\\images\\train\\F_2_7_1804.jpg",
  "box": [
    140.96881103515625,
    541.5802001953125,
    220.8431396484375,
    674.6326904296875
  ],
  "class": 3,
  "confidence": 0.6285631060600281,
  "uncertainty": 0.3876420733364872
}