{
  "image": "data\\raw\\images\\train\\F_2_6_985.jpg",
  "box": [
    497.35400390625,
    337.289794921875,
    815.140380859375,
    508.1181335449219
  ],
  "class": 2,
  "confidence": 0.3332715630531311,
  "uncertainty": 0.4299124318402922
}