{
  "image": "data\\raw\\images\\train\\F_2_1_675.jpg",
  "box": [
    1126.008544921875,
    473.629638671875,
    1239.8748779296875,
    573.6339721679688
  ],
  "class": 2,
  "confidence": 0.736653745174408,
  "uncertainty": 0.2069291832211402
}