{
  "image": "data\\raw\\images\\train\\F_2_6_864.jpg",
  "box": [
    961.932861328125,
    468.73040771484375,
    1174.9844970703125,
    806.1676025390625
  ],
  "class": 2,
  "confidence": 0.8185888528823853,
  "uncertainty": 0.20784288620529798
}