{
  "image": "data\\raw\\images\\train\\F_2_9_2573.jpg",
  "box": [
    582.3890380859375,
    603.8773193359375,
    707.6864013671875,
    811.9007568359375
  ],
  "class": 3,
  "confidence": 0.5982251167297363,
  "uncertainty": 0.4015965450163475
}