{
  "image": "data\\raw\\images\\train\\F_2_7_771.jpg",
  "box": [
    916.616455078125,
    650.3214111328125,
    993.357421875,
    778.9859619140625
  ],
  "class": 3,
  "confidence": 0.7667236328125,
  "uncertainty": 0.287086774625799
}