{
  "image": "data\\raw\\images\\train\\F_2_3_32.jpg",
  "box": [
    1500.6007080078125,
    414.3326110839844,
    1919.3349609375,
    785.1959838867188
  ],
  "class": 2,
  "confidence": 0.9255324006080627,
  "uncertainty": 0.12528017423281346
}