{
  "image": "data\\raw\\images\\train\\F_2_1_383.jpg",
  "box": [
    1651.5296630859375,
    499.3591003417969,
    1835.1793212890625,
    630.7548828125
  ],
  "class": 2,
  "confidence": 0.7768381237983704,
  "uncertainty": 0.21670286304775999
}