{
  "image": "data\\raw\\images\\train\\F_2_2_1053.jpg",
  "box": [
    659.397216796875,
    467.9585266113281,
    1559.2855224609375,
    1067.0640869140625
  ],
  "class": 2,
  "confidence": 0.9551787376403809,
  "uncertainty": 0.09595761799365526
}