{
  "image": "data\\raw\\images\\train\\F_2_2_317.jpg",
  "box": [
    440.02398681640625,
    557.7900390625,
    543.1798706054688,
    700.085693359375
  ],
  "class": 3,
  "confidence": 0.7896063923835754,
  "uncertainty": 0.27470830137724667
}