{
  "image": "data\\raw\\images\\train\\F_2_7_2247.jpg",
  "box": [
    501.7813720703125,
    434.74896240234375,
    695.676513671875,
    584.9631958007812
  ],
  "class": 2,
  "confidence": 0.5483168959617615,
  "uncertainty": 0.29846824610977424
}