{
  "image": "data\\raw\\images\\train\\F_2_9_818.jpg",
  "box": [
    756.8646850585938,
    476.0060119628906,
    827.832275390625,
    578.72802734375
  ],
  "class": 7,
  "confidence": 0.2804878056049347,
  "uncertainty": 0.4951380347586087
}