{
  "image": "data\\raw\\images\\train\\F_2_1_318.jpg",
  "box": [
    1679.1328125,
    240.3135223388672,
    1919.488037109375,
    513.8165283203125
  ],
  "class": 7,
  "confidence": 0.9170509576797485,
  "uncertainty": 0.19543820549852545
}