{
  "image": "data\\raw\\images\\train\\F_2_7_461.jpg",
  "box": [
    1017.8512573242188,
    368.1069030761719,
    1738.90234375,
    1062.4273681640625
  ],
  "class": 2,
  "confidence": 0.9077393412590027,
  "uncertainty": 0.20142171463930564
}