{
  "image": "data\\raw\\images\\train\\F_2_2_767.jpg",
  "box": [
    346.62615966796875,
    276.9854736328125,
    787.2709350585938,
    422.56695556640625
  ],
  "class": 5,
  "confidence": 0.8623476028442383,
  "uncertainty": 0.22869484122846623
}