{
  "image": "data\\raw\\images\\train\\F_2_2_840.jpg",
  "box": [
    580.113525390625,
    461.4254150390625,
    716.8270263671875,
    617.6119384765625
  ],
  "class": 2,
  "confidence": 0.38288816809654236,
  "uncertainty": 0.33079626197087464
}