{
  "image": "data\\raw\\images\\train\\F_2_1_701.jpg",
  "box": [
    1381.67236328125,
    483.10382080078125,
    1407.779052734375,
    533.6683959960938
  ],
  "class": 3,
  "confidence": 0.5406069755554199,
  "uncertainty": 0.356820694528985
}