{
  "image": "data\\raw\\images\\train\\F_2_1_454.jpg",
  "box": [
    1015.8048706054688,
    471.5042724609375,
    1052.306884765625,
    520.6083984375
  ],
  "class": 3,
  "confidence": 0.6085892915725708,
  "uncertainty": 0.3504493728317097
}