{
  "image": "data\\raw\\images\\train\\F_2_9_2940.jpg",
  "box": [
    557.0196533203125,
    313.3618469238281,
    832.2328491210938,
    585.1075439453125
  ],
  "class": 7,
  "confidence": 0.6974936127662659,
  "uncertainty": 0.35369630005808933
}