{
  "image": "data\\raw\\images\\train\\F_2_1_22.jpg",
  "box": [
    930.7619018554688,
    527.903076171875,
    1007.8020629882812,
    652.2019653320312
  ],
  "class": 3,
  "confidence": 0.6489616632461548,
  "uncertainty": 0.3744782157172944
}