{
  "image": "data\\raw\\images\\train\\F_2_8_946.jpg",
  "box": [
    802.263427734375,
    400.1025695800781,
    900.916259765625,
    489.2663269042969
  ],
  "class": 2,
  "confidence": 0.6633939146995544,
  "uncertainty": 0.24316544192339085
}