{
  "image": "data\\raw\\images\\train\\F_2_2_1557.jpg",
  "box": [
    1214.065673828125,
    371.4224853515625,
    1436.045166015625,
    492.95672607421875
  ],
  "class": 2,
  "confidence": 0.33636361360549927,
  "uncertainty": 0.45668271312038694
}