{
  "image": "data\\raw\\images\\train\\F_2_1_950.jpg",
  "box": [
    1744.4578857421875,
    506.6785583496094,
    1786.0682373046875,
    583.574462890625
  ],
  "class": 3,
  "confidence": 0.42224985361099243,
  "uncertainty": 0.41871450511215763
}