{
  "image": "data\\raw\\images\\train\\F_2_10_162.jpg",
  "box": [
    970.4419555664062,
    8.587371826171875,
    1901.343505859375,
    1009.50927734375
  ],
  "class": 7,
  "confidence": 0.4159039556980133,
  "uncertainty": 0.44164456206658614
}