{
  "image": "data\\raw\\images\\train\\F_2_8_983.jpg",
  "box": [
    0.21653366088867188,
    442.0798645019531,
    97.02696990966797,
    710.3359375
  ],
  "class": 3,
  "confidence": 0.4337525963783264,
  "uncertainty": 0.4956550310682235
}