{
  "image": "data\\raw\\images\\train\\F_2_8_934.jpg",
  "box": [
    914.1544189453125,
    581.830810546875,
    998.7535400390625,
    696.0320434570312
  ],
  "class": 3,
  "confidence": 0.8033384084701538,
  "uncertainty": 0.27404071133161945
}