{
  "image": "data\\raw\\images\\train\\F_2_10_162.jpg",
  "box": [
    981.15234375,
    329.2999267578125,
    1894.928466796875,
    1006.372314453125
  ],
  "class": 7,
  "confidence": 0.7240517139434814,
  "uncertainty": 0.3004771480845563
}