{
  "image": "data\\raw\\images\\train\\F_2_5_293.jpg",
  "box": [
    916.0228271484375,
    722.0068969726562,
    1131.20361328125,
    1005.1373291015625
  ],
  "class": 3,
  "confidence": 0.7974650263786316,
  "uncertainty": 0.28804570355469394
}