{
  "image": "data\\raw\\images\\train\\F_2_6_1735.jpg",
  "box": [
    1157.125244140625,
    402.1776123046875,
    1350.393798828125,
    568.2669067382812
  ],
  "class": 2,
  "confidence": 0.7190868258476257,
  "uncertainty": 0.23542295592624318
}