{
  "image": "data\\raw\\images\\train\\F_2_7_707.jpg",
  "box": [
    662.6421508789062,
    401.97149658203125,
    945.3760986328125,
    636.5935668945312
  ],
  "class": 2,
  "confidence": 0.9037514328956604,
  "uncertainty": 0.14058365940497547
}