{
  "image": "data\\raw\\images\\train\\F_2_10_107.jpg",
  "box": [
    846.7840576171875,
    377.09857177734375,
    949.82666015625,
    507.85125732421875
  ],
  "class": 7,
  "confidence": 0.8274127840995789,
  "uncertainty": 0.27332299760918854
}