{
  "image": "data\\raw\\images\\train\\F_2_4_281.jpg",
  "box": [
    662.4821166992188,
    344.9958801269531,
    1200.8521728515625,
    912.336181640625
  ],
  "class": 2,
  "confidence": 0.5893594026565552,
  "uncertainty": 0.24735425738352923
}