{
  "image": "data\\raw\\images\\train\\F_2_7_1656.jpg",
  "box": [
    395.225830078125,
    488.3570251464844,
    1576.814208984375,
    1068.553466796875
  ],
  "class": 2,
  "confidence": 0.9355933666229248,
  "uncertainty": 0.11002705080494754
}