{
  "image": "data\\raw\\images\\train\\F_2_1_957.jpg",
  "box": [
    1729.220947265625,
    471.7385559082031,
    1773.049072265625,
    534.9049072265625
  ],
  "class": 2,
  "confidence": 0.3640749156475067,
  "uncertainty": 0.33077673357483744
}