{
  "image": "data\\raw\\images\\train\\F_2_1_982.jpg",
  "box": [
    100.62760162353516,
    403.94293212890625,
    310.3974914550781,
    639.5321044921875
  ],
  "class": 7,
  "confidence": 0.5218928456306458,
  "uncertainty": 0.3659581225159681
}